k_number,sha256,bytes
K000009,d94496d7f9de0f857674beb79de9771421285938201958cf803569270b1e4b15,10248
K000019,6a3cf5192354f71615ac51034b3e97c20eda99643fcaf5bbe6d41ad59bd12167,3
K000066,1f74cced546750df02754d4c6f057293efb1b67ac861cd8508928842bdfecac7,6221
K000207,d0309659a0e2d1938688b5e37aec20de7ae0f97cedf97e7e0680e15a64e7f047,8896
K000254,2bac1c8a9e20450091edf2ac0fde33eb748359cf299d2c07732a4c7dfc6f7920,7995
K000306,bd91f5977ddf600610a29dd86fe71b0d4047cd1cb9e17926c53c6294d3bea989,7257
K000335,545c38b0922de19734fbffde62792c37c2aef6a3216cfa472449173165220f7d,4
K000392,555d10c878e89c27aa07d54c0c5ee2421c95e36a3a5b6a51f45dca3f9ea68605,7610
K000432,dd48b56f5b27fbec88893523e01685695dc06b60f5d0e0c5553f210855746f19,6478
K000486,328196ef37a9e23a065c4df9ec23afa30c326d921a8419b7802c6ac6cdf0c373,8230
K000506,a76642556b9b78696ce95d0fdabfbd7048d93cb7117108b9d9c186eca57697c2,7664
K000515,c3b41b62a635b87a5d64644ef659968173f9042d6289c9d2e812836d638d34da,9657
K000666,e1c48f6c8e8ba429bf2cd8584b90ec1b34a4961fa4450231f615263d0a512e6f,6892
K000682,6007f1dbb8acb09dcfe198e38c84aaa177538b588afb10236d6c73c198833c74,10659
K000684,1968b875252a51e1f3bbefdd5448ad34eccf9c811f7a763d87cb28d806ce26f8,6045
K000788,d867608476f6fb1176efeff62607b3d5a05e00aa36f946342acebb64bc8ef45a,9568
K000972,a68e6de5b974075a3c84a5eca9b5183dc85cdfe210fff51e872c4bb04dfb7637,5933
K001010,92f418490a9cc719c728f3bad189bf5fdbf0b9d8b89b4ce1f9e6774af2bd891a,6928
K001080,3faa2b0ce137628da37bdd17665a3e002157bdfbc6be0eac3bf1e5709c611406,9685
K001255,9a3966f0524f145792d2b405bc4718c941dd653f9196236ff33d4a24a9b943fe,12681
K001277,545c38b0922de19734fbffde62792c37c2aef6a3216cfa472449173165220f7d,4
K001335,8184d196a860978fcef75f1d812340631f38fef66c7819d0b7bdd4a080ad6ce9,10118
K001358,6f503253f4b28e248de87e7b9c701e2fe160ba3ea6372dd091f0d68c00501e55,7153
K001385,22e203d60ff65db6386787045dcc97336114d5c616032077cd757d04a11d1554,6504
K001448,d088784b7ecb87f1ea17e6f982fa968ffefcc07b79de6ecc548fc00242868da6,6
K001449,b163caf7e1c625acb322f58565eef13fb57a65bdc98ca4a8298503321cf77457,9991
K001534,6596c91f2fe375eb81bb86094bfaf69f2954b536d9ad81bbbc3f0ff50ad48d6c,7158
K001614,6cb8752b7c5cb5a54faea9eb552d600899d2e9771ad28825f1d96c4e5f87bf7a,6290
K001668,4049d566ae149a3284a4d0fc2e074bf143128ca88fa85caede6077697759c16e,8028
K001706,c33926398b517188094e93505fda493ada14905e00c1cb41fcb36bd7d8f9bd6b,7495
K001720,38a57cbe5763d001a6b0896a60160497401ef72e53bea69c071c182fc31685a7,5922
K001724,e56b1f247fdd22d9be7c67dcf26963112ab8c4d6d1bde8843099bee1b41f63c7,5648
K001922,4f5d45f25de6bbb29ffece01e4816f48659edbaabf8c7355c1eb8bea72cc08a4,5981
K001942,829fb1969ada6bc0ed56c8d67267ca888ef78be5238caf2c5ba7bbc297167613,7056
K001945,176003fa9482971d91172c91aa0d9daa9f670dfdf56d3ff33be6407df0d9beeb,5879
K001982,c2d561fea922ef493f782b8e338ac7a9f4b9d42a539445b4134444d1428669a2,6916
K001991,e7bcfa58fef819dd1c3578e4bee141ade8e162875dfdd9ee9cd4d72f76e3315f,7212
K002020,6a3cf5192354f71615ac51034b3e97c20eda99643fcaf5bbe6d41ad59bd12167,3
K002070,5b34c9156df4f8021dce6f00ce90cfbca01323aba5fd9e2783d3b76291dcc4a1,6653
K002141,e74b60c6a0a7ce91e5c44f1409990bc09aae9de74b5cb9618ef06f507abdaaad,12499
K002149,1db85de5680e24fc069fd9365e6fbf97b5504b755f87b650fc3cd9c02130c6f3,8881
K002320,33788147195f3a04ab36a32deaec30180cc24630831c63226ef6cf7f3063e3b4,7563
K002362,6a3cf5192354f71615ac51034b3e97c20eda99643fcaf5bbe6d41ad59bd12167,3
K002406,6a3cf5192354f71615ac51034b3e97c20eda99643fcaf5bbe6d41ad59bd12167,3
K002683,975ce80efbd6f7611a1a93487ec054e2e3819b3ebc2ef6e7b97820048884a34e,9403
K002729,cba32f730a400e8cd2a01fa4f2413ac409b73c7f72e28fdb8aed99429988c6c1,5437
K002733,97a9ec67fb4925de4bd9cdadee8d1ce0dd3b08422f158a7b3643b72281c56ca1,8221
K002824,0658a12e83396abef8d997ffbc8eb9201db81ea3e4a9c0f46513a339f564d85f,13541
K002996,f204d669da92ff0da8892b8cf2c97337cd8af3dbdbd45a3749eb45fb185dd09e,7699
K002998,6c8bf7c320e828c200cdfe91b847b795d8ac80e122f47d1430df50f0e4963583,6872
K003016,d479b5bae59e47abb94e7bb68f5cc5edb6b56928b81a89b55b2e4b5ae87f8b48,9168
K003018,8250668b3593377ca882c3c1b6ebfbc2e2ed9f232163b3cf756b28cc98630622,5934
K003026,795a9ca63c2ed16de428120831511f9c8a08db68be476fd4ad1529556dba1de1,8144
K003043,d14c16f6fef7d37c2a46ca460b57decc178c1c6353d70a7f3cee6edeb59c1beb,7142
K003182,7f9ea2226e5f04e98a8de78a977dce85401007ea3ad0270c79d97d3a5053532b,8610
K003496,c235ce90145b2897d1866a50eb29bb2bec0830f958a790ae2867a1d402f71476,8872
K003641,6a3cf5192354f71615ac51034b3e97c20eda99643fcaf5bbe6d41ad59bd12167,3
K003666,ea1246de5c5f9a687d4b94f7aba4c5789fc03bf2f2c9913626eb4982ca669f6a,7525
K003780,56ecae65424f6e14a13b24c76394230be6ed8f2de4f6a5220f6055f8aa822cd3,8514
K003800,841bd2dc6cb516e7c30955dcc8ac415d529d92156b664caa800c40b253947257,7635
K003816,fc26d5c04ce0ef9706e1d74e9f226d4c3238dbea729a2ba54fe17a3b4ff18b34,6802
K003836,545c38b0922de19734fbffde62792c37c2aef6a3216cfa472449173165220f7d,4
K003970,884a049d05fa3cc6cb1b8c35324488c0fbcdb1409bcb51f2a7c547994973bd96,6941
K010081,10b1b5bc851b16e3af6bf7fee51a6ea599bb48382bf736b3ded15284247a269c,11176
K010115,684fa08e1d16b314f94ccc1b6a0ea02aa9e7039199d24706838340114fc7d33d,7159
K010120,d403092a0b447d1869f667fb7e4b27eec69485865441366c8d8d8f6f76a34fba,10155
K010243,f90facccfabbdaccac395367e80f9072e00e1d361c1bd8916184c5f38afabbb4,7179
K010310,47fdbee472e3583556afcf29f659b91846ed661a1869ceebaff5191f8c0dff68,6222
K010322,53633bf47eb5e997218f968f9cb7f22bc5cf7381771a3ac0c4b1c57d2a8e9cd6,18359
K010344,a4084d85d4e311923be45d1a97beecd8d60e2cb7b46abb9f7fc815484e777b64,6757
K010367,7d5a1515393d556d7ca7dd160757caee086617187f0773e5b0a673402c88e1ca,7127
K010466,74c665ec73a7d34f8560f087a502377b36d81dd354e156dc8df939c0b227c32e,6221
K010525,043e7cc0e8a84194c4971a9078a3574453a456a640c3bfc730d61c56d7a09bda,7590
K010532,6d86175a3c99d521dcc558200659cfec3fa9d59fc6e607afaf565599966c9547,9095
K010545,7bd0f62b11aac6207500ce248c8f8d8a7848e0b3341caa87143c29a08b20db5d,7932
K010576,30eeb383cc2ad96c88a1f8865d28dee970e03c2f3c1d16766f98342c50960366,8496
K010633,c1d7d67f5eaf216f780b0071d4aca8c015626ddf3713b6a10b79ce594536703b,6886
K010657,cea5c804e3a1be2c0b2ac32db68b861c11bf33087de25b294baa117d4a56dd80,9122
K010664,0ad5153ff83900d258c1694fa61f419988937455a7ac19f31af8e3dd28742da5,9146
K010757,721507108f77d6098528590f0f0ae706bb9504a322c1a5c702d6f8e7fb9983a2,6166
K010766,b2007bf11594635c85f37a2f1f0e62ca965d77a086889c4db931b6c1f950b75f,5831
K010827,c321fc5b9e0c77a4fe31157cb73787d4d34ba8a4e0fea1c80a3b15f1678fe6f4,9468
K010988,687ef0e518c06b20fd0bb8ff9198b0bc96439294ccc05cbc8f19f4a9d54085f0,10302
K011007,7b43479bc4135a72066909271752302e79f61372ce4e8efab44f3b28d8934908,6518
K011034,78ab0e214614a06a2657a94ad1a616c99795d4e2205451c6465becdce06dbed1,6481
K011099,bc4defae252d81b2a761c6fe1e80a0c9550022c6e203f74f4113b17150c82b3b,8112
K011138,607fc0491c6308b5a22da16b8d970a638c0b767b23857838110186ab27c8c8cb,6679
K011172,e7c2fbebc13f625cdb276b7453501ef006654d7877156e8915d3088aa1009075,5782
K011258,c178990c7a5fa9042fa4fa30a38611647b696db0c18be5d7e6621b7634bd93e9,7753
K011335,9f37c84379f5c0c17dd15b754c97338d3f074c1a38235f93924a8e5d5ea8fff7,6227
K011367,8ed4cb6a2dd5b704ea37333ae7a5aa1043e8f4499e4af7937f3a4bae05dc3b1c,6752
K011406,545c38b0922de19734fbffde62792c37c2aef6a3216cfa472449173165220f7d,4
K011451,38853a33a8ccbad6fa2dc3af7165215dee9e8b41df1f098bea69312f25f71c76,6120
K011489,87cfffd3123bada580b5681a3459a3c4caf4484f6f8b4a788ddc296826091bd1,7691
K011495,de1b4c08c8ab26173a53a397bc834c1d6fe59b5d5270ec211cd87d77dc2cf744,6501
K011533,b3d130a4b476cf19de5587bebd818379d12ee79b64287c5e1d30fecf03cf77d1,6472
K011556,545c38b0922de19734fbffde62792c37c2aef6a3216cfa472449173165220f7d,4
K011567,6a3cf5192354f71615ac51034b3e97c20eda99643fcaf5bbe6d41ad59bd12167,3
K011583,6a3cf5192354f71615ac51034b3e97c20eda99643fcaf5bbe6d41ad59bd12167,3
K011603,6a3cf5192354f71615ac51034b3e97c20eda99643fcaf5bbe6d41ad59bd12167,3
K011622,6a3cf5192354f71615ac51034b3e97c20eda99643fcaf5bbe6d41ad59bd12167,3
K011623,545c38b0922de19734fbffde62792c37c2aef6a3216cfa472449173165220f7d,4
K011643,7c370d9536d7d0d6a0f7cd7f9826692acd93e4fb05ba46f7b630b879740343d3,5
K011697,545c38b0922de19734fbffde62792c37c2aef6a3216cfa472449173165220f7d,4
K011711,545c38b0922de19734fbffde62792c37c2aef6a3216cfa472449173165220f7d,4
K011715,545c38b0922de19734fbffde62792c37c2aef6a3216cfa472449173165220f7d,4
K011716,545c38b0922de19734fbffde62792c37c2aef6a3216cfa472449173165220f7d,4
K011719,6a3cf5192354f71615ac51034b3e97c20eda99643fcaf5bbe6d41ad59bd12167,3
K011795,6a3cf5192354f71615ac51034b3e97c20eda99643fcaf5bbe6d41ad59bd12167,3
K011807,6a3cf5192354f71615ac51034b3e97c20eda99643fcaf5bbe6d41ad59bd12167,3
K011810,545c38b0922de19734fbffde62792c37c2aef6a3216cfa472449173165220f7d,4
K011815,6a3cf5192354f71615ac51034b3e97c20eda99643fcaf5bbe6d41ad59bd12167,3
K011819,545c38b0922de19734fbffde62792c37c2aef6a3216cfa472449173165220f7d,4
K011821,545c38b0922de19734fbffde62792c37c2aef6a3216cfa472449173165220f7d,4
K011830,7c370d9536d7d0d6a0f7cd7f9826692acd93e4fb05ba46f7b630b879740343d3,5
K011836,6a3cf5192354f71615ac51034b3e97c20eda99643fcaf5bbe6d41ad59bd12167,3
K011857,6a3cf5192354f71615ac51034b3e97c20eda99643fcaf5bbe6d41ad59bd12167,3
K011875,545c38b0922de19734fbffde62792c37c2aef6a3216cfa472449173165220f7d,4
K011897,6a3cf5192354f71615ac51034b3e97c20eda99643fcaf5bbe6d41ad59bd12167,3
K011904,545c38b0922de19734fbffde62792c37c2aef6a3216cfa472449173165220f7d,4
K011910,545c38b0922de19734fbffde62792c37c2aef6a3216cfa472449173165220f7d,4
K011912,545c38b0922de19734fbffde62792c37c2aef6a3216cfa472449173165220f7d,4
K011942,6a3cf5192354f71615ac51034b3e97c20eda99643fcaf5bbe6d41ad59bd12167,3
K011946,545c38b0922de19734fbffde62792c37c2aef6a3216cfa472449173165220f7d,4
K011948,6a3cf5192354f71615ac51034b3e97c20eda99643fcaf5bbe6d41ad59bd12167,3
K011954,545c38b0922de19734fbffde62792c37c2aef6a3216cfa472449173165220f7d,4
K011969,545c38b0922de19734fbffde62792c37c2aef6a3216cfa472449173165220f7d,4
K011976,538d6440534fa5f615e8a26932792a82a2e4a33a97886e2d815eab8fc216d415,7
K011978,6a3cf5192354f71615ac51034b3e97c20eda99643fcaf5bbe6d41ad59bd12167,3
K011985,545c38b0922de19734fbffde62792c37c2aef6a3216cfa472449173165220f7d,4
K012000,545c38b0922de19734fbffde62792c37c2aef6a3216cfa472449173165220f7d,4
K012001,545c38b0922de19734fbffde62792c37c2aef6a3216cfa472449173165220f7d,4
K012019,6a3cf5192354f71615ac51034b3e97c20eda99643fcaf5bbe6d41ad59bd12167,3
K012024,545c38b0922de19734fbffde62792c37c2aef6a3216cfa472449173165220f7d,4
K012026,545c38b0922de19734fbffde62792c37c2aef6a3216cfa472449173165220f7d,4
K012027,545c38b0922de19734fbffde62792c37c2aef6a3216cfa472449173165220f7d,4
K012045,6a3cf5192354f71615ac51034b3e97c20eda99643fcaf5bbe6d41ad59bd12167,3
K012062,6a3cf5192354f71615ac51034b3e97c20eda99643fcaf5bbe6d41ad59bd12167,3
K012078,6a3cf5192354f71615ac51034b3e97c20eda99643fcaf5bbe6d41ad59bd12167,3
K012081,6a3cf5192354f71615ac51034b3e97c20eda99643fcaf5bbe6d41ad59bd12167,3
K012091,545c38b0922de19734fbffde62792c37c2aef6a3216cfa472449173165220f7d,4
K012095,545c38b0922de19734fbffde62792c37c2aef6a3216cfa472449173165220f7d,4
K012114,6a3cf5192354f71615ac51034b3e97c20eda99643fcaf5bbe6d41ad59bd12167,3
K012158,6a3cf5192354f71615ac51034b3e97c20eda99643fcaf5bbe6d41ad59bd12167,3
K012161,6a3cf5192354f71615ac51034b3e97c20eda99643fcaf5bbe6d41ad59bd12167,3
K012162,6a3cf5192354f71615ac51034b3e97c20eda99643fcaf5bbe6d41ad59bd12167,3
K012172,d088784b7ecb87f1ea17e6f982fa968ffefcc07b79de6ecc548fc00242868da6,6
K012173,545c38b0922de19734fbffde62792c37c2aef6a3216cfa472449173165220f7d,4
K012175,6a3cf5192354f71615ac51034b3e97c20eda99643fcaf5bbe6d41ad59bd12167,3
K012184,545c38b0922de19734fbffde62792c37c2aef6a3216cfa472449173165220f7d,4
K012190,545c38b0922de19734fbffde62792c37c2aef6a3216cfa472449173165220f7d,4
K012193,416fdcad965b580a0e13b8a0f3a88c468ee6be8e39fd12e0d4a707924907146c,7707
K012212,6a3cf5192354f71615ac51034b3e97c20eda99643fcaf5bbe6d41ad59bd12167,3
K012251,d088784b7ecb87f1ea17e6f982fa968ffefcc07b79de6ecc548fc00242868da6,6
K012254,7c370d9536d7d0d6a0f7cd7f9826692acd93e4fb05ba46f7b630b879740343d3,5
K012270,6a3cf5192354f71615ac51034b3e97c20eda99643fcaf5bbe6d41ad59bd12167,3
K012273,545c38b0922de19734fbffde62792c37c2aef6a3216cfa472449173165220f7d,4
K012294,7c370d9536d7d0d6a0f7cd7f9826692acd93e4fb05ba46f7b630b879740343d3,5
K012305,545c38b0922de19734fbffde62792c37c2aef6a3216cfa472449173165220f7d,4
K012334,545c38b0922de19734fbffde62792c37c2aef6a3216cfa472449173165220f7d,4
K012348,545c38b0922de19734fbffde62792c37c2aef6a3216cfa472449173165220f7d,4
K012364,545c38b0922de19734fbffde62792c37c2aef6a3216cfa472449173165220f7d,4
K012377,7c370d9536d7d0d6a0f7cd7f9826692acd93e4fb05ba46f7b630b879740343d3,5
K012378,545c38b0922de19734fbffde62792c37c2aef6a3216cfa472449173165220f7d,4
K012465,545c38b0922de19734fbffde62792c37c2aef6a3216cfa472449173165220f7d,4
K012469,545c38b0922de19734fbffde62792c37c2aef6a3216cfa472449173165220f7d,4
K012493,d088784b7ecb87f1ea17e6f982fa968ffefcc07b79de6ecc548fc00242868da6,6
K012503,545c38b0922de19734fbffde62792c37c2aef6a3216cfa472449173165220f7d,4
K012506,6a3cf5192354f71615ac51034b3e97c20eda99643fcaf5bbe6d41ad59bd12167,3
K012507,545c38b0922de19734fbffde62792c37c2aef6a3216cfa472449173165220f7d,4
K012516,7c370d9536d7d0d6a0f7cd7f9826692acd93e4fb05ba46f7b630b879740343d3,5
K012551,6a3cf5192354f71615ac51034b3e97c20eda99643fcaf5bbe6d41ad59bd12167,3
K012572,545c38b0922de19734fbffde62792c37c2aef6a3216cfa472449173165220f7d,4
K012591,545c38b0922de19734fbffde62792c37c2aef6a3216cfa472449173165220f7d,4
K012623,6fd4adaa55bbcc54da0e0fa0b5522a4b6d61a255eb937c5df6672114693b7d1e,9796
K012634,25fb310487f43987e49264e513b55474de74a0e674bf0a3ddb5d15d5bd557403,11689
K012645,e157f0e36b624fc77e4cad68c4c11a32fa9ba61ca65064fa7a844995a2a5e7c9,8704
K012648,b286be5278dca8887173e27487ec66f005247a96e13619c392ed741fdc2733a4,8303
K012655,6a3cf5192354f71615ac51034b3e97c20eda99643fcaf5bbe6d41ad59bd12167,3
K012739,d088784b7ecb87f1ea17e6f982fa968ffefcc07b79de6ecc548fc00242868da6,6
K012751,7c370d9536d7d0d6a0f7cd7f9826692acd93e4fb05ba46f7b630b879740343d3,5
K012776,7c370d9536d7d0d6a0f7cd7f9826692acd93e4fb05ba46f7b630b879740343d3,5
K012778,545c38b0922de19734fbffde62792c37c2aef6a3216cfa472449173165220f7d,4
K012787,545c38b0922de19734fbffde62792c37c2aef6a3216cfa472449173165220f7d,4
K012788,545c38b0922de19734fbffde62792c37c2aef6a3216cfa472449173165220f7d,4
K012798,6a3cf5192354f71615ac51034b3e97c20eda99643fcaf5bbe6d41ad59bd12167,3
K012800,545c38b0922de19734fbffde62792c37c2aef6a3216cfa472449173165220f7d,4
K012866,545c38b0922de19734fbffde62792c37c2aef6a3216cfa472449173165220f7d,4
K012870,545c38b0922de19734fbffde62792c37c2aef6a3216cfa472449173165220f7d,4
K012871,538d6440534fa5f615e8a26932792a82a2e4a33a97886e2d815eab8fc216d415,7
K012872,545c38b0922de19734fbffde62792c37c2aef6a3216cfa472449173165220f7d,4
K012881,6a3cf5192354f71615ac51034b3e97c20eda99643fcaf5bbe6d41ad59bd12167,3
K012916,545c38b0922de19734fbffde62792c37c2aef6a3216cfa472449173165220f7d,4
K012918,545c38b0922de19734fbffde62792c37c2aef6a3216cfa472449173165220f7d,4
K012945,6a3cf5192354f71615ac51034b3e97c20eda99643fcaf5bbe6d41ad59bd12167,3
K012961,545c38b0922de19734fbffde62792c37c2aef6a3216cfa472449173165220f7d,4
K012967,7c370d9536d7d0d6a0f7cd7f9826692acd93e4fb05ba46f7b630b879740343d3,5
K012971,545c38b0922de19734fbffde62792c37c2aef6a3216cfa472449173165220f7d,4
K013031,545c38b0922de19734fbffde62792c37c2aef6a3216cfa472449173165220f7d,4
K013035,d088784b7ecb87f1ea17e6f982fa968ffefcc07b79de6ecc548fc00242868da6,6
K013042,545c38b0922de19734fbffde62792c37c2aef6a3216cfa472449173165220f7d,4
K013044,6a3cf5192354f71615ac51034b3e97c20eda99643fcaf5bbe6d41ad59bd12167,3
K013057,545c38b0922de19734fbffde62792c37c2aef6a3216cfa472449173165220f7d,4
K013072,375b0dfdc1b0ea04c9e2b18f34e72ba5dc7f7f56c989b75bf829e74a23a376fd,6119
K013106,545c38b0922de19734fbffde62792c37c2aef6a3216cfa472449173165220f7d,4
K013107,6a3cf5192354f71615ac51034b3e97c20eda99643fcaf5bbe6d41ad59bd12167,3
K013131,998079e08fbd4cba6b0ff2c3754bff9f027e0c8d6d7818a928c8cd7a07f8df9a,6125
K013132,6a3cf5192354f71615ac51034b3e97c20eda99643fcaf5bbe6d41ad59bd12167,3
K013191,6a3cf5192354f71615ac51034b3e97c20eda99643fcaf5bbe6d41ad59bd12167,3
K013196,7c370d9536d7d0d6a0f7cd7f9826692acd93e4fb05ba46f7b630b879740343d3,5
K013211,545c38b0922de19734fbffde62792c37c2aef6a3216cfa472449173165220f7d,4
K013222,545c38b0922de19734fbffde62792c37c2aef6a3216cfa472449173165220f7d,4
K013248,6a3cf5192354f71615ac51034b3e97c20eda99643fcaf5bbe6d41ad59bd12167,3
K013294,545c38b0922de19734fbffde62792c37c2aef6a3216cfa472449173165220f7d,4
K013295,545c38b0922de19734fbffde62792c37c2aef6a3216cfa472449173165220f7d,4
K013296,545c38b0922de19734fbffde62792c37c2aef6a3216cfa472449173165220f7d,4
K013301,545c38b0922de19734fbffde62792c37c2aef6a3216cfa472449173165220f7d,4
K013312,545c38b0922de19734fbffde62792c37c2aef6a3216cfa472449173165220f7d,4
K013340,6a3cf5192354f71615ac51034b3e97c20eda99643fcaf5bbe6d41ad59bd12167,3
K013350,545c38b0922de19734fbffde62792c37c2aef6a3216cfa472449173165220f7d,4
K013352,545c38b0922de19734fbffde62792c37c2aef6a3216cfa472449173165220f7d,4
K013378,545c38b0922de19734fbffde62792c37c2aef6a3216cfa472449173165220f7d,4
K013382,6a3cf5192354f71615ac51034b3e97c20eda99643fcaf5bbe6d41ad59bd12167,3
K013385,e54f526f440f02cb735dfbf75074912c21b1eee5254e6acf9dc7c44a4256cff6,8587
K013403,7c370d9536d7d0d6a0f7cd7f9826692acd93e4fb05ba46f7b630b879740343d3,5
K013415,6a3cf5192354f71615ac51034b3e97c20eda99643fcaf5bbe6d41ad59bd12167,3
K013424,7c370d9536d7d0d6a0f7cd7f9826692acd93e4fb05ba46f7b630b879740343d3,5
K013430,545c38b0922de19734fbffde62792c37c2aef6a3216cfa472449173165220f7d,4
K013431,6a3cf5192354f71615ac51034b3e97c20eda99643fcaf5bbe6d41ad59bd12167,3
K013439,6a3cf5192354f71615ac51034b3e97c20eda99643fcaf5bbe6d41ad59bd12167,3
K013440,6a3cf5192354f71615ac51034b3e97c20eda99643fcaf5bbe6d41ad59bd12167,3
K013441,545c38b0922de19734fbffde62792c37c2aef6a3216cfa472449173165220f7d,4
K013442,6a3cf5192354f71615ac51034b3e97c20eda99643fcaf5bbe6d41ad59bd12167,3
K013444,6a3cf5192354f71615ac51034b3e97c20eda99643fcaf5bbe6d41ad59bd12167,3
K013447,6a3cf5192354f71615ac51034b3e97c20eda99643fcaf5bbe6d41ad59bd12167,3
K013449,545c38b0922de19734fbffde62792c37c2aef6a3216cfa472449173165220f7d,4
K013468,6a3cf5192354f71615ac51034b3e97c20eda99643fcaf5bbe6d41ad59bd12167,3
K013475,d088784b7ecb87f1ea17e6f982fa968ffefcc07b79de6ecc548fc00242868da6,6
K013490,6a3cf5192354f71615ac51034b3e97c20eda99643fcaf5bbe6d41ad59bd12167,3
K013503,545c38b0922de19734fbffde62792c37c2aef6a3216cfa472449173165220f7d,4
K013524,6a3cf5192354f71615ac51034b3e97c20eda99643fcaf5bbe6d41ad59bd12167,3
K013534,545c38b0922de19734fbffde62792c37c2aef6a3216cfa472449173165220f7d,4
K013540,545c38b0922de19734fbffde62792c37c2aef6a3216cfa472449173165220f7d,4
K013546,545c38b0922de19734fbffde62792c37c2aef6a3216cfa472449173165220f7d,4
K013553,545c38b0922de19734fbffde62792c37c2aef6a3216cfa472449173165220f7d,4
K013557,6a3cf5192354f71615ac51034b3e97c20eda99643fcaf5bbe6d41ad59bd12167,3
K013558,d088784b7ecb87f1ea17e6f982fa968ffefcc07b79de6ecc548fc00242868da6,6
K013563,545c38b0922de19734fbffde62792c37c2aef6a3216cfa472449173165220f7d,4
K013572,6a3cf5192354f71615ac51034b3e97c20eda99643fcaf5bbe6d41ad59bd12167,3
K013616,6a3cf5192354f71615ac51034b3e97c20eda99643fcaf5bbe6d41ad59bd12167,3
K013629,545c38b0922de19734fbffde62792c37c2aef6a3216cfa472449173165220f7d,4
K013657,6a3cf5192354f71615ac51034b3e97c20eda99643fcaf5bbe6d41ad59bd12167,3
K013658,545c38b0922de19734fbffde62792c37c2aef6a3216cfa472449173165220f7d,4
K013665,545c38b0922de19734fbffde62792c37c2aef6a3216cfa472449173165220f7d,4
K013676,6a3cf5192354f71615ac51034b3e97c20eda99643fcaf5bbe6d41ad59bd12167,3
K013688,545c38b0922de19734fbffde62792c37c2aef6a3216cfa472449173165220f7d,4
K013739,545c38b0922de19734fbffde62792c37c2aef6a3216cfa472449173165220f7d,4
K013772,6a3cf5192354f71615ac51034b3e97c20eda99643fcaf5bbe6d41ad59bd12167,3
K013775,545c38b0922de19734fbffde62792c37c2aef6a3216cfa472449173165220f7d,4
K013781,6a3cf5192354f71615ac51034b3e97c20eda99643fcaf5bbe6d41ad59bd12167,3
K013790,e7d19c033b0b2c397a5e771b0eede746a855a8e8f08b435092e859473d5e68b9,6862
K013806,7c370d9536d7d0d6a0f7cd7f9826692acd93e4fb05ba46f7b630b879740343d3,5
K013818,d088784b7ecb87f1ea17e6f982fa968ffefcc07b79de6ecc548fc00242868da6,6
K013823,545c38b0922de19734fbffde62792c37c2aef6a3216cfa472449173165220f7d,4
K013877,6a3cf5192354f71615ac51034b3e97c20eda99643fcaf5bbe6d41ad59bd12167,3
K013885,d088784b7ecb87f1ea17e6f982fa968ffefcc07b79de6ecc548fc00242868da6,6
K013887,7c370d9536d7d0d6a0f7cd7f9826692acd93e4fb05ba46f7b630b879740343d3,5
K013888,545c38b0922de19734fbffde62792c37c2aef6a3216cfa472449173165220f7d,4
K013890,6a3cf5192354f71615ac51034b3e97c20eda99643fcaf5bbe6d41ad59bd12167,3
K013906,0f760d88e494cfc81f2ab2694a983d0ad63b12844a3b8778857bde1f4abdc76b,9774
K013923,545c38b0922de19734fbffde62792c37c2aef6a3216cfa472449173165220f7d,4
K013935,545c38b0922de19734fbffde62792c37c2aef6a3216cfa472449173165220f7d,4
K013954,545c38b0922de19734fbffde62792c37c2aef6a3216cfa472449173165220f7d,4
K013960,6a3cf5192354f71615ac51034b3e97c20eda99643fcaf5bbe6d41ad59bd12167,3
K013962,f099e607c709d0d4c1de6d1714f5773a2556b8833c4d81efbd357b62718d4ba6,7767
K013966,6a3cf5192354f71615ac51034b3e97c20eda99643fcaf5bbe6d41ad59bd12167,3
K013979,6a3cf5192354f71615ac51034b3e97c20eda99643fcaf5bbe6d41ad59bd12167,3
K013989,6a3cf5192354f71615ac51034b3e97c20eda99643fcaf5bbe6d41ad59bd12167,3
K013991,545c38b0922de19734fbffde62792c37c2aef6a3216cfa472449173165220f7d,4
K014053,6a3cf5192354f71615ac51034b3e97c20eda99643fcaf5bbe6d41ad59bd12167,3
K014070,953d9bc533fb313ff4b6e02ed5b63373c9c3db1738755d9c840fc917788f420c,8504
K014072,545c38b0922de19734fbffde62792c37c2aef6a3216cfa472449173165220f7d,4
K014076,545c38b0922de19734fbffde62792c37c2aef6a3216cfa472449173165220f7d,4
K014090,7c370d9536d7d0d6a0f7cd7f9826692acd93e4fb05ba46f7b630b879740343d3,5
K014107,7c370d9536d7d0d6a0f7cd7f9826692acd93e4fb05ba46f7b630b879740343d3,5
K014137,545c38b0922de19734fbffde62792c37c2aef6a3216cfa472449173165220f7d,4
K014145,545c38b0922de19734fbffde62792c37c2aef6a3216cfa472449173165220f7d,4
K014153,545c38b0922de19734fbffde62792c37c2aef6a3216cfa472449173165220f7d,4
K014155,6a3cf5192354f71615ac51034b3e97c20eda99643fcaf5bbe6d41ad59bd12167,3
K014156,7c370d9536d7d0d6a0f7cd7f9826692acd93e4fb05ba46f7b630b879740343d3,5
K014164,6a3cf5192354f71615ac51034b3e97c20eda99643fcaf5bbe6d41ad59bd12167,3
K014171,7c370d9536d7d0d6a0f7cd7f9826692acd93e4fb05ba46f7b630b879740343d3,5
K014185,6a3cf5192354f71615ac51034b3e97c20eda99643fcaf5bbe6d41ad59bd12167,3
K014189,545c38b0922de19734fbffde62792c37c2aef6a3216cfa472449173165220f7d,4
K014194,545c38b0922de19734fbffde62792c37c2aef6a3216cfa472449173165220f7d,4
K014197,6a3cf5192354f71615ac51034b3e97c20eda99643fcaf5bbe6d41ad59bd12167,3
K014199,09182eef6611f075b46246fc33b1ca1c0a4031b8aeb64e28f1333322d672aa64,7491
K014220,6a3cf5192354f71615ac51034b3e97c20eda99643fcaf5bbe6d41ad59bd12167,3
K014226,6a3cf5192354f71615ac51034b3e97c20eda99643fcaf5bbe6d41ad59bd12167,3
K014229,545c38b0922de19734fbffde62792c37c2aef6a3216cfa472449173165220f7d,4
K014267,545c38b0922de19734fbffde62792c37c2aef6a3216cfa472449173165220f7d,4
K014276,545c38b0922de19734fbffde62792c37c2aef6a3216cfa472449173165220f7d,4
K014296,149d60ca1364d2d7187371f0d42ea9bb6104bff1d2097d1b96b35717572a697c,16727
K014302,545c38b0922de19734fbffde62792c37c2aef6a3216cfa472449173165220f7d,4
K014305,545c38b0922de19734fbffde62792c37c2aef6a3216cfa472449173165220f7d,4
K020043,545c38b0922de19734fbffde62792c37c2aef6a3216cfa472449173165220f7d,4
K020045,545c38b0922de19734fbffde62792c37c2aef6a3216cfa472449173165220f7d,4
K020048,6a3cf5192354f71615ac51034b3e97c20eda99643fcaf5bbe6d41ad59bd12167,3
K020056,19e2e1de2dfe8506ccffc1d6f99237e9a5f9cdd37219acba1995a98830191715,9891
K020076,6a3cf5192354f71615ac51034b3e97c20eda99643fcaf5bbe6d41ad59bd12167,3
K020078,85cd3ea34f009269132894e43ec500889cc97a309bbdeb46c1014eee51201ddd,11708
K020085,e2230ae57e6a8a4c9f3d516fa50ee71ba8fe86aed1b37ab6bf78d04c15d79950,13630
K020097,6a3cf5192354f71615ac51034b3e97c20eda99643fcaf5bbe6d41ad59bd12167,3
K020114,8191c77f1a46334a6fc94cc8eadf28df8c60ceb58c9dc4deaad59557d9058e48,7677
K020134,545c38b0922de19734fbffde62792c37c2aef6a3216cfa472449173165220f7d,4
K020141,545c38b0922de19734fbffde62792c37c2aef6a3216cfa472449173165220f7d,4
K020145,545c38b0922de19734fbffde62792c37c2aef6a3216cfa472449173165220f7d,4
K020152,545c38b0922de19734fbffde62792c37c2aef6a3216cfa472449173165220f7d,4
K020155,545c38b0922de19734fbffde62792c37c2aef6a3216cfa472449173165220f7d,4
K020159,545c38b0922de19734fbffde62792c37c2aef6a3216cfa472449173165220f7d,4
K020170,6a3cf5192354f71615ac51034b3e97c20eda99643fcaf5bbe6d41ad59bd12167,3
K020172,b926ddfeefdadc81c4a9384cb7aabd6f0768958850115e5ff28056a2604ea79c,5477
K020196,545c38b0922de19734fbffde62792c37c2aef6a3216cfa472449173165220f7d,4
K020204,545c38b0922de19734fbffde62792c37c2aef6a3216cfa472449173165220f7d,4
K020214,6a3cf5192354f71615ac51034b3e97c20eda99643fcaf5bbe6d41ad59bd12167,3
K020221,545c38b0922de19734fbffde62792c37c2aef6a3216cfa472449173165220f7d,4
K020222,1ab2d586dcb0b9b9ef1e6786084e8941ececad954a7de80ad3f9c17503257d7a,7700
K020236,6a3cf5192354f71615ac51034b3e97c20eda99643fcaf5bbe6d41ad59bd12167,3
K020240,545c38b0922de19734fbffde62792c37c2aef6a3216cfa472449173165220f7d,4
K020244,6a3cf5192354f71615ac51034b3e97c20eda99643fcaf5bbe6d41ad59bd12167,3
K020245,6a3cf5192354f71615ac51034b3e97c20eda99643fcaf5bbe6d41ad59bd12167,3
K020247,448937017f06d54d6efff9e30ba1baf05f9a6b9cfc43e0cef4b58c77f3393fba,9995
K020264,545c38b0922de19734fbffde62792c37c2aef6a3216cfa472449173165220f7d,4
K020266,545c38b0922de19734fbffde62792c37c2aef6a3216cfa472449173165220f7d,4
K020274,7c370d9536d7d0d6a0f7cd7f9826692acd93e4fb05ba46f7b630b879740343d3,5
K020279,7efe2017ee978e7b941c7e0c0fae8b69c7f00b54a3e5b7bb40ec33a4a21a202f,9378
K020291,7c370d9536d7d0d6a0f7cd7f9826692acd93e4fb05ba46f7b630b879740343d3,5
K020293,545c38b0922de19734fbffde62792c37c2aef6a3216cfa472449173165220f7d,4
K020295,545c38b0922de19734fbffde62792c37c2aef6a3216cfa472449173165220f7d,4
K020311,6a3cf5192354f71615ac51034b3e97c20eda99643fcaf5bbe6d41ad59bd12167,3
K020345,8d97a76afb4ed7753a08caad06e4486b1afb9364f202d16423b5b9f926d8f868,7172
K020352,6a3cf5192354f71615ac51034b3e97c20eda99643fcaf5bbe6d41ad59bd12167,3
K020356,bc75a2278df6f6f872af55f6ad4c8b71e27d3caad2ee9c970c0fc7c3cd8c1094,8886
K020377,545c38b0922de19734fbffde62792c37c2aef6a3216cfa472449173165220f7d,4
K020381,545c38b0922de19734fbffde62792c37c2aef6a3216cfa472449173165220f7d,4
K020383,545c38b0922de19734fbffde62792c37c2aef6a3216cfa472449173165220f7d,4
K020384,6a3cf5192354f71615ac51034b3e97c20eda99643fcaf5bbe6d41ad59bd12167,3
K020401,6a3cf5192354f71615ac51034b3e97c20eda99643fcaf5bbe6d41ad59bd12167,3
K020403,545c38b0922de19734fbffde62792c37c2aef6a3216cfa472449173165220f7d,4
K020426,6a3cf5192354f71615ac51034b3e97c20eda99643fcaf5bbe6d41ad59bd12167,3
K020446,545c38b0922de19734fbffde62792c37c2aef6a3216cfa472449173165220f7d,4
K020497,545c38b0922de19734fbffde62792c37c2aef6a3216cfa472449173165220f7d,4
K020517,7c370d9536d7d0d6a0f7cd7f9826692acd93e4fb05ba46f7b630b879740343d3,5
K020522,6a3cf5192354f71615ac51034b3e97c20eda99643fcaf5bbe6d41ad59bd12167,3
K020541,545c38b0922de19734fbffde62792c37c2aef6a3216cfa472449173165220f7d,4
K020554,545c38b0922de19734fbffde62792c37c2aef6a3216cfa472449173165220f7d,4
K020562,6a3cf5192354f71615ac51034b3e97c20eda99643fcaf5bbe6d41ad59bd12167,3
K020572,545c38b0922de19734fbffde62792c37c2aef6a3216cfa472449173165220f7d,4
K020580,545c38b0922de19734fbffde62792c37c2aef6a3216cfa472449173165220f7d,4
K020600,545c38b0922de19734fbffde62792c37c2aef6a3216cfa472449173165220f7d,4
K020602,6a3cf5192354f71615ac51034b3e97c20eda99643fcaf5bbe6d41ad59bd12167,3
K020611,6a3cf5192354f71615ac51034b3e97c20eda99643fcaf5bbe6d41ad59bd12167,3
K020615,545c38b0922de19734fbffde62792c37c2aef6a3216cfa472449173165220f7d,4
K020620,545c38b0922de19734fbffde62792c37c2aef6a3216cfa472449173165220f7d,4
K020649,545c38b0922de19734fbffde62792c37c2aef6a3216cfa472449173165220f7d,4
K020650,6a3cf5192354f71615ac51034b3e97c20eda99643fcaf5bbe6d41ad59bd12167,3
K020674,7c370d9536d7d0d6a0f7cd7f9826692acd93e4fb05ba46f7b630b879740343d3,5
K020677,6a3cf5192354f71615ac51034b3e97c20eda99643fcaf5bbe6d41ad59bd12167,3
K020681,7c370d9536d7d0d6a0f7cd7f9826692acd93e4fb05ba46f7b630b879740343d3,5
K020699,545c38b0922de19734fbffde62792c37c2aef6a3216cfa472449173165220f7d,4
K020703,9ff091936c016aa78f72227c20544301f6fd841a03453cde21bf5c1c42efe69e,11186
K020709,7c370d9536d7d0d6a0f7cd7f9826692acd93e4fb05ba46f7b630b879740343d3,5
K020713,545c38b0922de19734fbffde62792c37c2aef6a3216cfa472449173165220f7d,4
K020741,8036b2701f0140070b35bac04b4629174511f50fc03a60c2c707d551b1877e83,6156
K020772,93293608e23a90f067c278677a2e92783c75c21839aa4658097e8dc0c22d011f,6190
K020773,6a3cf5192354f71615ac51034b3e97c20eda99643fcaf5bbe6d41ad59bd12167,3
K020791,c10538e1f3583e6776a8fa17dcdaac9d734a6631f9d25d003ede84d3824c1b6b,13009
K020819,6a3cf5192354f71615ac51034b3e97c20eda99643fcaf5bbe6d41ad59bd12167,3
K020830,421a21582f53092423e913768538d46bbf7139c84e5308be6a32aed6e652fee3,8922
K020841,545c38b0922de19734fbffde62792c37c2aef6a3216cfa472449173165220f7d,4
K020872,db50decd5026e5f13f0dd0f1627337b9e9999323b4f6dce39d2da085ae6a04b2,5305
K020885,8e9cad58dbd0f30639abba601de7889ec1f14c24107a5e4546cbe3c88a3f1f25,7502
K020887,545c38b0922de19734fbffde62792c37c2aef6a3216cfa472449173165220f7d,4
K020895,89d07c3d7846ca6365e58733d0e857509d189bc33d57c8d6211a743b871aa674,8763
K020905,6a3cf5192354f71615ac51034b3e97c20eda99643fcaf5bbe6d41ad59bd12167,3
K020948,ae5d633504851bac3ba0cf6189b691188b3ec0c4ea9c95f7e245cab5db35e3d3,6154
K020962,6a3cf5192354f71615ac51034b3e97c20eda99643fcaf5bbe6d41ad59bd12167,3
K020963,545c38b0922de19734fbffde62792c37c2aef6a3216cfa472449173165220f7d,4
K020970,545c38b0922de19734fbffde62792c37c2aef6a3216cfa472449173165220f7d,4
K020986,bc16204e6777bf050328a64862482bffd654703815048a8175c91307cfe94f14,6270
K020989,545c38b0922de19734fbffde62792c37c2aef6a3216cfa472449173165220f7d,4
K021008,c3f9fcf87e36019ddeba4edb81d524bceefed2b0f971be0b45583e791defc615,7203
K021009,e1046c373c852a216361b7ebb28af6fb868d0fd0c658a8aa02730a9f3a4413ae,8685
K021025,545c38b0922de19734fbffde62792c37c2aef6a3216cfa472449173165220f7d,4
K021026,6a3cf5192354f71615ac51034b3e97c20eda99643fcaf5bbe6d41ad59bd12167,3
K021027,6a3cf5192354f71615ac51034b3e97c20eda99643fcaf5bbe6d41ad59bd12167,3
K021030,f09a021fad0696c53e5204ee93807f0ba5c03879261115130df8fa36a82c185a,5951
K021031,545c38b0922de19734fbffde62792c37c2aef6a3216cfa472449173165220f7d,4
K021039,739e5a65f76ca5ddebdbd7daf3f0ef4bc88b88b207a43044ba8f878eab158116,6348
K021061,dc1c105fcb79c02a3ac57592e7004cc095398d91c4a967fab660bf677d756d9b,12641
K021063,622deffc194be00e50b1619308918e24fe420a3a36e57568ed2fa585c3f17ad3,5087
K021091,545c38b0922de19734fbffde62792c37c2aef6a3216cfa472449173165220f7d,4
K021106,545c38b0922de19734fbffde62792c37c2aef6a3216cfa472449173165220f7d,4
K021108,545c38b0922de19734fbffde62792c37c2aef6a3216cfa472449173165220f7d,4
K021109,df6de97cdbc9bc9a88448afaa8488aab77288320b8de3be9d73524037bd4ab97,7051
K021148,545c38b0922de19734fbffde62792c37c2aef6a3216cfa472449173165220f7d,4
K021164,67d15a05204d9ebb7076b76ccf38d62d728de1f31bc7f069847f72cfb690bb36,13376
K021170,4b16123b7c92d294f21bc1bd82244d5da7d87589ec665756b53efa12c2b58409,10937
K021178,6a3cf5192354f71615ac51034b3e97c20eda99643fcaf5bbe6d41ad59bd12167,3
K021182,6a3cf5192354f71615ac51034b3e97c20eda99643fcaf5bbe6d41ad59bd12167,3
K021226,545c38b0922de19734fbffde62792c37c2aef6a3216cfa472449173165220f7d,4
K021233,43a4441af7a1488bd4a15ea527cc8eaad14cbb9c636be0844ae19dfac1e980ac,9072
K021254,a266eaf0f76c0fd773836271d3229fb3aac58bf39bef5b9addc391ae0095515a,5652
K021260,5a8c6d782c1531848477a842c78212ec61b7bbb4c73b238eee20907dc9ba54e2,6857
K021275,a99c41204418de0c49308357382ef87289328028647619ac6f15abe59dbabc67,9185
K021280,703a1cb01bb98ce755a15968f72673798b42876a30b7aa3e9a1200caac2a7396,7703
K021310,6a3cf5192354f71615ac51034b3e97c20eda99643fcaf5bbe6d41ad59bd12167,3
K021312,545c38b0922de19734fbffde62792c37c2aef6a3216cfa472449173165220f7d,4
K021313,b3130c4d68fe74848bef85670789f880042d659cd2702ce20c9f58bb382eed70,7513
K021321,392de1bb3da46e8de12e2abd3b3cb11b61a11a34fcce8fc98a55b9ac68c2d703,6817
K021324,7c370d9536d7d0d6a0f7cd7f9826692acd93e4fb05ba46f7b630b879740343d3,5
K021335,2783c754c7e369c82c7d15efc021e14739f460eea3178b7b93219e8b30052775,8085
K021336,16940e7f7b94a6ddb5784d45176c8c2101f05ca6c8d0502a1096a10075f42e27,14544
K021346,f9db4db39a92c15e1bf162192cb9cfb98ceec8519f91c87025e21d4bbdb505e4,7647
K021351,ca4beb2945a5a5f9aa826fc8837a01662260b3b76d69466b08f6c7e4cc375fd2,6003
K021379,6a3cf5192354f71615ac51034b3e97c20eda99643fcaf5bbe6d41ad59bd12167,3
K021380,545c38b0922de19734fbffde62792c37c2aef6a3216cfa472449173165220f7d,4
K021403,545c38b0922de19734fbffde62792c37c2aef6a3216cfa472449173165220f7d,4
K021451,e831bc8276176fb8585ffc76d45ee009440b6b1f88b03e03446ba56dc69c046f,10167
K021458,2a05aee10a2cb87cf44ccae9a3fa5cf57dd9464b4f585077967f33ed304bd026,6201
K021461,b4e346d7c34eb78d4c443a60f515a9bf37c3a9729c95d21332cdd2e953e2f73d,7559
K021478,b1fad19163c140af8b42a4fce695eb78fe508305cf2f0c317d97c9409f1980ae,6824
K021489,66ddb6369754a0d6dd62915a7640b1091b096008ec9822992f004cbd177bcf15,12664
K021499,d17d4847b7af23551086fe54b0e1924172342078942a5a68a340507636e37899,7805
K021507,9a988c3d916d979180ea899ce98ae8cb9f8ed731139d69346a8095993beca7d6,8727
K021510,21059838fa0a022336396f7d1a50932b408c14b7b186de1cbf32e968e6f93ac1,7431
K021549,96aac2d36a2e0890696a447787ffa6f907f6075c503b624aa9cd6d53358e0eda,13798
K021556,18d6d0d0250076898336a1826459e731fe70c59fe715e1222fea0e4ce8a346e8,6029
K021559,c316fba87dcaa74fbb36ac971369425682aa77fc9a729bc7ca64f2dcd236419b,6693
K021564,292ae7683d249443d3d7045a45919f5f31a80cf302ac801ee9c232e561cac654,12175
K021578,a534957f087b683bb35d5e2c10e08c2c6e2608e923ff2c43a21b73bade1513c7,6555
K021579,d21b010fe95d855127331dc0c72b390285807097c0c4bc3bb36de67247bf4244,6098
K021621,61b4323834c189d23be8782269888b5670a95a381447ed08a3832023b1742ba4,6876
K021623,f7f5d6d707b517b2f1c125c9515051b0ea8cc2582bf12498fbacc52051e35877,12009
K021626,653bc20a953f2cff10de6271a2021f67625475f7f2b42eaaea5dc4618b470743,8381
K021657,c7519d78aa98a587ce1e461bde42aa7aca33413d9d810822beb6add47f04fa82,12960
K021662,29da8f6384ddda0279c2763abb418e24a7fa273a093ff6045626f568b61fbdac,6300
K021673,616051d71fb842b6711c6f7c62b0c0c179c32f0c17f926022401e13c273b6867,6825
K021679,3ba194b6d0ff86ac21b199bd33df020ec3218774484185fc924d2117d82e9f62,13781
K021695,39bae0950975b0f0a5ea518505f6c8939f1ef62d230fc8af7d13817449da4ca4,7194
K021714,e89c944fc702896169ba63efeb3ad1449c1354f7d591314246e285579fff47f7,6952
K021715,9308fad3e4df6b86ae1e3ef20bc16ee8a20674ea77de2205f821de90da3af10a,8744
K021728,9f6a63be0565bd68354bf499ba67a9b7ec4d2f9cbd81945d58d0d7b74ce424c0,6670
K021740,c19fee9960923854b0748cc6dc2df23c7884480f5a2b19c51e42249b1d04763f,11537
K021744,beb6fefd98571cf8017247165da5796760346ae4f087b505986a7fffe830dd82,6349
K021749,4c7ce6c0c8ec0fd6acc5656978f43889a5d6e507727e33db4f44fbd93b7ec1af,6372
K021761,54724addac6abe64d7ae575a4c646f8802b7a31192b6627d596cca2dd4218e2f,7790
K021782,aa82bf715bcfd6e26d0af70851547673908fcf908f5953237b77905970305120,9333
K021786,dc80730a5317558f29e4fc0a2717449d5534341739757c8ee7f727b8a387444e,8442
K021791,fbd1c42c0eb0f1ece8d3ba0f8432777c25f39e224e21b17a25a3873d8e7373a6,7260
K021799,4ad326fd4e4f01767a9a9bd855e00f7bddf28dca3c55756d36141115a1703c67,5981
K021803,2f0e5d83cd1c30ac17672b928f55dc051c8e5c6f54d1769c56dcdd521f33b342,7409
K021825,67b39670b5970c260ec03e924fb4144cddeb984608f5b37ebe6123c20447a915,10650
K021826,ac00b1fe6407c88e18538f22aa59b4be216ca32421bde72b5cbda0536fa6b783,7175
K021828,0ffc2b280a55151e31b48dac6ead4db489f5427a6085af44abbffaa96ac7b523,5641
K021832,ddff08776cc11065623d513dc246e3e59fc4cd6543fa57fb0090fc96fe851a59,7069
K021859,a0e3b4e021d167391d3f7dd94110fb4aa2bdca767045d2cd3c73360810474ac4,7242
K021878,d63341c807487c51e49bfa9f3bbab6c8ba6db96892646d522c180a2978e001a9,6529
K021879,533ea605dcc8af667ff33ecd8e54b2c805573d1bc35706d4ec8b172108b09fd6,8490
K021880,67ca4e5430bcc4fdbb30f23697f04581cf72110019adaa69a13f2c91c35ed449,8082
K021881,525e73274e620011b6632325ce426e830dad0174f77990b3b077e8b074d1eacd,9807
K021883,5fdb96dbaf258da75ad9eeffa3fa8f4f92ce38078a8b589cf0fcb0c0ec95459e,6358
K021891,51bd0008acc36e2c75f259f7c0084d757bb10f78e64cf03a6e0de970e4f9030c,7892
K021911,b88f6fed63de1ceb484a6bd1a082e314a9eaa4697c1ce0be6ac7ec058c30da60,8345
K021919,d22daac9b4d4e2d2630005c381a3d4831e58e8636a8bf305fedec256b78dff18,8744
K021932,6a3cf5192354f71615ac51034b3e97c20eda99643fcaf5bbe6d41ad59bd12167,3
K021933,f17e1c2c0f433a573c24e83f5443416906dc6532e2786260cefebb521bfcf8b7,7303
K021953,c8f8b728db4b6939195fd1a7ec1eb240154429327ea3d55daf200116f61a4762,7212
K021963,058b6b3f66fc7dae5c308c982a4010dd53041181445eb506e0b56b7e138e5a87,11588
K021967,0758192bb113bce1f60396b8aaa34df7ad49830a0003fc184b2c54de361c3f6f,8684
K021970,ad326fab86ba20c79ad09c326fce868eaf5a2c23226f543648133c80c45e14b2,8082
K022010,2976d3753d342ef201cf61de8973eca4312a3d3d36c17daef736c56fae65100e,7163
K022015,c19516b1e2d0d37acd62b7d0dc16957de3174acdc2e82f43d48dac1b8a42fad5,8359
K022048,c3dfc7636e303949677718f3f3a7c3d8705a0b325d7fda24c90470aa41da42d8,7599
K022065,a19dc4154aa54b2a1e21f7d23ba9b9b15a6cd374435cb6105e9ea0c5534a099d,5669
K022070,9d35de7566a6367456b47ed272570d0abd9f780bd96693722f737077e21084f5,8367
K022077,e6af131124d05365967789bf07a3d1f0ea52d2d9e05827b74076ca4b3f8ceabe,6383
K022079,788ed3b95afaec5a82e3eabc78d67941ade444d9671812930434aef6884d32fd,7856
K022094,6dcacfab048250243f8b92abff0824c4b3a158b4362aa9e6f15d3a37d5e4a3eb,6552
K022120,1ece6302df8553a82fe8d3705672d5c88ff20e7e29ae6ef263432450f390a3d1,7000
K022139,a33455e4e47ef7f0e266cd30926c54adcf6fe603b29a808502c2f94d4a1afc4c,9542
K022143,ba108516c3e951114ee0f3e711adda9b4cfb3517bcca53f5f6bc4efb78859ef9,7928
K022160,33d61248430ae89d3e0b95f43a7891ae4531d991eb05642cbdd8551a5fcae406,9490
K022190,60bdd49d4252611f0e017507d9c53f4d4032a94ce5bee89852ee8870e9a6e580,8209
K022191,5b4db5cf7b85af9382eaae6b3e6df3a346198e150ce32b3c990b724796d282a3,8047
K022204,2413c958e409126b6d1d63081dd29a38e5487a9f4bb8bb14103c328c27a81f65,6529
K022207,a7f96e77ceaf677454d1383d4fc9193cbeec25f5233b1af01b63a8d9a65bd522,8538
K022211,88dfc336612aaa18f01f78a0470fdaf6032fa8ebb5a302e00b36e1123343c2d7,9421
K022230,63a84ca4e088c0ac561630a972e3a9f4c18975285918fe56b483da71d5183ba5,5915
K022231,00239476171307226df06cedaa33d50514aa58df41c144a94b3179a0a2ca03c8,5709
K022234,410cea7ee40adb0ec7400b30fff7edbd818f472d9ea478ebd2ea92f825c9c200,6657
K022251,2d17613465691e458870b553df19b6d0b439309041501c9d25f680646ecb81c7,5557
K022255,0825750ac93b70f7017aa2aa656e1da59456fcb9ffa2ee3fdeea4753f66d0b2b,5302
K022271,0b6e36c2bb6595e00d9d7491f3df6a4046245d77c8299bd693676a82ad584fb1,8633
K022285,60f1d4262e6e64f6c57655258dfc48c071d89f8355d84c75278a5e0c876d3cff,8647
K022319,9db101de7ee4ac7a6f1da63d2f4e68d0f160fa54dfcdb6222135d3e0f1b60ecb,8177
K022323,f8b214299b251fafbf1be1c44b31030e32dc299e46ab95a67bd7d3e982ea3234,5852
K022324,59257fe960b02ebb6d4e37f84c992be943d2710b7843107df6c37a3295a1d70c,6100
K022325,c9d9b975fcf95104bd4e3d8338931ed5d49e250d768b393d957af4e943dad291,5776
K022344,de7f10f105fb220f8c9c5da91981788a780e4a9ad74e2242f0e62ffee2b77440,9138
K022374,468bb10f28aec6496b07c10282a9a8bca50581bca3677a082556b0e42e64dcd6,9908
K022377,c52302dded7d3b041e17c49ea5ae2f1794c985faa8b4e252749be602a941aaf6,9153
K022382,6de19be27104581c441fd65b1bd71cc55a268aa7231364affe6fe5247acab453,5421
K022399,a903ae7fea85a490c21113d2d995d2c13af316ed3c58ebfbbc809726fc87a313,9492
K022403,710d45aa4bad7f42bb2fd7bee73119c7a937e38ca5cde5e53ea9990bdb1907e4,8970
K022419,3419666fc17813c755e817f5e88d52c927e25dedff2af221db086bee7f1b4420,7734
K022423,4f6e0a62b8d14d84d66b2270e60d4fe55980b7e5208bb73542ef5d4f85678517,6304
K022437,bdfd241e767569d56ea61437afe0fd324e3054ed7eb5ddb5b3819ac35ef83ff7,6497
K022461,fa41c43a2dcf3ca1dcf0dad30a49d7c52785a76c1c87b8495125898c7446f8bc,6638
K022463,b2e45c514703c909c51d42816828fd0c80bac0f47e6db8c21fff860a7e2d353b,6901
K022481,5fdddefd97cc72090fac74bd99f7cb10c455ad1eac24d54584a3c6f60ee39bcf,6511
K022515,6ba3a8bf5a5b08fa7e284e49f35a0d9c0e2d3541910f66c44d6978373b841747,5822
K022520,e00a0e1ea32de6991ea55c111b006d9990f4623555325cda4c81039a8cba73da,8435
K022531,039c65ff6383c2147b8b4f4916eb5764d6d9f95f474a08664ed9fefafba98f2a,6301
K022549,cd7b64dff59b629b3d2ab9a2b72f4d23c1d03daa0216074226349e8a53d69830,7451
K022555,a4217e4eb4c4af7d964c495fde6893e391334e4aad32de587229cdbf5b8fde56,8497
K022556,b521e41c4319c235530921bd8e5f85c694e8b4e7b6ba2f98b1191435a2e80c04,7279
K022563,a86a120278b8287f4cf1b5c65af0ad2219080367c560368a6d7c16ccd8c33ac5,8664
K022586,40513c1a09b4f69360a54d026a0b0774199b4137ac18d3ed8afefcf285353b8f,6669
K022597,00bb8c4da3a3a61f93aa2031b554350296f39e281865fce02f9feaf94b9e54c3,7557
K022599,a2e52b3fbd88d74708e8087f28209f947bdd8a2e3ec481cde5334a90580370e6,7650
K022605,9fe4fccbe474b192835a8b6618e564791c15c1f50f5c2c40d8d9575f38bb61b8,8539
K022622,605f0086aaf92495a7f52ba4b8890f6668318e8ffc1fa22d62d3c6df673c39a2,7958
K022623,7cc57b1d70e4aa3b6b6aa6ce4add715217af11cc2414b36bb3349cfa37641a2e,7907
K022629,0d118146b526878d49d62259f8cc761dd190097238010f708a266bb2f11bfe2e,7208
K022632,70265f0ad14e0074dc6d8ccfe6bed204a3e0aee4c32c36166c617a588494f597,7124
K022651,0d6e3fd753050219c339cead98cf0ff73489d9cb7295b609f2edeb3aba3fd964,6883
K022672,9b6aad5fec39547e845f815bdfcd9ffa45e8a7985413f5c00fab03e6c2e8761a,6904
K022676,1ea00a6c2b2942508310864c74991feeaefb382fcbc55286fb860fbb2fb99b7b,6341
K022688,ef78700e00920a83fb8532f76b9d944d4ce24fb2dfeb11949c1166d73e8c31fd,6520
K022711,1350c388c1cc318a84bd1aa89f154d99d1c791b9e2f8b03e3bb2f265a217d5dd,7977
K022726,cf7f57865af379f784d10f7affd3d371914ab5d9ebb7fd35f4f7077dffcfd4db,5969
K022768,a9f43f127a70bf77f8ff4291257097aa57f013eb54cd9b0ac49d96f20c3796fb,11877
K022771,b500ce4ed002445b9b3b6715ebc37d49fa63b05b4c99375af435ac422ae321da,5226
K022778,ba558ee815ef92468baf9af6ba86694b4cb5f4155d1cd1d81348d1cc185a0e85,9791
K022791,3f19825b3fd6e31673bda2ebd9de30660676bb75e8ee74fc96c7443de4f7506c,6350
K022793,e09aa3aef4a3ea8582172f8cee814094e0d6e6ba3cf0a409b4ce6448df07a84a,7128
K022798,486cb2c67e7ccd9f92f6b87215c53d96483bf077a32e5486e4cb0e517af0b924,6971
K022799,e05a92bebc15e17ed83106bd2b22b2d03fa526499739cf5865defcbe2a4b5fa6,10886
K022827,f96573d79078de5be3a32817f56e8c39203171b113f3aa28f9c5111c37adf95a,5135
K022828,48612c5cec7020eaaf1ced759b9cc84b4eb4ccc7fc8851c017404e3b90f6e7b9,8542
K022853,99f113a9db446ec7684a1aa2a2c7585513c15ed632b92aa5204c33fd0a48471f,5579
K022886,47b154ba3f65525b79f1e028a0ea8520607d48c52e0a7a0dc888608a2370557c,6626
K022887,ed97ae59c9aa767275225106eb1661b554d973fd810e258dab0abb4120eb5fc1,6044
K022892,e16bb4ad4037144e853a35f57fe0b0e2609ddfe28dbde823256ee53326968a8a,6026
K022902,d44e11dcb58d782c567e286fbbae3cf4dd2d47581673e12676f73473f2aa8832,8584
K022908,ac6bb8541f8def6538c5db6c737944ae93212a0a3edb04273ff4b2e897bc049a,6445
K022949,fa87c85bbd8e9b6955c1c64885cfb62c036ddb26031f48df67daf5e3748a0ea4,10577
K022952,3cfa98fd33fcb9ede1f4b75f201b501f93bc16ea862186e06f8f57c9397a2687,6008
K022958,8af61f5f3f837c6ae02c5273b7ebd604f2687a45437e56bf2cb304324815c926,8382
K022965,199a6636c07b3dd2540834117edbabdbf6371a701664070b2d5db8efb1c3ae5d,6977
K022966,011f78d359bdd7ba3397e8d7f739c1519bddfe91615f817276549b643a88edcf,8151
K022981,cb38f507692dd6c2f2d6207352165bb09106d051d2a38451a248c39f8cb3a31d,8078
K022985,ad25115864b6afe3e6b8641a881d28a011635ac03bde924d4a336d996c07b79b,11635
K022997,2d25a2b7b74cefc60aec06d029892ae5840717601edddc6507ab00138dc8b400,7738
K023007,facba8235f21e2b128f2c616164f461068ca0ed110f10f15fd42945ec2817e5c,12332
K023012,39c0710e7a28033923fd9bf816f6e9a78a09bb14d82556fff869d5a2f42483ac,6500
K023013,5551601058628e8ac005f583316977b9bc6f34561b826b154596f361fdd9803f,6465
K023021,b1e0648dc6d08f14cf4f37d11e5eebeb602e32d304cb33d6f92bc7fd1c67c8e6,7653
K023022,601fa22258bc89785039eebc3164d825295e4d323ecda1dceb630e70ce2d01e7,8565
K023063,0f3a42cd5bc35f00140e586562f9540a4d0cd1aa9227c0f234dd00af6e48f770,7923
K023085,e07a8a9573a4ecf071bca7a2284ff151a7e63e78ae507c356e5bed78a33ceb74,6440
K023086,64e5c5f7a3d3481eb35ecbef08f8a25deb60b2132d1dacd8e0b809cffeac5951,7143
K023087,36ed20754dc9bd76e4de2099d60e8c501d8568772ccfe053077431cdded81a74,11346
K023096,f3ffcb584e5b69fa1c86fb173824b65e6a51982c1191ce46207f2a0ca930ab09,9146
K023102,483193664b1ed4c76fd7ce696848b1f8bb233132d81dc513ef73336d0b266928,8026
K023103,adbd333ff6a68507708c12a46a53cdb5306c2a9ad49f86790cac567acb5a957a,5561
K023115,d2282f8b10b4ac5a9efbfe995390f52ccdefc8468493f06ca9774d0480f21b98,7440
K023119,4b0c3bd2c70314aff3ce5ac0cf625f77e351b408dc937d4029a2f0cc865a17ea,5928
K023133,fdf0a301aa953d78a7d7bc26f2c1c2d607606ee4eb23eac47ff54d1ede447c2b,7754
K023134,ddfceafcaf5932bb9a955c4a57483b69fc587aeb87cd8cfc9f45a05a515b5a4f,7174
K023186,3ff98f7e9b955efd0b90ccdbddc6ff31b299255f0bfaa240c1fd71e848cd973a,8522
K023188,229d1027b6c50e829a7683a50f31ae5e90d883c047fa3ba99974445de4bcd57f,6235
K023192,a3b450e79dbe17168619228f69577e5987fc6f4f629609be6df1db37efe12bca,7104
K023203,3d163bac78da9ad46a6afd2c52aa1efc5c4e49081456db8960ee52141ac26a1d,6194
K023204,ca81c7153f982217ea253d976a5c02010044d8a9eea2566865cb27bd7098895a,10337
K023211,f99491a3da60b11b5c27791249da1ecbbda3b13b1098c6ce809b114dad0a9ad8,8178
K023241,81125e4ac236f7079cad00dac76f13851cc741092ed0d7dc15b85e33b0d1c821,6297
K023260,d800cb3701352f1f0954063ccb651d8d9058e1ab80fb9c98626c230f65abd4eb,5817
K023267,cc308d4905a170d34c097358982ac7bf46adb14f841a915e0b0623bd5da25c6e,6655
K023294,dc1f42ddcc626365848d8693563e7dc5d6ced7e34f766c6011458653e9c8e881,6223
K023299,a2bb0eefe25925cb90b3377dbcca1222ef133d6819b453cb87c73a3d4d28d050,11656
K023302,1fc6cba01109df15c6e866f8547760c14874626e1ead2d12ca4eb61f92c93810,7986
K023314,bb9b69a6e72d9c81f4d0db7d010331e365a78aed7bd2511f3a49f8aaefb97cbe,5126
K023319,d57baf359943eb823e147f30ad64575c979f923ba46fa6408e3579bddae4ac69,7560
K023324,885b113a6603bd745a06080993d81cd1c6d3d1a2f0cd0e864c62ffe93617eb19,8025
K023357,f3fc9560b943528c369b1ca4b39ba15b57ab1c791d36e07130c1025461d872c1,12830
K023360,3b77327426f16ccb673984033c00cedd0060387033eb5d53253d3c8f071e4c50,8072
K023365,609edf4b18e50fdc003c4e43ad071c41aec1b4a58201a7412040edfb45010048,8554
K023375,84d18b33c2254bbaa1627db07616cd917091181663ded48301474c7824ba51d9,6864
K023378,82ebd8a27b884fb38b8289eec5ce75825af378fcc280519556eec56eae92e017,13007
K023388,863a4f6f6bcf7cd9e09842ec4ae7d5e7398e09827ef4a9dfb4481df3f1678cbc,6873
K023399,06ec633663dad8d4ece959ea5c0533b32ad797f7eb07700b51e10691601c1daf,8181
K023409,86e326451547cbe9e40c25a0a4a7c11020e4e3c674dd3caa7bfef1efa639b3ae,6057
K023415,a72354405c63eb519e59c5b49ce77339a0807da01d893302f9c2dda41a082f77,11007
K023416,f38e8533400c239eaf0d6a052b85ed0e80a95120c4fcc6649db9c67167c8b2d0,5589
K023417,04c4c9caffa2797dd0d14c158d0abf972c47c4775121f71c969be55ab47b79a2,5984
K023437,b82013dc5346cf3fdceea627ca3eef98ccad1ea94f19a2c840f5adc706966c75,10029
K023438,af06323ffe9c52023c875540a6d11b0bb83251922e63c53f51203eef1dab8c6d,8775
K023453,2ecfc6505ffe030d239789213d2e77f80588b4597c6b95abf9fcc93be26d159a,7167
K023498,e66fb7a8e5f99e8549b40fadcd7669e44bb0de2902c6422d4dd655745256aff1,9975
K023528,28e8d5524bb7c6d86766f92d0f91bd1b2181bff542d7c44d2837f2044e6b5a13,8061
K023531,55a6cf1fa8025d524322ab23cfdd953955dcb42ff7c78cceeb569970b8899a81,8559
K023546,f55d84fda94e3351af4b5409149d46a6dc5ca1ea06f1d57f270cc9994ebb7039,6168
K023553,084209b6cca833a985174d177861fe7de2cc6db65c3d8eb7da5f870364af9d7a,6265
K023555,9a0b85cc2ef26e9008abb3fca6e192f7402701064397f6c24a6e5df320d8a8ab,8110
K023562,187de80d6565e046ae719472543df72f3f8f759e780ab8721fa08789e5eb9f4f,7197
K023564,76d5b370887b90da1a248d0b815ec15f729ad5b9e44f725b9ba30600a70a7a20,10581
K023570,5c441b57382abdd14cae0edaa4ee126ec5f3fea8468c9e12b7132db806b5623b,7134
K023604,a55d7caefb6c9082a0de09fe75f332155580c09b45dfaee4483e067b1d05691f,8406
K023644,0a2d852e31b4f134f6f285a06302eecc869e472340cb574edf028320e6d7a7b1,12198
K023667,96f53f25d1c6ec828ddb90f2115052a05eed8a94144acfd8f76e0d7d23c75f5a,7457
K023675,57cfa0bdb4113623f0448664627cb13391388f0aa5b0d0dc2e98c079f8141318,7905
K023692,82cd923a35e39a5121a0f9e63b30132bad3b10b9ce37cb527bf44e16f8cc8ab5,11449
K023703,d80ad3c60fb9ed354a4ed3b3551e0e83d08aa559ab3f2fff3bf2256014fe74b8,4868
K023714,ba69d47da0595d63919963922b919f3c32e69df61a9cfa23e770461eeee72d58,8077
K023724,473cf42b25f68ff1b2ec999c5b7b4c2c46dc3900358588d7bc57aaec1e510e63,10785
K023743,a69ace8bb01e61758b4bd4cadb1a29715bf597b1c93547b1394a246f958328f1,6434
K023770,263f4db9003fbbb01abbf03633094f22a8485c345b33e38af6c6eeb247fe3003,7535
K023788,28e425033210bab2f153b7c1a19adddd839b43c58d30fa0c60057c6dd3961372,7258
K023794,4974825d63537777063940fc1fa4de335084e35a85cb9ee2a0cea299b112ac82,9649
K023797,13b5930e27a85447a8b99bd97057d5c389d1e4e8dca4f20a68da0d72ae5b47fd,6657
K023802,5a704ded5123bd33106ffe7ecb9b79143f3ea2387f07e7e1c016a47e0e134b08,6275
K023804,01457c10a98d906bb382a81dca6153f04dffd406d523a8c27536cf66575313f0,7466
K023835,d3706ef03a05a5b83db496f0fe4e1aba9c11ac8508bcc93e80294dd50fd671a9,6379
K023851,629e20745c54df68e80eaafa9d28c1deb038742df81fb00dfbdfaa3e5db2b335,6392
K023862,2172b2485693f0231fe655a1da90ffccec7b0943590546d177be8c79da4826e1,6215
K023879,0573476744f64c889633f6f16d4081be2c558ac55f25bce91eea1f1c21fa7230,5749
K023884,967bc3cec37b5898ac2b708f6b74e7feda8e4a871f5642258e5eeb70f09f35ad,8345
K023887,9da0f1231c728fab1aeee0001d0b01ff0324d3794476616c135e57f85d73d3b6,7338
K023901,94a65e9ea244d30f511181877e16d2b8bd325cecf09c6437c4a9a9afbda4d4e2,5126
K023921,bb9400fc00dbf3bc5e025e829f5384e38ceba593c80b4d117e77978ed2da2676,6982
K023922,ba9f9846c14677d22707b4dd922f65518cac70855483da357a9edec6acef3eb2,6748
K023941,494382dfe8232c9de3e126bb0a0fc60520ca649c62d19de8e61646825a561916,6004
K023963,d79d3f302bd94d7bfa7f7d0e66f5fa9f65c9d67b0c2e741e6c7725b63b8adfb0,5493
K023983,6cf18f492e58e2a4985756100f1dd4cd528158ae9965f273b15362e8aa72401d,6552
K023994,efce5412a3328943763f0aee1583548c01d4bd84d1f2ec3223a1d145926ba291,8543
K024037,c50eb51edab9aa26a2a9b58bc78da59734f1eb9a67f7f77acff412414b1bf219,6668
K024049,50776b9fb2e111fe7e46bd0cd6a14bedd762833aa1b5c6c011d05e7b87945d6c,6746
K024060,ef1f5593db1a630bb8bcba66714836f9487b69e8e5a14d00fe3d6cd9a5b8f6b5,5923
K024086,06422243f0c9b6f124ebb005e9de81d2b5248202becb7cc79b96dd92f81f774c,5976
K024096,efb3712e8de3538c5781bd2e838da12bfc68028b4b82c1474629d9d4ff38a51c,9084
K024115,79465ec1ad836216186fc19b26ffea70f37d399c00b9542a86fcd5cfcee3801e,6754
K024125,a988f77b603efebaf67ae4ab4d5fa735da753944dff89b8f1626ebc67b387f08,8876
K024129,1660e0e4d4583d1a1c50fa19514880641c879525e72c248c165d3c478237aa3a,7904
K024134,921dd3015c1dc915ebae4a8e2be4cb48a2f244aa113b2f1bddb7abbfe375ccd0,6133
K024161,c13b0580b34927341d102077fabd6c8f7b0ed37179313c59f1784e4eb8ee2160,8771
K024185,81f4399667ed30bdcd083117f45d878fe1274d0667506ff956aed62435971249,5305
K024233,85f3bd79123002b012291b19e7ac8d98d1e00b4b8de63849845abd06b960a3f7,6990
K024248,2d570d8e119259a3a91e98ed44926035df9ace80fa7c8052f3c759d16bad6f69,7139
K024313,10b40b266bef187eede2ef8e772b5e127ca71dfce99f6b2a21d8f7044fb3483d,8396
K024326,6a3cf5192354f71615ac51034b3e97c20eda99643fcaf5bbe6d41ad59bd12167,3
K024336,fdcfcea89e6e3e0d964bb838bee9230fd053a2e196deec470d53f9e2ddf19592,7947
K024340,55ed6c9bba44b3eceebc37edf090c3568afe622b3ec9dd1f2dc5d5ee5642b953,11227
K024348,e6c4f08ab620a2fed109d5016829fbf3c10b1e2c44a001ec769a0b70ff13c164,8080
K024364,955077026ec0b1afb84e65291ad541ceeae173767e50f3c1d0567a8d634f3392,7807
K030037,328f9685d68b84ce8c3162963c3081d1f921e6b7288bda0368440b9eb3cc1342,7531
K030047,5b81aa6618b7e2a0f26034e1ebf282760d8ff7d0af8075c4f64d63736b6bf6c9,6155
K030048,ed221b6a18ef3d9d92e6f13f059c963a9043943cd435f35ed81c9199730ecebd,5730
K030055,8f11208c9832dc35fa986529daa9ed69d1f20001df6dc095edb4c9547adaa314,6219
K030079,845d741dec05e0a570c1ec0937d2d34cb328db92bee5f15db2c65c0a9e28e45a,6458
K030086,b5909f1508873439bba59aad4ae6f4125aca9be6e3505f0883eddf52f66a85aa,9475
K030087,dceb80dc44ee68f696b9a4a4247a2fbdbb53f295391a779ae10238199701a5c4,11595
K030103,f735adbbe6fa03b04bd83ef01ee0a9d5cbb4bd56a927d12a18f7b438da36ec0c,7909
K030122,0f00dbbdf3753b36e4938734da901c1ddafd6c21cc3889c2f42032dee20ad83e,6923
K030131,657bf93e243e57cfc8e3386db1fa1d2420dbc5a2f2296a39cac8cf485ff9198c,8358
K030153,89fc81cb6ad3db9b4bc9b4b53a430a931958888a2d4d57ccb40a637cf8d9d6b8,7074
K030178,c6d531ae45d83866e72ab7f39cfce0062c2e426bd86113054a59409300606fd2,6801
K030193,cf0b026c9e92b1a7f32d6c406e514e7b24151713dd3cc68428edfd6037fa43c7,7962
K030197,07aa27288ae53cf019b5abb3fdc965132ed3b601002d009b91d178fcea55e225,7451
K030198,906d323d5ed9a82ec6e6a974b984f28ed71c827187b04f4fda63b363fb9f094d,11408
K030236,c3dd02750777fda8d4bd268a2e6d13672b7906339d6961e01f9d7f4305e1cb36,9187
K030237,a185d54af777cae73bcce22f2f9a2d7a2c39392fded4c7c1dcfabde5574ef0b7,9296
K030241,92cf54c6f1193589347af8dc5b0eadd0dc5cdb1c9638c55ac8bd29b3d7d53538,10212
K030249,c124b09947980ea46f2c25945f33135d874c2e4bdc37f6f558495215fcb90fae,6589
K030252,ea8e73913a63e6e8fe373a6f57af55073a205cf517e1cc6eb493410bcfb1a837,8472
K030253,ec3b2cf4f10d6ef754640b92ee880c7759a44b06ab01bc739385242d450fe558,8426
K030259,f90665e7cbeb147a0d864345c9f785abc0a68f4d85ec58f1dabc77839e6d9324,8715
K030265,036de704c6cacc125252cf75463f993b77c99fd0ef138d45c8a20d6c0ce9b102,6941
K030266,1546674990371acf11aa43c8075ebd557044abd0cdf9d1e808686079f0687f47,5533
K030285,d9c4d23c2d288af35cd8d9713f09c16fc4fc9aadd4707c50f06626150e33c6ef,9896
K030288,db2d2a116b1d8d049995811f7989df516dca6429aece61cac96a44c6683e043b,7190
K030301,6345d96245c5e08e1c2998664df2022d7a07eb7f410afb98e54855a07fdfd8b8,6089
K030310,09eaf6b0cf00cf19420aa2f5292cdd4e2223c12855bd487844e2638441b78a08,5488
K030319,50e8c9eb571ff59bdf1965ed54b0aa076d27fd2f82002cd58abc0e309569256d,9028
K030327,05cbd1a35f0fbf9e4a49c4da48becb93ebdc13c5eb8ce82df966f8d19b31fe8f,6866
K030336,057b82adc708cb44e75a6ca5cfddef95b68cc55532587642de7010376d76a9d2,6709
K030344,f9aefe5802149753e6779d2b30c8bf818522c5c700ff9c16381ddb1936cca407,9164
K030367,46f0784e66c7c55970ccdaef15142f9a9462220bb2c6700d8fffe2b54f980a22,7173
K030368,f7f9b94946248cf9ae6c5c9ef77dc7c0d3d3ea96e2b2f2fae8838302fcf35685,5894
K030369,c072fc76195a339a69a170c2364b81dbe24c6c3db5fe7cb2bdc6a3185d4855f8,6940
K030372,ca6a0bb5c6d0a439ac52a5b2ce3027b8e7df5d0d3e4cb5c842cf70a151c0b842,6758
K030373,7f6ad9c1b76611644e820e1886302b8aba48989e3e86397aa136c8382301fbe7,8247
K030377,2d3b9e9293a826ccee53c99c6eca52f094a0a1b25ffefc50b3696ad5488cdc98,7337
K030383,9ad1714439e928b771521cee70d9948c9a7fa47b7d297b0d242a4d82365f2f55,7163
K030384,b319d21e98d61adb557c6b9986e5a65920c06e3da9a0902be61af02a608af5b6,8228
K030388,b56b6655b82459bf69ecb4261dbecfaced988f848141f1635624af50f689419c,10037
K030390,cdd48559f63da1aaff082f227198c2ba6383b35b8cd89dc7e0294f805c0679ee,6903
K030446,f6e88026aa31c03d9b64bbe98b92b1e85741351f05c0a1a0ae7fd0f2c598b1f6,6623
K030500,dccf57ab59b46fbbe0a85ca3eb3bf302632da60918a17304477e2f8c20b33d4c,6398
K030501,b404ec16be0bd8d8e507db06c86212c35042136efae587c07a6a26b29ceef618,6268
K030519,af29bbbf481f91ebf33b3e895bf0498c1c7bac1328a5f164985140a48ad86bc9,6365
K030554,53e97b7c240fa0a64212684f9bd584fef368495c85b50c2e8836a280abce3311,7434
K030581,7c370d9536d7d0d6a0f7cd7f9826692acd93e4fb05ba46f7b630b879740343d3,5
K030595,c1964eb09f2f73d2f7d31a8b71199c686e18290c5c8449805771c8a6604369b5,7215
K030597,e46451a7304f67d3d1e0d5c15bec2fa0a58098ce53db08fa86b68f58a0046aa5,5931
K030601,eea74cac2c86d851d4ff6906f15410380cdbffa5827840cf6e909e3bfb528a02,7242
K030612,3a437b78e6c4c4fa8e871c08fc8685030bb79807ee8f1f13d75c898f24a14d61,6560
K030619,2aeedbb7f3e8111dd71f7b846ab0c017cda67fde246fd2a97702b3d0d232cef1,8432
K030623,a6c70efa21d7533743bfdaa4c4f8b51b1cbb8445bbace35d817453a96c12798f,7267
K030625,33b3913e12c1cb09a5695829732799ff458ccc7d83310ed1a07d62d8b914641c,8351
K030665,227ec7077e0b0f176a11e59c151effae1ab072395576634db09e692cfe3a6927,7442
K030667,215ce6976e45c2a46d3e7b865dac1a5f72f3a0c3a612973751e558dde22d6f47,6033
K030686,4a00c058f95cfcc7f7c79283c2f3da2c46a924720db6e113f83a7eafb7ff4c81,9798
K030706,be8904ad26f8146a6d7393a37f2f279474a223b80751d9ce6f475e26b5b25181,6211
K030710,f18709740bfc073f0a24218202c9a7de01520293a651f40d21e421c70d11f98f,8972
K030724,2dc50eedfdd6343225ac673e53e8dd21453dc5eda64a38872e3fb48f20b5746e,7093
K030733,133869fdfd7fce55869d91caee746a4e4659770f77c2b2db5d3ea1038df2bcf8,6739
K030735,3ee832d316c814ab4b278329f16a95118bcd1861da816b0d3093842180e49c0d,7259
K030736,41a79f888c74f1fa9ea7d6098e89a7e2010507e8672cd312741912abd48a1eac,7324
K030744,c12829bf1b3d62877fef29e42a8a0d9abf9ae3ca51869859f6fa50f248435b9f,7993
K030766,976898de7254f7e5318984f0d6fe2cfd27ec3d851c065a6912ea7b9acb357816,10730
K030816,69340a012e555bf2b0da91ac540309aed5c6152a1374b40bddbf908ccd100fcf,6766
K030833,e78452745a3c6316d9596c6a03b90e1f452dfcc76bf0af1aba7c558646111207,7585
K030840,8fe4ad0d398ad26192d856a9f833afcdf11607bd8170ed55a8afedb58bda657f,16895
K030848,750db7aceba2fcc8ea2ae59f6b682a42da633a87f47b3fc9a0f214b48bdee709,5728
K030858,9297211930ab46705bfa54101f6edcc078f3ac60ba53fd904394f35ccf5e1d5d,6122
K030861,8c99fdd2bf2f58bdb878c5b97a2c534f7e3a9e01cfb82d245b662c78b6808c02,6668
K030862,980afb79b8f8071a8f4ade7cdfa6aeb292d9a7c5b77c3bf95e5ed0738cbb3028,10985
K030866,880daa5ac67ede692906f7494a2e0eac6ab0bc54e7796a8b95e9117547cc6481,6346
K030867,07025c87062363b27ffaa88969176ad48f5c47bf0c8d5653f6c9d7089918784d,7294
K030875,b87eee0b352a05a76e0f2d1ca6d7fc0354d3a15bd801f6ef8dcfee1db324c6b3,10192
K030877,65e8d62f72108a70462fa08909a9f292a1a3156ff7f8406760d50ce480324484,6997
K030881,c267d39685af9a88b4b1bcd3fbf81f4f9db713d148fd11b76d973a9f43355877,7181
K030900,5be805c0ac530122e63c96fdb14ae85a81f6887a35139a7176a49788a7d8c489,6935
K030902,cb0f7a87d9755b3a511c9fcd3b1d20129ff46abaa4cfa3ff4ce7f03cba9055b4,5006
K030903,6b25d5bb344dcb5bf458d35a1c718fbe9d96b46c704e53d6795c8451dc80bec8,5056
K030904,654e1091a0bc43675dff69247c8155f25fe1b5634d514ce65f57ec12fbde6011,4960
K030909,23da2b34cddcfecae482a70feffd67866cff930820415162a1127728782ad411,6120
K030923,e13e195396329b806a69fe402ca2ff79ed78e55c15d83ab9a68af9e3c3cb1bb7,7334
K030932,3dfb37cc021ebaec10b94e29823322fa9a9acdfa4dee05b86583edb0c346056d,15857
K030941,d2905d4764bc01816f49e3104c7d1fa3287a3daf9e1c45c6b5dcdfa844a28996,11216
K030958,6d386f5e1a5f8bb45fbb3a381a11726331c95ecad524274e0bab8e6f5e28d8f5,8432
K030971,458d54dd0f533d4c445dc7be638f991d812ae32f59afdbfd22db22304d7e43f3,6196
K030972,f346f88b6eb7144dd977e223f55dd896bde8af92de3d1fb6b46619a8be4a6e42,8664
K030978,e5a106a14071f0ea066547b425f91da2d4f9c1a4c8d7941cedf62d5ddf6da933,7243
K030979,b1b77100831feec7d2dacbb03d881f683f75861e5701a4bcffcac921e9d6c4d5,7476
K030995,26dd1c1283d6f764df8e6db5b92296d569ca4a8217de60a6e53c28a196e7b445,6304
K031040,1309e5a385dbf9e3a667812d6bd06a38dea981fd48e880c2943e430c86588829,7776
K031050,3a68fa22d14368643f80ab0f84f9ed18a98cef1502f1dc8d71225f5f51f65717,8124
K031061,1f9e9bb5b637b71bbfa089b8faa276b458abc77405a2a4f598f92ae625f5043a,7886
K031090,b25d324d0ba88c49822c018fc5fa22a0388afcdeb3fdca251607f1dcc5f8712e,8774
K031093,7fe355829fd4e7ecbb29b0b66051ba04593f4ea7d76276688184b85c3b836a3a,6900
K031100,c376ea118bd04a859c6f4503e7f4fa9ca84a6abeaaa978ffbe110ce1314810b1,5795
K031110,b59b38e58e990d5a2d84fcdbd3fe9e266e4669e9ef64b0aa8b875ad9977e276a,8370
K031127,f218dcf7e255477af93737372a9b2b8c7c64396318646da4f03ea9e75933ffb4,5958
K031154,45fcf38376e9db4ca5016d0c1c4fec9dd07cc717739dd19cb52af8419230e1d1,8243
K031155,b278adbe013634b72ebed8a1854c70eae0513513b697b42429a38a0457b9bc73,5978
K031162,19d433583fc14e6b4fcb0669c12f2cf6dbc5e1bc6c50af050f405a9332be10f9,6789
K031165,e8b2eabb2970547a5a9c918ef80a2434fbe18536d5ef6f2367e5ae768695e465,6631
K031175,ee45f899b964869fc05f25f3d77078a436b5892001827a9697a5148ef7879fa4,9241
K031178,a91952a5cc65ccc0cd83bfd1efc2231e7b57cc89832f3b5c17ce80786a22048a,5673
K031181,23a31100e57ae515c6151e4b8dc70a05e48fa6351c7e2c5dd23c62c5f1129663,7216
K031183,ffe9e53bc4e0db82b8f5183f6d380cf3d35b69e2072ef0d432adc026ea628574,6609
K031201,e62c828d0c41cf1f15ff74af1fb26e2b3086ca892b4bef5acd2edab3b04f2905,6785
K031203,daa7a2c787f04ce943c7bcf42197318a1dcf50b4f15203601921e3fbdc2b0c58,7133
K031214,2b343c2c473454f7e368c76de82dfdf478dfeb8791e803b6eeaee4667b98b11a,7338
K031217,f936ef0f49c2cfa4c95af53f704a32d2039b9b8a0f3df9b8fdb8e40cf7c8d5e0,7168
K031218,9e86b9aafddf4d2c35c539df70e06895446edf0766d2b56da0e39182e91c7e0f,8672
K031219,46a2b70f8c1e28e18dc93f976234f8b08b01bceca987180bd2818471457fd990,9719
K031265,d8eb36a62f8798d6bf94744c2b917244dec69a55cfcf82f02bf09846ba589284,7281
K031276,722e26ea7515e51d898882129a405c5c3504c667f6d2b4dc563feb342424daea,5814
K031290,d97949d0d9b9938c8b9fcf3d1de601785dfc1f3213e2a4415ab99624a5df3a2a,9714
K031302,c4ddc28ea12b1baf72d060e1d0b1fb2bbbc7d66c3089b9fa34d81a23bcefda4d,7065
K031319,685f301091c0a79d2496a72d27e11375ccc434aa1b38a45e09851a8e0eedd88e,9378
K031334,18abfc9723fc3867aec1ca426587a6c0e37251aa8db655e953f587ed6fa8dce5,6173
K031354,ee759fe4121af805fe386ab1e3d329be427c53f608c0793c36cffbd91b875e04,7764
K031355,b776c35a62bac2d008a54d585d6d35b95e54110ae31cd458080eb9d5c6b30d60,8004
K031381,efbed8e63fa2a64fddd0ae0345c1cf529cf233926b9f74209fa15b6db9c9829f,11054
K031399,37c695794a17a21fde08109dd3d1cbeeaae5a0ecb5444b07bea80d801c4aa0bc,8620
K031401,749d3af17c241133c5755f4ec3369b2dffb17bf17fa3902f0c4990f79e78925b,8511
K031402,0b23ce28b01b926206462e56c6bd94a4b2ea41e537dcc45222baa6b6b055ed70,8085
K031423,378cdb099d9038d36dc69e923cea4c881544bd742f1868a5cf718d10a771b72a,9897
K031424,80f22bd6707b3695d9e0454d80a4578fd968bd76e6bbc9cd48ce73d2c7b35daf,8114
K031428,ba0d6e33bdbf99cae573610e921b880a15a103503af38424ea3d2ebac9f9799b,7027
K031430,5adda5dc9590bc0525e827cb6bdcca8bbae5b75df5cc7b28b43da18b09da3d8f,8828
K031435,728cb3a921798d88e17a6c7b69915207f23e89045056007b5a59e04adccc67e7,6067
K031438,38364f213f8e9bd59a5a0c5bd6f733749ef1ea8a889782f2f7bd9ef28d4b6899,6322
K031449,5409d7c6c1c7f648901ffbc51077a581a5f25a4340960f32d3c0b057cd75622c,9316
K031452,87e077d69ab4bb84664e8c608efc2b7a884661c506edbb9b56fa4d6737db6739,8463
K031455,ea3c0076d94626ff718282b9360bdfe7b43a8f2343e0db6dbe539744a2df3315,7710
K031462,0ea9a8b834da4f9fa5009fd9964ce6e5f5f7134ab8e9f2632884553b95952974,8238
K031471,f802a97238b65ecfc648ff753148f1ae8b48f57e3fdf3d2ce956d776abf0d5a8,8315
K031474,5dbf5fc98796b82477a298afdc23183c50dbf16448e1aab2c16051e2610dbb95,6867
K031480,69db2a21d2b5af6e255aadd18d2ef6791dbe6a57e953eea3a20fe69b22d6f1b3,9856
K031493,9dbc42c92d4ba009759e2e768ff842be4e752e5d82bca073b757428dfa757d8e,7213
K031495,5c7c0d9d58a5cecf8bbebd4ecaf379678086cc962002b13c77f9cdfb509e31e3,7880
K031508,dd7535c337500c0f48be563393ed5ce857c68635e3c6c89d68ee70879b689ab4,5406
K031511,6c65b3e4dec1d80bc089c435a996a9ecef8fd9bcd50b6793dcd8c88c14c8a59d,8071
K031519,7b6208b9fa85aeea9cd996eb7bc115502f904926f59b95cd096b1f09e2b1e06c,6754
K031533,60a08b74dcc03e4df72f84f0d5d5c72e478a32c8f06b2dbd12156516964c26d7,6431
K031572,545c38b0922de19734fbffde62792c37c2aef6a3216cfa472449173165220f7d,4
K031573,73f5065c61964be70743e05b10507d77014c3f57612e2cd83c85409a9509cd32,5528
K031585,ba549f16610ce7f5e395079779554471b36668137bb68405f64eacc994843c3b,9000
K031595,7fa9092025180305b811c45fbec0e5e8853bc1b37b927c730138b23548c679bd,7849
K031609,344432755470ba43b2705253a4594f6e6d2e53e8a24c5ac4cbca096c30dcfdad,6823
K031635,76519910ab739db96da2a557e69f0a2725d29875290239a3b1aaa4e12d8a1ea2,7207
K031651,2c6f28df767e7d5375238afed982c8bba9201a9d51401d04222b964fd674c2d4,7116
K031655,bb9dcc2a1b3abade1748bc42337a980a7b77ab9aa296d2b2a59324351ee3ecb8,15374
K031666,20c19db83b49ed16783edaf80587bc5badbe9dbad2178f47fb213dddc0b2f48a,6095
K031672,505a088b00cce1377f1a5433ce027dba0cd2dc86cd0ae0e3aa1e21060865a4f6,6879
K031673,c3697ae46edcf6f8abab379465834acf123575e60a41e4f9f36e958f71dbbc31,5416
K031677,661d3c6f758da8c0d9693d34d17e1b31455571e97e59fc39342e0db71e6fdb6e,6113
K031685,f8ccba0910e5324792ea2ce86d1f773c66ec139ee1444ba594764f8f974c2177,6274
K031687,4a52b754978b455fab88f025f8a8ca257916f7a8d5d92861b00edc2489f69f9c,12553
K031693,dd9db0cd0281200150e0e5cc56ac489180c980fb7729cf3018c6d3123038cbcc,7613
K031702,04e43a843f534df31ff7dbdb2e8c9d9a0d76ff61dc583ee2495194cf691f8ab9,7229
K031712,d6bcad52fa377066607038eb7fd9836ce4ec9529a5c999213bb3d9c5cfbc41d7,6942
K031714,2de7806a1ce7d1b5ff4dc47be6d919caecf0755c4b16196219442af21802c982,6912
K031724,8ff030156c432c6856e738b8667b411887fb0c6b4f0969b31e05a6e5e7a9abb7,6827
K031725,c9262acf165c5616ecd1ce21878dd4b78e3422ed983698ac4621e9f8d5c675dc,6250
K031729,97539e916855806496c08eafe693262a587ebda5639c7d770409467b14b59145,15138
K031730,935e61063046b23e38ef38c8df6875070364b3cd77c0b2951ab420e75a4b44c1,6463
K031734,397ce4335c540694c8dff45abd3f1b8a96451a46ec6cb1394ac9fd0b2071b06c,7790
K031744,b63eeca77cf31fc1ac3293da2b815dd5f4df9157fd52ccd0a747789226905c51,8277
K031751,c9e221eb5a26b01cf17314c98e60f032e56394057480c1cbca58e32887c0faa4,6389
K031757,fc79ade6230da402decaad6cb73a095c74b79972afbdd037288268062fad8538,7391
K031772,a505de05a30d3314d9aba86a6f92f2346b1109ca2f8b98af8d894ba57bc6f97f,7488
K031780,b910fe1d0d03aa0dd6ccb5855e4c736ab439a57e1adcf07bd5dcbec2919bce15,7245
K031782,c5a7ffa3c1030b6b124a3219d45cf422bc323338ec14c3f1724cdf6bf3c166ee,5437
K031803,7880dd881bac0a5d0afcf1102302e74f160201e0d2f0b290922eba97193a56b5,7116
K031804,631bc23b2a1e0c2792d4d9e5c67f3eb4aa5d5cd341c8e7bf03b090b5614305dc,6505
K031817,82ffc24b84a4f645408b68c4f93051eec636fa324190cbf706a7a7dd0cfe0c55,8185
K031823,00e2b95e6cbc685cc796a40250506efea2b4223cf0e51c18dc351b227f88110f,8357
K031826,e607f4ed8c8362ec1c8f199101679188a0252da66a321f40c13cb1fb60a9907a,6576
K031833,429ae9d4ae8c748b60876d55a93611e2b7800b5f86b7f256d640084740209ba2,16017
K031838,014c8f9f277abb1ea0ded05fc10ce109e241918b6ea415b9a4c5538028c47f87,8363
K031841,c35c265c70cb348167a409936d1c3a53a48ad43bd50c0fb02cbe6c5adcbfcb19,10109
K031855,b005cd45d5c94ab0c6eab03d4fe57c5b4308005b5453dc71fff9dff24c52c73f,8873
K031859,4c673501ebb95e2ef7cf9eab153a2971fd288eaefe2a1cce41d8c9181c749839,13903
K031875,7bf6cbf97e15e34e6c0895dc1a10a4f7b61c520f909dd183b1b9a5a55f6015d9,8843
K031888,bc4ad89de98cc7e17ff7c2afbc8f2772c67a3d2ec80465d3b1e0fc89e2025a3c,15927
K031893,cbd0e439ee63ec1d2be13c188b8e0a8a4c44a830c2345bbe1b06342ddf1967f2,11316
K031914,27363637a24225cf8440e1c3e07c4e99253ae54f212ee59a823f5bdcc081ef9e,6344
K031919,aff2d139820df39ef418f1f359015e28928ecd9926fc8ae2021b208ab3cb1893,7759
K031937,4efcad563fa4cb7bfa250dba05a1b6da5d444cee8e85a6b7650b0018149c4294,6413
K031939,785b0299c1e1722a7c13e8f801fbc675648083d8c4b3c68bfaf589285ccad1ee,6237
K031941,eb95d5c1588f58ed8cd9c3bb174ae41e4cc62c302bd1e4a98f63b495bdb1d766,6849
K031945,b232c2fef60673d37c20323068855f8b05b6597fa150fdc760db5de4b3472d44,5693
K031959,5279e3847be9c594f16ecbb5397f65d63287dc6f69366e7d7847bc3812497590,7610
K031961,12dacd71504c30ac41a2d16b37839087c16e4f8de310ac23af58d0954b3d5cad,7359
K031962,6e62e4887ef0611c1864bde398324c5df73ef0fea4ae1d736752d79dd3b8344d,8028
K031967,7d94f2ce470e6351b458fef7dd51801f9004c67ed4f59f144a75a11ccaf1cc41,9824
K031971,4fa92b7a599dfc8d0693c05eade158a8555bd31d5624cc11486b50fc56a85eb8,7281
K031973,85c56ed81245d31d86c1b7e63679541010c78c8ef77b786aeb1065cafddf16f8,5955
K031981,fcc0785f7658e6348c528b8c349b25794d5cc7ad06b7774a656c693b77aed44d,8369
K031985,1942883d490610d85f7e18288548d6e3de61fda2bdd41747a98d6f640c57dc92,7080
K032032,05f92d4a24544d1791129a2bf13c069edf5946ed1980ec1cad098f3cc44bbbd8,6903
K032033,00c5f9ed6a2e84b46bb648fbc84229d22b121cce3ef2f9558f25be79d4eb305a,10158
K032037,c8d1adcd02404d6369df799fd1f578235afd68b289decbf1da72eb42f60e4192,17259
K032052,d0c63fb483b0755427bb5a7fbda518a310f249fabd798ea8be30b4428f33acdd,6457
K032058,be15900aedba96eac104db1fa29bb7cdf679ed1510024377d9e1c03a18c160ac,8175
K032059,57ca3288a30796a793d1e65d1fcc5a9f401678ef5cb84af2e2e19867cd716452,7452
K032064,92fb98239bcb78ef4df822350151809718ac249cf3fca3a72dfcae82371e8c5d,8675
K032072,57e807f2cd049574821b42f5488312121f67d9afb3756d72ae5b40f9550c727d,8000
K032078,1038a82d79ff798f7734a2eb2ec19feefb1e6eeef60dac19344e2bdd1f73060f,5848
K032079,5b079e88f97e56eaf76c93365e751dd1e34deb4120da56fbabd43d6fc12e9222,8680
K032094,52c2e31f440c7bb6f67c5c074d8fa02c50ed7d7bf9a0edaeca7d6fa50c8174cb,9125
K032097,87fd217dc49baf29bfda0c7b638b4ec004cee12e2c51e6de27de121ebdb9ba5a,7025
K032098,ab9ee7dd44fed6444d51272bf82b190293d717631c41b66c4e4cd34ce060262d,6022
K032102,251e99160887599cd7f16ae2ea2cb06479ed93d1ba384d5113f08dc191c07027,8142
K032108,731c6e60261162e42746cf90253436b9224a586d0f2a59cb43ad1a9911686a3b,7278
K032126,b7ebbbeb72b237f52ec7e4084e85361f9f3cfb6a54b366ace651cd5388236af3,7624
K032130,260eba84597053d8547e85ad181a00f47a5c5c7a101509378454bb179fac324b,7882
K032151,094fe1ff4ba3f7210257c34d3d7dbf4c7baf656707a94193a346fb60138c00a8,6317
K032163,f5800b3d281106d8b842948600b1d813fb5ebf22660411b1dcc7b256b4db9954,7241
K032167,960cbedc06c64142f8008ddf8dabd896ac8f22907ab3e48e5263a8ec0bcdd321,6447
K032169,42fe642bcbe4fa84d49b72e7339af8f6a950b161544ab80d053bc27509901dd5,7744
K032187,28b50cbcb9e4876d5c16a61089c00effda9f5a7c67115848c938ae04eae9457a,6483
K032197,f66f32fbb7ca2cb41661236dd379df204d97c360c217560d37c87d2f1d82c471,7397
K032215,d18b3515ccc6289ca545e1d12510e43727f456156c7a9b1db69c2c3cbf985493,7163
K032219,83e4d13dfb34d2620ab11cd29c98db7924beeb7bfc3186cc2843393c298baafd,10619
K032224,ccab114360e7355cb5defae2df5e34eef7b0027b9de7632e2b00c3c9f0b7955f,6196
K032228,960de161693e0bdd84163eaec7d39daa80757ce02d8836f9a35a488c3e557b17,6196
K032244,592a0c4432d8d1bec9e9c952ff2cbd5dc670bbdbc9d2ccc0c6c0f6f6fbb2dd55,5942
K032264,a0cc6885bbcf8020071555a124360b9006bcdd0cf8f55a0db54a5fa4b0a2a934,6292
K032265,8c097f8b23b698ce4de10cf4d0bfcd665e42ddd077a7280318bdc10896a508b6,16084
K032268,24b2b4b684d9357cf54d401b0b6815b1bd0fa85e9f479d23f17748555431a53a,10201
K032269,61d9f4c867142e1b42106028ee50e31af5ac8684bf0685032c719f901dace1e0,5948
K032286,c8d1fb0d883cacd12bbdf6107e821b25a7bffdd13428c8ed3dcb3c34edef9382,6626
K032288,e88701b52ff1e5972f2d05fc24f5eea46349a44e9a0eaab3feaf8432bd49da77,9600
K032295,79296a2bc0bdd57998d2be2c9b3fe25114e5d2cd17e4284395c1bb28a3b6e84a,10776
K032300,15e8a39357f493b669567c79094f0917989496dea476c68b4a17cfeb01764032,7301
K032348,1d09a9604c5dd299e47d39a88a5b60ab1ed04383e0b8d5222490370d8b624a14,6655
K032367,9f70b7b87c3cfd07f2e9cfe9819760a87f510a86c55c76f3a506bc734ea1de83,6258
K032368,db7e96f03a290768c8d3f12853dbf22bde7f79ffcac7adb4224c5f71e16ae75f,9889
K032371,c6d01bb3726758de906a625c5ffaaed6e1464b4763589eb8a8eb700b8ffbf5a7,7481
K032380,137357ba4ef379e7bed0b471c4ec562dd859b12a68ff60f1ef3e98fe3f4ddc0c,6848
K032385,5d6b1c370ec90f74cd025f0dba486ceafd5ac540404daa9cf2278ece2ad4b785,7431
K032394,74f310110323458ad8f4e8b1ee94e62438925fbc3ca16e4a5b95ac17cf42dd3c,7616
K032396,3bc400ce53f74eba7af142b890ae0671a9f96b24ef2310225f1150043febb44f,6650
K032398,246a2461a2fbe605106a1b2c31bb3edebfc73ec1ef6ec061d3ccc225f66aa70d,8501
K032409,fc4dc92cc2357c6146bd018c2f06c41bd911bda74d55e0d567907336938fdfd8,9055
K032413,216281e0577135b8b1d9e213f6b20f593170a66821ea40b3228c2a97555bce25,4317
K032418,0f80ac9ae51e270560b899279f4e95034b7f04b233e6cb4c84dc57b98cceead0,7424
K032427,a3818c74fa58202a593a2eaa6ff9ad24ad5d8e40272b91b580c3e7e900e5859e,6724
K032447,990a4dd1558ef174841daeb2d638b8c40a673f3e67fef05f1d7af7abb59d719d,8450
K032476,2add0f169e7ac47ce70f1417640dad23f4218d7b3fd18881526a829b3078dcda,8439
K032479,61d2a92a4a4ce7d510560d0fe017db5544e8c8d1bd7f865ed407cc5abd1e8479,6706
K032507,7e74a5804eb93773b14e0709285d59f9636048f875135cc6fd6749cfbf77c0de,6626
K032522,6bdef8ee9b26766d16a4c71d8511171bf538b4d052259224be8b1b621b5290b7,10163
K032523,7cc2bf0c6ff4a511730fab1b1f531bd2c89ac8d2be115dd7854214cc75a7092c,6622
K032527,ee761d532e4a73a5c28cf2b78055b29da9cbe7bf36e426a14f3021b707084835,8140
K032532,c955a0e608696aec63a96c143859ad8bacf2accb8745dd4132af623aa47e0724,7286
K032534,77372afb9a3307414930aa51e97d71396d810e4e11dfc0a4502960bbefe22822,6662
K032548,80f04d01e7a9f6bafac18d0219d48003056d6e04819655ebe09d239fd049c044,6125
K032559,aab20348b0cf29c6aeba014546fa021b490a7f1c18b0a26eaab0aebabba7bdad,5390
K032560,84953911d3394cd11cd57c9ecc20606170cf51076545f9afc24f8b855edcebfe,6419
K032578,2e8c545b783f12b6046186ffafc5aecee0b315ac4de05f49d08b393e1b70cf2c,9463
K032579,a295008f8f9491f4cea8df22e92ad11573e3607e11439b1b96e527f8dccbf13d,6823
K032581,9b4c86ba26da4aa476c88bea3dc07c325eec4b432d9e73a817d6b3e2fa87aecc,10691
K032588,7c65ac749291690944e95faf8f3160c7ceb42e7e8ea9b4e5f741a76439b2da96,8966
K032604,5e5dd3325e59e0738716f1b6df03dc70d6e2153272bcd62516a7d011b16e7c7c,8780
K032606,46c81af493a62f632e6bec207a70dda5284257e7560d4307a927b234f3a404be,10864
K032634,16231dc86e01848b471d20d6b4b4b468fc8ed345f2853efcda9f626b8846ea47,6490
K032641,465d1d26dae7dc04f0dcaa31ec2937cae504f20e59359b907fcc8ffc1dfc83ba,8729
K032659,65bba397a243b7fc377398e852a39342b0d18a131e6b6d4fb59b02c74f2f48f3,6778
K032679,3d1ad911598e6d23584c006c51981d6c533b80baa32983b713444dbd2d7e9906,7353
K032682,ed50411c8ec5325998db5245129fbce478dafd5a6bbcd7f3e2917329441a7015,6770
K032683,433f3ec83563896ab152a69c853202c274082f92cc77c15a10006a573d0dabc9,7249
K032686,9fa72b86dd5314d638a4c595033182a006b2f30c63c3e5ebcf9df5b13345266b,6298
K032687,545c38b0922de19734fbffde62792c37c2aef6a3216cfa472449173165220f7d,4
K032700,bc57d0798e912c44d34ed3598d4b6d4428cc6b3e814ee2102e5431a0e6560360,8078
K032705,60149f6bd0f9d3f92a4b167c4b5bdb3f7b8eca7a89e3dc3f395e368a2b8aa410,10304
K032709,e2ae6a8d20d7a491bccf2a678364c10fb9d8610f86787a780bb09e813a1f7b3a,6417
K032717,c32a71c68f736461f8652e776f56f650d8c83097bbab18b7cd592886c3bb2b8e,6207
K032722,ccea7874c02d8b3e081477d3820ba163e240ff4f57cc6c751980d791e4cc5a98,5324
K032726,6b56b56d5242d520b4147c94657f06ed1dd5b5a8b460589501f209eb47cd86a7,7974
K032730,4ff17276ac2495ee96dbb10ea023a8bb4f861a9d869f5791fc899681262fc9eb,12010
K032739,24850a417883854c1b8b5f65233348952272ceaf5c2a6d1d7947241258417184,9430
K032752,2e79de3b0f0a580e5d32b8a16d8a2614c4eb2cd72b3ac73340c0da6d3d72cef7,6418
K032770,2b37bcfd3ea6a1ab59ceb913edfc60e1a92ca21c5a4aa97cc0e3b5d3756f6e6f,7162
K032806,9e39ccfdcfdd4d3d3a536797e3e97c737a70a37fea583736ae348673c070d7a4,6371
K032812,97b42ea774679e0cf18c379cba89a5ee39c7437a3f87df6b7e86fd2ec4dedc52,7068
K032815,ebcd93704e5f695c66f0c33b047be3dc94036fb8c7d10c4752947d43260ed8ff,6559
K032829,3354fc0158b07ffc4ccee59574a2ad59fbea26dd73bb274dc0b975bd002e8296,9619
K032830,694e5458553a04a9767ea3a0ee056445472c7fd83a924f2381a191a93534e4fa,7149
K032855,912d0bb85a474d42e55d6c7d7162052aa940e9633de42132cb9cbe3597ce53f9,8101
K032894,51b5ad16dd1ab113fc60519959a4cb7336e5eef4596212af7d62af020450aa5d,7799
K032895,ddd72fb687f1de7b3078f8af61cf0d9c22c9cf4651935080316b32667f9d3282,8271
K032898,fca163679d125c5f22c9858cf8aee354814b6b63ac91274963590f41c8cf1549,6084
K032902,142c06ae3fddbbd76e951940e26929ea92369509b1b077e729db5f6f66ccfb53,8621
K032905,d7eba53b3cb31c8ee75c4a004fe99d0b86ff82a8794f879cee5391c8b933ca97,6212
K032945,ec310dc8e52fa5e02619eecc00943926de54725a5b3d09baa3dc7897b8910903,5475
K032964,2440b297e2135bb4d191fbebfd602569e790fae0cefaaccc71efe31fe7d44c14,10001
K033034,89f2a77a079cea332791ab879df3c2565efbdbb297b042d24f506e7da656624b,7825
K033046,7c370d9536d7d0d6a0f7cd7f9826692acd93e4fb05ba46f7b630b879740343d3,5
K033071,bc1785cf8c43f8b94860f0790474e4693cbef2319fa0aa8270be3c69c375d0f5,6438
K033090,a34e510d7c5c6bb271364c24b94acbe1c2fcf686a94b5a3fd2ac68fafa787af3,9497
K033109,21f7ae1a15c7e947e4235c81da8933c98865301b15ef278bca099aabf6627c8c,7445
K033112,c82ae8174de9d21585f48e1754ba630cee9139f3c4cdaadc042b5ff6a602edcd,6386
K033138,79668641a57835ac4769c8871f99979e757c3a0d071daf973fbb01e5e3013a6c,7185
K033145,8e0d221d7b82f153d117c11ce23b83f0b30853a0339d1b526930e58d31649ed1,6254
K033148,b1a8fb9a66e56e15aaad1ccb0b2271338dc48b291cddc6e9a572120e910a5930,6413
K033150,529803ed6fd3c0cfa8c37487a7369cd68865bf8cad2f6199a74370c67d85aa01,7987
K033158,a3415e3eb4b7936c4ecdff8f0304ce3f13c6a25365aacd3261621de285f9aeaa,8156
K033233,8077250aeed40b2edbe9f4d63bddefdcfb0f055ee0738e01c86a3ab899d7bff6,6333
K033242,4aebd3980e33e5b7c0a3b24fbfe5798d4ca76b648f0c15cb807dedaf1dac4de1,11432
K033252,18391642c5a90bc5b25b6c6708eb87f10787861721d8e1136e5a34f56c62ec54,6443
K033258,d72696a30e813c8a038a5a2d96258c5918f274e9a8304b8f857ddebe3da9b308,6818
K033260,d85693c3882f4804fd73e8ed93b3ed8d7925beac961551d8d6a6c186034e7535,8949
K033271,ed1c3c0c7dac29e03cce59b67f15e64ad880acb16b3ae4f2231b19e845eac0d0,10801
K033272,f53c01dd689edfff0166bfaf8986b4c768bff8fe030f9762d585a3144b531a84,6520
K033273,aa2b0c821ce5f7df1e1f2f55928cf1534e6e38bdde145055d1cfcb81987814ca,11104
K033280,21b15448eb0c66dfcbbea25c5acb99332473fbfad03292104f2975e26b01c87f,6668
K033289,05ae53bc712f442648d6a944d66d64a5fd94a66dd35187c9bf4280b70d77dfc9,6411
K033303,c2e82afc6db72c8ceb5f0b2a72950fd5a657037211a49c2ecb3ad6a33a3048ee,5611
K033312,748f1fb7c7d4221f27b2fe180a51344e50c270f5feaa0e50f63f6b16a4b5f2a8,7495
K033313,3abb4d8950dadbd5909523333e4a6e3814e755436854342ef484604628d5d9b5,6453
K033322,1ce353faf301601a68a341ce0e2ee83ea4072924ff8c8b2ca725bd10a2a01b3d,10833
K033329,ca487509e3d757c7c6afe3dc73092255b9e6db7307004fe3cf4519c140d38f85,9155
K033338,f6bd8a0c52c8c6cf6492da671327cb995053cb281d3a3335a9c7f6e1d7bf7286,9354
K033342,11e784ad1a7f2ddf594e0b5bab209d510449acf20f0e8ca89927bb1f8cf8d145,6772
K033351,74e2b61a3bae8d0dd69782d4d6d2c66f58758e597a7a9c624ff30249e2ebf48b,6432
K033352,74234b7ebb0ad3f471d93b2b99f113c19123cee2ee9ff8b82f514d7485edf378,6166
K033355,80df626d0133ac6281255c8ed69d5661b6d1f379328bed88c42c37f1804c7c80,7588
K033363,53747db84ef86d502d20f754514f19de55f69e6b27a467de557c94809575a0aa,7016
K033382,24324fb8cbaec7d5c3aa526894344ce23de0d9ffae5a2cd4f7a3a91acc1a0b8b,5669
K033406,1ef631e41805671432649ce0ebd72fb7556a4017f64de39c21605f3c25c841c5,9951
K033411,d9ee93468abf40b6fb2338294fba3b098b5f3ede80a704066aac7b43d8c2f98b,5907
K033442,4fa987b883403958789d4f1556ecfa24b2d5ce02ad3d58cd837cd216af9a507b,7675
K033456,405d51efa0b60bf0c4409eeab9806b46bf33c3e0762cbf6aaf364f03349ef5ff,6864
K033476,c905a133335ff1a9c3c1bfafd6c2ece35396c8f484a98b199fe66a91a215b4d4,6231
K033489,0f29c8a3a878b0bba302b41ed6c200d6c642e93dd7598b60c2bce35367528611,6626
K033495,3de8f7456876fb365a3c7138d143d4787c95f61595a6f887ddc81a5b50b225b2,7432
K033506,292e6bcc77b9966c965bd9b1c6d90a3f1411a5666313f411c6a9620c8f21a8d3,6802
K033508,43b5551acf432a5c99e30abd2e478b4763641d51d0f2c6e8fb5f0d1fb850ed40,8474
K033509,fb75ac1046f4ca00e1d868c116f9361bbdd062a6420ddd08d0a54c2e1be92ccf,6468
K033512,b3384340cad1f0589fd3a976af660f3aaf7d74c4649671e684357d4be2b20215,6904
K033516,9e91a0d8f1774071cd739368b729b48e9c1f0432f19f9dbefc65ec48572ac3cf,8383
K033517,47856aec4905c7e931f15b1a3d89bb913b2e39ac11f66ed46777b54187fb8a3e,6276
K033519,86d665968220ee1167de2f6f871275f726abe7dd5dc33c055f34c45a5c222c4a,6467
K033524,addd01f30c3cfa6ffca1a31bcc08e2ac4913992e73b0e9ad8b49dd63e16b759f,9020
K033529,7f6479dccfa453c5059302d6cf65be3561da3a361bff8546f347f559a8440a77,7101
K033546,943c6425bae0111c8f97f30e2f3783c2fa4848f55b299cb39a206783099bebd7,9670
K033552,9a4575b62cfc38f834d309cadc5c110eb724f712990f3f05845d4b31caacf1ee,6489
K033556,21cc3079b5074745776a6ba8de5cc076ff79057f9df94af0694206f89ed1ea4b,5248
K033563,6c6d4f45f328087c934a2484ea4a35b6c836fdd0a2e97a5cad746d8c0e0f006d,5618
K033580,c3b36a918d39fd7889c8b7bac383c31de03feb8282d8341b65edc48d22907216,7888
K033596,add73d6d08b9712ae9d095f4eef37f580ed35304d5d46c7aff40f56d49a846be,9865
K033611,8df95ec62ce53f0dec94155e9c47b0e263f2b85d3607581a3693f160b1db9ebf,7239
K033618,e846b76a067443a1808e99c9511bd829b0f55a0bbab457e10511f1665b7cabc9,6943
K033635,e7d02de5774d62b679565852a195d56efbf7b721a0df40306b1bfad7567bf655,8080
K033639,523387ba855ef148a2aa4ee25b98fb2e9815650ed7d61eb4fd6bb8e77005ec59,6701
K033663,7f16bad4be3bccb0d44afaf5f999885e7b044d6d4d428dddc4fae257bfaacfb0,6367
K033664,5503e8d9b70ceb9f48255be2108d119b33b1a8d2c9d501da14bab46a13cddb92,7516
K033669,e85f37a20b2a552cbbb36405dc0aa284ce6842e866c735425c1f7e9febe2c9a6,7093
K033679,55210dd9b48010f356e00999e147640e3846a50a3bb0bd8292102ec678ad8787,8083
K033702,1e9ad76d2405f240768b276089433c812bf4ca9d44bd78b0d907e648c6607c3a,7462
K033707,013a880670ff5d6fe7683de74f6387fe58306a3ccd0d9e9dcb3f94567ddbe0f0,6661
K033716,7549091e2c651d5a59c12cf8a682b562f5fc04ade39ce62372f4d9bfc656d534,7695
K033717,bfabb6e242c05624fecabf27bef49be0f558a0cf4a795dacc7015e77959f26aa,9376
K033722,b128dda0f96f3e3d2d4b529d8d475bfdec0684ef62c2090199f497ff0c2657a0,7273
K033740,a0d4365f16f941c8654d0ad2dd63a0fe2d9025eee24933332015ed68aadb0709,6480
K033749,531b7977be16f3e0f254de6a60e76f351be0dbe06ef97700c08d09d2db433a7a,5713
K033756,00a223da1e0e2d391c626efd85f419c479f1131a76a8af3cca79ac723b1bc7c9,6470
K033763,617ec0ebb54a78c48899c8c94e609c22b0caf29036dfe15339a0467996125fdd,9322
K033769,6bcb543320140f53f4d319ca26d9ee14e404ceead34b29bd69ef0c56e1e0cbbe,7757
K033772,8108ca76c804634e7141f92a2bfd8537d866f1fa483ce1ad3c59d0acfb2c58dc,7287
K033792,3e4d31534421efa1fd333be5555d4fc002b05b0708540ccdc4917069f73afddc,6030
K033801,f3a89749df7bb7e7a336a24d6a12c7a2819a31bc993f3fb0bf3f835c7864e75a,9632
K033805,d00331f915614c41e64c7b749a8885ac5f12f2698706795dc5a5eaa6157f612d,5659
K033806,a158de80823753e2e809c61e0472b9fe1dbc897ee93fb1518d85ab7dcf00a732,6226
K033810,6a7f9cad5e68a0d85b7e14e2c81841e1e5e2a9d9610bb64a2986e2c6d208e172,9064
K033816,fcbc5e59b25074c49778630406798ad42571d202b56431396f08301dbd8339e3,5024
K033826,748612ba7506df9500deb111ebb470b83b9ba764a97961f43ad55eb01bf35843,8043
K033837,eb7272dffd61f2d25fa3696f88e1c6f5e028559a77c99d4865026ee23d8fe837,6538
K033838,cea4d773181fa5381bbc1958830983882f134b3c2085488597227752b3446431,5821
K033844,3c5379d93a5ed48473cc80cb4658834f7e53cfb8483ccd0d4170318d3909ea29,5435
K033871,fbcdd6cc9a3380e40d9393275bcbb2faf204b450a3e0fa8d545e5e75debd5a44,7700
K033878,23832bdf1604dadabeae0a924a71421aa616a277681acd6ff03bf405a5534ff4,6456
K033883,1f4a28080a3c63295095c292f93b5eba157c8db636f7f267fb5438e012092376,11089
K033890,e2f5b68cee21e5d0e331009c034e9d7eabcf53b4f68d43c391db08a45b420a49,7274
K033893,7642ba6ba289a13794b73d82fd4de8bc001bbad9e4b5100965b90360e3a7211c,6985
K033901,75a11da44c802486bc6f65640aa48a730f0f684c5c07a42ba3cd1735eb3fb070,2
K033918,cd777d0cee24c11bb5d0f6d19270beed47c7f6caca1d37da568d8499c8d52d3f,10502
K033926,3ceb0b3e975a69b7e5c846ce810a8165c5d6b1527f58f62614501c4ea8c18de7,2065
K033930,a3d5702d4843dfa04fd3d639882d116d060db6145bed504e236c0677a3f0fcd8,6351
K033947,11ff10887c3b8cf4efda7c424c6bb9e181dd8ee3cb195c71eccff2f5f4be312a,7356
K033951,cd674fb0759880aced5c6ef89dd4be9d6c8238e73f5856969a1c8c15c144e2b8,6631
K033959,d1106a6767432a2ad7336be483ad354c81aec54f4c302d8f9ffb31e95839a287,8152
K033961,0adb6a16a45b5b290a02c28fa1e8fe840b76c5654b4260dcb516e6652bc736d3,6938
K033965,5d5eb7951763ee2554d14d094cbeff0a41922acdf74037305889884bb74b67ac,8345
K033968,06b59956dcb3d1ca8ce6215d71a94829300e270cafb30db7aba9026a033f76fa,6351
K033971,ee541790e3408d278bdad326dc0b68289e28896341f0d7bc97cc26c642890320,7881
K033972,f085ee5b88e3d49c064f3b72b6f193ef967093ef384916d6f336756cd3868cd2,7572
K033975,5267222d7b4bbc19d0f5cec9f0036526fa59fc56986c08afd2e27fa7f218ef48,5284
K033980,56c6bf606566e71b509dd8e12fc8c5652cd52859ae7013c7c3b3f3a773c4fe81,8044
K033995,cb9e6dd846468910d8ed67785b0cc90f0dead419d08624dc99056ab2f008907d,1493
K034002,a08cdcd98e2cc025e9452940de6c1ba0b44292fe9f45b4b9869dce56a66795c4,6538
K034028,194c397afb81c63999c32dc014d876c029b80c0a4612f0f9cbbb6f90624ecee9,7423
K034056,59044a436421d1c0fd23669e1707e79e76e2e2d52216286ea58387953670e375,10872
K040003,033912b46ab0bd8205fabe03ef59ffc4e11c6a1ee0baf677f266cce94969a408,5629
K040017,62f15edd5b28abc75bbfb2fef2fdd8147f9ef9f2c6340671eea4b6ecb79dbecb,7414
K040022,9b90ece360032048db792571a0dd2e88d219b5e24f992bbea1607b1eb1fe4c07,6015
K040047,bd94d8504efe7afd685f81bca75f605e536e7d0ef736d622fe23ea0a881cb227,7748
K040064,b897d0620865c2217b99bdce964f2b7ee25801da012e4a79ab9d4ff87958878d,8904
K040070,cdaf23b3c460840d1d87c3dc116e6d5bd7fe67d3e2770bb7425efb97b3c71a0e,6893
K040072,b09301507e002767ee94865fa2daaa0e8a7116095820993b4705ab4b547354bd,10733
K040082,142c0ccc10c8fb8b1073818176d2c7234a5034e2551b2d74f84779acb8b5337e,7301
K040096,4757633071274a6516c9cb1a7d1bd3f6fd95e9e7b0ce2808ac5402c031687bd0,6248
K040112,abd4e43d8f8d53a3502f10a0b8dc10f1c6659539aff06d3a7f32d75af1365516,6377
K040128,51ac7e089bb86afa550c7eba03c5a7f765a64965018552867a29c860c03daa0b,6655
K040130,63094839cb78a205e3a46e694ce7b541db425db3ad78afc222f0cc9b418d0576,9819
K040134,489b79cd544cbb555c0398ac2fca7413e62c074753544dc77016417b7d0a6239,8325
K040166,5b1b39548763398db7cf170a9a3b3084d522b23243ec125e250503af40381056,7573
K040168,18c72fe904c2071f0c484b94f54c932e142686b964425b5abb820730add6ea7a,6379
K040191,e88da0d5a167a72ddbd8490e1ff7cf0e2335e1f25019de924e3a2f75f5b73b07,7156
K040197,6f15fa3e2cf042fd46411548e56150055d51bcd5e909ef6f97966cd91c4fc6a9,6529
K040199,a0242153d571c25bf8394cb8b22db3c628b3b82320972b7be71ce105a628b278,5428
K040212,dc946a01bfb05ac12a9da7707f3bfae418d72e9e84acf540aee062aba4258c27,6123
K040216,6dd9ff14d2a1c44c1219f901e386278ba6885979d86994790f507102c3db2aae,7190
K040250,2d53572013ed73b0adb0b4ffed21f633650ddf8d07c9e7b8c98ea102f2392e15,7517
K040258,3a35af84bdf9120301f77dd9a35438317b7e63425c3c78257a9e3e227e754725,6142
K040261,9f445a6d92adb1af83f05419fbede04ade2876bb920649a8ddca96872eba22e3,8008
K040262,a810150f0cde6b41756417de38f232258ff13ea21eaf2eaf302087c656a501c7,6273
K040265,754d39d60cff5b3f74184de548c6cb4bcb5cd8116701c2a616c58b994fdd156e,6227
K040267,e29b69267bb50610364f414d3ed85a066c4ccb2ef2f98a8b27ff6d902d1d2bb5,14171
K040268,03360cbd95c0235b0b766bcd328b648229612237c116da5b66ed78ee8ab654ca,8219
K040281,6bc9686ab9ae32151920ac2e57d0ba839c35b72c3404aa2fe83058f1dc54788f,11944
K040284,d865c19927601154056246be2066485b57feb5b98dde0e7c994bf7a523ec7e28,7493
K040331,083d79e5185182875d20c3cf858340f40fccf8f5cc44e6051573b819ba20044b,6384
K040336,7359997e5026f17e14fda7050f99712b607473c4e407c8ac9fca7dc16396bc24,6338
K040346,18e3c0689b8cf03fc39cc8eb5e0fe7c9d85f8f66d9e0766cd134b517ffcf2c81,7304
K040356,563e1cddaa01cf3b230fe096fdb7cca212fc58f6d34e9a94cf9ad39c4356fd41,7502
K040363,a9e4db75f69ff4a16eeffeef3fe550c239fb0af765a294a4fd7920e8945df9c5,7443
K040381,1e53a85508f0a1c21d8f986ec70272279bb3402adab15d7df0e22f6f21f1f45a,7965
K040383,c903f77d555dbb8c0ca8ee429d05a3db12d3b77f10d164308a0addee9373142e,7713
K040389,034429e1f6d4efaa18290cd939198401018a871491c531263dd76d65af027610,6149
K040397,e8b15b1fc070fc87644a80ceb77b63720255a2f90be77be997a72d8499e42731,6306
K040401,123d826e5ef07bc6ded9b6cf80d1c18141c61d20006c291e37e44009d26a180b,10764
K040405,0a071a4d64da515cf1b867ccfe6c9ce362cd00e315bfa127c85aaf21502b3f08,7268
K040412,53609a25177d0ab45512ad450020b5115016a0b1e5f6a811b9622ab9e78603d6,9597
K040419,6a42be71f277c16d58ff4488cc1c66ccb2ba9d8b945c53fb8a505a28747c91fc,9105
K040422,009d8e38d7797d52b47c77c1753441a8f47b23e8f9c626eab45eadba10e02eba,7367
K040426,460ecbcbf2d96a4b65d1fe6129494900dcd54b40c0f670405add6ed1fbee8591,6629
K040432,d21b57ae7aa6d5a7a63414b2f3a8b2b40f0c4cbde8e1c0435bf993cd413622d7,7921
K040442,7dd0a7c16649ca97251c43823717c4a66fb49dd43510f49a73fce252d403e5e8,10438
K040454,6e95dbe40e851c9c014a5a20e7e4b4028f7cb9d955a941f31d8221634aaa7cfb,6439
K040462,573183b2b13498b928a2bb1240f2d745cf05bec7548313db6520428256c8dc0a,6917
K040475,17c8f37f135e4b878fcaa18045596d2393cac78afeb956bf94af9798573deef3,8285
K040482,e93ba16ef90ca5ac3a4c54c614b090a35dc741838871eaac3c960d6353a5d407,7946
K040487,0048dae4fedd52153716f9ca42dd9c43a91d990c964152819dab9ed5c81e79f5,7409
K040493,851fd7cd1cf49dbb16f09b3d7ca49963f195d0974fa6dc62423f71064e9f1bd5,6642
K040497,92c079f01db2a75c850e2048aebbd4bd6784df6e2035a39328fbc05773adad56,8555
K040500,018dbc71c875d6700cd28acbea6eb65e9b6bce295324d8a02bb9a99385bf2b24,6275
K040514,53fb713667a66af3eda83a6f800e761a6c83c53c67e06896834bd246086987c5,6325
K040536,f01764def8e578e89b4735ec6ad3e8e197669424f920bc012f023581db99a9e4,7362
K040542,f2bec7a2f3d4905e0d1416987c963b760135ae21af9528f3ce02d8c277518547,7204
K040544,2ee8cd9fe306e9f0142a0bc06f1335e6831692e29f74399ba20002bba5689046,7206
K040583,f50cbaa5070de7b1d9bb376ceed4d0816df453ed197269227c1de2f610ea8ec5,10795
K040588,ab68da31c3611c61d5df894e0f28a174b648aabc327fd8ab9dabbc18f8180ec4,5215
K040593,a96887ae75d7c1584efd05f325daa03df8e4136c1e979bde783c43f4447dc081,6204
K040594,ad8e55ff592f1c98f082581bb83ca21e201196bddd145bc2a864b7da5aeaaa92,6221
K040598,219da1dc89a75cd515b5f24822831fb9a09a8149660d2a6109024d1b5f5ece4e,6924
K040600,82e547b29a75dd4e3bfb7fe03abf42685f4853b8ef2fa1b8b330c2c81b4a71ca,7463
K040601,943f44acc103e5d482f10595d1589e97848b50a1baec6469dcd4542ab3c6544b,7877
K040610,661c649ac74579d44d9f71c1bdbcc7b7e4803d3f7c3cfdf43b65151732ffa5dd,7891
K040611,bb797aa82ca9a56a79e7d9111a22450b4f60a80f4c5d7492422dd157052554be,7068
K040613,79c9d7d7bab5d287237e964fb1ea39e28cd1d960ee406805153496e75ef19213,7849
K040630,ec23a90a1f85fd86a4b10530336bc2ac82ee3d6a300c7b102a748c33dda4b6da,7854
K040644,c327edf07c7b454e222597788e6e17df51bc0d5fa93fd4f9c5ee3463e360fac6,7193
K040655,37cf73137736b884e4864c79c24025d751db3d506e173f35bae807a9a3d8c722,6502
K040656,a35b28e65d0d6b85a40561cb2ef9dd6c2f1259d68ed3591b2f2586859fb53976,6707
K040669,347c83947c3ea61de50c4fbc38e3a22abf6728e6a4fafbf9c00201dd3e0e0719,6663
K040680,bcf72fbefc862c37eec35df17cd55466fce34acb5d161cba608e7f4614424904,7863
K040701,5ce8dcdf11a9044f93de7c36c0799bc5087da1a7fa9a0dca08e8a04845e09e1c,6384
K040721,28d80b59319f62af8e99dd2a80e3e899c23358e6f442f170357f85e10da136b1,6478
K040731,c753511c2059d98de111cce827cb20eb6f2d7f00e9fda9dcd7e50cb3e5fe3d5f,6888
K040734,8fe968c35a292d44f48875e223b6709d2a37c554e0991e86da9bff185d786fbd,8294
K040740,d0fcea22f1d7b09c7a291013ae7696452fa26d55d7884f777e3fed0789bd7344,9226
K040747,a4dc1cf53ddc1136c7a571b0ec0d46e57c0bd0d604f542ecf888f19a88a23a06,7213
K040749,ef9337e3da25eb613f497672ad46da51f8570080f562ab5ccdb760d86e0dbefb,10612
K040755,561ce2f9681150209fb6a4d72d3099d7ecef5c8fa10a3d3124047715278c9aae,9898
K040762,88208d5cfec3e365780af4e964989cebdbe4ed54292e3f51d99082854e53fc39,5504
K040765,912d2caebe2956634143a2fbcc3e48f01bdb394ec3df9d32f85af3b62410fbff,5371
K040770,b6d2ece863fad264bc62a6aad16a3e4409837c69ca3a6915b6a2b4e6e4c8aff5,6314
K040777,7eb8b52a96115250436d44c82102f9019a589d6674fbfef68f1c9348068f93c1,5485
K040803,1d28e20b208ad341bb0936284924127639af9f16b5f008c0f45b5a88e6ebbb35,6004
K040827,489d62c24f3dab3d25e0eaa00a1e6070c250f94db0968f1d696f5b62d28b4e19,8297
K040833,d9aad9ea972e2da8d6a2a3b1f5a8b41c9890b8cb332a4830b90d374a1e59daef,8087
K040844,d7715fc1ac81e1c241c4a09f0bb906fb149aec64a1a1a47dba0147a150db2f37,6934
K040850,6aa351b4885a6c2d3d66934291a9b5c06fa992c44cedadd5abd8b70a12bf2264,4970
K040860,b1c29be05b3ed5e152995de11468a298de1c185c91326f9fc35cd8a0d4a45efc,6428
K040889,965a611733ba00d23a8455d052adc3c5f109900b52c5010acce7c11c6a453a9c,8200
K040907,02a247a06f7fcc89179c44b9a054bee19bc93143dae79af22138d22a7271bdbd,6521
K040908,a0ddde9f515e96382d9141a90ab80aca4fdf86a84171bb67d7f6176707f59a67,6381
K040928,f26409fcc1cdab84e3a38b7629da447028151ba2aed57d492b7eb7fb8c1025ac,6812
K040929,c3df7f04b907d96e3d2321d37b5c59b93af3dca9f1cc149628a29a9270fcf748,6853
K040935,4266aaddc5ac1f46c335162877d85f69b7abdfb093835109bb40801dbe387a9f,7839
K040938,8bdf616074ad15b86f463ae0589720f1d9aef4d8c3a3141e69dde872d7e5c082,8769
K040947,424af9dfabe079b74ef656a2fafa57b6cda043ebd286c73d001d0bbbe99d0cbb,5921
K040962,672f1799ea92c845c1add32c49b1e2716b0f34a58cf67d4699d51c046feb49ee,10820
K040964,b24e9c87021c13ec59013a961d4ad50bd81cfc139d237721316ab7f59f96e4cf,7106
K040980,deb45133d7f4fb909c5cd59cf15611c1b0a95174ac3b9cfdb586482d0739101a,10607
K041001,84ce976641966dcff82b91dc92f17db3d294dd105a7687bdb6a5217e0bc5ae16,6159
K041030,15143b0dd8bd9efae1bebb78d8a6ba107466bfdc65a9f43c27c712a60d9fb7f6,11009
K041046,86910887ac99dbca4d56c00ff8d078f1a318b27abc2b23722469b192847162d6,6421
K041064,7277e846c3f3a7badbdebc9b058ba54aae1533c7f7bc3ab1df86ab940e3fd4ba,6567
K041065,aa5c28d3668dd252b5cf5cf807f566b56e712c8bdf928728ec942a24c05c0013,6355
K041066,ac1b3b3448249b142aa43ac2e125b7197b05d1382d9daad5cb4de8df3470aa5c,6171
K041069,304baa50359d33544c712fb977b0cd924404acaae1c15bf0e361c7f91e233d98,7063
K041075,859ba61cd1d80cff5decadaac8270d65aab309c879663e8a80cfedc3740ec218,7204
K041081,e0bcc8c3dc4edfcfbe1bb7b2f8a474f63cf6f665c23d8399049f8e22f99a4abf,7775
K041085,b913778c95ede569831caa697209aaa3d9fc63cf7ce70751a93f34b61a070971,8258
K041089,76fa6e6b16325ca6a50bb4290a6efe2b8d49a80dd8d46d64ac98f536468ef0ca,7064
K041100,7122c7645bb54ea35934056cc1a896f447e0916c48cd62a6c8c43fae4b8e781e,7270
K041105,16962a4f8d1b3c1c4c9088e063bb0a5890639f5cd6b48281c7fcf1872e15a091,12838
K041106,f696200a83c781b4da4d4f46b72b369f70ae8bb9819d1821f2dfe256991dfc53,7036
K041109,8a55eb72f25ecb828fa7aae986a2b770dc965b891b3ff0d8bd32d199354157c3,7042
K041115,9faec7fa7d04b55e32d3ee84824abfe7246e8b54dfb583b731f4cdd1b1e19efa,7929
K041116,858dee82f7b6ee0ecbe687212972958ffa232d6eaa6a4b1ede3e5398fd89dc3d,7353
K041117,a025963cca235d89f8ba59cec3c8d048667fdd2076fb35f15cc54cb5235b251c,7646
K041118,070401b1ebefbe71336f6624346346380f4d033c65526552a885ea3704a17fad,11039
K041119,22bd616c03853f5a8a7bf296b15e6c071ba2a9c83c8f1216d0bedd399ecda5f8,6156
K041128,dbc2b5340fca2f45baf887eed94ea29dc7b30a68314137106e3e38ecef7b7465,10540
K041157,0353a04b1f0c79734340cc6988c34461ef0776331fc6a601a326c77344ebd260,10140
K041160,34725109eb1a95610fc624bc5e29d4d0acf53f538ce1e653b2adf79878f138ff,7411
K041167,5700ad9448e79455af8b1e02cc6fbd05bbb0a7b6029772bdfac3a9405ab988a4,6430
K041168,75b585b0ecac7a1707c49313c0a82c6ff135488512db5d0cb1fe38401fd9c3b4,7418
K041170,f4db2dfd02a2c6dc7f6588281c5947748b5f64d8ea535a618af81082356f40b8,7255
K041177,648dd5654eb931db223f1999bc38899e7dbd7f34aee230fcd59c58f2521a5012,10008
K041189,0e9995615e0514d8016cfa9924db0f08568b3d592363c92a8ed3008764f1b38f,7175
K041197,351297d855f934160826941d84ec0ba76e53cc562195157b14fcd9ed964535f7,7266
K041203,419807ea435a571eba4bde37a2b75f0b8c12dcf801dd34b4a94d5f736f7763ae,7502
K041205,c5c3f65ab385521498e73f054da8ba8daa76b5b2dec03f250de1f6562e3e9db3,6223
K041217,8a67520615c52ab2687bcee981d7776da469b66b8d14b4fa11cfde902f7987d6,5357
K041261,f26e5c899f716ede26091c1c9633c0899d122986cefe83ec39201ee71f18a168,5677
K041274,f99d355adf52201137842a9828dd90409eddde7c06bcbd7b18fbc3922948b6e1,9050
K041282,9977873ff7423d872280bd494c374245726499b383e1eff92e71c49136fabc04,9578
K041288,03f3a08ac2a247232140a30cc8d02b928f48a4b9bef49a43ea86eeada2cd4fe3,6998
K041305,9bcce1583b3982fbad01e1eac445dedbd25b033853a6cd903f8873e65015bb89,6798
K041307,f71ec77e7ac82033a519f7026d1ec8439d275c921e8484d694e3d3a81ae45206,6469
K041310,841f358ab65db196a0e1f0643d7cad8ca8f7a4b7a07cbea1f5dc00d1a5718ab5,6562
K041339,85f2e1c94127cea23f97368576d2e930df128b6a236a4dff82d1c1fdacecc8b5,8153
K041352,839f8ec016ad2b1dd4e270d22624eca0f5bef00e22fa6aacf2624f78af9d1b89,7190
K041355,98b288d0b5a0c2df040d6c8fd0dc66e404210bfd3e852a30fffabd9df7e38b26,6283
K041356,f9aac1e173c979d0a444e03c7690bf6988324813142f9313e58ad0e72d94f500,7706
K041389,be6fcf22c537d5076132334f5e07285a9c7945591b71726baa00d88b873c2b91,6349
K041393,e76ea968ca99edb26d84591f9588ea3701c8021136ad2204654024519330f542,6703
K041407,3e06d8ad2ff218296daf6dde8835d9e3ba5e7425443c92173c0774b4e2ce1a67,7242
K041421,2fb9a4e6ff362a59c58bdf366a4b997d2671de8b665da1b3046bca08978d1c1d,6831
K041440,273ead4c2d39576f4fffdc2965c4b820dbab7b8a90e111f2cec3751eead35502,6027
K041447,23ae4821276732c5a31ea1290862ccbf59673b0e4b5c6560945d92eef12a0cfc,7424
K041449,b29309c7150a6141e41e12f646ef6be6bf8367af7c740329877b4572067109d8,12870
K041451,4258ef196e06402182843b10a305c27e6ae2cd41d06e601c086f9ddcfff7ff4e,5968
K041452,d7caedcf8172dda9e5e7d3eb47a1b9b41c0487dcd5f2a610a1c379cc197fb225,7314
K041460,e9969791779407afb5c68696bec5bf118e5561797d48bc55618f7594a96515e3,10999
K041461,1145fca8dcf4945badbd163efd80be49a5ffe4ed06d7b1fc751d366fd59daa1a,6611
K041466,9e2a8aaa9325a3f2cb3f4ea7dc4b9843bd1289a365b36eb124483aa61ec11ece,6492
K041469,eb3e76e34537360984729618ba6f0a378cbbcaefc02d8a980c717a8259ec1570,6052
K041493,567fe88ab25dcb084133f1f36c04fc592c96a3746e346a116ddc38e4895bf0d4,6226
K041533,3f863248ae2217d9c7712a3d9c15cd794e9dcebdb63570f539dab5edf496acba,5382
K041549,1777e957ed74e9d3f733766d4b5a8015f9b359da87ac80f26380a814b6c1c188,7484
K041556,775f8251533decc20cc07fdc16589bcc9595a12d82a36d9e4ff7ec2f65eeecbc,7415
K041584,4e1543ba706c72037fdf5c9a84ba9c67fce581ce2b2c32842d86a3888f1c9a38,11347
K041591,edc2a9d28a4c05a019da614a6b630c69d4cd2d8d3b1b3d5897021cb9000ac645,7091
K041592,41462d4b14084d71caf63c59ee71bb4b3a69b990eb0a0e74c2de6d57aed60cd5,7089
K041601,001876ed7ae4ad26db686cbea9c8a25991ead79ac3c0dc567b0f7024c74a09ad,8298
K041613,5dc4e0dc1f396c67a6c7bb06a9e3e130d4c26569f522705c33995a51fa7dd148,9785
K041616,47aa9b86d8b34d63cbdf348df838f8997c6720d725a3d55f8b5f0e4cf22df630,10449
K041617,642c804d743504d70814cb55116689e40b5ef5ecbd1116f9768a9998fff3cb86,6191
K041625,d14345a976c0a8a95157cc640a29e4c83e1be5f62f827a470860ef5624bdb798,9826
K041656,1082ef6f468895a3063a13a53cee99824778c03026c07fff6f786afb62b63338,6325
K041663,98312b51d9e95d12b64c5d789eb026dc88f8189caf6148f8ac79e62641f580a5,8780
K041698,d21705abf5346c998b42e3de0ce6c6b6d71f8fdde5a0fbee46af01938bfbadd6,9199
K041706,a163138f66e036bf96f0e09489a7fde533820ae349404b970f384e9e2f56b669,6545
K041709,7aa1d29e1adf0a924fa36b6f3d245436ec827d649c4636dc5935364addb6e0d1,5848
K041713,1bd8f902524708b26690b564066753c27b2c9f301ccce929a22c44750cc325e4,6777
K041722,2f54f67091745349271611246c94032c2d89d2eb489f032cedf43a0d2d36fe01,6790
K041749,06e62238b0d532a6e1727c9559d368aca651849e0c70c3d84071cd56a489b65d,5644
K041777,f2b0f039bf8f8ec98bf3412195b4e1aa94cd2635e1113049169339938f9b0270,11019
K041786,6405a6ff55d8e41a380358e971b62c771eae470d71f2ce7050fbdca62d79b3eb,7750
K041794,8bdc71a957476bd0a49a283e5c41dd8b5bc7a1e92f2164075f12f36e6816d8b5,7094
K041798,9e71b8067113e019bded71b9881293a5a447da6dd18663f1b350f0a44219c7d9,6376
K041801,bb6300a02f9ea630aba77a8baac1ac8f15eb3d094f3d1f58e9c164871b61d49b,7156
K041808,e5a6b82fc509d8f07db0c78cdbe8b987a57a51af3fd1220d3587c2e8dde0116e,9356
K041825,fe370d181a961a5b6dda6b6ac4395831b358460f8a2c8e5167a42562d83961c8,11305
K041835,c1bc2c7d0d0fd4de25edd30078b443e1c4ef598af4977d48188bd878bcb47c6c,8691
K041842,35be46c5274bb5848de656d2dfb99721a6eae6adef3b4488fc50ebfe1dd5f613,5926
K041850,033b365c455b7f2ef2fee2c88c165bc7b0798e999840e70392c4feb40449628a,6557
K041858,f2a24352583422fbf4c64c22a50a00ae9648840e007e48075ee14b04bac59495,6982
K041860,adef5db6f8af7b7fa03e1859532f445f89cf7825172238ca05f7b93dd336f4c2,5530
K041862,c460c8dc9b8e14bbeb3d1ad965a96f4ddbb900a6774e4c3af42134551ae07e39,10913
K041872,5ef93b89b22702cec38cd10064b31efc2d71f37bc6ef82e81349e211782f48e4,6337
K041873,b83fb9cad5398f69c3091be5901e981d370361faad17b01be5a142029f2990e4,10356
K041888,ac985b469fa04ead15bf5d14701f509f80ee690b64e9a60b98448255cf210ed6,7788
K041889,e565ac5ffa50bbd44367078f7288729e8a2478a772d00a2c7cedf5398281db3f,7432
K041906,2be7af63b090e4dd109b067662d14ec3907c74893a271174d0033a7c424f2a22,10751
K041911,23ffcea56846f454708112b102e484a73a7552473b4da73a84bebb2df84c100c,5821
K041925,7cbc8ce87c281b09431d586ac4391b1bb19a0d8f281475df5f5166aaefe903b5,10777
K041936,2b8f052dc5445f50ae7e57bb50c4f201ab985cd970f02bdf36f0c9d8a39c053e,6931
K041940,5fc6150f23763f09d8910f0048295a168527b11b6b7acf7f45b8a8ea12601f8a,10512
K041950,de51e68865ca9cfb4f8c3ec1869ae5190e419b94122a4bf32e55903bdc2de2d0,8633
K041961,d43db513ad502c07fdcc26a85d9391aecd8f36d917a4a859907f2f12dd097de4,5757
K041965,d476f1606702203292e35fe7c36bf81c8b4e96060a2ef9b73a66c014be4fc7cf,5865
K041988,ac2328c654ecde03b97a7d8d7b636db7bdc127042d8587571518687b4dcddbaf,6219
K041989,391c978f918ee4cedb6db80d6575b9b6bb807667364f1dc90882c2b9c8ded32c,12277
K042019,1e326bbee1e1dd87905d058788f2fdee5d7395c12095cf37a9ba5b408381207a,6565
K042021,d54b0a18d654424640a8ed0e610735da90717e75a7bbae6be87dd3ac78285874,10853
K042025,ff9dfd5fc7ec5831ecbc11081c9e8d8b9660ee9dd1741121f135b65cd89aca66,11114
K042029,a1ee7465cdce2a42306d1d404e9b093e10c59cedfe501e43c146a712d3973c8b,6454
K042032,d18df6d2d77be5c46000f211d3bb9195f9e5eb93bb5a88835ce0ff869dfa5bc5,7154
K042035,82510dc32bdfd1413e1a9cb29da47ff8b8b35534814d0cff43b3b23127ded7c4,8384
K042051,e1e7ba9bdd4c335e403a47745027627253b17eba118f82cca7e896035edc7d5d,17985
K042066,a546db28cab97e85d3141b43d351ffbda44b2decc07b9828fc8e51c9dcc3f529,6613
K042073,02cd308a63f342f47cc12156c5f3dc427d3cc317170164657d8f3d219ed81a69,6901
K042078,d01ac9350b8527b0668ccbea910713c52cc17ad8956fa681e0c83c9d6149a396,7142
K042091,de82845ce877c1dbbd30dd252768008a6e38bc92adcdf01b6f6e833622546927,7794
K042093,3b4a8791e1f46f9dc7c3c0db820f31a69c342c5139daeccc3f7c61aceb36473f,6158
K042100,cda8feb6055f02d9029ea033cd28c9e08efbca49d2a582f24fc19fab63fac8c5,8105
K042125,94022794833fbdc12612aa8085c1b38cb48faca112eeda31d2f73925f7c65fba,7230
K042127,58585e01db7d07da71c1fc6016d2aa584fef34fd92f52be5b20a58ff602125d6,7346
K042135,8e3f869c11c1e6415a76e72d84a0018d4b80cdf97898b69df61b94e5610e37f3,6702
K042143,2605ea35e306f8b0134cbd310314b9691a19f0403fc69ecf2d100877d5626359,10923
K042167,2447b9f9cff1215f38a8d143d111f2013f1c981b2d1127fb1c644eca9daf773d,10910
K042168,9f0dc36c7e1741e0f3d76c683b91de1b381063df4cddf3b2b4ed177bba5d326a,7515
K042201,968ad4c25730cdd85fdd8d058ebc525e19cce248caffc5a5d66bf386cb3f31f1,6332
K042205,574dc886d823c88b102e2293820a059b837e2ada3a27fc3ffcf73223b993367d,6953
K042210,891a3c9d85a703e5f51634340be08f5e948f581be14341340bb36c85f57ac31b,7651
K042235,857dc88b905fc94f69b12909abcdef9f92789ec320044be72f8c25404b848594,6731
K042237,fda177a44424d7bf61a1563f1717425d343aac3e1350b1f29f68d8eb27361696,9394
K042244,a3c536b08f12ad65b0b5d55202b0a3538afef9409fcf1fb6ea8f0f4e8a737676,7559
K042249,5742832877c3a3b63e5000c72c94dc90b48adf907da35444055e3b4d91f26f2d,6480
K042252,8096ede6629ad85b937e8b6eccb119e86dd7a79b95324158b4386dca3ba8b424,8513
K042268,d6031d43e158f2b58ab975a29294f84bbead5ab0e25c1bdb44ec9ea884d3021e,8383
K042271,b13960a90a4c13467675fc2e20657cf7d3d227c03adf50ba4ba9a76808371842,7745
K042295,85f594d935258e74a8ee97e1b008028854efac888a0f0659a9ddd32ffefd7f35,7353
K042305,5b3bde99281419e23d76b5b4158d8b46cf2e515625ef09147878412d04c33c75,6885
K042310,b042d3a96e31c6413e29d105c21fc92ee364387670020c244442634fbb01ce83,5702
K042312,d67f57767b593ae7de695eb601a824717e0de2a7da5be93353106d3037318cfa,7717
K042317,7fd176ab1db5e26cc8e5752bd13bc37d7ab4da878d7cf32181c9e3b31fdd1992,6665
K042321,127b3f3a35b6eb2e694f449e6125c0508254a1553a081375b892204cf062e152,6761
K042325,fd162d1e7c8fa469f4e4f8f079a658d8ae34136ee634fa53f01464a5679a0df8,7040
K042332,d7c06d2f16af7dfb19c7cc4828d7c4a9348121fdcdf27230c1068dd3bb33d95a,8325
K042337,12b170778322e79bf1937774c4a50e3d1aea9fafcd5995b0d1ec407a3cd9f09f,8021
K042340,ce4a8a50465eac2b2d81f2103a953ac6e600eaaa0f69056d5f25ed2520867302,6245
K042343,490a297a761a79196502ebd4dbbb399257eb85e646bb548af2c19eb95805bd10,7027
K042344,df3ccf3112b0a214acb03ee83249ce468e57a3559d5ab426eaa218976f4f6053,8440
K042355,8bd3d7acacf0477326d6bdd7740d8e43108a9fff744687f51dd15ebb01e48e86,5767
K042356,0fe1760c37ead54d7e790c862333fe8e7c77df36ab2be39281531bc85758242c,5682
K042358,e0ead2e527ea007dee09e0081a016392714dbf8fa58c9319e6f1cc0dba649edd,7974
K042377,e797f45876a6c2366609cb797fd8fff0357a0fdf24d9c20111f854bc9fb812df,5274
K042396,45a68288ff87ff5f778d26524b4685fc21b9d38038c2f76bfc0b35b31cea5884,6202
K042402,a95946beb8fede9ca296a9330652414ec754f095759e2ff7afc94ccb9495d0b3,7541
K042409,410c1cc6924b294c85cab4eb5ffe0280f26b3c22d9c425dc7abe63daea6a25bd,7160
K042415,721774035f93408eb71c109713ea7126ea8b90b33450ea7eef20db0c827d3bd5,8247
K042436,611114e0ce4e40e3d7b5ee3f44b9040cc8ee61367c9678f65919097b40adf0e4,11056
K042437,4c54d47090c39def3421aeed23aab7f971f652105817d0a3febae1e7c79d0bcd,6233
K042440,8ec5166ebc22f48526817ac2c91d7087f8cf2460fa9945fd25cf8c5e34587a92,5903
K042453,2fb9228d0c927433f78f2268b5875864c8a5670fbe8f1a99783004ddd34f4534,7854
K042458,1e17c4004a907895180d6d2469061ab1ad1e517a8f54c76342b385aa3109b595,6946
K042460,b2431de90332d93141dad977c1a5b53a23c21bf08fa0c403a9498e685087c820,7325
K042498,1a72d773ea087c5ce74466bb844a158d7f1cdcaa02d68e95ae30a976f38bb433,7441
K042499,180bc891018ce21e04dc70eac5b5ca998df6253406232c78438354d343e104b7,6991
K042508,2f1d705aa229baac01c77efb8f942983cafdbb12a15425b1ac7faa17595881c1,7759
K042514,46d325049e5970f766de4cda01c3d54b2c0a2315bc2c1cfe2c22d51f10d5b8cb,10105
K042515,181b7366646a8fc81dfec65e08f65b1b309f9509c68d73753fa7d85ae7d4152e,6903
K042524,b1bfb7813e0784a539ea1a5d280d6ffb24a34c602ab29091907e28c5662b74a4,7387
K042544,9695cd9ea8806cc7abddf8c9dca0cf8ce23c8b4df914bf9979655cd97c5e92d9,6498
K042552,472e2dcfd188e8b6e3418858a11752fedc85f986aca5c1e062155b74dc1c37e3,8910
K042571,5f1bcf7c00eacab40e63e914da53b770bc81910080ef48687ba2a1f5e27f877b,7464
K042584,f36b0f6c29ddbd152a35c47213e97e26b9287ce0cf47fc8d1e3f43fa9c4b81b3,7730
K042598,30728263a779e350e2d347a54a64f2984a06c47f57a209571800bf4212cad0eb,6431
K042600,7f3c8b1e56535ba42fec9d18be49288d0e7d45117606ff8f53ad05da7d5c0fb9,7441
K042635,42251c8f3b98364f9019313b04ccc88f0a871a1705db25c9f63d09b02cf8b2de,8475
K042636,7fb6b34231b9105ecee54ce5826a78f3139829b6248f2500d60d2dd5706ba12b,7007
K042640,82216c0f6ca712ba97668fe1e5c5d4d7d36eb8dbdbe12c5d6099ad854746425d,7155
K042664,d270b001cf7582b320302e8fb770e49be01b499de364c746335f30f45d532a26,8772
K042673,394ee6d473ac4754587353d073f0e60b9b6a400ff6c7de247a89e0fea14d01a4,9442
K042690,fc4b616eb08463dbc2646f132e96f63a6c24feee31990c9a8c33a3369754abf6,5824
K042691,e567ddc0c954d6ad9c4062f7fcdd7c3d012925cdd292dcd9c569fefbb85eddc3,6356
K042695,00239912b58755a0d3b2a80cee449a45fa8351093c5c4979b936197f7d695b49,5544
K042702,85a91ce98283b14ba1a33219c8fb029279231eaa107edb2fc7a074d2620292aa,8503
K042713,3bfdd09e50977e03dbae8d74e5d99f1a8fec09c2ee4f6b22db28db069c366585,7360
K042714,eaecb5482520106b0e81eb4a6a017b3d6acd1dddf55feacb1878ed32161ee9ff,6467
K042757,55e706d738a94b0a111152e81d8a0137f7e5c4ce646d5812a4b476bdb820cb18,6379
K042761,7a26a2766d221b89d78f5c74e8e8e7beb3b1645bb1dfa5b348574fb6944ccc37,5990
K042766,5fbf0fd8f67d31d2743460acce9756054be2f458ce32852bc1a98e114e91d354,6711
K042772,7d903048647dc749def0886a890059a700c14d7f0fadb4ea30be5376713773a3,14489
K042774,774eb769c3a7f61c207ee6ae82c42772317e81879dc3ca292f36b678fcf6b01a,7778
K042776,2fc25e4e53c452cc572ea734b61c38467586491f7ca2e14ee8cee91b28178a71,7717
K042778,cdb3385b5d8bf9b49c59de5d4904440391c7753d30104b7e459dbdf26c0aeb52,7035
K042789,f1d14e6c85b0059896225d05f7133893d3161dde92969cc2f0870a9e76283fc0,7410
K042790,af1316b772023bf132bf138668bb866ca83b550c86fdf5bf61ca0cf20c7a6021,11117
K042796,0cb2d94f5102b22a612667c46715de727a388cc6b29fae996c08afc517fea301,7186
K042798,0219d720538743b814748d7c69f48cae09de3c62ac8ff255199830f6ff8cbff9,7131
K042829,5b78f6e6e7a4eea78de393ca238dbc5e1a41145d2bbe7e0365b1a297828796f0,6320
K042842,507133d38f18f66dc09b82e3413f5f63f3724de39a12c73a9b5c765360adac15,9084
K042859,eb42f639b20354a2038fd60d389b74a3d823a57cf40d36b22de1ec9e8334fa5a,7350
K042871,7ab774175454489b1a38d71651d3360114c9e479fbf67be290b3ee1845341327,6818
K042883,0b3707ec8ed75e1de3cf3c52b6a5de967b84591db8153e1da0171599e04cb707,7557
K042886,6bb4c31dfbd87e6147ef37a687b6afcc01b26d69ca0775cbf9cd12df03737224,11044
K042895,612ba60c0c9f954d839376643cd872f9f92cff8004cacda637adefbca10e6476,5391
K042896,91b7760ea3047b48624f91b22ccff253ec16ca5e1b593848b2c66dd0fbd1fd6d,6938
K042902,a9d04b8052d0392cb3b8b839918b81237a90cc71c59b2199f0e23fca55f949ae,8485
K042911,17e8c581af6c0ca234033370fba72564ef7994e8f28a3ae1624c54ae8553873d,6030
K042914,60123c2f4781cdfcd02a32f07c4c5f081b11c2a79624772bf73fb91af890000e,5923
K042922,0f2650336f3464bcd8bd836786b82c31536f6341e76ee95c77b24ec98ced93c5,6838
K042928,49792a86077578205531d7aaa0a376a3c6f4db62ea770debce09cb67364e5d73,8066
K042930,f5c063c2bce2d3da9f04c57d8a65fbf8d81ce54dbc89eec08a7956c2c936e01f,6476
K042947,7d328b5d890c82ed092fe5838be26b9737de7dd51c5479073439e50d1b62a1db,5927
K042953,c2c2f59049f744f17d7a937eaa367c9a48cc77dc6ed6e9fa87bcfb9f360b50ec,7731
K042959,b89fc23f4df9aeb0cd559e693f49641082ec2bf35ad7e7ec23d95b7ee8f4de61,7551
K042962,c8feee0f149ef5694a056592a2af83bed9e10216ac1ad7dacb993c2fa1461f2e,12604
K042964,23cfaeaffa0c4a8dad1a2370c18a7b886adaf84fe213ba916975fa081a265a9e,6999
K042966,67f3fb42427b632a42eec4ff49ae7cc7fc57ef3046ddd450692559ae5b9a24d7,7539
K042989,a83e4ed3f94bf42b5dc490510bfe64b88d49c8f1327f44fcd6ee4a532327300c,10337
K042992,2a54bacfddc310bcd3645585bf5ecbaecc55d569f7a7b4b38d05e95283c694e9,7242
K042993,c5c4dab0d5489b20c20286c976d00c23128aa97863d0377a5576dd4107895237,9727
K043001,b6dadd25db8631821a03697e1b82a030c1b32d83aa3898d9de42a8d9b7f26567,7021
K043005,c34e1d8a323fa64628e2b292f46b96488237b0df386724a16b6fe351cc3c2395,7723
K043020,194b8f1f15ba8f6d1e1b362e7eeeed08e999a8aded31f21a6fa6230f327ebf7a,7565
K043039,e7bde1b9f706ae79ff4d4fffbdf88d6e1a4b1eb3516dbcc1ebc16d96f3c24bed,7288
K043045,77e79be470236aba1649b2d6d2c8414987fb55755d47137308a20f7f7c5055d9,7007
K043048,ca11cdcd3eab913a1ecbb98788742c9c43b6b03842b521328d6c54354eb45324,8353
K043052,f113db73db9dce243f929ecd1f83b59f1f748f089d40584f029011318e358b65,6556
K043053,ba7cd846fbcc30d0928d4f5fbc18e3f368a07c4925db14478804c7a66f405fef,11012
K043058,759676c75f3c1f39b3be67872f0f0aa79723f88e78be30164614305c98f15938,7684
K043059,ea7cf014721846ec6d1d858585fc51ea5d900f60e702f7a70833bb336bd7103a,6655
K043061,c8a13796c136d9d5da12776ef2f27e3ad69e01e9faf3c27493656e73438932e5,9115
K043066,fab9ea6367723730856ea54c43095c41600e9f435353bb9c5a0d042bd7bd432f,6673
K043077,b83c617eea8eed38824cb723e17d4bcaa1f74d05c93537fdae748ea10be448ef,6527
K043079,a3075d77a022a1882e85ec59fdea79a26e628f786dc22fccf55b450299a219d6,7405
K043082,f402e2a2831a88f7babe5a08c777cf1ed91bf1626ca4aeb160451e56c86a8d96,6741
K043083,bbe99efe5f71fead1599feb21690d21fb9a42db1c30eb63fa53fc6885190c921,7774
K043094,2f5d591e1aae3f9c628c8347f91fed319845c00472e9e678c3d5a29027811307,10705
K043100,227f44accaff943bd1d43fca5cca4326ac85383b5d2440330f4fac49b478c6db,9759
K043101,b1a021ef9f1db1bc8a40f86f43a33d9af5a9a3aa26650eb6e806ee9ad33aa33d,7030
K043102,43d09a18de27d126d63a8e8e337b55376dbdfe6302d0354db8dfb5e5b1532782,6951
K043106,592fa167b762c614a877eb5ca5514109b040f1f674edf9cb6fb6ab013cc49534,6279
K043113,b130744bc60dd2d33aadfb5a07f9a5b4c1a575fa2563c1ee12f0f313d7b39aec,6657
K043123,431ab76eabdefb3f944169ab5694432c2f8348d883fcd2f44759121cab29100d,9177
K043142,fad89cbfb7549e8db4d1678110708e1157839343ac824cc2423c63858ad5fec8,7614
K043145,f83781402681a31d61df04cc87461d94f3ebbcc13f15654a0f8d87ca1fdf2e64,7636
K043151,8f4b75eba660bf11dcb6938d0fec1a87c127b29daff919dad5fa42e477ab6d66,11006
K043152,587eec1f0a75ee27f6355a6ddfc4f3746a2533b971ddc2d42cf291c3f3cc97bc,7764
K043174,a3438d14ffa63ddf7c5ebbcdacc3bee33c98be6339df1abccc46dda0d3e2415c,7672
K043176,ba9d004b1c523cd3e42a5d64d92cea242508f81a28f44e5ca0d46a9aacee23bb,6994
K043180,b3ab918c4889c1b0b766ddaea979161905aef87c3db6cf15ba84bb44001a8016,7520
K043181,6fac934ae57f415dca05342ec44d177504a6237ee72f962ed8baf177cfe59154,6067
K043185,61258c3e0d1d4b1f4020db24cac0708f82b798d2c623e6850b1e4617f257fa10,4953
K043200,e8891a9674d1459e40e4ae3bc87b533b22342a9026994c8b70678f7ed3b0cc27,5728
K043206,1888e10d9659b7c350dc856cb3766846a0bc449938f4fcb45c736150435355cd,7042
K043209,92df0f566f925bc7551ee0070b7f49042a4e8dd9736c8f288399126065650035,7169
K043227,45f09141d68e616d9331da6d701f3d9072fae5fdb8228aad7a23483775b82c8a,6069
K043229,2ac7150c9f1c6d34fc0d55be39eca0255e35286871c808cd68853e64068532dd,6932
K043232,59cc905904f1a3f429acd1accaf9791d7da9e06e7834ac585b52059eef4cdd9e,13681
K043233,33ab74b20ef4fcd36d51836a2bcd095832e9e440f8a2d546d8abc260d7b75f79,5770
K043248,def9124767d215156761715e206ea4f4d54d733b44608b0b58186af10480619c,7354
K043252,ba4d31c412ae42ab70b0f4be83ecc46ede33b41d2ad236673696cf4297159283,7417
K043263,30e825dcda0ff39055683bd9e54cf4fcf896c98424ec61dcd562258d3dc727cc,4824
K043270,012815e584ce24412ada5d054d4566a7a111dfc584f85aaf727513d217b5cd97,6819
K043281,9ba8a0bbad1788f92bfbdd122754d059987409f8e54798f93526712ca2c7e1ed,6857
K043289,ad705dc71bb3f35119322cb963bb01eeb38e512624d3539fe18f441527e1ce60,5427
K043308,b2c381b8b71b4e724b6400ce17a1f1ffe484849b9f6afbb33ae58cf8e281f809,5836
K043316,758aa480e0d21e9440c35c5c817c26db071b8b1a18f9e607fd16e1c0ebde2b60,6758
K043321,2b90642e00f53d88a583b59c669b11dd7bfcbd8a4728ba809e20c294ba18b2e5,11040
K043337,f6ba7a85a57e275f221af0e1b64704afe75b9e11ef306d3c20e016bd4521459f,6831
K043338,0ca2580dd8c4847d69a77e98b0062fa83da57c6c0b13c69337d8da2a2246743d,6135
K043339,903a2ae5fc9f10802ae402406cc00b34f26f41c4d43610991e53ebe0cf94a36f,6963
K043343,55786cf4a61d14d365e6de6d097dacaa8aec14339cace7bb55182c76412f5455,11575
K043346,2b8b1cbdb1e1afdb60a73078126d76b3d40be8d43d2621714532a7af0777cd00,7894
K043347,2a900120bc195353d3af375911d0954d45b0f5cc28a6cd6a091fb1264fc98fcc,6114
K043349,bfc15fc71c33c16b9417abe689d17c3dce799457714fdbc73ffd43bf7738cb47,12098
K043355,f1e854dc5ae7ad0023e706fac7a42f8a6655e9ef1517bd7efb5a66d22a66921e,11176
K043356,3d292ddf807c1aa9ffc6b8fc50be9e58ab9cd59b594bc984e0d7a41293c10cc0,7542
K043374,8c66473fb6bbccb7381f6372068c6fe67ff9f61599c3cc65bb9a5f1fe240c661,7639
K043403,d02aad6ffe4432cde3aeb1ecbf13eaf28d2112f93137297325bfd01549fbc5a6,11138
K043404,746429f2ced9af2568ce2a1e66658fbc8dfe37dbb564f86f3a6c47ec0abd286c,6318
K043405,d40fe8fbdbb152625af0cb4a269e5e4d0f7085e29f92b2aa35bca7c8321e0376,7534
K043406,5f5973ee4a2705a50ad6aec7184f48061788f9a21a546426294976085b8e479a,5557
K043410,3c4f23a48b62c5d057aa65e22abc5e5e7d74e3daa22638d8bd7f7027df79f25b,6140
K043411,cc8afa0ddc158516b157a8ea2b143e725f599b97c8ce3a0f16dbc08b8eeac9d8,7322
K043420,7985e3bc8a2cd76dd414520f334f064c0660007634bcc8a9c4d0e41cf1db519b,7420
K043421,a3d2f53b866955d8e9e19229b1795b83355b6f50e03cbba5444280ac3ab4efc4,7852
K043431,b2829b64077721a7de964d8283f51edbdf86586b02d4d3c4b861f0b7b532f217,7450
K043440,4c33f6c234cf687afdc18cfa6cbb0c3abe249eac3e0b401da4db4f622fd808f7,6955
K043473,6a8730afd7b724bf613cbe010455020ad883da21bfccbb7b2725ed3c28d17890,9364
K043479,45021403ca84f1681318de1c549eb8bcf80208d7a5d3e0f243953d5442d9178e,12384
K043484,7dbd5586071f1527cb4ded98e5d983eaabe5d3ee5da5f15453b2c424a0de8df0,6912
K043488,9d23fdc584b6ed4d61a54c43b455f2cfc65de7eea9e887ac5b60474cf647d431,11202
K043505,bccfe8c92fd65ea44f69ddbb4f38c4b8148751285308c8b561535decb207eeb8,7082
K043514,96c7589754cb2d0f6c1ce6dd8a21fed8b8b04009e003aba25fa9809021951e85,7196
K043518,26265ba16704ae0693f6458cf9b90e12348fbc56be570fcfa355a49f9ec68a8a,5645
K043522,e991b86580c85fe6de337a18171c27d709c54b374ecda88bd3138a91883cf8aa,8218
K043537,adddc2d51aac8c2f2a5cd96b255695e25905ba8055fde90590a1d3da81ce1446,7819
K043542,33b7d8b4103727eade43c87c50812fde35356589a1c49c5885fcdd318d45bc23,6564
K043548,0760339d1e0998cc32a74a4f2596eb9a4b724f59d5739cc191b078e0af19e522,7568
K043560,daa1df48249c63b1fc4d2a419d06a69602d063f0017ede42799f65559ac6f0f3,6149
K043561,a8fb585b6f1ca2bd1a026bbcfec522e28666b8152796f065492d210263426092,7565
K043565,1bb2b3bd4833025efb861fcf137d0634a4c26faf4e90510e108f5ede1303e6d2,6966
K043566,ebc26d48dcc1efa165e0993e8d85df19dd70caa851426580cf0fd7e6c09253e5,7497
K043570,3a49f0384d33d7e450fdbb9ac52d40f6ad53d2e33263893200642aef985e489e,7189
K043578,500c209a4d902b1cbf43568f86ce1718a59fd968e71d620981c6cdd89f2f18de,7902
K043583,6f2fd156845dde917f12155a41962b87e42a4aecadd155a5ff9ed5a2d628a2c8,6045
K043593,066b3a09792808bdf363a74c927c605f454b630398ef9bd3db5fb61d144979da,6822
K050025,11fa31a4a332a7a8f7e511cd60a9c1aaf79edd21a306b20542394ebdbbfb49d4,7788
K050028,45711dbc2f77a1a960d0335a5ef13ee2cd017aeea025627d7132b216406c1f6f,7055
K050041,60fa43b608a88f77b8789a1324ac2e8a852c589adb22abcb3b8591a93ffa0203,5356
K050048,5a443522ed8e128e6f893e23f9092ee3994c9558d43707ea6781a3dc55000f2b,6728
K050058,13036f77f290d2282f7cf65f52befdc78a729c03f903d47e73d40e70897dc1bd,8681
K050060,480036967b2331f54c1cd52877f0ad6ed4a3219a50d7f3b86ab8c47821d8847c,6968
K050078,b68d2292ea86d933829d80e8412583ca1b138e8ad0ef655199f1c99b9a6de519,6409
K050079,72a013b28f854c01565f1e9560c7af72ac459e7baddc5cb492816ff57dfd85f8,12896
K050082,6e110fbd440bfe99a0b801c91e0a296d10721454894d8bbab9f408ade14f879c,5740
K050085,059e2064daffbf512c16497f00e6dd48200668be89008b65f368ca95c369208a,5285
K050101,748864be0ab16e8f1125cad600db6b5247ac1e577d36918c96137f4df8aec935,8175
K050105,7c884c53a60a7a3c6ab3c92f121590e43c755d08f0fbc315120c15fcdb031c44,7063
K050110,04ff2001dce12cfe66e9502e85a9604b9badfa48526fa5d1e2050f123375f9b7,5921
K050117,9c7b06e347fd60da34251d083b821095d252d122cf63aeab3603c2a0efbc7b4f,7775
K050118,ee5c3b2163d1e6d932db04d02b11e9c8a86bbb5c93820b6b2073531d8b5d4adc,7030
K050121,627e4e01def66dbc97249a86c828c210d62a24c1cce2604e23d50f458d36a3ac,6169
K050189,1f02894c674ad9df6ec3f1c76df7c4869751b876833dec4cf90677c97cc671c3,8726
K050210,32365ce848c1afc3d7f6efe8ec981d1b142357c65d4e9f1b518dd48a0606acd5,10517
K050222,106700222bc25d154517b8655f3d53308b241aa4135183c5eb8f6a2a0f099963,7290
K050226,00a35e4fd75346022dd09e5215cebf50dfb0e07b87313924592127311c237d71,7739
K050227,236fc58ee9c7d3c3e78fa55b1c94e55bd8aa30d19d15afadc7f64eeded33423f,7926
K050241,613a7469d5da37ee0effcab55c078e8d19e467601b11eeff0b4467b177c8b2a9,6436
K050259,1f5dbe61c3c91d2fc2c7435fbd13763617c9714c798a22f997e1a68f7bc0510f,6914
K050262,25721bb1506d693ee000ebabe691aa882ec0ce665cbe6a9bda565e2a64ed8493,7810
K050269,6f104f06b738ae72483031edb0e8c89a7daad2dc180acc532ca328e02bad5248,7464
K050275,43b1685784a2b4857ce297d40c6cd477903897eaf7d07e4ea86a5531f1f58f38,7749
K050315,884c4fb17aa8b0773bcda5d2a98cd33d37fd0cc0df4454edb9e5be25178b7b06,7146
K050316,27f78245e397a4d360b23454eebad65a1185a296a90afbf97fc58f8477426bbd,10387
K050327,b8992c1c659db277b415ab0f0ad69651cab0df0b76cc4e096927c080791f9c89,7492
K050346,cd91d6b3eba6609aff0abca650b6fe893c5518f6ac73a6a861fd8bf519232b04,7492
K050348,a9dae04f3af32c74c334c71d7d23c563097c7e8414d1fb977a893a533e155d2b,6749
K050357,8e582e8fe4a6ac8b26d713d8ab4fcd59915e160cd7b158956225ab19364eb83b,6447
K050358,96992a9a6a3e9064c1cfc72f634ce7148b60ab3ab03a19ad5acd5fb7fcbc0fb3,7512
K050373,a76da95cc1c9a24f02efc0ea5e550738cc7cd1ff48ea18f2e6a0ee37eb4d2b29,8323
K050388,16389996af402e5623ef2c24f649a6cd447dce7355931517fe2c9eb22cd70207,7045
K050390,f08df285e2939fbfd21edbe4d40e905bcd75fd9f2cedd8df636d72f8c4d4736a,6503
K050391,079d7fba64f6ef57d3b632f4fcef781983170f01a973d493d376ff711ad5814e,6916
K050398,10a2b66542eb84de730d57d452de3637791a69b9cc1489ea0972ac33a4f6f88b,8869
K050407,3c646e58c4523a72b1a182e6fec95292648ba4d14529d1f632cba3390ce42c85,6478
K050416,51f12d567789d9df47805460a566fe3edee629f554ac1510bd6931b3e3a4d895,7360
K050441,890501f6c7decb05a7d484462c0ae046d5333f488c2e1fe4b4883228661b0071,9912
K050449,31acd2ab3f956f51e4df68a10074bc11ab2b963d5b499a4b1a171e0bb4d4d73a,6945
K050451,760832aca42ac6f8eac683dfe95ca47bddec49cb0be2916db21ffa6f718501bd,6477
K050457,065b9caac798465eed17d1c9b7f649139686d8f601352a04ae8bc43b52e4f0ed,7107
K050461,6b8cf6ae779f5a2107248e3732cd0640d78fcc2fd84c7350437987209c5df852,7857
K050462,906227621efc59a22780587e90e7cb35b1861bc9c11ab3281e83e418c151c1ff,5549
K050468,555a52a9c0d43b313f8a551a7f029f6206651f31bf097c6c2bed6cacf734691d,7023
K050471,c34cdbcc035e4ba1c6a2f9743a6b3f87e4852b6880809c3e026bfb8e5b292124,8010
K050473,81098c61c50daeba8dc0bcaa70a1396ed6ae9c6614fa2756915cbc9ac7550897,6382
K050484,1d61232887f9c56101ce024ae731d43eb318b9382305eb286e7dccd7d8821a7b,7270
K050490,4912d0ab24eb052329f2f01bb1765e52108c35084e844148c37f5b058cc94d5c,6447
K050492,612e87b98c0ceb60018da860d0bfbded99261f48b24d0aab6825eb7587064c17,6289
K050497,a091e887eae44f75a07156efd6b9acc89df5fdc1c801f3efa391db1fb4c6447e,6567
K050512,9b59bf56757eadbd1c7da4b87eb2672a4ca55bd99a563152a538953fbeb4f8be,5965
K050539,0ad67083ae79b91e667af6c8122dee54d35d2e2a83cb4d006ea574e01dab257d,9621
K050553,4149fecd11b3ed22dd4014310410fede2d3ee9fc16df5c990559f7c9c9060f2c,6148
K050556,1dd8ecbc9112282aecdd26c091332fe34f6f0fb30d291637cd1bd1727c3d6a52,8450
K050588,79b361fe1c8b1b100e5072d440173a8d45752574ae4d564a6e2caec98d9f9a26,7332
K050607,e0eb07c70725599fe0c12a5e4e4f865a1c02ba1cc1da612acafe18de51f2b555,5795
K050624,4f0c88b0c3c5e43e941c56bc0d18a8c5e6fe081967122eddacbea71cf1c9997f,7019
K050631,99a2e8c67e1b232f98b41466954711a6baa4c29fca6830379ff587c9515c3e8a,6391
K050634,0d4987519294419ff1bf73dc44679f4480c82be3cd42c7e858a4246fc8afad4f,5903
K050636,09ab9d619dc62d9ddf26d801c9cca7677cba6ac2d8caf2c77bf3424e4ef9021e,5685
K050642,5dcd961d68ef963011b183f2ebbc1dcb3e5109de1ec9338061f6de63e4d8d1b7,8913
K050646,225c8eaea60e534d0eb21024067a0da90fa4de3df61aa6b5a3d6302c3510dc8c,6394
K050655,e3c67b8e84c62310163f1a9aad88cd85c3dd4929f127a1650e9eea8438919d6d,8147
K050657,b28280a0951aed226ee8f189767d3c6cd4eee0caf5faf2eb044c138af092391c,6011
K050666,95318c288e4adbb9d77e4bdc060bc993898355e3ffb5dbea556f9940b6bfa6f5,7369
K050675,5ee2d1abb41154f9ca858584baa86c9560022d0654fd1071d43c3e9151baffd3,6926
K050681,0bb2148e52dfbbd3f7cd460f2b46c74d92ea59b376c8f1f2ff6525daf2ddd0f5,6080
K050683,4bb3c30e6e9cd4c6f5dd3a5eb96136907bb94856ce1a1027f473e454be51feb0,5218
K050690,642ac238b7cecdf570042a3876cee05890245ddb1a739727e660db0137802b14,9024
K050723,7e0940b73084b1634df8f04324f97a5567750e6c013d52ffda279a72f57000a0,6624
K050749,c0457c818855e1739e076d0d29ae5b75f6c3625c23b3f2521730f8d5bfb68994,8143
K050754,aabe7cd1a8be8f3f81baf78132a66ea30f2db57cc03a262e5ad787e8ffb12ecc,5976
K050761,e7eda44af12c95297d6b0e43805d57ea422a5e0523da22a79fe5fba49df32003,7445
K050764,2d8991d08d5f2dc4d158da8584587e8a618da285c31965ffb65acccc4508a767,6305
K050767,5c852affe5538564100383d92567a51e48567fd5af312c1b2205853bb939bdba,5995
K050774,58bdb23d2301e95a253b925d98a1bf5c191be684b7d6d99547c5e3e9fab8edd8,9934
K050789,f2cf438198e829ba70c5c53698d3700119aed06dca83e7e523ebc99a0bb1b1a4,9494
K050804,bcdbb7c285e8a5ffa0285b613aeb2999f3a082f10d06ed071bace206e37749d9,7461
K050806,57d17bd51df019988eefee9786837294bedac891f34f5d003021b339e2421eb6,7457
K050809,961ca57db41c4c919940e652722fa9afea65b465d631fef500353ba79e59ea7e,15163
K050813,f86cbf6555d360f9846a8485a7509c782ad5265ce885502b276c8679c16f2bca,7046
K050819,f447c4ef64d8dfec78e9fe3f41f53d1aa92b5bae5968e409ab40ccc4f410a99f,6051
K050830,f277196cca33272078907de7a8c5c2dc6ef515e91a2c2be06e4adc11c05d545d,10302
K050848,a4dc6d206d7037a0c53791b06aee9c883e95d2b8236386ae910b7e7225e12cc9,8815
K050849,42df790299d9d1eb587f24a5c86fb46e12938c3f8382440ee6e635a758b0191b,7338
K050850,377efedec5dc0281b1d7adef41209000a607936bb149ff819891a9fc01000313,7056
K050852,785b4a32117c94053b43eb7bf359fe0013ad778475cc2341c39a478d7361cc50,6278
K050854,e5de5be3ab3f6ada7abcd5710e97fa256bed8841b552ee0352cc621c0b300d7d,5315
K050855,b676641c627635e16d6c72bf3b0b8f995fd7da05736dbb1110e223b79cbcf237,5285
K050861,9ff97228e3647d747555f888fc90886ebffa2f776ff9759ba5f08b6770e68d47,6860
K050864,0419e36b5c76cfb35552510b5f2ab386a893fc0b9684f34575e4efea51f1dd51,6141
K050868,13daf6b0f2be5e09512a97231896156e266126ed27261b1274d451ffc5b1b64d,6122
K050882,a3a48b382cc32e20d627daaf88e609d6186ab3906e07ef5a4aeae5ea45afb1e1,7952
K050892,939c1782df8f06abc773a575afb4cb94d51b0ae5abb48a84b80226f4e66adff9,6762
K050924,2b13e509c64e6953e3674958fa75c9b9cfc9285c4c1d2ddfb8a7e848c38b4200,6306
K050932,b4f5a5a98ae864661f6b463566794d3fc3ae463ff95be4dbe3e73f15957f8d56,6064
K050937,f31b7dc7cd165de83a9e03b74114d90faf62b602225d1b8d3d7de35ddd7ffbcd,8079
K050938,855403cca1a05960d4597cb7f3aa10b532f5714a9a5d6ff745656cb75096c2a9,6480
K050965,c5df1453016b378b73e656c53f5a4743f238d178f6ab7446fcb7a31c073a0063,7776
K050979,1d143ac4447b8cc1376d25e70cbb2e09b4856d86f664af88d68462f509598595,6920
K050981,6a69dd0ccccc57a9a8c6df640100d164d3f5c09123ac0f24230fb038e274f1b2,12446
K050997,1a5bf487c6f52e4b7fa9a976a570c8f8c7166653b6b15afa6afaf5d25cb43916,7928
K051000,c713899cf0b48e561ef1c43c1525b608af3f3e5275936cee12bc02e620bd6d90,6437
K051017,18fdb8849ea6459f69d1a44cd241fa0e8895de40f18ba1cbaf24c7fc2dadc4a2,5607
K051023,b26f366eba3a7a04818c1205b4c503fea210ef9e598421bc9c7fc7a8e31b06de,14447
K051024,079ebbf0febd287e21f12aa72465dff40675c938ddf1db52994671023ebfcba2,6138
K051027,51cc5fcf10cf8f1430d5975065ad35fc01cf09f5e6a65e15b61cbda43975a71b,6245
K051032,468dbbab57fc4097a2f0ee655794204ce23a1444a3a0fe2714c773f4e4735bba,4974
K051039,2fea77ee081cbeea1286b6de206ac60013f71b234aa153dea974d861d2045977,7706
K051044,02fce52c75d181053e78c50d98d8319a4a556285f1863ed2103098a874caec6c,8110
K051047,1a42176603209a79ac4cc777e2ce6d027cf596ad733b4fcb4335e7582e4ff6df,7086
K051049,2a29984195ad9df099d5121d8231c91b65de935cb19f888c7765bfbdd98ba35e,6159
K051063,5fd658a18ae3d12c181708305249c2c773027a28b1904f2a5266b989fd1f9c57,8339
K051069,d863974d2c68cd02336d63fb504d348e2b62752ded4ac297e0490528ca71255d,6983
K051075,ac96342e30bf18f5c21394fc91871746f655993f5f5594ce26bc6eb64a4ed420,6765
K051083,c03c58bf75887a1995da0f0159a9587afc74cbafcafa508bc6c6284a47f70b30,6479
K051086,8103a438a51ff373364c610eecba32002f9e6231f368498a9e76fe4da23a9cde,6885
K051089,0a1392503272697203edf7f4684a69ae502e8228105739c117a8b6256f548b77,12982
K051098,13da0310cee963bc300f5cc46c8d17309c7690929718413b912f4cf93b8ac451,6099
K051105,4266cc57cf55dc552e4443731cfed6cd12ac30100c998ba016c0ea3e991c5714,6769
K051123,93efa79f797977a1c489982d4a64a2592258806698fd51aab2d0e826ec89f450,6298
K051146,861fe443607cc1fbd82abb97250c5229e073225f342be2147991aac8d1ce8982,10611
K051155,9b6553921ee11ba2b8cc852e9b822aeb0cd82413f29463ffec30c620bef28c87,6280
K051162,835b2d9601374679479100f098b298973ee779283f6611d85354e15c24ba602b,9893
K051165,7795dec88c37e99ae9d779ac74e91345b18f4a86fb0e72d3c1524ed200cde62c,7611
K051180,07962f6d72f3e533c5ebc9b4e68be1eab80cb63d7dc184b413c36dc607a1fc59,12364
K051181,49c1987dccd059d25ec3c071e1bb7dd2ec6c786f506768fa7c34ee48afea9f04,4956
K051195,0fcc668cc5a9736871a01ab2a31202e141a69cc96731f23ae128597c7510a631,8454
K051196,453390c0d9c6e3d191adadd5a5be6288c4daf7a33e4b7f0aaf206105826dc1a7,7775
K051205,a92510d51948dc7c0b697c9a2212e2aca861008fc9e120c4ae5872119138b33c,7494
K051216,43dd8ca5e66d3efbf6a6ab0b6fabb12cc0f3d3d9d551bd546003f122d2716915,6550
K051219,ce35e0a118d4648cbf486931aad3103b5272a3c5bd2d891902ca571b6d32eca1,6698
K051223,cb509411110018936a17a4c492f59e32f6adc474e178a89c830370f002e509e1,7926
K051229,7df4f2f0f9a820beee801821c447b16a4a72bf8adbd616b03c0318954d234d53,8189
K051246,5cc777bfc50b6742e567fc0d895eeefc001c8763d8df410da581466910d57066,7871
K051250,a825d717d806108132243d8a5a69c870d61c2c664293d77b571a7ef3b0df552f,9263
K051275,22c0c9f7886e708cbcc679d212db33e31ad0f403c8018cc4c19cb841ca9822f9,7000
K051286,938793849940eada63934fe0d94158dde0b1ddb5610dfa9a62499892781b704a,9136
K051296,6a3cf5192354f71615ac51034b3e97c20eda99643fcaf5bbe6d41ad59bd12167,3
K051306,24ca3d0b2024fa735fd4162cdb980e6fa7d03258da961b4cbad299ffd0f3ccf0,6539
K051309,25bdd22818a94bae416b3ce51e22988a7c651b9e14f463399c6a6fd93a02ed18,6192
K051310,e6b4efea93a9478169fad6d5456e62c1408fd4ce12b2e978b002c0f341d06c56,6258
K051323,9d03c684d622dad3f069e626f6fd9e9f5c5864bacabbd0b8f30507397912b0ff,6779
K051335,40fffdff74e00814b517cec2bfc77733c491febc7f4c00ac7f5766f9e3180812,8453
K051362,6162bf70066fd061641460301ed8b439afa73d2d2523077b461b429453b81ce9,8006
K051363,7fb4833e60256fcaa215aa2cd9f618b17903cc5262953f8ee76abf21e374c534,8205
K051380,e95784971f1620c19111f906fd658581b7e7c652bb0963653ddb682699a1e22a,7984
K051385,8f79b441ee4a6ef5c920993ac4840b23b616df201fc3bc1c328b192f643cce51,7131
K051386,545c38b0922de19734fbffde62792c37c2aef6a3216cfa472449173165220f7d,4
K051406,fa2b37cb8053ad1d42a9b913f949c93e6829e5558f9c2822d4a80f90fa253b10,8287
K051408,7c458d9ab42c05760e0efa182edf2c0e9b953ea62b8e6d99373b90a7b89b938a,7135
K051410,b64c28bb808e43c4208e7ebd553580ae31e1e6905e5861055ea78cf14339c54f,6244
K051411,3fcc70eab53d6559ab5ebc6c415b4516c9bd035c463b817c010cbd7c7e729f93,6601
K051412,2413ebc2e839bfc5a609cb71ded363e53bea850cf1ccc25bb1779bdf897e77b4,6168
K051454,bcad2a54fe7a5649b6d4ddd9c3c1601be521106d6a19cae7a204b25c85c4098c,7502
K051479,4af0f73197e38cbbf3e79fdec736776f8e6108bc47b455a13e3033d3b0747c27,7753
K051491,3d9942251c92db6800d929d813640bb97835df4a486c3fb38382a564a6ecd94c,7757
K051496,21a506d6e7fbda0f4c5d24343cc766425e94b41542c1c538a7ddf1886a9a942d,8264
K051516,8e05d2a301443d5c8e255f228d5bce9e4c5910a79214bcdf4127061a2f4cb444,6028
K051525,4d96589b61b0f2c60472a1169359657d1ef2c7313d6590cf7d6cd3f6d7e6b52d,7254
K051531,a6224128ce862d9423b4cf2ee1a2ed13de4e96f6e3b312a722e81a92ddf3e5f3,6431
K051532,1964ba2cf044b51760bc2ed44a8f70223b660db1e928248615a1616003684fd8,8903
K051554,09bf36c3f5eed2db4ffb263daf6046d2a3dcadebcff01ae6b84d299f4b84f9fd,8246
K051556,30b6d909f8e73b133fe6877c3c70817503fe0b82feba16f564ffd88ab57e7878,9794
K051557,8e18e17d98b03ad77067fcc65928d56dcc2aa9fd7856ae162bb417613b8067c5,8814
K051567,7a262e9862db747502158f90803fc270de4f8b340f625166d109bd237426f7b9,7767
K051569,61fa99d1f4177ac543b5dcb58489d0038137457a04975586cdb84cc8debb5099,6289
K051570,94823ef67d566759cff065d7a43a23884a410b34494aa2829cef1391d16d9f48,6540
K051588,736a73ea4c2af9905a4bd9ff57393b518bdbccd9d84b2c9c802eef728e21f720,9414
K051590,72aa04b3ea990e67580a32d22a6f8bbda89533b88eef5f9518e33e0fd098f3f0,7175
K051600,83e9444678bd267bc30756c5e98e32aab0f2f622ff6a0e40ee396ebf9db8577f,6868
K051603,937fd7104913ce7c2c2ea42cf6f1add635598953edae1d9af659e38ce6468881,5740
K051605,cf1abb182c20bf7cd8040345aca3fcf8d7efba5f77edefbdb6cabcece2ac35d0,5209
K051611,c35a9ac6f7b3a8458a043196b8abbcb40aeafa704258a189b3c2f12a8e074f4d,6913
K051615,9f1e2296e29d70872de5a4ffefd10793a83b68a17be465013763b9d70a482b6b,7137
K051616,ad733b77be6f238fc40773d18471f0851677a626cdf5f0da6f39a461b6eef31c,19954
K051617,aaeee7cbb2fab278c1e15a02678daf12a0353b3fc4f78ad1d464aafedb5927a3,9854
K051623,da1c4745a988a1febe266ccdcb2eb2406452d8704bdaf0c10591c5710549d745,6288
K051624,c7eec38504dad134fee36cb99dadea8e5e4e08779fd2b985fb5d1d2e4bab2818,6427
K051640,087c2b7dbe097f9229ad42510461cc7a84ea886c74ecb36dbc9c91220338c168,11029
K051642,7a7465ea91cef4a014430bc6bcdd011c10a6c880d60f80bae1b0ece81ed04ae2,7395
K051659,e5c24e2786988f00328c4dfa38c3700c34b563a14d45482ebab8ffa9e5de6a99,7710
K051663,6b1ff6744d5dd6fb113dc2bf848ca29dd81376584978d2322bed12123819cebd,14211
K051665,25d2ffe0f3e4573ff8d968e3ec2c663373ade6dea286624161486190ad6b99eb,6873
K051674,ba817839158ff8cbbecd2a58bc78f255ce6b85259f72b569db62fa5edd4217e6,14697
K051678,1fe5fef965022ddb7b35ec92984fb86921ed3113a28b020d30f970caa59b0a2c,5977
K051682,8653af414feda71083c9493a0d65434129014479c7e7d32c167a699b1e0b83d1,7172
K051697,7e0a804e451a0cd95166baef115358201c5c6d34d0f2c9c3d32a91c0d6237cd1,7707
K051698,e24321d89a9e6a26bfec5d7ab96a40a45992b1574f694697263ef8d162adab0c,7325
K051704,300acd67dac5491b2bf2c61d58e00f6dc22c2d48de8820769590206cb3e1c4db,9967
K051716,92430c9ef81f82fd6458852b38f9b215295158da10f486ee7b0eca81aca44f46,7776
K051722,e7a16a08289bf638b16da41b15ecb143244f8adf684626770081ab152c8fac82,7138
K051726,3d6f8961f77e753ac99230f2a3209ba4b79c3b0e70833df6c4e43b159d08164e,7923
K051728,62aa36a0669b46b03584bd381abfec9a9ed0247ba81d0321f8b7d8b17063bff8,5767
K051735,983f99c3f6bba39cb390a47d333e97324ddeda0cd74b54636e0be15c0b8cd73d,7288
K051737,fa78fc69c5deafa6eacd9401bbc1b6431d93641189e3094b4563a61409fe2d7b,8197
K051738,6f60c896a5167eca072d351182b2bf2ebe694b749495ab257006f79346586c78,8111
K051740,712ff167750ee4735b97f2232f6b51e98f7c6585923c7636a7f0b092c1c37f4f,7440
K051741,983feff48c735a21c9f3414746a74872aed19c07e5022b4a28c8fb90416c3bf7,6732
K051747,a829c6892cf5732592e1eb6f2b40c5301c0cb39eb7c832d1d82dcc16f3c4ba17,5954
K051756,ce92e6a68754fa42d40d09b42cf42366c9ca2281c97803a2e480ee64c3c228fc,7230
K051764,591753d97e6c8eaae36355d2bafec3b6da9e65782d1e9c6bddc13eec6f3016bf,7434
K051774,f37226371600244630319de131f7adcb23a2ee19ab943705f210657164a20361,7728
K051775,b9938c1c6a3649f51887932632fa6d0a28d4b94bdd144816414a6240bff7e9ed,6338
K051781,0a7272af382859360942c98c7d32b071b0dd6a2cc0d52116511c29ff319b468c,8449
K051815,55ec3fd00dfda7da314084805b4b9a470ee728cf1ccbf0749abd5b076d0b01eb,7162
K051821,7b2d31f2ed928e5ab1a6ef81a8566f196751c198c404ee9e66cdedd3a60268c5,9107
K051826,37bc5386038f0dad5d5dc66ca2519b8ea0666acdb38cb2909edf3c897fbe4e63,7690
K051843,7b9ecc4289039265c4f3a29a860f785203cd3f247d5c0f8efc529bcfd816ecd3,8402
K051844,6ea4032e45c0335081c0e2be2057c226f5ab95bc12ee5548ecba880d9d35c2be,8018
K051858,f9f26964470977a876d8a615f664667ed0aa86c52d9aa6026224e0f18d881c2e,9696
K051884,d8eda34762c3d6113f0cca911f0b5bbfed078def17cbd3d8cd76c9bbd124f2b0,7195
K051908,9cecfae61ee5b25c66fca33a28d3f697dc1fcd5fbed8a1e2ce3bb4e2f6f450c4,6507
K051914,fd1af74ca2bd5a1141bb581c6cea9f0175d524e02ebf5c7e50d3f6001305a2eb,7098
K051942,3dcd38ea590294f9bd4762fc60e95b2944955b2df9719b7383d8f28b1fbaf832,14049
K051945,31efbddffd7aac477228b8ade4978f2685787881ed8d6cb866b920f7b7ecd55d,6437
K051948,c7da14386d14ff0ddf3aa04e47b26b30952ba997f9e8fc49a36dd0f8be333426,6950
K051951,05c51cf006f0abe604cc669e499752775882f97066853c25fea351cb3cc5e43c,7846
K051957,c3252e263cbab6ff170588fe925a346ebe1b1abda6c70d1bfcdece49b128768d,11821
K051959,15d31b131e8a7ce4871482eb75b984f9f098b09ac9896f765b869245df6a919f,8587
K051965,35c9e3a18753c41c3b73bd50785f3a3bed1cb2211e5c78443a7704fb833b38a6,8695
K051971,8d2a0526146a06b698d8ce7adf6fce6d19105d752583c9ea2aa3a5254e87fa51,8667
K051973,5eea8bd9f489b311676cdaa4a3a1fcb32a6ff013aa4d29daa0c7348b140f8675,8693
K051975,98a01049f4125c577d24c056c5c7bf66b815ae7d4fe540ce5a001d137affeda1,6341
K051977,90c6f40c512cf4f10df0bd538120fc523ae09a76fd0fafe28e75011091876231,8958
K051978,e8bb8eb2c65079f68b9e55a2e507c149ca7a6097eca4edf42acb2a33a893be3a,7888
K051983,c5f34bfa94f79dc9082d27757d452921448ce1133bf3e5e14d1b9c29ecce58ce,9061
K051986,49b37795805e69734957abcf36b71ea9bd3095941dfbc8a7fefed8ad96a1c77f,5371
K051989,965c4d50690c4d218fc341af65e0005c3586593e3b61327eb2d62b471865b8d6,8194
K052005,959b04c45b37ccbe525fcc59108a653c68b048454cf80ef587922165fea0bb2f,7137
K052011,678ff75a67da4264a266b39054ae00a2a1115064591d707e70e1167e965dc940,6549
K052026,294a084254b1af89e2d7de591e79da992974277a030725ee329a1140d3c07072,8664
K052037,76fdb5494bb85d6856a0e61a6696c71498e48b4de80d346803478a8ee6e9eae2,6808
K052041,41ba9064c7b3678a3c40e39abb4f5efa295d9e0fb13e9c46cd9c96aabe691265,9504
K052054,e71e9c2be2d241cbca4323e207bb792412dfaa89b378e0f1145efb8c820ceb24,10219
K052062,7543bde2b6cee2116c57a36db14edcb51aae67cf34b5df4140b32c62f77255e8,8044
K052064,ea25813e32c91b2d15ecbda8bebce12ae79327fcf323f452c34c9fbfec5d7af1,8034
K052065,cca309e9d7a5a2fb519edd10b7a35038af3b7ec3c1d52c88c2210aa1141dc0aa,8154
K052069,d6d7f07e7580ba7380ccf2fd011d78ad1631a45a73fd70d9f9bfa04ae0a85b0b,10209
K052072,6a03234d903c3ce14c7a44686e0254553411a4b1d1c53877b7b600cbcd6460b3,6802
K052079,d911db362af3a47f37fd26c97779a58557865e4bca2ba21358cedfdb200de43c,7796
K052080,81aab19058e724027b7a257b118011ef97bed290fe47e5afb2587860fc8fc13e,7136
K052086,c7bf169d551f557ca383b2eae464ba243dc1860b230e3aeac6b3aba3652c68a9,7618
K052089,559ccc7b3138778c135b1c218845f23849e1c32b97278cdb419c07481da2ad71,6615
K052096,5d970768ebb60402e95681315c73cd0e30a7f83a00916476a68f7306ea1a50a6,3002
K052098,96358bd8a46e250a9536065ddf060a2e81c66c26d3fd8fcbf1c2cce2541fd76c,10532
K052123,ec2f9535b7aa23b8fc1cdffccc5c044dbb050178e1a55c787d3a9e233d25264c,6211
K052131,1352dca4072dd1cc96db7841393f26732ae10f3d1e41f31d7dfb3af2713caad3,16713
K052137,f24574244172fe622608ff074ec308bb704349b32c626f9a41ea2ac0aea5adc2,8511
K052144,4a59b2e5e412c5c9e218b19cfd07eac223f30eda1fab149071a670a5c7b1d7ff,9774
K052150,c65683777898c05f3064da34b787f46938d5238369f9025560b22af37edbd1e9,6074
K052151,a857e97455e0ae16194a2c6593ccd18b5ae8819f440722ad27e1f64eea6c94a4,2930
K052152,81036247837d4080e0f65fe16e35d26f180ccce5d50b5209515503440d1f4646,7649
K052170,4ee1a6e3db4b6454c56c7046bdf15b6b6774cf9c4626b54d7fe2e2728f12c99f,9622
K052180,399b9b38bda20e26e86a1f1fb09d617c0c22442176fda3464c72559ae2a4795c,7469
K052181,32375735a7b7f808ac4af6f4c0920fccb02bfb2d10441336c02ff09ac7090c07,9498
K052187,79764928675ae153c806ca807dfbc6126b3eb0102234bb0ee54c471606c89897,14884
K052196,c78b2f332570c96c63c4c6647a007cf300102ac4c9bf2c03cb817a2915e30975,5562
K052201,d6a61e182b4d73705293bb5a566657a6b7db03900213eee3c526c65051567a50,6552
K052210,781e8d1400cf3c4616c5aa66fb4618b0c306b7614d0159cdcaf12a30bcf29484,6868
K052237,f4405af94c9bacc651b52a6680dee981bce5c957426d1fab9816f475b8eb681d,5872
K052239,4cc93cb2fe465fd73ed705df165f2a5dd26102f6e5b96ae3bdd4cee4eb6c6330,6503
K052247,1bf16a1c79774a176c63ab85202b61d59c8eaf02bb7c8c9e6dbe2212029222d5,7254
K052248,6ceffb2e6d686c66e1c66d14acc14c9fa394e1a11ff1957ad617dc37ffa04c8d,5712
K052255,86d46d6afcef39f01e0558fa37222b391400ca4b61c4d9d4934e90f0bc51c8ca,6767
K052261,534658affdfe9b895c02c94c106ee5977d334effbed7687ad9e40ce4b4cd398f,7532
K052265,661a0504301fb8f887848004efde56815b1605358a4f1e5beb8bfc59d37100db,6815
K052275,c3989f87478e9ae179ef6fbd6474350221d7ea047ff323b9ef04c22f67769137,7548
K052292,7cf070d1c63967cfdf38913b886d914c527f1fab477a51a6454643ac074c39b3,6100
K052294,6ad7c0833467a8eca70deceb5b063b706982e7a7b8fca1ee90b211752b94e8f2,6033
K052317,e4864ade4a5eef97745fdde6aeab456b98dd63fc5ece50ab5269315d9f7cbfc0,8199
K052321,03cc11cb3a89b5896d979a27d6c8da1b15d2f2b83fe9fe4b745344c6b8a43e49,6887
K052368,edb1da03b5279dbb36fe6aa453f4d576a7701dfcdcd085964cb8f8cbe04d1b1d,6677
K052376,44b65aa9397c8b49c19d18e64f1ec59539a9660dcce4c5303480ff3d089a38e1,8709
K052384,cbfa85ac066857df6d3a705c1b2568e53fee04751353da10584911331328e342,15186
K052385,da87d6645d67f6d87afae99c086716a527ef06ab97cb528c5db8029ce0b4453f,5844
K052390,91db6637fab4fced66bd049a60d951cdb05309b36659a97675b496fd6a53ce9b,5593
K052398,f5a987d38bc57301ba4e299ec61d93c75e24a70dc978ffa89d6f0f996ff1c35c,8306
K052402,545c38b0922de19734fbffde62792c37c2aef6a3216cfa472449173165220f7d,4
K052404,766114fbe02792bd8aaa698862bf5cd01865780186214d9518bc852d2d8d5fe7,8443
K052405,97565c68c249b12214ab4f528bc4842c122b9f0f0a45d1ca32eb219c0418bb61,6064
K052406,709bbaf32390bd59b9816c484e6d8e4f937cb19ba4c3abd82078d22e7e2acfae,7209
K052426,3dbdba3e4122203c64dd5ea7e608fa42e365b6866d8293f5ac96966d3326d0fd,8106
K052472,d0c52a1239f5d14299c5577d9a56d6c8af282a5f259aa69d7f12ae4ecd091cb7,7497
K052483,c9ab8555f60d8f9878393c022d246d064de95fc64d241c30897b371b14369201,5570
K052491,97b3e967ae25cba98a7f29255a2b1b390e544c4ba64d7fb2a2bce710d52aca62,8126
K052494,7dcd370cfb81d19f9e18a4b7ddf04dc761b996ee5016349d8837a7c4785a929a,8559
K052498,a2262566f0a03bd0f44bdfb260cbada804fb24b6d755cf4145b5935cccf8013a,7108
K052533,ac9cfb921e3722fe1874843d28f8bc6ce6225840030d9d9fbd7fd4003bd86e57,6873
K052538,c6ea2dd948835e3ce19ff9c41a1714cec321aaf698d75ac7d56ece13d2e27460,4965
K052542,2b619d32192d781559e8443c0fed06a5b7ea1bc52727bd52b9b098ccb9bec67b,7091
K052546,7b74e42ee7de0a95728a14f7310db2b903acb19c532a0acf3f6eca1e60e51574,6802
K052552,8437a79ad500116fc4bda60b14228d074a18b4a2ffaab6ff77d6bf375869537c,1644
K052566,3d9416c29cce3fb1c7ec10e39c0863f6cc30c181e8886b6ef5d4ceba8b9fb6a5,7366
K052572,4030eb125ac883d3ac694afe9fc1b12f772c91a42f16af7c09c2650434eb3b51,7005
K052576,e5164a84877734135215a0d03b30726bc01ef69614536414550bb8fc0c2de7e3,5883
K052596,6a3de95d52b6fdeb886f09169fc37003a9d70e680f90511a2ac1b3db41395ac7,7699
K052605,d574c0823f86875f98ad2bcc51f9378d612098a5bfae030ff1a9985c8621820a,5027
K052609,cdde5af58358e6b3715153a8cadefba3b2cf02bb2f9bf9b3b38d1215b44598ce,14669
K052614,eb39031c979b6c09e38a3b261312487e8e91a630bcc600602ce58dc0164d6538,6352
K052624,82cd9beb2fe226c630c8d6f0d80689aa519c2bfec8fbbea02c28126f6ebdd19d,7532
K052630,b4323fd91fb87b0c2eb27b9f3e572dd468d648326c92b69e051782d833c69b63,6641
K052631,4e135f39628a56500b898a82a86d12bdae7a6d7088a8cc409f504d00defb38e5,7568
K052639,05b3314ef223477197f720e3c8e6186f460dff3c15e74b39cd694873cd708107,9177
K052641,f716d812ac7877a39aa5389e4f03443aac06d02f7de6d54c73196cd77a1beeb7,6549
K052670,5649e911c0d6f730f1b641b48db462daa328b989c87c078b46d9faa412d31c72,6626
K052677,d895bf0b561c47fedc62f667ab25df451cbf18c84d7edcd697891829db9e9708,5991
K052683,4128dc278ccf36f95e7d9518ff3e8af0c84650247cfee9904fe979badba47209,5323
K052685,85bc81925c08e60003e8b99c7658a2aadcef99c3c4018a502293bb3ec6a0284d,7027
K052687,761a3e908a3e8f1ee83b1d0521e539a49ba2229e6db81e8bcdc5422bcbb28a9a,9982
K052718,ea085c42bf0e1364a5f4508b55cead11ad30712dc19e47425e51c105ccd07db6,8183
K052734,8a97c1b23f95b89d8f1990c8b3e50080337ea57d8deebee4a948a3825e060266,9516
K052735,ba60a753816818714f45240a979cb2e557b08af1a60b9e68ad044619dd92cf2f,6980
K052736,6a17aa9a2d873043e87843101297d95ed516d115146d9cb5bf3412ede7ba4eba,6672
K052746,53e1aba7aa8476b7d2e3e984f6fff6a10236382f414673a12b410d92b208af68,6917
K052747,d088784b7ecb87f1ea17e6f982fa968ffefcc07b79de6ecc548fc00242868da6,6
K052748,da1d19e4c6c960cb7702e6173e6f7fc8d6822361b87e7c3b6265d23333ddae34,9743
K052754,54912af40f7ea1e14d91727018dad5fb22d488b2186193d4a3ec8c119831ce32,6430
K052761,545c38b0922de19734fbffde62792c37c2aef6a3216cfa472449173165220f7d,4
K052763,01ba4719c80b6fe911b091a7c05124b64eeece964e09c058ef8f9805daca546b,1
K052776,c97f12010e1739168b938a8bbe670df221cb9acf57a555538d3b8f6b139a7aeb,7120
K052787,eb176dba89df2da8b6f5c470ca9cb1c9c0a66257c232580987b19fb61c40359a,11128
K052792,c18feb211af932d62e7a20145a3c78086a274fa1eb292b637c0b2439a9348e4c,7630
K052799,fb93336e478d28aa2384f74e9c232305222dc26a7c1250cb836c70d4d8d6c84b,8567
K052810,b10d902c11bf4014f86dfa0e75647bdffd13a8650cff0e35bc7a8b9aaa955996,5843
K052812,ea13ed2d1c679801444a95030a0393c6eaecd3fbf476e6c1f1dd73af37f95a76,7489
K052847,ec3de2dedb0b9e1e09de4cbcf4a7f617115263f0684fd29b66ceddece48f5f58,8530
K052879,761b55d8b173eb14a8dae6e9225f48644387b73d4de2a66f4a4e528d2b157e37,6958
K052901,54082eae8d67085a270b1fabf2a0435394523d1d63b7c7e76bc29f03b5000000,6044
K052906,c0af56e06ffe17a1df538894df70631916e4e9c2f2aa33d80892b44468c271cb,8838
K052913,2e077ac6567aa4f8cf4ee2ac9a1d53061abff0491fd819908bf8970db53b4976,9314
K052917,0a1c651f6103f1c5c33647dd40949f9350865499373c4341ec51bf62343e826a,8778
K052918,b06baa23a0040f5400e7edbb85c1df3fe4194fa4e84857b9c7428dda99b17ec4,9676
K052931,8cfd4fa24c3b7ec5230052b8adc02cfbdcdad4b51dd81181fa5d0c7ac9fe60b9,7529
K052950,1eb426ac7fb1034c862750b91262fdb67f1f08ff935f03023ac83ef69b938e5c,7781
K052971,96fd3b1200e9c0e43dbcf3b18275e56ad2417efe842befe4614d247282edc142,9327
K052990,11542e1eb13f979e45f26c7c903cd9f6e5dc1d00f1bf06c01de1bd9c7a080d46,13231
K052996,453a1746e3115abf5207ca69c24a6133e77fa091bf399784df45d990132660cc,14414
K053002,174f07762da44792518b2a3066433f4193ca69f8848438267254cb088d02534b,5717
K053003,fd2e7d47fe3f660acd06da6a825a9c3114f01a487c7f530d65faa687aa84678d,6350
K053038,ed1f06e3dbbb47efef613475c801f437abd1285802849297e758a63e2b06a86c,6593
K053051,8d8cffa85f3b639198d35f588b7d69bf2a64acedae9ed3fc615715a5e6819db6,9578
K053053,097fb2324eb3ebc712f0743ba886ceb0c0019dc05d51b53f96f6fbc7a5e93369,6554
K053070,8a41834b0f10e8f15b9ae811d6e624a05b15420b9337480faa6f63298183e266,10108
K053080,3d25e10e5bec513b5e6892ee7cd1f9cee9d1a1d560e430ead8f0377065122078,7996
K053093,c6479fb424257a14b41b0c0aa1f8c8579854a8ee3d7228da8ad1fe88d52d5d38,7320
K053094,6aade69bd7c256c5977d5699bb77d2c7b9b1fadd2da99d928adc14c403339b34,9449
K053098,4834b0f36a6e3c55b89e5bc3372bc94d79b7649f1482a11debc0d09ab45eda22,10074
K053101,70186451c12105ec262032e4d60341e3e87c1525d5f6c7f37c1fed81a1e54c10,15127
K053105,f1a6171459bfcf76ee63e5694eff5177d296a56111d21f7d4b62b12225c4130b,6271
K053115,68866bad9ce8a1db37a4286caebac5c0519a11d7412d00a7cdecf5c737aed6d1,9618
K053119,144519cb496a1999cc5f372ea1bb523bcb4a5a586ba9fef67776b9982c530160,8908
K053136,cb33d23ff9fae49ecc35b56f4c76c01eeef9afb0c41dc894edb8df4b9d142085,6154
K053180,b4dc510cca9cffa739c52840af188ea05f5c92692e3b3b6d4539e923659943cb,5661
K053182,8da378864a7cb4e9751b0310978569b5e2c06562061ad98c2fa237ec5cb0d4d1,5919
K053189,74c65d66ace6aad2ee1d009ee7c03dd5900db2bd9339fe31af097cebe25f704d,7222
K053198,2cacb9ba85661e8fdc460580f8a747b2896abafa0da8aef781c142d6111534be,6786
K053213,16a35ce75a86a89dffd25d7b6dfd9ea891ecc914b405f6277f91e01a3b54a68e,7156
K053218,b8e5b0c2b8d37212ffed71395597293920135d4fe71940a0b04f0a04eefcf699,8333
K053228,834272462edb404c30034ebe4d581ef50cdcbdc1f798f493569d43f05940cd2b,10374
K053246,2163a6979dae82468f701bff15c26b6715cd37b55edfec636f3e497050235b3a,10023
K053261,9e6c5884da1c74724b90b0341f3001718532933c7b511a15d4e08c397f862b28,7067
K053274,5d74f4b3a1d8a0d0d992fca9c3813a5f7170c04353b28b6a3adede3fc8f9cbc8,7466
K053276,80b48bd213db860c94aa943774d55f8769732cb4a4e354ec75d0aee77cd77fb6,6898
K053292,262f8ecf8c6bfef7fe47ccdc0e344c26a953ae9332e5dca9274d17a0bb6e8030,6726
K053299,e422399710bc15d47684f46ff09da9f4606e460e941f2fc88d2a149a65123ef6,6290
K053319,6a76127c9fa7b189d8929cfc27816e67095616dbf1cd497f25803128bea2c2b5,9365
K053336,aed51a072fe5be462851c850c8339afae5888a0855f5dcdbcc70bc75adb8d16d,6145
K053338,fb984d9dc2115d05d326d80d73f90caa6763cc91c48a6e59708e3821cb18b9c0,13098
K053340,e55e0dded1863e4366bf062903f3041640a081526d6167f7eedaf720147da468,8422
K053344,c598e8b33960106a92e543d6cca4cdfd319986fe841f340ca8fb67fa76d7af11,7189
K053349,73c9576be7baf77aebd29de88942163c22aaf65590b5778d3dd8e4a2a91202db,6795
K053390,17d2111c215693e1371ea1b15a5b82f852e0d7635e3ceaa21a7a7e5d348b0488,7566
K053394,4314def819dd7c782d0475e23a6a5eedb75d71612ad2f8ea955619204a5ce0b3,6900
K053408,b0df29d6db73980f51dcaafb0fc5c8ff1ae8dbffd4dd70e25413f211ebebf709,8254
K053417,69ec73196c436073c7682f02070cb19209d4df147f11ef20083f9d2122bde6da,8259
K053418,7beb170c31e2f843e3efba92c40cb1564689a11e1cfa81b0ed46e2a3d5592dcf,8161
K053445,5486c6c20ee1394cf3b91c6d38e6d8f0591b29425175632694930b909afa553c,7048
K053461,976641beffe1de35f319bd8470bc067d1fc9086d57a306c22910432bfe98b932,6033
K053472,377f054f21de4f7f5759e404be1167eec90ca9d40d5c9790c124729f7f1e1f2e,6771
K053474,6a6c9e6d8aa899aa83c4e0628a5dd41251d7834a9748b671bd7e3bdfd90d3d8a,14742
K053483,887ece953e3a7f676a4e579226dcf4ae0b719b133911ec060618faf362fee106,9526
K053488,fd585c9ec3d7463087ce91f214a4c8a0047042d5e371178dca059a3d4e48d2e8,10423
K053492,004450edefce1c43b71ced524018a68cef04b67a0dccf89607ce8602802baadb,6038
K053505,ca2a9c4c699b0d33d897fd83089ff59bfeaa39890732addab2195827ba89e5da,9614
K053508,025786fced9a40e0d4ac905937a63b0111d9b0f0dc38b155a039e1982cbefa95,7057
K053513,1f6ed05abceb8aa0927b809376624d8d15b501122f62fa926d04f8f3ea071732,7282
K053514,d143cc1025970cd535d4de46ecb29d5a480ee247540426fff066c13d43a51c12,5122
K053528,997b92cc9c54b0c7194b162ff03efcd288107acd95f7ca58ea203152d65f89bb,7018
K053543,d4ac5604e3652da854669ea89aa2134dd66d6eec7670fc9278f6b09a7833f36e,6780
K053557,5d057278db8f6e967cc4438cad1b9ee6bb9c54fe93e5b9987acdfb610b6f999c,6056
K053561,4de6e85bdf1097ab1a67de64793f234d6f26bccc36dbe8e00b66990c253c9695,8158
K053569,de55bf337b062223f96b359fc4013f27f5e5ded4a53704cddd3bba73c5dd521c,6570
K053573,7dcfcf0e400d2de5d00f744d46496fc0ca02ec74a90be669013db2bcafed834e,7827
K053579,3725166a1bcf57679d1c4a0e5beacf994b5d53f121e9a626d7fb0a1ea4387d80,7813
K053581,61c20c7fa2de654d77804814d1ce0233da83fb7406e9dcfd1035f755b653927c,7075
K053623,dc2db5c0f76af70effa5ab1bf5917f6b0a3f1dabfaeccf10e869cb5183f3dbf0,7326
K053624,f01d9de2f63ad0f98483c6c193fafce0c43e61751fb82ad6aa3ac57d66099fe1,6205
K053642,60ad1b098eafdf21a18e734fe90b2828e82bf38a5443450922c645135901121f,8723
K060009,075a679dc7f0cd4b65787fcd98764dca7b184e2f03d5455f7f2e1c3534750040,7359
K060011,32826c54a1883cb4483a846fbc4dca4f4f5f8df9fa009c86cf779240c88133e5,8519
K060014,f78f0e2c444f3b64f606dcd3cc263e11c8bfa8ace64ccd52ccf86d627505ddec,8965
K060017,7553873cbf73dc5497ac1df3b5ae5822aca5a01e6d5842a4b83d856bd383deee,8536
K060025,9393dd4287f28a4bf9b6310431e0615aacac443a4ea1f4495237b49099660254,6647
K060026,08fd824346dd63069e623bdccbee11787043543cf80e59035d8f64b809ba2913,5970
K060031,8f2926925dc2b58e39b9b14b6c60ca78825e30917e7b4710b317bf714ab60886,7840
K060038,0bd0380676e7af992134da3bb75b7da30e2dfddf02575909612d7021b567a780,6533
K060040,531904ca92e6723af882e1dd0316730ae0b9584bc76e8bf211508675e4223909,7880
K060041,4e220201c1017cfdb61e24c1035f4cf9fa2661ef82858544269fb186758d6909,5065
K060061,61630dcc81fb2a6d531915e513ee45b534885787ce6c3ddec51ffa80fc99c974,6539
K060071,66ac374d1c38873f4723771f959b0712a8fedc2f26ba6023ec160b3495a162e9,5541
K060072,3a6930af5cf09e70a88fe09299e863d618235da2de12c13a8e6827fb0c6f39af,8146
K060081,d9feb95feaa1ad9708a29a16e8b9e1e22a645cd86b8d70912e70d2c67b361141,9822
K060107,928c34301ffd6d03c7056a4798e0ca95b1c1eff0d93ff7ae87e38104701d09b5,8806
K060118,77612623bd2436cd4f2a28c6cf681b6fcb98eba17f2802e2af5e1ec4a5356a5a,7620
K060127,f65f520cf423f115accd6404e2fd69a7845a62b06a57492baf813ed19b7da4f1,7339
K060131,481ff215310a1c88f8cfc3787f837a8868e8622505b69737b7ad6a2a8d8ffd14,7242
K060148,8a16b1405e41e6cfbee52134a0ec9f503ed710d375c36f9074cf2b93c7bc1e1a,6232
K060152,ce08ea89e15f38cadfddd4197a6eb8a0b0aaa6f714409723261956e4082730b0,7127
K060156,b5530895922bd053ded5724019de0ea7314702a17cf5a6fbd1a68404460c8bf5,10441
K060161,b41fe7047726f96c370ef6137db118bae4757aef458364ccb9f183c2e903381e,7425
K060180,3aa017700c8bf896d614c0dcefd304d8c4a2aa10cb7e3b823aee7dd131782f7a,6441
K060192,4f5656dca54e04a0ba9b18e881e35b95229d8d92de2dd7b1a0da9cb35ce61a6a,8378
K060203,a25cde52617dc9dcaf2ea6b71627ae7ec4dd482d3e5da2539c2cf8547d1f4ab2,14676
K060209,e88d00e104e9ada2aefc8edd7d750eab4a31af600015a9ac52790700ca8138f7,9351
K060225,55110dc206fc22b7de8411db61cd69efd7f0f9cc8cae7e1261e3183c9709a7d4,8758
K060248,906ed69042ad4781f9c769287048483dc59d7c5ee2caf618b225fc9edb6f85bd,7713
K060249,a43c0905c3b69f0258bd98315d5dba5b7d7ce1158f36b282b013d7909edcee7a,7566
K060253,ba1cf4f4e35ff46af6da7322606ec8356290f5c4fc9ed2fd9aa789b309691b0a,6610
K060271,71af802a9112f70e593149608fea508e0807255289fb9135f0910639a97b2c2e,7045
K060283,4768f8528264589ed93fbc5d0bfd04cf7333bc557479725ee41d37358496d68d,7998
K060290,ff00c1f65961f6b8d98d18545625bcd7407fdf5d17c955d20b1353617d9db177,5855
K060294,9134d34a78a72d0d5b08e120da693d31ac399703517037dd347bceba5b0c31d3,6337
K060300,c4b140b6dd553e42e5703f3f01cb8518418741b823020224fe1aa684c301f0f4,6371
K060303,dcb3aa64ae9dc7d85344dd53ffa69e9041b6247f2742a849353f2b5516472d15,6944
K060350,0b8df345c9d3b477e6c1b09b79f57480f58370c2cb69423e47b48a088b458534,7768
K060360,a98e91403cec083ed365948c870980544fb23a58e98336a58f81e853bcea188f,6763
K060361,b2cdbe07985dfb902b70053c68af0a9cff8ecabdb9c5ab1ed4da262046dce27d,7378
K060370,7826012ce1ce0c533e01c5dee4e71a7aa54d24c473c2a5c79004283234cd0b62,8705
K060379,d8c0b6a7714c6b03db31a4a8b102034fcc3de58805ee7e22b41590cbff9dc98e,7230
K060386,8ee1694dd4e0e5d7454e3b5e466c573aac37fe1e99fe3f253b79fb5ad8f0122a,5695
K060393,a50cfcc48fe2843a40140988acd5f28726cc7ed28d125007c46d3d1f7d85f929,7433
K060403,5294d0ebbbc6493c1620fa28122331940f26bebab3bb4a2c137a0ae85791a5b7,6246
K060406,2987331983e3c14964ab0cf2df965d6df480958c46fa763b623a6d3c04180229,6410
K060408,3ed6a410bfc7ea5db8032877dc6194360da38c81807eb5d9a17f7875e781cca2,6613
K060412,ed60e82d74f14ff34b82de68a6a73b7d129179153d863c1cf226e63f4ea0e0a4,9043
K060416,64d8e77c720e4492a8651dd6662e5c5da51de59a697e5be51cbadcba2c395c64,9683
K060425,7c5a5fef890cd5efb664641a7145286d8a23525878a05b1388a008a1fbed285d,5833
K060428,5c4e727bd348648c9d3b1084b17b5aa7e99484bf3f320592ef6d954acbe0346d,6977
K060432,f8f7252fc2b99accbe17d1f7df8928702c766d7fd58c7c71bf4f86d4ca9ebca2,8960
K060437,6035c51fe509e858724ae61bc25a6758b1df57733c884c3110236365f5485bbc,8280
K060438,c6933e705364b041a39ac69c3bfbc708e19bf72fccc9944bcff7a7a29fcbe881,7518
K060442,c34be7d350a061fa89f84e290cb3f795f5f9ed408948cf100bedd6750e0a862a,7256
K060473,4a6b410592557bc321a4ee4f0daade24312c4dca893215a2cda3c6622812fb5f,6680
K060474,3a5d3ff5b15ba24ba85d226873ac82a34393b0a110a57506b025a06228379adf,6898
K060476,731e10cc9bda5280a7811e3f06be663f1286e2d2667a73e5430868c8515d85dd,7319
K060478,d8b7ea04bd6a6320473477c53d895f75dc36b72f47a7841f735fc03fb4587452,6984
K060491,0e58e79950412ad903aaa4910669bb8d5ab86e61e0dad2bbb0fdc121bddbb8d1,6642
K060506,1553d919851e280c59ff781a7c682cc9844c3993cf5756514d8299524447b7a1,7794
K060513,89c23dea082dbabb961223e785e85efe088de742bc36eea2116a7c8e36e600a0,13837
K060514,f4f09e37d8a86b0b333e87efb2fcb806301ecc58ed23adea5ffbcb5c03f04202,8102
K060515,1d24854a64b8a7913dd50f47fa4e3b0f24a2166b5f86834116fb157e76137f6e,7117
K060522,048c80e4f6457da45bcc98b3709cff8c3df3207c2e0fa6bf9c5570afce2c1512,5984
K060525,8525ae7beccc7a2be981d8e1d432c3b683901de7c49720b17f6c0c86e9d0116f,6736
K060535,d86b8f2a27551ccc42d74c101e2842ef70d75cbb0505fb3406cc2a839903102b,6392
K060536,0456cb5a4c7bac5eb66a9191aabb9a35945374c58f939c71b19d08f535d2825b,6337
K060544,ee04b93b688b4bf25fbc2fcec1276539d7c6b7748c7bf2d9722306efe8676195,7387
K060545,e3b6befdda9c1a17618811edbd35565a6f1e8f52d452dfc4a61ae5cae8cba8a2,6622
K060553,d662e0efa9a24c91425d2540ad2773ce3731c43ce341f9bd2987217c84cdb12a,7074
K060560,f5185e1e7972ce2157a8c01a473f5a64dc06e4ba68d7d580486df3d3723f4a1d,6453
K060581,68dc15603905db0456ede0d154eda47a61c896a1ce845f0cbccdefa1f2f45f05,6937
K060613,43ef3b3d0b438c0804ef09f6b2b2fea526ace7e979de2df7ac500510cccc6a72,7259
K060615,9c87d8ed34884d3bcd6325cab60447d98104821cd89553490fcf72c528b5f0ab,16225
K060630,2dcac6fe616756e08a06fbcc4b1ca7bf2fcccd22bbc538cc81b8e073bbca1d98,8034
K060634,a70873eb7e2cf7f6e923ed6f78da9e1059252f70035166343a04070c75ea8c4c,7199
K060635,0bee2792453c396e6e0c43c173f92ec8945a252b0c2950643e801f8b9e584608,9115
K060638,00a4ccbbe16226114ed6039ae4c427ce8efb21d0fd0f2c10f08aecd01797739c,7459
K060654,6da3e023f80d7ad48b9aaa7cbc94a7300ba2aaf56eace77ab076127c06b657c9,5391
K060664,eece5b35ed83dffee8a71b8155dde6c36575bc7b69357291d8b9c87d7cc4abc4,7320
K060665,fe98596065194bf24bbc529a16cd2e590024c893b3f0e6325fa873e643b5e53c,8401
K060670,1490a419714d8ee66ca43f9e8d87667970c7f7a503fc445f71a53d150deee60b,7892
K060683,c896de6e5ecddfe36328b5944db94891fb495b309983773c01e17b7364a0c60f,8218
K060692,6501f652c315e278b61ae0d6b1a3d2f044329a5196c87774d28bdcb8298de7ea,8988
K060694,8a457a8e6a4f2050f0bb4737e75224a6b779747614dfdc2702b090b954020694,7685
K060696,5513e42644e10ee4d4024e7b1d3e285999501cf297c6d84aa614b12b3e81cdc8,8282
K060702,1882efb4c9f4b3be117303eeb7765fc9393586f97302f3a1df79c39cffd1cf3c,7803
K060704,c497c5cdf163bc35a9c09ee93ec053e0e7c6378b974cf94ea381fb8120a1eaa3,8815
K060707,e670858628a955ffbc5f1bcd8a8320b2a157a8c9e3b2c09313cc78afdbf57287,8318
K060710,cd8995e491093aaa8680dae23f73cf70c87bd69ff53a970cfbc8da05e8792e6c,6087
K060714,3bd0c251192c4deb1cdf9f1151c138035808b140cc01e7ccde35f44943c21863,6391
K060716,149441ec0cdd0b01f992dee0749911298be1acc7dc73767833faeb0c8148e719,9161
K060719,96be1077900d07fc72e3904cb135c794e210d3603c305a9f12021557dc248c3a,7553
K060722,6a998e9bc1746e2709f7df7a0c12b8a162a923b0aa0cfd8da1bc016fe36cf564,7232
K060728,a3819dc092157e0d9eb78f181fce33e10c579f7dba47f5eff3fca7cee804abe5,8949
K060731,f20097c179db03a9991411249ae76d5d7d86858bcfb63381516252ee94ff5e5c,6969
K060736,68326d7e424b2131cad990fae701b981424bcbd46db7ca2d001f08ac37a1aca6,7393
K060742,ed7674b2c8b40524ff14bc86cb1ec8fa2c956ff81cd0f3bfb81cd0572feff756,6970
K060746,c69c9fc6d3eadca86b35e6c32eb648ad5ee2fbfa50e3e27b339d64baebc7daaa,5811
K060748,ec3d0119220e0172bc2f7db8dd34c4168427cf3a0f1189cf7b90ad4efaa9aaad,4333
K060762,94acc299f2f94967c4d94a8ae8506b89a7dd9ae61b57cdac40556bdc4c69ac41,7374
K060794,fdd9455a18a3141df4f50fbb259fe1b5cac65d5ecdcbe230c2ad567a1c940f17,7807
K060798,16774d0b3b4d54ad33ffee7344ee7d1ada9adf5e0ed8d2ddf1922185deb1d05b,8151
K060809,43f603fa1e32bef64ef8182f285a61b6af0e4904feadb4f15be5f3f8e0617b32,7323
K060830,73ea74c3dd2863a3bf4783daded6bb6b072b244ee835dec7cf9d7ec110fb1fa7,6716
K060864,2c39b786f873cf04b1766c8242dc5c9ed10743ece53838a3e07ffb6d9648af95,5898
K060874,f7c3401ac1921783bac9e41b44c23830d667810e8e56a2e4af63db9545e2bf4a,8341
K060914,262326607b183a3d105b9931550e75d04c2c386a601154522137599be72e749e,6491
K060916,49f5cf85300e9aea159c1fe69925375b430a08ecdfc5ed7844e2511819a103df,7168
K060917,c46fd152a17a978641fe74ca2c2cf4d95aea1217a8cc172b0bcc6398131e68e6,7150
K060918,b1b2b36a1c58368908ad88e6ed68fee62c67d62362a6679738b852dc062c0e04,9052
K060921,3e71dcb484469f3fa4532fd5f2136ab1f9cc9171fc4e5a002c03702fff4cd69b,6453
K060969,5dc217d47a48ef881bffc299135c6bb937d6000971895c391e7ff5f0b2a1b6fe,6847
K060970,85e090a8c4ef93cb3d52e63a997f03a92348baf8ac30e0f7b11f2e60346402cd,9314
K060979,e55ab7c62155d224b67f6cc68a5e2491640ef06d1e67869ab28814fb210e681f,9058
K060988,8fc7e013143fc3145a5cf260626087222d338b2ff3d9391dcd7ea723e78b2dd7,9436
K060990,6f515d7a27749f33db50a0b50843d127f8788481dcaa68df50d4c0b5a416c67e,9669
K061002,ecc18b8fed8ea08d2e9de42ab6ebf9f99f8892c6f35c00c5c06d866daf9002ad,8046
K061011,8804b89f75dd36bd7ffae06d656d795d890efcdf45a4c5e26d01277a0d318d62,6597
K061012,b802159479861e9ab56bedb8067750b3d0b5c770842bb01739d14e2d1dbb7584,5997
K061016,b1707934324b1d6bea4654e7ca95b6c9737a83ea0f6fe15f9fe1d9e6630a4a89,6283
K061017,b5013c455ee6fc2764aeb4c7b5db6ca86da210c155d30bb773f90dd9476087c8,9575
K061019,08e248b5b6f1ca915d70ee736d48cb99ee4f474e145bf8a93ea9d2968f4b714a,9461
K061022,b8445e71dd03a3709b12db840d7aa40d4603bc431627af12732496eaa2c3a12a,10968
K061066,bbc65b88e0dbdbb2dca3744a1b213d0d85dc06546586b8150abb7299df8c8584,7964
K061067,540700d4e28cb4a9eccda8b4fc067b5be51b057a4f81c4f8b7da00885d040456,7274
K061082,a71a9c9d5811f2f83a9cef10b49bfe04eef76250f2f3798c43399dd2944c68c7,6214
K061098,d1fffd9e9edc200694df4ab95c1d354ea99fa569ea0e31371208ce1e0409fbfb,8185
K061124,e4c5ee06b0e9844efc3a606c4357f70e45bb0afb7be085bf1f3cf49177e6e78a,6827
K061131,aec63891a621e1f884a2bebb7edb71defc5a22b49e6faeead09380746c178d3b,7667
K061144,25641b591ce4eb37d7817f123cdfb0797740e7f7eebebf0f0c2623b385a77fa6,6693
K061146,05f2dfd0ff8b9ca5f3f06fc7895568418ca55d0859e4ea92fa75002923602ac7,5378
K061147,0fa498e9f8a78df92dad0b77a1544078e433e373fcfb315e86781e123a55c0b7,8249
K061151,a533c3570b0c8399a7eab72070d3618404ce55ea6979d2ae7c58205847744098,7119
K061154,698fcd2231834188e26ee23f3f1277a5363f5130ab8e4eb45a4e51b4ba4866e5,6520
K061155,ac7b9b08f0d62a4331e37bc7e1ee57a952c10095e396505cc50e43ff6f5e6d0c,7675
K061162,bf375ef97f1696f7c13e32f768354a89b50c528df25b1110761374065f49ef74,8755
K061164,f01a2e77aa7e64ba308e1a564d873e7642dd6bdb5359f1c07874c25cb7db9577,7034
K061168,9adc3765169f15320f4503391027e812b825fb30a5e9c97915508b37e8db2fdf,6364
K061202,f6c6b5cb1bdcf22b4c3862d1f21a3cc17e18b83ed0f0e1c1f139b184332683db,10609
K061206,57fc6bab88508e4a1b3742bf3d2388c07eab77f9f4fdf5447ff97c2cf1f36a51,6174
K061211,545c38b0922de19734fbffde62792c37c2aef6a3216cfa472449173165220f7d,4
K061223,ce996a35bf7da4e27b3473dbb7e9283cd86a0a38aba01172f6cce34c44708273,7361
K061226,49c2c082e1b7efd9a39091ca445a266eb517f2b265ec954f1ae6e39c8b33630c,7123
K061229,fb866c606cdab78440a1cd6e9cf6e7d9f81d4138bed7e9f306e776c56b5a7f42,8085
K061243,3fa324bfcf2a5d0e1745536774cbe36cd44d32b3cd8eda8b6afdfae33b700697,7001
K061253,461bf6a2708d36e374930c390e1350c4be1c5dd202029dbf8a5f0c92637f71c2,7947
K061262,3934bc1005efea75d66eefa4394de56cb5757ac48f7835f056803ad8ec0b597b,5951
K061274,2cad656781553d9f7a3d0143155bbd5ba5a83e710894af6f46db7a31769578d4,6709
K061294,841a953b24a022c96d5d984670974f4c50d8c5dfc4d8fec1750073bec1fea258,6528
K061304,b72083aea424c6ba47a7d82ff6554ef7024136eebee83b4fff8a63ce0ade7dbc,9905
K061311,88de29ffdc5c9010febd43257a68a394dd53accb912da385a5bce07f19bc773e,5918
K061312,de82ffe70f3e1011d1dc28d162726f91317df864c9f2e8e248e08fd54673cd12,7805
K061321,7c7a02f55a4ae2bc4937c8dd974c7eb8ea210150b1db8627f59ffc242279a8d6,9557
K061340,6527b89ec010ffc28d47c11c0f50f063d1c52ed578667f7ca69e87ccf34c059a,6609
K061342,e449d8903fef48de73996f6bfe06add27741e3daed7d405dec03e73f49e8e000,13632
K061344,770dfe09473ec536b53caa54b92873ce6385b8d53c4e1da906810c2e0568f2ac,8845
K061349,59360e4d558670a4060ed262f7470b9504519b258d6da1c2349d29357392df62,8027
K061352,708ec2b1a81965abc613a30be134c0a13306144cbb4e423a4814c848aa7f6848,7204
K061353,7dda5ac4646491a8cf42ad2a7cead898c97f873476751b97df41885793d0a7ff,7501
K061364,0e5b7fa9600174e59b5890836c15c13718e2cca3e294acb42d0df8ebd0a39d42,8425
K061380,3e289d46b5184bea3faf57e841d99e6a5c06afcc47cd16563287c033e6f4067e,7429
K061384,c23f276988040c03d45613fd93de07454b44c26a9b793d23ab733df86f1dd02d,6944
K061385,394be2c3a69b986c6e8721c7b403b457360287a3ea09abcab517f52f6482e930,7248
K061389,e1a179e9e522a9f407d3e33b2c54130ef29b889faf418e6ac0877f24cf2801b8,7689
K061400,b9402452453261e0a075c550767b72d03965c1a214c91674f3d5b3f866d3d0d6,5708
K061401,407a50cdb9530f2d7536c54aacd2e193ef5fbd7eef2de749a2f2ccc23551976c,6131
K061433,6541019253bdd23a3efd250f26e6e5a106913bf32e171e37e991c4cb7a94c8d8,8123
K061434,0fd6e169babf2223873192cb09b2becef1fb104e3de7c32a8c6e95a8af2d1eba,7666
K061439,75f05b1a22c2cfa8b49cb40c862d37deba0abc85701480390ba6ed35b70754b7,9997
K061441,f23774d02f51b5692a9986642c6d4a707a1aeac109eeadeb6dc28592978fe867,10561
K061451,d817cbb319fd2f8919809d09299ad2f8c507c7fb7ccfeb3c157d598d443982a6,6172
K061454,22f272f478267cae78fcb44659aae5e650e224e5e060430db74aa2cb9953cc6b,7708
K061461,c3b2b2b513f17ee646d42db60af3ec3a380a1096d286609b36e1b905ca77c080,6782
K061462,882768692de5acb8c555b06b8b88406532f72d10ba294482996005a1123d026a,6372
K061482,9105bd1ce7538524e1a3995f95a0f946b2fb6ed0f948f39976e93d52506ea3c4,6757
K061493,2ea32cc6de3dd897c1401e9002faa6fa9e5ac1c17f95a581b464e1847d9c7d0d,6510
K061498,5ff67594bb9543a2676659790e1aa60af3fb695199658c110c90735361680f1e,7199
K061499,e037f7dd9d7b344dd3c1b83dc5c3789109ff1e71ad57d39108cb37794965292d,8952
K061520,cb5c388a00c80d5fd503fab08f46a48fa206dc0250aae18b8517ee9c959d32d5,7021
K061521,160aabecc8ce28ce962f5d340eefd3c8aafb5235d84bf2788dfe0fa083102b8a,6966
K061531,f73d541be076ced22b280fc34bbbafd2a90cc1a8312445699612f87ca5f2746b,7203
K061547,05bd785973cebf5de6810086d3e5541112a24b11cc24059a4077093dc47930ce,7024
K061563,cb93e981cbda90541606bdcb020776c100f32a8eb3e97ca4a21036aeaa2552bb,7099
K061564,be70c73872044e4db5abfd31329ef7acbfd9a117d950b3a291877a4c5f18474f,7956
K061569,bbdb18d36d42142ceffbd1509e4f122a16323d127befd7a7b36dfd3edafa5d0b,7068
K061576,78246761e3ec61f7192aabcc91b06a44c907e10191c6ac0ef20f99fc07eee22d,6733
K061578,9858bfc10d344d2947e0b44fa08b758357f9573428a5be22de3ea99a63f3c855,7798
K061591,c9211494ecfabf6c55125a18cbf2241c50a5a11dab4a9ead3936dac84be3e48a,9564
K061592,1e3d4f219a77ca12e45fc5ce26cb3f8278f57855036a311947b8fcf471146c65,14571
K061594,2a86ebc39133ce8279b307fad2a171adca14a2e71f6944cf8fa3d1a8a4ba94be,7140
K061599,3207a9b805a58e1a39c50763c4e27c2e3775795f57f6e7a566f11d5006feca8a,6539
K061600,b3de79046d8a2c7c232210a34278bec1135bbaca5e8f3dfa36c46ffa179ca8dd,7856
K061607,1480b0705395d132163dfe32a0ddfb6ebd47c41459a0ed6ca40c1ba7f5e4fbc0,5856
K061620,03849059aa968648d59e9911397ec3ec65eaf57ff4e5b49b2028e9207eee4f00,7290
K061621,fcb69278b3a47b76fca43b36669c338c1f999479a7b4d31f71d05764f6267f40,5198
K061648,fd316fe947328ffde2d8f17ee021ec378d9f4cf2bbf3cbc747d723d61d49ad3b,7611
K061654,06708a6f5700ff1b9cdf45d4e993a82c07904dc680c38b9de9e8d3e02e0f868a,7084
K061657,007225a98fae94e78d5ff72c0f0c486a6204b5c64a121bb6e07dd1ce2c63790e,7324
K061665,053291548a03987c23d98d47b4437c6d95b168e3066ced009cba28aba7b4db92,7774
K061668,e2015afefa821453217e39124c28a7d3f01705d5615895cee45f935915b4be66,8518
K061677,3e22c070655e8077324a5636f90c20d49ab2fba619724b02f6e58b9bec2adce5,8066
K061681,7bf19ead51bc0ab26b80207d26e295982753234194110ee6750aea74bcafa8fa,6594
K061699,c35fc2cf37047e3d62165f23c0321b1985c4c0ca65aeacdb373c6b3776be145e,8220
K061748,192c4166909057f228ed1dbc3c65f5b6e0455fdad601d0a71e5a7479769aa9ea,7206
K061749,050fa3d7c5822f89b88d90e466d03d6492844c2c202f6fe4d2ed2d078f542a12,6883
K061752,600813e8a5fd5aec1857d7d52b4205df2cc5ddf16025a4e4f349ffe51e90d17e,6845
K061753,2c462bf053352c687e9c75afa9c70bfdce9cdca0633cade9f4a1d2507269f20f,5035
K061759,3571719a696ee101fcd5828bb3297636e4ca9a63b40f1350307ca720dea419d4,9909
K061763,e8a6f1cdfcb60087c3d3a01e77984e566b49bdf083b6b13bd6604240d4b22eef,7357
K061765,b6f998828ed1b1e2da88daee9839dcf7628ff81244c4f94474db8d1afc03bc2b,7697
K061774,3b769818067d6a8c31384f95e05f267f5a511a8fe20cfe4ba0e2627ce12c3587,8691
K061776,a9b50afde136f6dd460fcf9c69d74fce1d70e345a63bdf80c12db2956e8d9a1e,6839
K061778,0c3adc1d6901527857bb7101b90db74c552b7b164714b54c85be7c199a6c1f7e,9140
K061779,affec2b10dfd05848fbedf9edbae18f4d8861c35dd52c14df02f56a89cd64703,6755
K061783,f431f78e558d036ca334746ddf518e4bd38e1aebb3e1bd0227bf0e056ab77076,6199
K061786,1d4cc1fa6139cd97cd71512c2162dfc9ef86b54a249ddbd4d97bc5170c153a7c,5034
K061789,507ce5f2fecdf87d1235d0dfb6f823eb97fdbccaf72e3f0728fb816b3f9011ab,7060
K061801,8b408e343caaac35dcd80a9be29bad8160cba99aeb80bdd63556d5fe5a4d043f,7466
K061808,7180191515adf33eac00acfc6b2b632ce92a1d545b891bc702bc2902faea26d6,5913
K061813,1a7cb997447172b7d8ce27caf52eba576a662336c6c90cf95f3aa349a1b55a6e,6854
K061833,fa1dce778c098ce6ee1714ef25ff3256a3a849082ab9364ca2c3e72ab3bc3ab7,6923
K061836,d5b961bd3b80bafeb1f65692f5f30ce45ed2544249fd0b8087fd5568be6c1d81,7262
K061854,7c370d9536d7d0d6a0f7cd7f9826692acd93e4fb05ba46f7b630b879740343d3,5
K061862,62d75336cd5f7dc48fbab4906ed16669ce06c6b39c78d9ae17d7fd3520a4d31c,11193
K061863,934a64eb1259f7c119ff45acb5927b1766e6dd70bf094bb076a31f962cb2b1d0,10233
K061880,ca18e3d87076cc2125f79b3c454f0d9adf363072b3162874e2ed201d4cceea14,8947
K061882,2d7b1aec01dec8f7ef7f5d6e29442183c5313fbcf9d3a6d09e617cf141e585d9,7778
K061891,97a147dc019418b7cc9459227eff4d2b2b6fe37bee9839db1eb9a127a5fec16e,6675
K061910,e20ccda84d1e98321b4f933e1881f4b6835bb676a2705ed44dd43e00f5246af5,5138
K061915,d088784b7ecb87f1ea17e6f982fa968ffefcc07b79de6ecc548fc00242868da6,6
K061917,545c38b0922de19734fbffde62792c37c2aef6a3216cfa472449173165220f7d,4
K061925,64071007c51dd8a2a7afbfd5a8592701bb5162cdf26194f963d227ec21a38eab,7322
K061938,505063a64486e2876ad3445db523dd2ede9f1abbe535e5bfa015c86f2a554d0a,7613
K061939,ebe5f8190bc9b1ce97c0aa1740487f1ea4baa21ab571efbcda745fb5402f122a,9027
K061940,5cea7fd8c94837439b84fa1bc8f6dcb2fa174dd749bb082e271d201a5337be15,5043
K061943,fb10d4fa33fd2036a85d7e9e86c69bbbd4c68d5fe4a2f76631c41b275a770dff,8034
K061949,98acaff0b1f254492ce74d80970566ab0e019fcfd40b463df56a5bc438e69562,6634
K061954,3efb65ee4fc492fb32552d00613c58cd4ed7dd64bcce57a8d35ae80a44378eb3,7044
K061955,a047c864ff27c3940b87dd74db9f435984ae29b45422031a9f675fcc0ecd6e6b,6350
K061956,b26af2defda4aec7e7538f0a051dfb14928f884e68adb78cf811e6d784c6747c,6542
K061973,1884e5d6cd9159aa7dc98ec3c7cfd235c6a6a21d67eff8259f1fd011e95d1fca,5273
K061978,aa72897be6fb18f9133baefa20e13b13cc19d6fe9f103b5dce073251a6684cdd,6907
K061982,497ec73ee509dac1d6cb51042186727d5dc0766142df2802c488ad5a163a8975,6856
K062004,7d93a548aa881b3a9b466590d77e4f892caa741a9358914730b2901749dff549,6684
K062012,53cc3e857e5a04cc8f85cb2a48b27afdb5b20f4da4c05202b5eb6a7a1ebc53b2,8175
K062029,dd214515a45cc28fb152d6f1fd1c6f102f356bb4ebf31b8066f92d886663892e,8179
K062037,d8563c9f6e19d77a5579ace360d812fcda02e72c96730130a6ba4e2ab0366e41,7392
K062040,4e26ee89e16c3bb9a6f534be39a4cfafc23a98601889c9d4af3e0b8376b40167,6384
K062066,15bd77a1e76a00b5328de4cf0a6fbeeadcee70c80aa0927cf71b0c513e3e2010,6450
K062073,b39f67b8ea886c6a7dd8ea236198d90dfa42b268c984e2273c06a238f2fe747f,7630
K062083,683879f8759da1a6f04ce0cc794e09ee48e232a628ca58fd408e0209a85c65dd,6545
K062085,51d2552624ab9ecbf57ef72a3e950a8441b6383f3d27b810862cb16c7f8bbf8b,9753
K062103,de4228af0b8e0bfcb0fd9e739b0b7c8ba4bd0ef6a26bbbf3d0240cd1943b8659,6321
K062110,4b285e9617e8abcd9376fd20e41a2929cb5af4fee36983bc7cac136fff7f7873,7028
K062113,47cab38a170569cbb3290abfec48a54bf68c1311169083b150a6e23e9027bffa,7650
K062116,a66223a5a00126f4bbdcfac30647afe156e3471cebae796e8ab2d7e582f73ed6,6808
K062132,a5ed1fa45d21ca62c6bb12d27a7e1ae9d5dd797c83719ddd5404483845cd3fd1,7420
K062133,bff536c23a4a33e09b137cb2a25606e77e9dc61fdd49d2f0ac6f51031dcc5263,7488
K062136,a24d4b7da1531775628cc952cf76464998186f80ea1492d7908ed702af136b5a,7120
K062148,1357dd10f49f8e7b808ea46bb36e78411bd095cf1195b98492eb6e9fc6221f34,10659
K062151,fbc6a166f2b5f66ff9033e6bc49453d488d016fb02d9101fb5519b262f0db7ae,7954
K062170,b3c23649c7ecd56359be67aa3ee3eabd5e99f0906a7a7b3406d2060b58daf652,10895
K062174,24f2855fae1afa7eef8f937971ea41a40f99d443e421c9238b4714f66ee6117f,6194
K062181,a7fc60ce0cd7a312f8276348f65f99142a4dd59b42dd80e599ca6ac6a3659635,6122
K062196,07b551bad473dfc50a139bb3ea697c826ed18196303cc7a3c64028ce6f55b937,33349
K062200,ecc64e4f52f7812e3ab040b2198a288b44efd9b449a16b47cddf0359bb3d5454,7731
K062205,d624647033edde714dd25d9712b16a996fcc7ceb648bce8924b4cde0243149a2,6954
K062216,62107f53d2b3da9b5bc493eb739c356f9ae6726396725f2fd6c4d740f77cae98,7325
K062250,15be888ab1112f84c3d2d2901f8bdcd59271496685284d39de870a53514c77a6,7959
K062254,acef65d588db32a4f00b602394807523a47cd503b78d18624464d3b391f76698,7515
K062270,647579c894cfbe1a0d1baac9ac9e27fad21866f520f532c867acd91c5aa4925e,4530
K062273,5783db28ade2464bb19b3c9fe3a0f5344fdf1b72fe5808b3cb698999ac9b1112,7298
K062274,eede43a800d93ef86988fc06a8c291d5ff12b1fc81a4ed2c12a74faa0f94467a,7079
K062301,fc2eecad8da48d3003d6e4edb1538b25592c9f3b06a96549c40cbc81bd2817a0,7918
K062310,7762cb665f93e919becfa2031141ad522ecff128cdd27d498eb90d87d998de97,7423
K062317,dbff380396bd667fc67f6a9b194e41957b998828b1baa04142ddad8f0d1980e4,9081
K062327,056692b5026abe4e1d277adac376c1b59c15e57fe4e71b8f9a3ea7efe5d22f4f,7395
K062348,545c38b0922de19734fbffde62792c37c2aef6a3216cfa472449173165220f7d,4
K062352,1381e9077b89063c5502cd17b12d8a7e7ca28b4f2d9488f52204cf8fa881eada,5890
K062353,99afdba116a53aff79eecc47b26bb12e3f3b0a874478855c03264ca0e12a0e29,7569
K062371,07f875eb6482da059ea1389e6693ba481384faf1cf4a84c0c6844f0219f2bcab,4704
K062383,22f4718ef520225f6dbfaa73ca4e0393e3ffd368af8731aa4476cf28f1849bd1,8665
K062407,7406e0169cb8fe8256d20b28ee04e02c3c19a4bffa46ca71fea9cd385309e828,6761
K062408,900735c282c3ef7fa6feac5a67bac8b00bb4c34c9b771a68ccd4ef020f467214,7226
K062419,7796973ec0d531531ee9c10b37d0835d91c58e8e75e99f2860dff188443b15b7,7678
K062424,633f43efbf30333ccae122838b9d7e4d47212003b7f66d951ee5dc537a7e752f,6570
K062427,cbb147e01eed01e4d2b6b24d6e17a15483c3ddae6bf9460ae281a237063ef741,8077
K062447,be5ce06da3d7a80b9e9e5e641d4c6d42ea54c9f39547abf0a323bba99010eaf0,8626
K062452,a317789c7884984b12163cc4ff1e439c461cb6837305a08a3ce2cd432907a5e8,6304
K062459,35fdcdf7d61d67b300358e891363e22e53b47e127bee38e5d3ebb118c1dc5636,9864
K062466,a8de0bc7063202de63308ed83d818bff2b77b1f727575fa0e55fa0db6abe23d6,8004
K062487,ba527a70d59636d3efa274afbe52fc861f3b221518c3324cbec840abcb007bb7,6576
K062489,ba44b485236a7b5aacc4d04e06ed2db102933554f4bdf4dbeef9056a8b4463ae,8532
K062494,4b4b6c6fc36f40971040a963fc0edd29ae5db27632af007d513523299e34f008,7663
K062495,7fb13fe23548c37af707eee2febbb1407a41aa3a190d93f66add7229b62bda41,7759
K062496,e7d76b130fdbfbc76584d8ed13002a9bc419128cc4b662257d986fde7e81a1a4,6486
K062498,06d6bea1ef6b4f0346bfaf3bc8b96e810c9cf34b3863667179e9528f4c62c4a4,5717
K062505,5751df095201223888530834bf06d82898a6b1f5e7e0ef51f3a9fc84284b2101,7338
K062513,e1ac2aee7bb99bbeaae42c324c4784057ffc23f0172c5beda7f4c200e6a2d5f1,9208
K062553,49da23bd87d511bfbada8ecff818b62e0544cd72c9d07544b5f5a81ca079ded6,6134
K062564,b4b912d134b47c1bdd96ad2c529a35f83ab93e09fbcc2e8bdce07c8b01888c44,5538
K062590,ec4f3c924e579951fe12c7c427c52e9ac2b96830ee850c6121f30150a35fddd6,6851
K062606,c22089f0f58f0f75790edaecf445b70ef7bfbca9ccbe162f951b6f9c5ba467d3,9677
K062607,11ac80419da793a70ffabf96242a5724c985b345201d3646fd70055b65745f38,8745
K062617,7dc9c363727553638bb4801e8a29a9126dfdf398d09f73ff0b66a1bcd1a1e4d2,8005
K062630,0b416a52f02d587e2c3e97ffc8a804de1a9749807c05b14d641d91bd57709313,7579
K062643,fc2a3ce7d7ec9939bf8dec11ce11f7d7e735c53b798053184b6538f28c32400b,7324
K062654,1da7cd76aba73eeac013c9e5c63d4b1ee5c74f43d8c7b566e601013891b91701,8009
K062661,080fee960382aedef13735bb10c1f218a120567b829839c5a83c885f7b61a5f8,7758
K062670,425df3f854bf363500cf52176145cc21746997e31603622ad334735631c64efa,8792
K062679,2a75ffd5de04f045582c33670890ca39357b96777d9d7cacd414ab39568d54b8,6713
K062684,16ab00c990d750d1d8645b249f53d0b84445ec85ed2dd780aec616a061fb2f87,8607
K062685,6e134d2313bd5e9976127441f11080c8aff1fa8dd4a361ce549054bad8faa42c,7275
K062686,e3390f55c9e4615dcdb8341aee9f6ed4530ddf2d018c0d229541fb6581dfff10,7241
K062691,5b9db7ce9a549232b2014474273a8e165054d31e1868f87ac10b27ef2b5e6547,7829
K062693,79ffd552173f79e74868a31a562dece4d4ae2834fa6a2b39ffebdb07c47c3367,6219
K062698,9e84f5d4478e5c599c7aea85c501e83e8e369210ebd20ec329077c3dc9a86bf1,9553
K062739,23c6c98f7761f98ced22057253d4590a496761c96a8f32ba6fa7b4e63ef431fa,7687
K062747,eac883a17e9a824581b2a8424b23b6190e1930c4a6dae26f098fb9963a93a586,6019
K062748,e803629c862726cf49ef22a878ca1621e61001ef4474c702fea1775904fb5c35,7550
K062759,e223f40b048dd5b428fca0004526ad0689d6086f0826e897d6a118b2606aa02c,6091
K062768,37d100f6deac9f32d7475b050460666b9aa16331f852bf79533db63f4614f688,8077
K062775,f6d55e22e7e52c2a8732b193deeb73fd823b27795f6e67e2e2634bcdc621db95,7590
K062782,06d9641941f27809d5d6f9c05ac6eb28157e717baab2c93627a035ee322f5b42,9137
K062785,cb6f75b417e09f8c1f66f3d0f831a4274cf5d9961cdb65cc30e3d29d67bf11e5,8513
K062807,d382f97209b772e1cc7967b47fa828dce87786cffe1ce1d1233cfdf1630e3c57,9972
K062810,85a0bddd35fb51bcaff52d5c322c68d28a83e6f2528a76748357ee257a24f7de,6759
K062820,0f53248ffe9d7a6a11633da7d94ed6e66599af9b1509e3ec2fd67f3f193e0191,6604
K062831,31fc9a347467514d2ce27d8fbe3604cd16615bce60c4d39902bd5c399a130407,7151
K062836,6a3cf5192354f71615ac51034b3e97c20eda99643fcaf5bbe6d41ad59bd12167,3
K062845,996ccd0c589763630362ff3c051a2ec631a4fd18aa7eb2e93a84e32fbcb077a9,6985
K062853,191e688325ad29f3646f32b67630ec2570e062a7b309ebf79a68de3e21f2fc31,8767
K062861,e052e7be3a1be59b3b6f87633dad976ed12744412a40c04f90c35e39fc88f30a,10153
K062863,8c709ea65b5084d8b22f2be0ebf5ae1281d66a42fc63f94a6c4fe00fac59689c,5793
K062872,f818c5d65fc0b7b15f4b7bd3994d1deac5698a144260cb20eb2fcda9511ff488,5946
K062879,aee1937250de06b0cddb05e8098afdc90ada46ac9bd7ee2f7776f1106436b6ec,9749
K062898,f060c904c7cef45306e952ca5ff1cb4fc234776411e4a2e3dbc5e9bb9a6f60d9,6185
K062903,08bd76209d20c3c4a4efb72db5bad974901b83ce53b3a8ebfb26aa7fe6f2447c,5932
K062908,99d1862e7bb6ad690e1fa925c55ec86f6af2c523632af09b7e0e71d589e35b52,5835
K062912,90857e66163bb2cfd0e887e4d4099284532b7ee3f06449ab1ea681a6644ad2af,7272
K062920,7c3d2cb35254c5d4dcc862bded60ff06241f78ee7ce2e5aa0383f4c5ce5fcbc2,6343
K062933,89a854e30b10234f0274e94721ba2b45e1644c557c70d856f1f454e2bab7d424,7453
K062934,065854855e7a04719eb2a5abfb2edebfed3d7bde7415e121dfa3ba7b94b71365,12247
K062960,5a08b9b4cdd1491343d12872a464cf6a17c076285e26431cbadadc2d71c4afe3,6490
K062978,de35bdcd2c98247e2cb7ca4f082520ed0fec1a955ec04d07cabe5a3021210e2a,7625
K062980,9800355222d0d56f2dcf5ce899e86512954cfecf0e8adc1af0288997b46915fd,7064
K062997,bc829446d6bb1ec4156e385c0eff6c20f65d4f3632fd6f694dde783d647cf9bf,7718
K063009,c0d9c5e55bc8354141915e96246a67b053647226c1c0ec2e2432dc6aa1c115e6,7140
K063017,7e56ddead11defdf9b6805afd30f985effefb589cfe344f71742b3f12788af66,6273
K063020,af42eba0baba59384f12a1fca8430733893cc437247c0191650d4f0e78ef706d,9563
K063033,f98ad755103692ac3c05dfd55fee927b689e6aaa42a93efe9a226d662fe6b357,5097
K063049,7c5908eb6cf4b8e94022df330bb95a33436316baab7149fdf245615686d54d6d,5659
K063050,4bd6a98d9533f4b3608f7bb5b5965b8de6ef63a5ec1bf60bdf1d70f3d913ebb3,6826
K063058,5679876824ae4cb6f2980dc4076ac1b1160d2a1e6a647f142c9ffe1e124aafe9,6138
K063067,4d7cb2c2648c1c19f7f7f47a6e86d2eb05502d75630e09e3ee362a6f38480e9b,6110
K063070,14d00c410bddcec8f7c38e2ac59c6da98256694b719b0e6ffbe11296c44703e8,6357
K063081,a4d88bc7df2d7a3bede3fab605a117c6b1ae44671c7fd8625042e983f5212141,7825
K063083,ee51d8417dd63b41082aa974cf7da687eac62dc0ee0a70eb9888eba4df0a2f4c,9643
K063095,43ed709aa5bb610f63585e04f0d18596681de355d1a42bf227bc6ad7e6fb93c4,6076
K063100,6f2eaa4b3324feeec3556ea30f1d03a7c4f25573fcdbd336e2b079849dda8155,8034
K063124,12175864ed3fa449cd940a39aa60e3a5add3f85b4749b8eecec6d6f4777151d0,10088
K063128,1d1fce686937c6ac7ee81b9e7275b3f546adaf5029a31d7b243fe3a728af81bf,7090
K063156,c0d5cf891265dd4da19ed88fa4ac9b0cea8cfb45cbea59ac6f81ac4584430ad1,6622
K063157,cf19cd32bd77367d3b1f3402e3a5911cc8194fd98cfa489eff90007b552dfb6c,8301
K063158,3c03ca71874ad4806ba72f2516fc96af96de055adca7882e570f39a7907e06a3,7846
K063166,8fc40b64970b0374163352286c5816b48a1c0edf7dccc3e447cd8461e4ccb978,10458
K063205,ed7c577ca8dda37a083fb3d9f67b5d6698c69a4ff9f0c329c906101dd501e23c,8394
K063211,e0c7cf7326433c25ad146838cfc89cc87205e3e5482396c6e1d3573614cb7a8e,4367
K063225,75dacd46f92571d7e1b57918ffa9c953047058721ee819c4517a3a1b401a94b6,6093
K063244,fb444930219700478aa95ef7622b4d1bbb04ad54dcad604c3d096972a1c83d4b,6781
K063248,01d1edf21dfb627dae36b72108cd42a8ed69c8280160431bd83e173d611b8846,6535
K063257,41605bdeb9c7c06be0737be38909b8e966af38371efc8ee2899cbbd57f5aa53c,5671
K063273,117e5a4f3c4976dfd7792069e7626bbc1477bab1c7b1934ae3afd700583fceda,10871
K063278,b17991889fd7f22e86bfe8554832d3cf2f82554f2b074dae3f1f2af5d9e9fd69,7872
K063279,41eede2273c97e0de4a7618ca8d22c0966834f1180acf187a7311fdea15c677d,7980
K063298,0ee076dfa758d8711d7829af2f5886c6896e5e121b68864d81724af844e9e6df,6023
K063303,1577e67f45cc967d515d8443ae16b04857557892b67abd0fbc61f7c57b8353ad,6277
K063346,84821ed7f6b6ac963b2e0def0dfcb7e7f7b37ad90bfe13d9b49fbd84d4762614,7393
K063359,16513bb3da48d528dbedf53dceccf8b863378e063a3a2d1231a372d45530d3dd,5951
K063370,4b836b6cbddaf5b74a8d9d480f8e37288620cb02d8d94a9d9c089c2fee673382,6079
K063393,92271119dd0164ff223988030a424c15eaed9faa2e26d32a9911ea30d8ae2367,6521
K063399,1a1dc7010f794728c732eab977560ca6a13c453f703dfe5022c442f00847e5fc,7632
K063406,ce8ccf049f5292c3edd4cc2c48fa2904fbf25b5f4d437e1e9f5c3be7bf6058dd,9850
K063410,0d9f7acadf144360442c4a5dc0cdada64188a1e1cd198896a3e3a3e43ed59072,8439
K063417,20c95872a7926cd09d6d0bf7ed589292c14b283ac7b1cc584d93feafefdb5f25,11687
K063423,2e8a9b7f3e1740d2dd644a49c725f5e8224e808a1f3c76d3c4a2a027e1b3a3c9,9795
K063428,7c3188d9e13343358afd4b353734c5eb6d9efd7d20fcb4f70e204e0732eb647e,10265
K063430,e7c74e2d8c432d141acd69856f1efa708a02c5b99367dc224d81982eab58532d,8048
K063432,c4ef6fe3b9a30aaf1b08c9b1ffb9d6b8bdf238cd3ca92e6a9aa60a0c25c28137,9630
K063438,d2f2cd2790c3134a436cd5b27d005350e64e8abe121e1ce5699cd7aa26fdda9b,5982
K063445,7af95798e525a605ceed37e4c30ef13d0ac490c8b5762bb4bf2bdbdd3bf9d519,6043
K063453,33aa09f750f9ca5c4f900bbb2b123927cc5c74de535530da9aeed3f210c5b4d0,8834
K063460,26b0c947ac53eb3be591d02072335d482d79ce273b655408085fda22454de2d8,6437
K063464,5107da139202f5f49227849c55583961ea73042849e4a18bf9126c323753e7db,8684
K063478,6e026b716a1b75cd28539dbfa3abad9e8522fedfdb2bafe46a45211b84394235,7022
K063479,649d9443957ad609540bf96f097cec114afb528ebd1819fcf4ea944f6000a452,7016
K063487,34593f59a5b2474abdd2645cc972ab2409c088f104fc5c5ae240079d94f03a03,7225
K063491,c26c5ca71f72d3fc7f86b8580f255cca95d6f0b6d8ee6ae847b245c089730f13,7420
K063497,460b0870d000f5659205446c63a64785f2bc9a7f93358b89891c9ff7d51f505d,6261
K063499,6caf22f45c9d56dfcd92acd7ec09c77730743453109b5281f771129781465318,6224
K063506,3ee43829a8be39afb32a5339897c5a099f1a19085befd100193b3bd4adc2b3a1,6584
K063509,434267deb5649e5f35b694b35c4e651cad81e8c7dda5c6038784b3ba1c945326,6140
K063515,b6b45344f24409868a349add20a179b3f3cf1177e8562201057dbf9df09fe2f8,7380
K063527,45d2888d11588d37027d8cd17f5e0ff7fbc7da153fa801ceec355b9df9066539,6393
K063544,c4bf1102c18845aa9084119dd5b28d4b8b75f46b6673b56dc0da5fa54858e412,6831
K063550,21c047b5e087c3cff23bcbbe2c56133753274cc54cf48f02ed1f7565eef9445b,6043
K063552,f833c90773dc72b6c8fc8b472e927cc132ae1ca0dbd290abeccc0de6ec96d904,6024
K063569,2fad39baad0a0d0dad8d16634387d87b16933f2119aa80f2de0ade6e4593b798,9949
K063570,a149aba6d26e828272101e911cfbb2d7254d01c0a3bffeafe8b843082d7814de,6006
K063577,50f61011c99e7e9c40b3b00683d37ae5fdfb28a42acfbed7c222f1dcdf741ea1,6650
K063578,cca00105ccc3c5e40bdddab84e9bdf33ec37d67128a1b04c9638f668eebd0334,11504
K063584,993926dc0184a1033b809d41a55478bb48790f0a19d2d4544f84778e654b621f,5931
K063588,cbaa4b44ca38290eb3d56e3008207493c05938969215d613b47d2ba17945754a,7566
K063589,2ec56875efa4250cf02e3e735694353211ed04df462feef79ba5b45cbdf0b9d8,6962
K063601,cd493d92cafea908ddd0e0fb6c33dc3cf438b5fd32b6923a680161c0815aebc8,7900
K063606,bd733ee70a8a41001402421f0d0cfbcb7cc52e7a2e9c10facf74120b8436158a,6655
K063616,5ef9766006e5d1d4840144174d0dee17ed811866347b86c0115ecb5f0a5783a6,7119
K063633,87276702ab54a581773ec33588849775e003a3a301c00010ab1af244f403904e,12148
K063635,44b0e32eeb9805c9461950f2e19d0f76b8c31129fdf84645db5ec0eb10bd5242,5168
K063637,0fb99266d3ec24cb66deb0e06ea841e5c2755d5bd7ec9557cb370098e8b18909,7166
K063652,77b3992c8b58bce8d720de82f036fa48dbeae2c21e35ad7c486fd1aea56873c1,8831
K063668,5b261b45a7d765d2f0ff7f9b5e843b6c91bf0a2e920d4ea57671604f30aa8a47,6890
K063670,aebf6ad2ab8bffcb23fd39d4d8d5f6761585b21cfcd7f42fa167af13d16603a8,11419
K063672,010d6699ab66d6f2a25f0c05a5f0df9e3550c4ed992072b922e1179a9fe41960,6792
K063676,07c23c72cb200e808938d8d6af010ff36aec499a531012ff719856a7e01212b7,7618
K063686,73558689491d1dd0634f16f3163df75a580caeecc036aac7a23364d103e45503,8952
K063708,5d0b75ab8278c2d708bb08ab9b2c304eba30613f1bf7f1c4663bab580568536a,7840
K063709,678be2b5bbaf64b1159ba9b3e51e9fac8fc92e83d163985b02248ad2efb6733f,4888
K063719,9333ef71cf8fa6a47a6a819969ebbff949c3677ac59966b56e4914d8c635f969,5272
K063726,ef385c25198f326c93736d3cb029f6582a37d93531fba2fe03128ec730bb59aa,7390
K063731,b74806e605918a2fe3360f6ff982e7b0f23cd59f60e0bec5b755ec24bca69443,7483
K063732,d287e03a204be3f5507e5240f0334b301193778e351506d4a6a802251429ec39,6384
K063741,27f21495c849c12fbcafe195c8acebf9d2b666ddcbf4a0c9ce80fa6c8bbbc0ef,6289
K063764,71e16e607305f3cedb263e5b547cdef2e122fbc7592ec83955639c1a8a31194a,9369
K063772,af5ec405cb922df94f700bb0b51e99d1b736ffb685ac4cae3f26a683fc5614e8,6784
K063782,677b0e8d0e5d3c16b7171cc948a381ea03748800a23077f5e1c41d8ff2699cb1,6702
K063791,19bd4837a3c434b3cdb96d6e5431650f0012910f5bd15051d3a5078e38f4fa92,7716
K063794,1010f7fd5cfbb300a2beb6d0e34e57332fbdc19d90679b24fb3f09b6965074ec,8308
K063816,eed8e8e0e6214c46a89a13e36195efae7e2781213b2e77d0f325b239a07f568c,7836
K063820,43defc53bf2d60bf7789e1f98a0e26b7b6b0d5bfd4c50a662283c3df324d3362,6870
K063822,f1c2aeb047933b64857d87319d69e4b44b13c4a3f5f6a99a341fc10284b211ad,6628
K063831,670e7ca281ded0015b053684496edb48935fd2f08b85d462ebeed852813f4e77,7773
K063832,4ab7bd6d6fa419b56b1f8002db0b0342beea5d8bcac88a5bc221d7666ff79a1e,6644
K063857,42179745eba6eff1f34fff1a728fd318733c406c1e76b8b9b6cc7f16250a8b1d,6168
K063875,8ebd7430a067fa53714cf557b188189e1902258e3785cd760fad2e9621b51901,5892
K070015,047ca8e2c95738506136950f1669e1884974e7cd8dc7d79eb85dd554987bfc9c,6536
K070016,9a53a076423320ad17526d6474b85d3ee5acbe5d30b1e7f1ce98570d6f281755,6381
K070031,3aed2259068e453f017d815c5324cbd12e53b799a597d0222f92dd23eb9abb69,6090
K070033,62fe2714b3ee554b2ebc0bdbf20de4fc476dbabbcc5039873d5af1091f6ce898,5941
K070039,ff88a511fd4673b807a0df4ad9faffaa6ce58b9b8280b7eeb9394bce677e4788,6233
K070050,8dac40feac248aa3621b1265b5bbd16f3a5753b37a89b24fcfe23c1f971caccb,8977
K070052,9d40be61858d1920ffd90553d170644a46367de9c86b93f97b0ed2a46628ba76,5730
K070061,c9bf999859cb74cd618d0e191f398b4bb46188b80843c061cc73681cdc55b2d0,8526
K070082,88f01245fdab2041b24df824be43f5f742421d5d4ab0b85496be49e6d5cbcfbb,9098
K070095,eed20ad1c6872bdc0c375e32480f5d4a0afe980f3fad81fe9f04b5cea29adbb7,9409
K070132,d1594e031e44e8142f056146760ba62414fdd9949e4ef853665f31ecd6c43f80,8603
K070148,7b23c3c1a5a00ccba5e25181a9f90b809e6b419630a3e04c405f062121b858f1,7247
K070160,9afa9a377589ca188fb157a1f9c3662b0fab589e83044a90ff82ed0c59549ca1,6911
K070167,572067d3ad720671129dee08e2209d97d77e38b1c33440cf002fc60788fd2deb,6396
K070169,350ab3559c1c2b1daf18465812cec30b13a9c14d4ada5cade5413efcda5516d5,8888
K070170,8d8cd83c4767efe123a344915408df1a39b1bbc3d234d97e81cd493b1c56f079,7241
K070173,81e4a7e8992815a2d847e7e5e57283762593ddbb7ed1e5ba8716132d911aab2f,7733
K070178,7272bd45e37ad3fd7261d50e3443e24c6b206186780e8a7eaadfbbb6848cc0fb,5727
K070181,8efc826c427d3440bb1e1eaf85d1430e0f97da0a090ae00d3e4a369c68dc87aa,6895
K070208,9f0067012cbb4f632a1348d2dc6b250e6ad8ad87f5da0a4eaf843fd159da7f9b,6481
K070214,9d7bdf234fbe19d9935a8e208d05efafb5b60ed3ee8bf13064b6795b70152714,8231
K070218,36282292edfb79de0d1cf9e298ddf3cb191d5be47d62cf0897ee13b11236da60,8494
K070220,60b87f087e21e34742948d848738a2ee0e1d9f7908eeb9e594aab0b6395e4b52,8057
K070227,0e9e22cf5cd8436f019cffa86617e1d96f22e99d022e3a3e0dcf52c09ce0193a,8001
K070229,9567df2ffa327410f820e28a9b66b8bb0c00bacd7b74a2ed79775035c6410d29,8209
K070236,68e56ca227580194de8dcf5c4c516e9e5dd85ac8f2c5abe2be3b3da6fb7b8e1f,6783
K070241,ade4d0364cc0da0f1a9dbb6785c6f83c32b0bce30030df3c9612bd616059d672,7146
K070245,c5aaf36ff186463dfb7d73926d1cabc2dc1382ae2d2759a7b813a409e646c009,7736
K070267,19652c79034aed648b61554cd4e96d303f8702d9ca284aeb9501e619afe476c3,8725
K070273,2ca010197713e9d8ffd17c0087a4f88a942427010dbb06f7437bf7b5e4ac3099,6947
K070276,1770c8152600246f3914cbd6c2cec685d5c224af0885ccfbc87c37c74e768296,8603
K070278,d793bd065798c6493c35881237b19c4bbd79c990267be54fcb768548802e3fce,11689
K070281,1e0f6c7344e05564a0b2195aededcec8fb39e1e31ceaa5180331638a6ca8d159,8534
K070282,c283c06bab5d8612ecec4aba221b1a2577e3dbdf7e277410234dc02763880b87,8965
K070285,be79d6bb6b6c8b863d77e0c8701046185d9fabce6e0871af59e05842c174cfe9,7539
K070292,20f3d75f2bb7d137c06d189d085c64c91dd01e9e6e0c9f36b68e507c99535664,9196
K070294,2b68d088db0f873da28575a8e0a7c037480c72d4053877b10e27e648a2b9cbf2,5892
K070295,530e29a6668fe06bf84f6b95588a6ac10411f0d84e271ba3b2aaf99619b5152a,9729
K070300,cfb91ff06a44cb0b462ba17aee70a177f924c111a47daf50ae7c8f784ff90aff,23224
K070316,c82342395ccab46724c76275c8e5be6910e718c7f541cda7534fc29f4fd42c07,5730
K070335,a4fa7d7511a97cb62d9f517edd1a9f2c05519e6cc10ebc597490a60deaf431e1,7108
K070341,fe4c5f9b11e264001025fcbc8f68b5a9f030802c9253dd770157ecec73eddedc,7364
K070347,d77a0642127aa928a829334ea4740c7e19ed362b96bbfaaede8a7bf676c570ab,7373
K070351,d37a41315598d5f38d73428e99874af07ef172ecdd9385501f636b364df1dd86,5970
K070364,e568f8afcc939dd1b83f21bcf45bb0b6bf6daa7958b2d8720c58dbba41ca66d8,7484
K070367,181e3faf929a5ae95c979023c4aa19144ceefdb4465d74dea5d0de75f2e14dc8,9605
K070368,e68d256c3fd37557b3894b8a802c8b9ccefe27e35b11f9db0ad0c44c20755b5a,15095
K070369,b1a153eae45a6ee224e8f29f350cac71c2f34e52cd4f27a4e73b06f4f9aa49a9,8385
K070381,7f603f860bd780f44e29d3334f458ce6a0497ffff05b9dd0c635eb999625a263,8792
K070382,b25af61e2ffd96a9c64a9f5fb98f63d8de097bf24c4c698ed9fa6f960dd1a7cc,6090
K070385,f0bfbc05504239aae4000819362e907c1865fcc44c5aad744fe7ebb0fae28ce3,9394
K070387,9fb5333582227272597041c605a7c82d8da5c2913c27702948116c6f3579cb87,7000
K070389,b4be5ae0c62720a1ec381f85afd3bc0c1ded7156a1629b31a66df1f3962824f7,8129
K070393,91c8bd06474cdbda1ef5203712a2b00e9c8333b80b80bcd76e162b77365b1b96,5728
K070399,f05d03f022a0ad9f920e7549e18e125d92234c3e9604b48b3278ef20425b4c84,7403
K070437,9d8e990bfba11036b33c91b43f623c528b61abaab1390ad3262b970aa313392a,10764
K070441,d69e0a646bcebca93d5088af5b2f8a502ae82947036f352bd11c8857099b4dda,5717
K070444,a245895a85f653b982354667fdd748fcadc3a80a3ac0144607e336d2f2a04a8d,7271
K070447,1c537d8e01ee60eb48e304988076c3deb048593e448bcf9e708791b191b4cfd7,8218
K070454,bbda70db0fbaa0c17c8907d38918ce82356154aa4dcd2a44dfbc3afeff91f8dc,6458
K070460,6cda23ba9beef665783caba804af8ae2ccd4c0de3febe0733b4790ac3c05d689,6739
K070479,0d3f26a1b472e36f75aa3638e06bae79b37091ad3c208344c17862d39ce54ebb,8908
K070507,792f4b24467d4325c1731b21d2ff446ed815ffb005cb9c059da2b646a8a501b1,6176
K070525,f3a9a307f0353d359f389d58eaee2c0a5d6b6016788435fbaf8bbd2861fb7221,6525
K070527,bae1d13ce386984da637636f03b65e916f5c181296329cb1421fd3c1987317f4,6419
K070530,af40db4ca902c431e9264107aec3f47385978dd61c184b2fff1fb1356e8bc069,8587
K070551,95d5733d9b3913737aaabc7d4f7fb7975a975afe0e861f2600db1ad6999ba057,6648
K070554,e1aeeae03d765dc5b22ca64f06e13a561e7bbd3125c5b965566c7f7b055a2f55,7859
K070555,2c886a51d5e96c8a1aed06c6784568d133687d3557f4e2a6cfceea2c598323ed,8656
K070561,2df5afa06adb601332c979296c8ec22bbd2248b7c950a4295aeb6c7fc5b282fe,6975
K070565,429684f534c5a0468c5dfd8c2a30a533d52a6865b6e9354d62488c5f88213a79,8076
K070573,bc81784d79237f74ace5362d436f4bd191b56334f5cf9be111b5321cda817ac4,10268
K070592,99042759fbf5750abe1bbaf02c48f98b014b617fad80c94a8731acd2ad887a75,6205
K070598,238e99b96dfac84aaacefc943a3486199c2142f1d8219abb65400f4a08633b63,6760
K070617,0989cb5f42511bd135d05b90bc43e5df6a59b3821e1b8c04ed0c88d5f701a02b,7701
K070631,d1861f7efcaf44d3bf78dba9408dd6ed32f84aad54893aa413ac39e11cdb7ecf,7792
K070638,a9707ba3b7c6ae1665b44491ad8fb22afd64f828f29c2a89502bd76d6b2340b8,3458
K070681,6d1b28b52752bf78fd6b00c9672d186b8e9ff6790079e0fc9e9312001e5726df,7289
K070688,ac28a08fada2227e96f3b3394e560a731e4ffe971ddba5700c0ee3820dda28bd,5830
K070695,6514899270cb0b24c1e6e056696ad814b033c5103381da94658c137aa6b38094,6746
K070724,e5b178ba18e88eeef96fe253d2a0abd1faeb13a9704a9b469e8d5dad1433b2da,5927
K070742,c9b1018167ca800171e24e655f1a07354c6fc16039d2a6b138e10567b9f7a422,11024
K070751,ef51ca44e6a2aa56238a77e45767bc79f0b2af2fb5dd088eb8d38b86bd6f0dc8,7931
K070754,ec0a9ca549894af19f319b65d4fa81fe6a2198214bfe9e061c250144668c5f59,6926
K070756,5e3473a4801e22be0cb50fd1bb285adc4ae1b472a1348c11753568d3ac5d5cb4,8731
K070758,48414532bfb03f8345e81ba4c1e0fda892247d6c09f29f8b238f58b6418049c0,8429
K070761,acf27f821d4209629b1acfcb6728305b7dbbfad403e43510e7aebccaa05d0bcd,7632
K070773,e616c5c4177094eb6098f8549d4da0cafa808fcc63e6284d100e0b656a1245fc,7694
K070775,baa4860f29461463322e2f50de2326e2bacfa2772efc0b3db7db41a79f8f9010,6260
K070780,c9b9658f74957e76fd095642095902f4f64e339dee4e9cad23e3797f130ad011,9028
K070786,d240b984bbe7c94993012b03642497984ecc1c31961b42415be299b2dfc426b9,8126
K070787,a73d4082a7e92fc943d685f108f025ed4da65bcb2cc4c56b5740cdbef16a2b1d,8517
K070793,996aeb72ad3c17868d10d837b4822ed54edf1141618920f4a317dbd119bc356b,5757
K070794,2c45509d2adbb49cb36f154c33e8ee80fa1b4828f97bda94ec96e141f76784ae,8330
K070823,249c6cbcefc187e61421b4eabab9028a8b7b5bffe74ca98c53bbaf1c9865ab56,6329
K070843,368a96efcb4bfc29212d097877badd7efa0364071cc3860e752748b0bb0b7937,5441
K070849,ee5b87fde9a199d96843e4d2dcd546c650532743e0adb059d0f323325de88235,7728
K070864,c420d447a944f3dec34df95cea3358215dec47fa78c6fe8e89260d6a9a0c4a69,7056
K070882,e5bcaca5bff82e6fd2d4b9f07a4c39e9a1355587997fcf9c5c6038ad5343a5d8,9250
K070883,ed29d3a96b7ff4888551389791262d5b38c69c7ba454162595a25d4ef7f66bf9,6865
K070885,98fbafe4f93703bb3876efb5dda15a225c7b0eb3a925fabf40e683cd34717db5,8172
K070891,2627e3b38a3bd7f6757882f19bfcb3dca6c0d9d09e9a4c141d13efc489e32e0b,6649
K070897,39bad9af692de20f76f7fb0bd7a8a963954cfe65d85a9c918438513310c02499,9816
K070906,4275e11bf881464a423b75c65424404510c7ff85adb6fc19dd5d23fb7c0bb470,6240
K070908,f055d331074a4e7b1c9d8f64b6e19459c26821f98e1c5084103193fc55408fd8,6460
K070922,491a047c3678525e3e64d11092161e4ce45378b265b036909a9abb18a875d918,7814
K070925,e358675a2ff7e46ac65b8e4bef38912439104fd09d139e2518f5a3d942adcf24,12567
K070928,b7e106c5f43aed794418b90d0f9c98a86649c9fec158d760f2eaeea4498a7d1a,10584
K070933,ad255a5ea1952f8f2282a6e784e90e6d8c90513aeaa9ca30a885d3e1021c6b03,6962
K070946,6f53c9a14ca168363fe0abe91d2937cb4bc22434128bdd221c09b23d97a12fc6,5602
K070962,d33d5aea2abf76df8ec8f22990bbad6a5e37af54bfabe54b8ebb8577c470bbe9,7648
K070963,cfe7efaad8e173f5f8d31395a82932427a53f152435772b4bc8274c95611679a,7575
K070966,edfd078bec52747a9d37940d8cfd47ae5d84bd639573db6eb4c912dd502448ba,11156
K070973,f31525e93db61cac490d6f88504ff96dfd6f13197a5508216ab89518e4529ff1,6726
K070978,e569613bfdf3077b3b5ee5ac01ae1b5b326b5694829249235c01f2b7b7729408,8474
K070981,ea5c8b8cec5fb6e6fd8f93bef5e4f88041fa2fde9bee3866af9c823f954500f7,7556
K070994,606a239d68a2216a2051393b496e352c0d9d1f2e5ec7d3350286e354ab838a10,6325
K070995,5bdb3248e0da89728be1f8f83c27cf7ed2787dc090e540c66340fa2e09b68c0a,7982
K070998,27f38c15674e6d6dfc3ca1922d91af208c02ea72db652daedd96c3e1bd22c5e9,9157
K071004,1a71f0eeb0cd6b4d043c74fe07ee596297e9bc68c3e2b6f6cbcdec6e9971f663,7291
K071031,f7ca4a791530c7b92125d1e56e0b023be256a8de7eab3c61b69a583883c048cf,8920
K071032,7c8b501f6b17c9d522f84ee4b94a7bd0108d84bad83e2af3596ca2cf55d69520,7488
K071033,ab4e046c3702fd1aaf2a74d87ead256c42193dcab838f3bd2fc98ec19840554d,8441
K071035,20c2f24a757023d8be40280b98d9890269f644313941376da0b6f5a067d1b3d3,6616
K071046,64a4e96df37e1abfe65958ab82f1bb5fe138d9738e753b59a259ebff07603345,7229
K071053,6c781904f04de9bf0d695820be7d33891f7a62b15de3243c371988024cd0f4fb,5697
K071059,37d337e18a927479eb4e8229a69c37f97091b689ddeb67adf462c74e7e0b387e,7689
K071064,fd7df9294c976f8654f3f038e1e43a1c54cfeb0bf4c00bf4e4eada27d06c2642,9810
K071071,0b133de26b4eca9c28633f0ec9d577ea815804633fa1c1357940c8f7447fd687,7845
K071074,068f5d33d4a65856529f4f27983a4dc30071dc10d6a6fe49dd96c091158440d4,9285
K071082,3a6a72db849717d1b61b1c6e6a34c8a8000927705dc0325ce02db2bbe423c7d2,8450
K071090,e7c6806b88195bdd8ea62e33485b8e63a86dad53bf7bc028be50d468699d347d,8543
K071091,842c1942c812dc9559ffc34e7213f924ecb5366a3141271f9652ea933e6e9ad8,6738
K071092,021eeaefb33179e15535393ab4708fd9b983804de246323f454f482080d91929,6055
K071105,94b45a5d5406396d071d344cc946811654175c29935981149e0a5d9602274421,6196
K071107,17fcb23870de670b1a447eed4bd5b03c87a2cb7c1c75ea675354994502a20627,11186
K071115,bb9444911b926e8ac92402fde7f319e1cbf704560c026a0a8349ee821ba5d322,6223
K071117,2a7c8df083590aa3959c53c1f9d79c2136311246f7a77ec4dcf947cf9caf9ef8,9359
K071121,6d61d4d21511e99b5ca63c97b77351dbbfaf18fddd789109fe26302fe4f526f4,7170
K071147,0b75bd3702bfb341d250bb0969eb963fe1449a724ddd5e732f3d7b5f8dc6fe69,10099
K071151,67ae3d816ef25d0809d7c60a95ddbbe06208701adb77b39d8bd91d2653dafe82,6612
K071157,4a4f858242e1b19b0be406b0fb3852ce6490037b0f5569c2862ad60dfc9525d8,8624
K071174,dcc49c3085b61c039a73fb3cc00a358aa2ef64460f50fe0790dc3fa70fa52cff,8695
K071176,46feb2de0cd6890b0019abadfcbc9a9855ecb270287b25864edbeecff949f5d6,8272
K071177,52ef5b39fd08075dd17985bc3e8840e9d5cedd6ef7f9dc01e170727fccd0890c,14023
K071184,894eb8c4fa339346599bd7f04ec17d22750b0726bac0ef00f677bffa40dec645,5443
K071187,0761e358fe069a2ac2d1e4f03e1b1f4d8a5dae74defd1165bb811d11bd475d3e,11940
K071199,545c38b0922de19734fbffde62792c37c2aef6a3216cfa472449173165220f7d,4
K071206,7ec0959428bf789ee8e043599ada35bb137965ed16ffffda0d2e7a1a29b1a7e9,7169
K071220,78766eca33f59701f387df5af67f8ddd6f0bba628520865b40a3181e989e7628,7004
K071237,63591872c7e80dc4af3b97d54f2c81b1d4ad32fb68f7d55d0417a53faf6328fe,6566
K071243,9dc82faf4367c805c06aa3a42dffca7c9e71f92bf3ade71d9c8815c8b4a2b216,6399
K071257,66e45e976a0cbd2a15bfa35c272de4a5de2770a5310c5ecb6ea1da4a3a451293,7937
K071261,c25346a325882e121849348cf2aeeb03f67ee1d2e57698b89d1893bce7e748ff,7864
K071264,bf482e5ed4fccdfed021918340472c425ed102d5e3b4f9b94363533c14df1ed2,5347
K071271,17e9980b812ce7fc2c183f1213b073ca2fec858f5c6537263568cd6dd23b65d2,8177
K071274,d283e1be1e557f4f3af086f7875ea645f664e160892faf38f5fa3ad42c05c516,8491
K071325,0a099872fefe6c7d22885984321873760b83a12054ab20e6489c3df31c2bf564,6331
K071329,04d364ac2f43b74a021b8969e13d22e15fb5cf683bab77c1e9e4d778ea37a793,7271
K071372,e300d57aec062de22ba7aea0992bc3c8d09babb6e27c63f1c0135e101f4f7a8b,5746
K071373,87ca3e7b5e1e975d0882dc034d9516d4e8ab8d007746603388905fa827c04157,7616
K071374,4be27ce87b623b9cc2fd4c88d82e47e11231064352d0cceeecd438428ff86711,7926
K071375,5305aabda59c53516d2893757e368c2880bc07f7d2facded2808233cd95e4b5f,6985
K071376,2bdfee1856f5fc7f23460422450a0b8f58a61ca9bec4df8e0d68998d44730342,8421
K071377,9e50df2f0ae86133204149b24a626d52411784e7ee8974c05071ae283fa3db08,12357
K071379,39f318d57ac424c41e41d1a29dc4b8b91c3d0de9aa8014870b50b11eb6a825f9,8510
K071380,8d4a979bfae6b147faf0c342d9a4ec865bc9650c71a19ab586c5ef3ada749f54,7562
K071394,52bc2a093ace55222e25f8492c00b2b203111b0c5645a2b46302e025f3e7fff6,5777
K071395,6f5233a46b9c115f18ac6de25f65b5056c86c4337e32e57de79421ac1c94339d,7078
K071413,e753ef6d3dd3aa62a5c724b223680a60d203b310f4ade124237dfb962a6af0e9,6804
K071416,87414366e0c6f89834293e4ea800e56e7167a39b4736a2c287c8ce746fd02671,10103
K071417,0d4ed98927feab0222ffe943494bd94a771ee1e7a082dfde5b436c0e740d2f53,9278
K071428,155759b1c1c1c8d0750ba722ca517b5371ed23f5b0d95843a4be64ccf626fa44,6307
K071435,1fe9fa82e5616de04a4254aa51d1b05c332bdc087082f93a1a04b06694080c13,7857
K071437,50fdcb8b6dcd9a40a3b0749c041ac27716731bcafedd8551261fb9e0c07ed387,7194
K071438,b87009fb5e80a2b4384af03de37c25b321e503aead8e6b012c756fd85c8f00b6,7231
K071456,a689b05e9ddd9e7235b2cb6b43feadf9f9602e67e8f1d3105abcdb68431f83c7,6388
K071464,cf115ebef6e9479f902d75a41fc401681fbe8543880d9e8be5e911f58bac0cd6,7572
K071471,a2a5697a26fe0999c9abe13feecc144f1503abd81e425816cc337741ec1850f1,6647
K071476,8bbdf5248152eee0abcd07263d43943db51d486f42b93f078595dd761b55cc53,5703
K071477,ca65d9bfe0bb82c205bb27e786cfabef5fd8e406efe116cfb4c4f08806685101,7095
K071479,1c17eb7810ad884ed3ab5cf4d8c87a58fc4dc0a660c9cf630456cd2c7f03fc26,5480
K071481,b490629869e9925bd35f765f42a5cd384cd4815d7512f21fa7bbda02987c6b1a,7349
K071495,0d4c86ab40418352c66f23acfc1aa0f219fd85443d2aa6874948932c7bc5a98d,6959
K071497,57beec4b65d821e1a3593bea41524de7a03f01ea81008845905e62aa8ee5b760,8610
K071498,682babfac1d2d56c43f4d62cf088792929bad25aa0c46198ff16799816d8d173,7420
K071499,d6d5ea19a642fc515bd6c4d855977a60f990e22bbf58da9298cbd3594d725e0b,7733
K071520,266505037e5f603b3cf59cbbfdbe561d5f3ac2e781dee2b3339e1cb0209d6dcc,8006
K071535,5aec87e85e61c549a360e4d814ab508c05e016b9270552320be93838d2a3518a,7656
K071540,c15e26a7bc6b0c02e5fdc30b7091add2ee53bb136b71a924c81272e0febffcb4,5706
K071541,60b92855be00408014f148bfdfa483bb99b9f8324fdcc6626b1752c98d6b2e13,5738
K071549,ae6e59e7a30ec9d20fee17a835203e1a3201dec4fadf226af9189b3a46203cb8,5326
K071563,fab843479d90314529baa1131bc594d5f5099f34a8e7914b0a7c3842bf27efc3,8000
K071577,1dad5c059654900aa1d72e1b8b6a7b5dab3732b0bd1997db8a1b019a16642c47,7033
K071583,4be789eb769e8b31556431d3bf044fcf9a50b98a0e9905f9bb1d3e10275f4016,6548
K071586,c62dd19a142efa2819f2e83edad9675f24b4f6157ab0d049912aee5ebb88b4db,7976
K071616,7019e0d4bfc37be7f5f3e52e7d5e09f8254b36503255bbceec36dffca056c66d,7061
K071633,024a86c58c48052a4566d8df387be2f2a1fec8a4db964ee3f3e4a2c8d506e8ee,7084
K071637,ce3c9e3253227af0a2a9eb3d8829a6ed2bb93b986f4c7004c1aaf781fc241c8e,7098
K071639,fe69b3c6b8b20f7345818bebfd75cca1104a8e1759f46c4821829bedd8e76279,7120
K071656,08818bc76d2d75802761027e38876ad20f4b87392b30a595242e8b2a2e06abb0,5238
K071667,065292df63408356065185dda68955050259965fc327286afd15aa462d9e446b,7782
K071668,cdf57985d1cd13688cca0fbb4c6be0bb5aace66f3b1762326eef8851ec13332d,6227
K071676,0f222b8438635c983015a88d3f18eed4a700319f9313e571bbcf7c6ebdb0c7ca,7587
K071679,ade60e69617f3389f4239427c7d3c199a87ff6029ba11208d5e112bebeecd24b,7857
K071704,2c6e59993ed0b8671adaf30bb3a5747e88e3c291c99cb5a800f56df54ce85c43,9813
K071715,b0d8ffe8989d66c01a021c02010425d84b3888ea21311771570b8d952ba50aa6,6514
K071718,562be3a6f3ac0e6226185c96505bd2b65644fc5d1ce12e0583adfbf8d662a8f1,6635
K071724,f69d3f8740fb371d5545ffec9520607703e9ec2c979c59947f8c0f6abd6855e1,9068
K071726,7d418bbfc989425ea3d55f13da057ced24a44e19061b7f6d6038397c1690808b,6974
K071738,4e87ebd30934fceeac3616f4c479274b96137c895805038d97d2831728a3082d,9490
K071743,df40d2956fb828b69c2fc842a13e10f88525a58b238ab45a8a9e85c2a9d9d172,7646
K071784,b7daee1ec2d12abb0aa7b9d039964d939101ee907048a843c8e2856e6cd4a93b,8513
K071790,305574f995409705e3a0df9aacc5a34fb607ed39ab3f19b7a42a5aa7b39b74c8,7389
K071795,2df6ba9560af4032707d9d3e1ef11286c132fcb7ee6a11d7c9da309e56974b4b,8892
K071797,d9765fc85a092ba7d31e1e2437928b3f0ae3b090cf35ea0cec78340d3fc3fa7e,8132
K071798,95d139c0424dc712c420c5b2a1fa21c355672a2350ac30bc1e039fc38944537b,8183
K071809,017245ca05001dbf3daaf70636464e972a2af8bdddf480a8f9a90d699315d9f0,7434
K071810,080d995114fd66115ef98c7e1971d214e38f5b381049bb8351281273a3b8ae2a,5270
K071813,bbfd888dc85711b5d08c00812e3025b2d20f406c70099b393f5f8825177621ee,7712
K071816,ff45730bacf1747dcf259bd295187ced32341398a9fab1d8b2b29e5c23e6d0cd,7979
K071824,ddb6203fcc05b85b8d27f1e0546351827627950326fcaaebb349596b2a08f267,6846
K071830,69ca2f82dd1ef8d026e1fda1c113726664ce39dacc4ca1fc070aceaa34973973,9018
K071833,545c38b0922de19734fbffde62792c37c2aef6a3216cfa472449173165220f7d,4
K071849,71b65971a3305b53ca855bdfc4639667f4dfea6238f7ffa47968c7b87f4a9b72,8799
K071852,e9ec01e6088b12c1c4eb4beb63b10568556e543c954ec3f3a8d8132222b6b56a,9325
K071857,01ec1966d161b144d04e96bac5983778591462a29558984e7f96626f0d084779,12478
K071860,af218f70867b42590c31c1537a016209967db56fc70e8d91ba2612fdb3fb0191,7898
K071863,558900f3d30785d3687c11a0b44bd1acf3f304781d9b6f3d0b70e857a30e16ad,7763
K071876,6f689f52c6fca4806ac5c98e1c39e3dac6161fad69d10811daa80c29cbf84b00,7983
K071877,eaae2bd29e6eea20d3b76acc32f60947d4650739dd7548d330fc43f8904de3d0,9200
K071879,48f7546660d70a4ecd89ed4df8a295d5124189106c99823cc4dae8a84d434325,8354
K071880,b19846499bd389ec9adf11d220fb6085cd069eb5aa6a80cf2a946947edc5ce20,8368
K071881,563ad45e212a9457c1f942b6913a90477f6e9233201b32d05f7d058c667b67fb,7432
K071890,7a0a97970a4e127d99f2ff0132c2b89fd39476888b43baffb9d0692a83cf76d8,9838
K071905,265609388050cac458c069362777cd3af7a4df845ba6e60274b5ea2a8eeaed31,7900
K071912,0db04489e72377f17a03461803768b91fd175b765ab102f096c40cccba4b7967,6732
K071916,104f6c0633532d1ce62041280904b877c13f1419959bf8e7dc964e4284b7b009,8349
K071921,b95c2efebbe751e3d3c4b6831f3d94a6df351ea2ab5a65a0bb13183d8a7fe80e,11634
K071922,6a3cf5192354f71615ac51034b3e97c20eda99643fcaf5bbe6d41ad59bd12167,3
K071927,c3a765125435413e720d43e39c603e1d8431567ebcf4d971dc3b7cf5866df1fb,6477
K071941,7406be8521a82019d0de0e64ff74a312ef1b8449b3793b194d2f592e6ba2a33e,6970
K071942,36d8364b60e16fc1eb7056c115485154bf22a51653cab2fd04d3691039a3e1ba,10883
K071944,fa22d887e02f0649d1e56b7c5a15105f9a33227ac413558673d56ecd8ee22447,6197
K071945,97c0b0843b1748022c14716b4e91fe0f46ea42ca1b6478abb0221ae4b498df98,10300
K071948,545c38b0922de19734fbffde62792c37c2aef6a3216cfa472449173165220f7d,4
K071952,78297596b7424c30571ae2444d41876245c6e603e99fabb15ca75940b83150b4,8177
K071978,9c7d450407ac617d77c6ceb508392151837e709abf0ed8673139c7435eaa28c3,7615
K071983,d2fec2f63abac32fdf601180b05af220785b9f8a1d796166e39bdf864127df18,10270
K071990,6a9add6387ff5c5c9aec0e1f6f02401683f9eda1762ef56b5d0dae553466bf04,7542
K071991,dabb5ea1025eed2fb27a73ce2b3748510aeee1df931b8a54699e9e457a9a8c38,7413
K072020,7e01c9697670de859fcb980efd1b6abded49e2bad4418576a9e40813aabe577a,7670
K072022,44e4f2cea33990d904905f4b38a83d09f5fda7d516798f5a73a9318cd78ca78c,7028
K072029,a86fddbca11b2bb4e9b694a4462435bf54bd48bd27efed0e767e300c1213f415,6682
K072040,71917484ae34d66116253c296f21ae9efd7acd301303cc0d19b34e03f289de9a,6594
K072063,c43d99ad3dc2c2fe87da1a969c01c513e51cbc0de1b028f39cd73fd034490740,8685
K072081,2cca4b4efe9fa0d82269a15f2e140f334d85d9e200f866888e3c849fbc4da200,9376
K072083,9e5336d94bd58e5a483c0098d8616182819f4102041eda4d53946093fbca3131,6152
K072095,40799159e40693a59269918a24cce810bb12d9067b5b9117ad9269f5c3cb5ba3,6256
K072101,724c17c1d7f4bfa4236859989b7eba96e3fd04b04c1e6501d9136288b6e8ce87,6832
K072116,29497852aa15ffcb19f0058ceb82d21eb3983c5465ae79a6b69f8d6a5baafa60,8799
K072118,7b8aa4ef755a15f9eab528600132019babc971253cb0371043548e38aae45089,6793
K072120,403f23e6d5db84503483b85f2577033f36294701fa9b67a6ec1e53d491937a3c,7145
K072121,ed65cb317bee5a71262bc36e9ea835dbff7f44554535622b627ee9f95303c468,7795
K072127,dedf4ebb9f5473d8843bf8593352c1b44cfd316e5d0981601f5cbfac0eb453cd,6377
K072132,b84147891ad10cfeabc941562816262f70ca6244e0bd75d5dc72da6023999adf,6724
K072133,40d03ab7c962db907df0418ab6db23e5634b43b3e25189d9f0c56e6d375b08c0,7931
K072154,d396a1a6138524606d3babd8f439e4a03c5eca3494c9c38829f1b61ce78d7c15,7143
K072160,7629efe861d46db2b57777ed4cde66888dabc516449b185bed9bbd969a64151c,6745
K072161,daf5e9264232895477ccd0e8da68a5c2abcfdac00e466b1969d871f965582a8f,5999
K072170,8392e91f944ee894456fa79d4c52a5491c5d552e5ff00a18e2af9e0737770d64,8188
K072175,823c606101e1365f7353de421ec077fb2aec5fb75f07fddfa91f4e5aa2ff5f38,5412
K072183,8bd7c91a43c8dc37a6d31be91811d04a9d21a27a10eb47cdaea6ab23ef0b6d76,8632
K072184,a2de98a2042394d66d789650d743c63a42f2bf2cb44a295d34f1536ded8ca2b3,8203
K072187,f8827eeb8139bb23cb52a292ffa579ba41d2684d83ef67eee0ced88748403f38,7390
K072212,a036ae5b63033f8def7ec70beaebc15f2f174e208aced6d2f65ecf63c7cff042,8094
K072221,4257897ecdb66b29715beca3463177e35d557d1df01653f99cde01e26a9fe8c2,8280
K072226,d30a4104a98eeb711ec130883680e836ed1b2d57d427f8a8ab2f84a4d09ab9b1,9020
K072231,42d43f9eee3bb4d3bd6bb6e0c1f75887970b8da3876213605b440c8c316db16d,8570
K072238,e817dfaf20af2994f067f1349c37e71eee4742069e123e8694af9588a092a65c,6559
K072250,528af865f2df3f239bb4eff261da9948cb078c5fcd5c2db805ebdecbeed4c400,10732
K072253,545c38b0922de19734fbffde62792c37c2aef6a3216cfa472449173165220f7d,4
K072265,f77c091a639325a328ab066296243ae3b492db95715cc48c4b615cf6d5b40fe3,9551
K072281,a4d7226cd8c3bdd1354d11dca40267e641c84dfbcc93117c48d1ece575cae393,6989
K072289,4bfacf397c606e92ad7e481bc9f2304a8bbf6b1a8fd9380f5234f02695b12bf5,8129
K072291,e583cb794f9e0fea94ac3a70b51c58415797fb863edff4c78dfbb4c77857f919,6598
K072317,5d823848f2ba575c2459dcd0949ce2b5b71eafeb5f00ec2e6d6b2420ab3965b4,10448
K072321,9f1439febda7829c2ac000244bb591af653de83b515661d78047adf347a5000c,7006
K072326,9a3d585ad5b86a7928c3d3bfc4dc61f2b7e68d08dadbba7056ae1d21d64099a7,7712
K072327,a620c1c4b3272283d7e5d55c41c4baaa475d56eb7745be7bd4888cf3cabf928f,6928
K072336,13b50185ff863443b5530a0258eadb4c2e2a20c06f189ecbf9d6585247d4351a,9578
K072339,e5435a377227bafb35c39984a40285ace100cff561ac8ff7d547e235da856aff,7271
K072355,da6e40fae5b83efc1d1ed3e58eb9d33baf732430e6657bddcdb315ee939b7afd,7885
K072367,d4fc7563599be2498c302556762ee965b4f8dae6b92eb34159832c94e3782b93,8319
K072368,ac13a3de007baa43dede226d232f2741c2a459213085472ce548cf03ba783279,9947
K072384,1ab8fa0caab49b192319d032179c5195808f9373b0ab5671fbe1f93ac1f4ee74,6709
K072407,fa1bba5f9bc20e84897d99a227e8f66b2d42ea8aab1948a08891ea74345258ca,7213
K072411,b5c0dbe943cf81ba02f5e5d7f12201a6b23a2c90f40dce1cf739d0d10bb6ac78,10884
K072415,545c38b0922de19734fbffde62792c37c2aef6a3216cfa472449173165220f7d,4
K072417,fcc2fbac70bcbf4497602cf4f203951311cafd0f97b832e652c987bb9c8189fd,7661
K072423,4a22b975290811829b6eb7facbbe4977f104122b73e2ec82e5b8efacb41ca25d,6134
K072426,9c74f9f55044fdb2199d0f873fb0ddcd1b5189213a0476d90c2aeeeb850556c3,7001
K072429,b28b8472d691a599437d90c71d6f3fd90262594be17bb2386e05a6fbde6be93f,9517
K072432,c1508f65f5f9e25a3cce2828d4540ca3347fa9a0144745906395bb72cf31a483,8204
K072434,3c696bac7dcce711bc66111bacbf866478287fa0b87a9ea13287de9779f41b7a,15445
K072436,0ae6570a4e64da8eb5944e43e20a3bf3e7786f56af901c4085e7583b099add9b,7985
K072444,96f3d67e8b66abc5064779a06e7b29cae755e5e70a702ba22e374a0d1886b894,8106
K072465,8057e9b3d8ddf064e197aa4f266c14c3dba5369642c9a56b5a778ada74cbcc4e,6470
K072496,4bfaca89d70bdefcdd56782fd209804482ae0d9ea88652b59d53a6d7bea97c0c,7020
K072531,08bfc3d8d8cf164c4566683f63a205e5015876c17ef8c9d6782a9db4c13622c8,7051
K072537,c16e4daa7c22c03555ccf04d43b592997922cba5938691a91fc7652add6869ec,8663
K072546,1c1c0e221ffb10d9b603d228983a6e7a573f36a361e202ab054f6c0581065d12,1909
K072562,5aa96873810d9f291d415775d5abc09c24569f3076df03f2e0740372bec0fbb9,10692
K072568,8d43635d54e2995b4ebdd41ab5ea703c197059f97485fe49ba100cf5259c7136,8689
K072575,1e3f4e606e642551b33f9e519749ddf1f3478d1f9a69d1870115c8aa4024f8e5,8645
K072578,47825057c9cd24baf7ef1f42bdc1177e12f80af1b720824bc60fa6493580c051,6835
K072586,aed959edcfc5fa2c1f61233f865512a6819ffa1b97ba0271f913db73246abe77,8492
K072597,0bb188b4599a1c6f380cd2075ab92544ce5ffeff0c30b8a5553c1f463ab2370e,7523
K072605,cecce6cd74d60c60f727ae572da3ec0b7e7dd2d15bd44e55c58cfccfd6c2ee98,10101
K072619,6f6e8d5ffd0021c4061e751c760d501ce0e05e12a3127eb10f8307e0191d5822,12296
K072636,d4a764455acf3dd6bf1e460c17772895cb94063694bfab97d4f819cc50da5d56,8811
K072650,9b64b3109bddf82b983f2ea5d5384a455ff9912c581f5ba7522c28357719c7ec,6808
K072656,859156c84bc40a3d580276221dfdc668c82efde7198ae1b6794b0677a292a3eb,7330
K072672,df4da07895a5b340a52adb85dc918a77a0d087bacaa69aa673a56a2855d50cfb,11509
K072678,95cd8684ceea2950c01ded47c7e2a0c31999c7bd7c12e2738c1fffd29999ba64,7242
K072685,5f070f1e29df6bf77e278acf0a652639d8d224bbdc5b05d778207d0f7c4582e1,9340
K072703,b16882d0baa962b5a7c79f736f7d31b2c0dd9b367d3fa89435f38e6e3cfcceca,6602
K072704,4a8318c64358d9eac55ff551ece7a590ae8df486b0ff67d1d6656e86f8de8c21,7309
K072710,87438a27ce9e6221f4f4d3131d9bdfb8c4c1851bbfa0aaa2eabb1d96671bcf41,6737
K072729,795227266787ecbbd347790ffce7d498af2de5c144883c4c2d558bf417255fb4,7532
K072785,9b95cb06aba2b54b0dc62df20d8ff2fb1eb4169f195f9f04dcdeb5a1ecfb0d98,7193
K072791,538d6440534fa5f615e8a26932792a82a2e4a33a97886e2d815eab8fc216d415,7
K072804,545c38b0922de19734fbffde62792c37c2aef6a3216cfa472449173165220f7d,4
K072817,0425c6025ec34799a8173cfbc91f57695bde1c8b7ede28eb3758467e078f8cd1,9067
K072818,eac01a1ff5bd3343a1c1819077fd60c5699294fef93e303187215424a6856906,10193
K072832,baebe11f5bd744ba54ce13e4c046ca55e2836905a4a16ca316121842792eb751,6457
K072852,a9723e5e9b5e24380d01fd93d36a6bff2b84e4d9f46aaea5757b0da12f66be08,8532
K072857,040d77773a81080e96ac09b633512e37f124095cc745f1edede4aa93499c6079,11631
K072858,1c0661b59a47b60bd01ff92ecc30aff5fd98b2065af421af16da920d6cd0643e,7987
K072866,306e28a9d75135dee3bcbdf93ffec900aee70d82bf7013c5031fe72b8536b41c,9773
K072888,96528b0d7c58d2201b7bf8f551251ddb67a915b6f867f2df90c4fcca56581bb3,6155
K072914,f8fad76b3adc8e2ce8b99a42263320374711069b08b6dedf48e7e863f87a15ba,8416
K072922,b207addd31af811712e1ddc9a83b88209132c6f99894fe8eb34be6589a3cd749,6665
K072943,451a901431e58d78bc470b4ebfcde8abb225c7602bcd9a1f555a23247dd5e1e1,7885
K072963,3fb57c8ef2a96822d76a1713bf4a66a5cb2c3ef4bd693ddae7d30e231a9c07d5,10677
K072970,f1d852e164840508f05e8e158568a0a81e0981bee9c7c31528ba635f0b383222,7677
K072981,545c38b0922de19734fbffde62792c37c2aef6a3216cfa472449173165220f7d,4
K072991,81e6f84422600d3ee3034a2f1a0b136718f2702e83bf6c43b087fdcc1f6321c1,5021
K073054,2efb95344af393438e8ccd08b04e014dc1af7562e5bc33a6445cb373faed05c4,6788
K073064,31d0992a6c06e51033a270f8630a637bf8acec9b3c16571a18be88c5b1bfbb44,8355
K073065,30c3911fa15459c12cdeb3aa463d39865a027fc24b3f66a6ce60c086adf662d3,7228
K073068,158c0da0cfc555aa052a9b3f12175eb4ebb8f8ea5dd4574c2bcbae35399b384e,7918
K073076,856b042457f827545f3fdd51ae0be0d6502ecdc19d9a302814b633e086a1eeb8,5943
K073102,2c4a7f4b6c602e58f21167b593c653bd620de55634f90b89f387e9c33100cd2a,9582
K073109,7c370d9536d7d0d6a0f7cd7f9826692acd93e4fb05ba46f7b630b879740343d3,5
K073115,33c2da2256a8ce307edf9dcafb327d0efbb808cab2f7a732bc69b1330159afb5,9060
K073125,7a2119a4bc53f02ca47a5c4ca57024bcffc604c19556a6922c192a062b1e8b2b,7058
K073126,b187ca944a54f2109c1c9fd137c07d16ec563de68be02df66b29769896449c30,6980
K073135,ec67707fb43cc3581be3d40e5bb5c2dcc5687b372fd13a473a6ca182a0370aae,5871
K073143,01792cd6b8a51abbf019b033bbe885310a08573a9a1cd792eea5407c35db05da,9745
K073144,e715594b41a62930f4bcd7a0fa725d3b9fa0500545b81c6345b060009927e0b8,8181
K073150,67c46f999bc8f1af9933826231d52a2c7fe21f61d4adca5b0421198c6fa0055a,8669
K073151,81d5f024ea3b6e4de0910c8eb4c6f8f33f8f1c2b03b740a6dddf6ccfc030db44,7520
K073159,5433a7b2e5c60bd038f93cdc3091c70016f7520419ae2d302a07b7f337b18433,7996
K073172,ef63a0553dff55b2f1b073e7a109c3d68559e180b64d9135f504d9a649baa312,11147
K073175,f299fa1dd0f0d3ea919ac0713791641de0b27e94d7ad6e2f10be301a435bc8ca,7127
K073177,98828fc40cdf10ec68d5293ac7a2dc997fb1d52e77e226d5cea31a91a526c2e7,8258
K073186,fc026d498f015a183a8dc9765eb1f46e8eb84f74e6b27be594ceaba9dcce5c00,6046
K073202,188b4e325543aa83eee23c496fc37fa5ad13bf9b6d832cc1e066eaf0a13a0662,6951
K073214,e32a0b1d63829707380143b0d84f28d89f72e466eda0d04252313b8a79173059,6427
K073226,f6e74303b5d5c392cf26867c9dd8505f8c02a606ced7e5ab10b9b25d5cfcff38,6906
K073228,400464d2302a6674b51dfe5c6cb8c21569d86b38868414836984e301adb7b5c7,6193
K073232,057c257fed1db4eca45be6676674091fccbb3f8f4dd433617831e4e8b1d6e428,7621
K073233,280777a1b29e12a6130d4b5b848755a95e9a9bb3cd16edf6437dd80c973a8797,10000
K073240,7a94f65e08d34701fa4f4b5c3390c1f54d8b74f90fa21025b4cf6da13e0f2545,7591
K073245,8ca976a67b8af6d80d7a52e83a7e7cee6f242287c4c90def2d6f4e006ab648c6,9638
K073248,d03e0004b954c91afd15740371a0fc8933f71e300b8a6cabe1a4a8480265ef5a,7765
K073267,f563e6b41395dfc2bc48f19b760e39db7e203f8ec8de6c523e8d7d6b822cc8f9,9122
K073275,cb4a646c0daf9b7f16660c96455c6ff0c75cc97a8f9aab13285f5f1085205cde,7412
K073278,9ec06a8ecaa77e0fbe408636add8fd67ae2f9fb943fce0d3341e501a98f56b76,7271
K073281,30141b4c3fc8c368a3c12952cd146d18adc60bd2bdf5e0525102cff1b7097c52,5891
K073285,545c38b0922de19734fbffde62792c37c2aef6a3216cfa472449173165220f7d,4
K073286,3f54c6afae606e02be53d9cf6423601e04ca37d135aafa62a48bff97e6f0a858,7728
K073291,3a4434d16a2c4a859b1e2566a8476f8a351e7748593f7df4c7f7cf94b4d334ed,7513
K073303,8668b9c618e803fa48cbaeb35e80d662fda5495b3518fdba9da175e3987e7b6a,11009
K073311,bfccc4e591df5daaad25d3f56d731260660f5590743605489876d824b27c9db5,6982
K073312,c9071e39f9aeaeadf2545ca3a2b204b9cbd08bced155e9a6a143c61f53683bbc,7460
K073316,e181c50eaf819b5bad68a9323bb63d9ee31808a22edc7cb99666d6d64772434d,8106
K073320,1123a6aab29e2c06f911f59585f460f85b5395371e276ee1512ed7f8fdb2a9f2,6476
K073325,8073d8f5483b10590e32ab256c21459347df83614595cad1914a08f91f026292,7195
K073329,98afc70cf437cf5c5e8158c01a90aabfb78a6aa6f294227b901a076f24042c48,7278
K073331,a451d1d72ae6f68cdbcdad6243408d2147edbcf67fe8eb9842c18e6bad6c2b68,7134
K073337,8044d8dde3532d7d95a4f9eb1be337afbdab207c35e02aa4326850d24ea90baa,9075
K073341,d9e8e8eda0429bccfe947be42d0c562f2cff879e9d5534aa27a16db046110557,6560
K073344,5a30b63c86ff4bd922e7d4acda1c0329c9ac7c41d1970408e6b0da1a865e0d30,6769
K073347,f0c0d6e9c8d80b787c8d46ab8c287bc59f581b4da70848386d66a11147dfb5a1,8994
K073348,39dcd37843fec95eb6dac974f5783658218d8bc8cc1d50c3bb68cc433c4bb530,9224
K073349,f053199f0957f9d47caef2ceb2b0f921c42384d9f3da95e0222231a8b229ef6c,6661
K073351,fef44a8f9db5a98c980ecb756ca34c6e973bf80ef3067f3e0c5a12755d4dcb42,7782
K073364,118838589fc6e71edb9bd7a1ece13ef310efa99b9a30e90763cb2d48050c3f74,7354
K073375,fe6fcaeb5adf0639848fbdb178c85dbf6cddc28cf6d0079e637bd445998adc06,7912
K073402,c3d6d30626bf04e534444a961eeaf3e6224e09bc7a986082c0d5b124aaa8c4cd,5797
K073405,980b3376d4517b49ac63a3a7c76a290e6e5421e46ef006984444c85189c17083,8517
K073412,5c58466f75c7dc5ad2761eee1a333b0b578dafc38a0889aa6e26c2b3fdf31f38,8828
K073420,7411e81d8788e505f4a962afc2ab61c661e92feca07f4c28c71a3f96668ac61b,8804
K073426,87d064acb85660714bc3875c67014249abcd5eb1e87859aeabd4bee0c307da4c,7059
K073430,22b90d12337118a1dabd36c2001762a6105c259b913d3e9bc57cb3d4b1a5b136,7361
K073432,7f555453125ec1a5e939a65aeddf7d6ff20462e197e2c0e63470f4af1d68f815,6861
K073437,d887e50060bc190ca352f51a337276e1a79a4c68e80d12f4210a5c2a8ff53390,8216
K073439,25c69e75c21cd58d01e88e64d02676830c4a262bca24e65a20ceef12d81bbfca,8767
K073440,02169ff61cd88a1afaa276be7f32a164f66ded4a2edbbd49c4bd5ac542385ed1,9659
K073460,a3b9f53c49b53ad608842da332d3e7c62a21a412445f03101156b449ed25e9a2,6018
K073470,fc15591f83b0546fd891f7d261132f8a89c4c2b9d053a1e5963cdc12f5e49b03,7755
K073479,dbeb2e8b17fdba8654123fa2aca850f16afde74469fd3a58b9751b1be89cf28d,7509
K073480,55f1311335c667f59c9b72215e6cf54288d48c78bcbaf21c7393edb040c61988,8328
K073481,6d49c32907c5f8f2ee0bc9f60208eab7ad00f62c2a4ed2a4b4f7840246a6f6c1,7831
K073500,124ca0b8cfe5bbd148d63e0638b8eb7c018d5698ae90c546dcb5521592f2dbf4,8233
K073502,0e13f5ab9aa48bbe0eae35bfaad64c552df861285e2afced325a1eeb28559115,8692
K073505,d03f5ffb83d0578b82354f72257d101cef3a7176676b2cc52d3c740b58ac293c,7120
K073509,84b00503c98475d38028fad93a62624e1e6035fc3dc7cd5d2230e6bf8ac97657,8141
K073510,878a8d2e745321c23ad2eae1b49636b266f4c74b55240d9719dd97ee0c481834,10151
K073514,74c6d101cfd8aae8e6f3d06ee7331392992cc75a129b35d481591cfb212ed577,7468
K073517,29fde4d27aad00498179e626d1c53c15faaac9ab8e26501bb229818422b34285,8472
K073527,06eba40ad0b16de2a9dc05f8af7cc560037d51a500f923eb0090dd6d1a721538,6612
K073529,7caedf57e1eeb13bba03405f07f185d53ea8951f242dc6c0d7f3d5025e82e94a,8300
K073530,96f53ad26716faf3f26fc3db99a6965ef4b8841dd4e0b42af97d906c2357922f,7628
K073531,61ca92afcde3a716f48ccf30823e4a328ba0d77e14f2788b5f3ccee5acd64900,7992
K073535,feec8b7d644e4d73a14ac042ae3f2755c31aa1a5ea709f7849fab6e4af30ce4c,6564
K073556,f0088c285ac1777691251d901ab38cf657f674359af5cfbb70f06f53a8f40fa1,7161
K073562,f26268c6a2d9a0801a75065b81d69080a3dc27fedcbf800b84d409e4a2b88363,13273
K073567,9b240ab4549004152b39838bd4981bf199a862d7ad2ab5c4d113377ad2ed8317,7967
K073602,3c2880a88d44c2d7336388698d31392051a6f75585ae54cfce24489b3119a11e,9427
K073624,10ae6df7ebba233343f06fb13c19cfa605ae2b5d8b6c1786111a0102f55483de,6015
K073635,12979e8610ca829a3d08843aea9fdf8b9dd6558e04c49121a36a6e17e0dc005f,6499
K073643,5028f7dc4c6fc271fbea14f250353a1c82d534326a8c9e0fc07305e433fd37e8,8136
K073649,6de2982d54869c6a58a174f1a1652f0e442cf5526bb53b8dc149e0fb73378bf1,7206
K073654,98ebc3708ee1b167765fd22997466d06f72576f42a1791bf86101e4e87ba8861,9096
K073669,b5daf103821b5fe79b0d0f305b9cebc2b4d07ed250108b17ebb6b2d9c82008b3,7776
K073674,6e66a04cf3962d6f4259cc016fe17d011a3fee5b4e8e07f5563d58563102a0b2,5339
K073676,545c38b0922de19734fbffde62792c37c2aef6a3216cfa472449173165220f7d,4
K073688,545c38b0922de19734fbffde62792c37c2aef6a3216cfa472449173165220f7d,4
K073708,b856b20d499dcd250c37d1ada3393275ca984e51b9e90471e9fc14798e2bdf60,7294
K080009,db866562f3d92990e16c678bdf4d09b0185188dad641a977466baf6b054b689c,11287
K080020,7ee9fe6b994c9e82ede92e4bdcfc9da617eeec9633cf5a23a964cfc66f50c170,7439
K080026,10ac27877cc4d9409f30f714d59da6aecaa464dd6cfac73406ee1c94a8817ddf,7124
K080029,49030b08de510cccfc56830aba66ca99006676c774d42e4c41e07d6e25aab883,8793
K080058,8b512d1e2d21cc27c0adf3043eb4886661449bdaac9479a21b81baaf4fa064aa,6585
K080065,6e3e2e13406896006a1e49cf6c790c8533c7d42b26ddb11df2d0701b8adb9f58,7555
K080071,c396076f71cd2a71290051d7cfe80a0a0cfb718f3abf5f3899f78fd3739804e0,6650
K080075,197a88493522f65b1e60f63a419591a02d49d18cf1f89776c70965803ca2e59b,9148
K080083,5f23c6c3d871caad4572f5f5b3f495bac4f69fbea28acdb118a33eb4a43b2386,7766
K080088,1c672f2f2880855e664b37acffeaa2f8d505aed26af798708e45a43fef88719f,26843
K080099,1aea194f7b51857347ad44b22111df15f160e985be76aac66bebc65587dfae86,7440
K080101,32c61454ebdbb3a630f4586746d2c56e4ee0a06a18bc44fb808db8d907e9ae0a,8313
K080108,81f4ed559a02f31dc8fef50e254f9c8236c11621848b293f8a6c1c8921ae82d0,7234
K080109,db82841367f3898e6d6b0b23628154753d5a4cdc13fa3d4741d216e18bef0acd,6140
K080111,ced63471a6053eeb67be083b9af84821cdd1f41e20694bc5fcc8d0117d0ee7d8,6551
K080143,8b21bfcbc9c187848ec31c55e86cdc486c06a1c233b8b5c6c4a75c3006ff3c28,8862
K080184,bff8c61f27c089b1013a2ea5bc5857e9af7291b97647bf3140aade4333949ef4,8351
K080191,de5630888150ffa14492b6c56506c04a533471c55116df8a0f97ea4e5732b193,6797
K080199,d088784b7ecb87f1ea17e6f982fa968ffefcc07b79de6ecc548fc00242868da6,6
K080204,5dc3371663dd2b05384fcf7e9074f0db82cb4c35a0bb9f5de47f7abbf0c1b792,7410
K080229,b7d40badd03ea5bf55a905a01257ce6bc5ec965c942d93587d08e1665841be2e,8810
K080241,0d557a817591da3f30e883ae7c3cf16ee67491c0975ad9d44bf48cbc1c3b92c3,8535
K080258,0213418900f8a3f4ad366000ad747f17fd60f641a1461356184f8170ad55dc6c,8991
K080259,a22e567d6b9ac1d1426828faaefe40d98d91aaee75c6f1a34efc7dd91797190d,6803
K080280,fe1d644c32b917cab2ac72b88eb1bfac84722f127ca52daac5fc1c5a5b9d2882,6941
K080281,f55effec659ab761cfed50c295f3c44268586eb76e75ef3f447e61f2090cd6e8,9712
K080295,cf96d9cd2ec762866fcb22faa696f0e0fea476df0f5a7ff14542dc5b0e85671c,6645
K080302,d9d4ee72aaa16b0a8b56968d912f984390c5c910bcea62af1af8b72e043de7c4,6530
K080313,61467016d1720bffe2eb8f8aafdd652b411058ba84bcb2a55cdae4cf8f85b3f7,7451
K080314,0cd9d0350b5eb38738280f790caf864e9b8fafcc43cad89be61ff9f6f8e666ab,8563
K080329,7918d3a256f75e6d2883d4b6f4f68831bea67fc43cf3cc5da2b412d610e54146,6993
K080330,39985c0170bdba320234491948e3b95f864fdb92fc5d8b90565e9e0d5253534c,9036
K080335,f7d8a0cf693139610427988ce638a9748db016eab5168ad465c83519ac0a2f32,9011
K080349,c98df75c493af8d9a41c2cc978f83318c65ba2080f155650a820ea0f6074fcf3,7220
K080352,798d550f89dc5272cf65e0f99e25bad35bffc20323ad38a19fa76b727de2a885,9212
K080358,f4a712b78cb41b911067da3832c985e38ab283d2df9fa2c46e124fd6df248333,6375
K080361,32b0dbc862674fa02eb484931c231131e2d6ad2d7ef631a79fcef103182ba444,7270
K080368,09f5817a3d078a1835e856d956a8b97a2b8cf2677778851e05d9c106439a0e0e,8503
K080394,b9bd03c8e2c515acd380d05d66829d317e9d0b7bbe64026299a7ddb196f8337f,9150
K080398,545c38b0922de19734fbffde62792c37c2aef6a3216cfa472449173165220f7d,4
K080399,15428da216ef5635bc087979182ba6eb73b863f1ed06151d5222318b61c29c1a,9091
K080401,4f2144a9444383edc562ca15ee39dd816a9bd52448655dede29a4f5eb6ad121e,11802
K080402,7e6241e48f13eb5428e9c823e111515bc29f65f1f2ebcc761382214871c6f6d6,8973
K080405,6973f594ba9ddd56e9a031afbfdad2a70ba937cdc3c0c4825ca888f709496fec,6683
K080407,a0bc68c5bb5ce0d8d41ec0cfaeb26243a2faa3f00d16069eea3698940250b989,11197
K080408,2451a379256a5bb5455bca4e60038b5b3b612f6795e5c4f4322590086ae4a501,8315
K080411,b860395201488ab34dfd71c892a12ed0f7eb463959d9b86cb51be4f62f1082f9,7394
K080426,f371df935ca7dacad799355171506a9022562e656a2d44c16553ce031cdf37ca,7816
K080429,05f73dd1163809e88c1c154179913773eaf2e325cd61f42bcf1fefbc4d452f46,8433
K080434,7cd5d96302b65178cfa5e4c01bcc976fe0254da4e63b6649d02a2784be73d994,8039
K080447,46000d2e576b87dd839c183c8eba3e48e15d0292471cf5d63cd1f22e43be7040,9172
K080502,af18c9ca27858068f501daf933626aa57914eb44c0aab0d93dc1865d0ee4b048,7982
K080504,750d677f37ff12947b3c417f9d35599935ac695793e2f8e05ef4ae8fa445f332,7320
K080511,c81827462b97c9beefc6490bf44f12092a28536ef043368fdc4c55d1579769e5,7476
K080518,aaf1a99b32e6009a42ada123107eda0ab3615fad53b91bac2632f06bc1211589,7048
K080522,53aeebc1f97f26e2b1ffe8fba2b463ae36172b7355ebdfa6f24a1a924f8e9597,5645
K080526,60874d3eb7799bcaa3b2c14d30892e57d00dfb0b64e77f0d36fc505b26d91b31,7501
K080528,9870d46f681f2bf8916d07ea212d0b7387118acee67d6893f8da118348dd4312,6681
K080537,428fde14177a9114367c3d5d8dc5c928d0d306189247e95daf3a483a868ff672,7871
K080539,7d7878dd7de9ede8c7539ea0327f391028405d8a1d3a2b82a8e698803bf1b982,6385
K080568,4440abc8d2c948699e2bc1315d1590e78f951009bde62cdb4b76a376a4644fab,7754
K080569,ae4a94e1b09d9e992d2b84e940dc4daa56dc4fd96ed41fb668b88b4a98d96ae0,6753
K080572,286f1d62c1f4843bf66a442253998f328fe0599754d1249151cf84a25308d9af,6720
K080584,3cc8d6647b64ab573c4790c3dc30f9d6f305e5cf4b29f40be276451d13d974ee,8690
K080588,d9a8346e93a128a198088868ec1f624212f116d6a75d0f3264f535cd1a80b133,6779
K080590,d530e78ee29930d3f9a152d5d21f5bbc1a7202825f71df4a014b48571b80a141,8142
K080611,d60369f44ac1f234197f6e19e1ddd43038e2c2ee16696f9db1195b96b8a1fdac,8850
K080615,42970ce922b6b8771658051abbbada0bf1e9ef6f6ae5b601377786e3e2af7793,6898
K080625,a52f533f6f886c142303e8351c25289da9c62b94156a9cf0f1fe7547b341eaf4,7527
K080642,545c38b0922de19734fbffde62792c37c2aef6a3216cfa472449173165220f7d,4
K080646,3125c8e90e31bd719a579f8f35da10d0712dd61499b1b4cea942717b0f6aad73,7592
K080647,ca5b38f766ba37a1f7f4c7a78dd40f20990344b10e1bce2375e8ab44abaa996a,6697
K080649,72a0907342a6ae3b24d3d73d656e2f1051f5ad8eb59664332bacc3e3bf49fee1,6575
K080664,fa68fb63e67e48ced46e4c1be6ca8267b5019cbdf44f6f79161f43daca995a47,6456
K080667,073d694552010f09f6d1a51b80329839dc8807ac9affbcb74e0f26c21f182aa7,6661
K080673,990652fea3fd298c775922e852f04533d394158740e80326cdf8fc1aff030762,10508
K080685,22a5766a4e4cb4f590b593c1a52bfebc268c0f6271ec645c47e871bdd3d1bb87,6069
K080690,8ff9137fe5f8da2cae4679c30664895ed1a2fdbb3c2486c98919ebc0e99a79b8,7349
K080699,3c7ae0fd6bf41e6cf697413dac47b9cb968f9ace8da12d93bf66514aaad8e35b,7995
K080706,710991d512179a2fb146f01531a19ba7eb1916697e05116c5f69f3a705401364,8109
K080728,232743da13d960c8615256c2997490abd09034713f0d0379dd3be3a2c8ca46e8,6821
K080736,1d6f959194cbb606baec2ed6a15365b854da1070d280f71c82a4acd8f002d4aa,7338
K080758,ab63fa7fe20f1f86c713e5c764c7ef6e1eecb9ee4a89a92ad422abbfc0ca2ea6,8565
K080767,94265d45d2a1d195379459c6f51ff77f44c4729db8e77a4ff04d3f21e8d50830,7725
K080773,e57b59d4a6b244d661123b2e328107591bfcefd2e31771ecf2a868bb6f26db85,10321
K080778,3979407ab81459fd734262b4c63081b2cc3be82213d842abc3745c7f7ed7dfb1,5967
K080790,ff6c75c5593463c661c0d754c7c02d27297a452e7695546928ce112e2cb5662e,8770
K080792,4c1e6c6cd2e4db4bbd7762f3edeb093e192b1d7630b5caa1a1bdc564f36ce218,8775
K080805,c03496336ee3e4de5715192a93c6ca0f436b61cdb77d48c364a32cffbc1b8011,10846
K080815,13569ee1454b24d0606e13d3a25a79ab401d4d570612f46f7a810e91c356f6c0,6835
K080822,545c38b0922de19734fbffde62792c37c2aef6a3216cfa472449173165220f7d,4
K080828,b5c9e9aaecc6eda903d931ac93d8dbb7ce8172df69472e9bf785a9d02a4bd18c,8252
K080841,1d9bf56428ed26bf5641acca6614a0c3ef445885e0c10de8b6076edbb27eb651,6267
K080842,1864a1603e03fc96e95b465b940599e13f1fb17200223ddcf7324d6b2b0fb808,9929
K080850,55e1c9a65d2418206b1707dbd8638e3f878185c4b7fa90532b89efc5cd830b97,7896
K080860,f1ef4f38c9ccfc8ca05ab07ae3cfac665213d093f452af74a2be306c159c51ce,8914
K080873,f664e610ed216864a00ac36021372382e320179fc41a50d09628cf59b1f44066,6778
K080876,a9ee05724a1d930ff5451830d268dac1ec2cbeeb4d143f97632f1be5c638c0f8,8415
K080879,5e283ddbb8623d149078656685cc40f55089daac3d46f25e6945059341b49ce5,7811
K080885,bd74e5dfecd98b9ba49cf6b96def09bb6c7fa0774f8c585dc1e3b139af43cba4,8442
K080928,377e7570c795f04615929cd914d16a34e27629f6c9208a07d8c21e504a76592e,7915
K080936,832b86ca93b7306115129bc1ba5a60e81e452219cfc978f816f8a764851e7900,8911
K080943,d635487126c6922717b2e1458d8e9952a5d441dc5f6def2186d8268acb19d9b5,5926
K080963,cd277a91fa7c790e785de679a38b1045ae9951696943fe86c09f9a1553f20bca,7175
K080971,7a3e17160c780957af74118dd2d4db98bdcd4f956da7f0ebfd6e28cd69d06382,8445
K080974,ee8e35246a0f84e6c52f5135236933344e3a366cad106485bc49d8f9c0b33840,10036
K080979,e94a3784b610a5c78f841a19ffdf381a1b1e34378a248d38b8e5d1fde28f32cf,9100
K080980,0e8b8819606a11736420d946c205983424a3357774387d70fd8d32a7a9005e1e,8085
K080990,747c3cb651becc605b2980e9bdf39e72ea56adf4a732ccc1611583dc5c3a31d5,9741
K080992,b3021b013ffe24460b0bfd2fe3291dfdad13c6af571f53e5117e296fafc887f0,6407
K080997,cbc906d76a07a0726c306e44fbe638ea916924db1ed5b397a98a8d8d3f649414,7072
K081011,97f5c995c1400ddccf04d454c364a2b9fb319de8c0ee75f86bcacd803ea7a1cc,6825
K081016,6a3cf5192354f71615ac51034b3e97c20eda99643fcaf5bbe6d41ad59bd12167,3
K081023,0ac55ae1112db468ba6112eaaf490b072523370c4e06dcd35e1fc826506a1413,8915
K081025,baddcfabae30153bb436711443512df08a0a1470cf4a5979b3f88eae514e118a,8247
K081038,71b7d2a1bf7ec08ddcd19102a16f58a14435d724c1379635e23acabfd32828a9,7928
K081041,545c38b0922de19734fbffde62792c37c2aef6a3216cfa472449173165220f7d,4
K081044,2c573c89cf6a619e01c8b45c9e6c826d6683af65107896cb03e02dbb6d69d839,7992
K081059,545c38b0922de19734fbffde62792c37c2aef6a3216cfa472449173165220f7d,4
K081071,84800c670f68755517d328afb681ca614b0d1f18f33ef4d299164537f0226cdd,5424
K081080,fe442bb8a0494dabb53b4bca1ffb63f47f5b1f5384f721317e46ed5c5f1ad7d7,11041
K081097,670d07817f2b7f5d0fe1f6b6a24b9bc0e610a8b56733969e7f9576469aa29b2a,6744
K081098,c4832f89a3990cdd666c2a799d4082bc05b4fc3a63ee2d04be4eb1453c7f8af1,7750
K081106,67579b81cda824e928892648a667f55ea0a59c44d38dfae601cd8f007fa86cd9,7778
K081107,63abf63e1c0857edaf1c0de8eadd3dd22b6f5df6596e463f4b613c652781e325,7918
K081108,7995cbd3feb4768b6889046495138c17fb1c8af88e0f9ef729d3c4ada5d2fdd6,8165
K081111,58399abbff9e7b794f12f96d8daae720e493db71937e8436004bc8c6359220d5,8533
K081122,696b0ca02772e86bbd0acbc85a407f799b66fd34b9495842b5486917f9be0c65,5734
K081124,5fb0e23c5612e06dad014ef012ac282cea0afa8b6cf4c5dd2098aa0aa06befd3,8198
K081127,057ab943a7e85c69362db0d51201c50d2e293477c9fd601236ed145e5d314703,8591
K081132,e0cc0669ac620ae2ebb7766ca93b77d39f147c08bf20361832ee876c3ec9b392,6462
K081145,efe70f1e0c238e074246a7a2d6226f6fdbc4bd40dda1923239bf4db2a85992b0,7884
K081152,d703bd3461d03329104a1c124475a02bf1a23e5d752e7a28907319c16a5870e5,6953
K081153,a7ebb9540399956210a49d1810257aaab05aef29422514b61b140c34f01893b1,8021
K081155,f8194beea6d39d3f099d58a9fceb8cd344fab3a966b1b55630a69f48682e65ca,6390
K081158,0a41e4f20582677e44265904d7156a75e917d74260ccba180b7ae6965b2c2aff,10241
K081163,c71b8f1d507723d347c1e5de964541f9ccd261c9dfeac0d4ffc4820634354875,6223
K081165,489892e59c04049b996136c50c89060835fe846889a960d984f3cecfef9c8f0e,7555
K081171,ce529b0bb81e4d381dd1b0a21df94f0c1cc53975f48c0f1b795fb1bc85877120,7434
K081172,4ee031c1a09717cdc9c879b25d14c1d5f5eb8c588221559f3aa1f8a07b0befee,7556
K081177,bdf0d684bcbf7a30371e3773e5cab1e27005bcd1383f85bef5b9ef85b0b51aed,11714
K081194,6a3cf5192354f71615ac51034b3e97c20eda99643fcaf5bbe6d41ad59bd12167,3
K081195,a5ba2b37bdc6d76551a29f651a9349ee3b37a10e55bfeed1e2fc91eb8ff327d7,12251
K081196,3c18eab3684a0892acbecb4226d3637a744997a642f06b76a77384b473067265,7544
K081205,43f282655463fbb4337e75564da3401a9f1c88ff649850ec91f222e70a71d334,6186
K081227,55307d1e936ef279ed986147e0e8a8ff1350e4025b8431f4b68c0d38d7a589d0,8032
K081228,62126917f4bf243c8f74489b696339dc3f2ef59377e7ef7fee6e912609751eb4,7301
K081230,a575a3af0733a34258304885bb41ad6335988e270d3c4352a389fa8b9555b653,7787
K081243,20c01dd0a44148a816044a4a4d3cb91b11ef40f8239fc9c527723bbd1a1ec443,6845
K081244,a5cd17e91b0cf78339c9cf52ef0217764ee80898da6bc75dee4067ba83c27426,7819
K081252,1c972626d44a0c3f31605fe6f8acc6e26083bb4ff2190450da1fdb450fa3e24c,7366
K081278,8f4fb84e33515cd585d3cd70fb51b879140ac4eab2e3f12f8752a4bd94d0384d,6861
K081284,3d2aa5893fc600cdc60b2df1d655617a53f5590f56e248887400df7b0ad63da0,5669
K081293,581a7e8fd56b1833ff2b00a3a14cd676cff97eede30ef658530e9ed3a8dc7897,7523
K081296,af2ad090bc28f07a89672f626d7ed8a52476531ff485c922ac33091b2590d06d,8585
K081297,14ce24fa9616ba491f24460ea8a95da709698604a76747e7338636c338df6bd0,10912
K081331,8c15213c94c3ede062a0b19ede35ce7118c68a4126a40e9503383502a4863b6d,7567
K081332,c5b63f5da4694925b5d880e1833d12e8a3472a2f3f8a814f1159395849b6f6ed,6401
K081342,f33ea890e93a07d39de46cf48bdd7fcfb997f4341228998335f01a27515c46fa,7783
K081348,f3c6fd63b273f35c8d149c7ce900e07ebcc95a6fd0e7d416faea59bc936f0f24,8600
K081351,9b7dc32a3ad1bc9e00fcd67683905988a24df1625193e2bfd5c7297b4488ea2d,7942
K081353,a7ffe3f95e738db71fe0df99b6a8f10a33f4472e3a1e9c49a3bc37e10ff6c569,6171
K081356,daebd0e424cb3c2c7eebb1eb607cde745dbeb1ff5df2af67a21f721f278157ae,8610
K081373,26d485f84cb2a4f322b085583e31c4d90332a99422aabcd20a0a601eb12f6c41,6339
K081374,50affb6308c3085edb712f7434b5855ef25334e8c83c13e6b4e4a053e78c0590,7683
K081380,e9f389e30dc94a784ec239f98fbeddd0acf524646461e28d19886e5de442a80a,8425
K081381,7fa5131265655bb6b36699c9d86994ce00ba687e48c8d65619329b28d0d486be,8524
K081383,31e2c113b833a68a0fb268f9392abd6f49e38adcdc6484af74f2a8c3ef6aa025,7162
K081390,647ffdadf7fb7339e5bec8881561ba4917fbdd11cebb92519bed1dfc8754be94,6967
K081391,671e040af3902e68e9bfa9a6e3ac5a6a73f3a1e66aba5494545291221438daba,6583
K081392,c1e5d3e31740724091426baedaa56fb4573e5c27583cc4a33fd9a915c7df688d,7653
K081395,6a3cf5192354f71615ac51034b3e97c20eda99643fcaf5bbe6d41ad59bd12167,3
K081407,a2a7d02486018fa7668da751c00c180865d846041b9700e2226d9dcba3847bf6,8084
K081414,719fabb6bda52bb789afab83d747d6167eddf547accbad41f328d677a580dd02,7968
K081418,01dc3dba094b9695d67d93b274844f67ba01825eef933a2f6849935635f8ea5f,6948
K081439,defca9d459ebc85476cbde2bc0b279965573805f19a2184a5705666dde6f1f64,8607
K081448,bbbb44ddf0459980eb3128582b36f85c22751ba3e64aae4bc58659affbbbd4d8,7847
K081452,c931c130037bb9d6444d356c7eab872433ef52f4defb0bb18a8311af188a9d5d,6804
K081479,5daa297603bff3b4069f145fa0e64284f6ea9170c0c3eb53fbb0537c136fbac2,7650
K081497,cb0335ee97ac24d84797dff6da6515844f5e0f9981519c56cb6df22be9c44f5f,6749
K081501,545c38b0922de19734fbffde62792c37c2aef6a3216cfa472449173165220f7d,4
K081510,52933012c1238cee2d907603dd0b8954a8f24e22260da127ab4e5344fb8e6faf,6645
K081511,95e58dd58ce6cc28149d1a71f7da007b75de4f3b2678b9f981f6b267d7270be5,8763
K081513,4216e20d55cdf5214db181b8c15f95e53364bcc80b8de663cda7b5ce483890eb,7474
K081546,1c19722099e08f679bfb2e150f3e7d75d0717f590c4c93718cdbbc383887c2a4,6280
K081548,eb9851ddcdcc1456a3f4987bc9d23814fff0ad7737180e992a68df5abb359ffa,5851
K081558,72bd03712783a9c25d85e36a63572a813e674aa661b620e2afc78a30d7a9ffa4,8185
K081564,54059517bb40ac1c73f1c9a67905c3fa5c12085705119e62483dfb0b65a0eff6,8913
K081566,d994f8f21c0d7725ca2bd8703b588cadcfd299b3519fa3cc580661bc84c3f832,9922
K081567,1b5725f0b666cc61863851622945a4ebebffa96079ec8254be92416b0d5cbf74,7297
K081568,f20c1685b5da6434ead7fa14c312a165b8915e31c58f9a0d10326f6afdb78b7e,8024
K081586,b94cdd87a74a4b92e4bf37c7218c54b8381bd5d41a20ba95c49f639576d63698,7417
K081588,8e3238108c9d0fad75ec81ae0f2d3507129512dc51224263d16b94e6c9829186,8130
K081597,4efabf33a3a23fe82f283522fff01d56a560863a4aec92e7f6dc69bdb1a29a85,8116
K081598,7b1f246e319d3c1d1eeab54b284fe02652920dab7071afdb7f78fdca75edc934,8760
K081608,99159ed3f5df8dc3bf50990fdd1575a5083a2bd88ed552f45b196c6784bc825f,7894
K081611,eaf7843218569844ff90496a059703addaa3819505194b1d3da9a4ee42a6c376,9712
K081614,417255cfae1585361284acacebd027191823302f05c155279f8eb7868060f496,13170
K081620,545c38b0922de19734fbffde62792c37c2aef6a3216cfa472449173165220f7d,4
K081622,7989678e21b07e6e83f520258a8caa6d0c04a6622aa8877b09e6da1d0e53f89c,7401
K081623,8c0d383a5aa7a0a0513b64f55d7c7e5369735e40c00c72d2ce351f06369e44ed,5796
K081631,b47b8518b173a0c75d131ac09b76b915e7b69a8ee34c1277b07c1910565a9290,8234
K081636,be41d65837b5f1942a221777e2fcc6af7588ccca5c99f9e22501bde13534eab2,7201
K081673,fbcab521387ead3e733702f75e77481af405460d66b54b285f396a196cfddfd7,8772
K081679,9607595b4a475e8f8dda422e80c1bbac5d34b970a9d2e2ac87aeb882a8248ee4,6216
K081684,949a49b308fcfb6b6a871b86c97cd904ad9b58786acd73a24edb4117ddd9b0d9,9820
K081700,da51f7bc5648097f54201d34a02f4c142ce25e9f22cb5c0814843d56747b2daf,5675
K081707,056d251d7c2e61adfb7474730e4e37c32e719bb4f252922fc69b4741e96978d9,7780
K081711,545c38b0922de19734fbffde62792c37c2aef6a3216cfa472449173165220f7d,4
K081717,ecebd1aa72cd774ed2cbd11811c3a4175fff794c6febdf96d6b0f26c98f4b7c4,9062
K081730,86f79db750e08d843808cc8548f0d565b90e8ed1a0bc608e923b1e257cedb033,9547
K081755,7b7b777d6d54e4cbea93e7bb4fb57074597b59a3da577172e006939467ad725d,8431
K081758,97269d76a7fc80f567ac4b26789edc9ff93c71ccf2127405a84952dabb333fdf,8115
K081759,378a3df93be4a9dcf431a8d37189ec3a995a5e280efce4e1d5ad7f9a286fef76,6974
K081770,e3d3c2467216bce0c785270862cca689d1e0d5a6164e81b50b679c8269b65f33,7014
K081790,ad91e6593ce6e68d978ead4dad648a8e3b0b4f3d849fbe2ff469e78f72b629c4,7378
K081813,0c5986f5660857f50f818f21dcad6823fe927a129dea2512e84aaacd376dfe58,8233
K081817,addec4ca9d85a7b56f3996e81d58b41dfd05d72d186aa60085fc7814469cf0b6,8648
K081832,7c038d5f5755c4ac61b975a3d6375256075e96fd97eee9303e6fc4f29c1a98e8,5904
K081849,d088784b7ecb87f1ea17e6f982fa968ffefcc07b79de6ecc548fc00242868da6,6
K081860,bddb90cf23eef0fd6864058cf8e1632efe5e12e55e0b4bf4f2d05d29c2a1338f,7941
K081876,1d840037b851483301e761b1a6440309e7e8db5161c4b3018f2cd3aa442023f6,6715
K081880,7e8d657338c4abc1170b3d0e95b8d76d97f86323457d98dac97fa6a6bd487bbc,10499
K081883,b9a0b1d1f5f63e45a4b9548d537828ef60a2c25fbc2dd9924dcfd635e7f49c2f,8668
K081888,af1c6b7828f2497eb8cc7ae3129f15a88ce546f1021ebc260188f867bf0ce6c5,7730
K081893,c645278c5f174d34ba84aada503b4ca9b8076405059a41eeae6281254a78bb6f,8175
K081898,66a6c6c5243f2423d8775d95d62abd7759cae03b7082c3c677df8f55d4bf4cc3,7283
K081906,8dae23070e1393cca3ce06790d43bd51ca489c17fbd78c746907960c86f4f830,8409
K081917,2380ca8150433487606ee2efc176ba0ce29c4f8cd3af87d31fd25c9cf0318f42,11303
K081934,b0cb052504e870e470d1c1f6394ebdce9f43a94092448f22931592f604dd161b,6425
K081952,bc7d0bbbb3753f978026d31969a606ca524e5be518f1fb8eed60f0f630e9e393,12394
K081968,f6af5ca534ef7102e44d511e9284fde2994ab16d0d14335a8e7a42988e531d92,9423
K081973,1f8c02ecd48739c7902787fa89055beef19d2ed8fe7506156aff2988bd780830,11569
K081978,d657d70d7d7c90dcf8e37ceca12c1db27111bffe975111afb854508e3c1cdc59,11407
K081979,622c0f8d109ce8fe9b0863ce7a8ac981c7932d5a9db994e08129ef13fddd24a3,12267
K082002,e9c3ef320facfba8fbd68e2ac4bebceaa42682af4628d9409f8e34c55f2748ed,9134
K082014,8e2cad41f15c4985691bf592e637221846047db841ab6d8b778ef9d2a06e800e,8303
K082017,e912f96dad3d35ea1691baa64919edaafcb3b34c52bfd64b46029099373874de,6870
K082018,fdf3ce88dbd88983c0bbb7d0a33bd2ce819b2a69d3e3399632d721955c0eaffc,6619
K082019,aff6d1bcc0970b3287c8396ce4e7dee417c1091f591e7d18d7d30c4019cce930,9773
K082022,7216052de9b005ae99289a57ed2417d3f7f1e5a6631eb3abfa770276a3ca3bed,7271
K082037,caea7753e9ed95c0eeed6bcb6f478330d7c27fe4d959bf8a111daa29aa97a647,7349
K082069,6d4221863b08502b173de1237539d8bcc8f682b4883983b92dfc15a2fdf1bd08,8416
K082070,32128a8c85f747ac25e5ef152a6295c9259266872225b0b2ea085d3e726f9bf0,7316
K082072,b22f3fdc5887d8afc2c4979aa4dd03dfe7b7368ab9fd29e47f5e5ef2e76bfc5b,5593
K082073,39218278ebeae057bc2504c3ea53da37f8d9dbd6f0f521ea070676fe21af1baf,7493
K082078,5217d6698c421d1d4e7eeb5568ba04a2cc63a03efb34828218e0b37dd8b294ec,6511
K082081,e6a3ed019495492b474b8da08dac099128965e7c746f55a4026c06d7b2b2f3fa,8856
K082088,eb83f3110d6b71c13bbdc2ed750ed5a1d44c971dbe3408df699a1caf9ec5c79c,9021
K082095,87576dc92d22a7ed714bf58f6d12ca3114867e2b98d5c6e09e1eb844afb580e1,7686
K082112,b1188711beb1e0745fc11eaa570520ca8f5e15daa02ec7d5428baa348dd7df0c,8535
K082120,7c370d9536d7d0d6a0f7cd7f9826692acd93e4fb05ba46f7b630b879740343d3,5
K082128,a3cf8c2baf49f80ff7668c3b4ffc6f6f433b6b4d22a31a1506d37778b0d23f56,6550
K082146,7c07e2ec50ccd56d33e35d3fe86f355cd903125a708a85f7953c8d3d65ea8ff4,8805
K082148,d4a2a01e1ec916e2a2bc4f6cf69d56ffbd7fe320dbcc6c1d5f462de443127385,6494
K082166,d9f06b68d4c81a3ff882f41dc4ffeec4f6d068bfa262d93e68d08ce8657c593e,7377
K082172,03cba95e91807719857211cf71281166c55a6d3a0392f40b4db3b9fbbab6cd9e,8906
K082187,22ea64489d53b9538cd1682117286e89f8b704f1d2e3e851a88b793b9d9d07f7,7839
K082195,7a03454cd3a400571e837591c6dc8f4e40b9ca867ef920e66f2c63891f05bdbc,7421
K082215,11b0869f2c55afd943948d5e9c658891e2f7072c4177456eb32db52cba72e95d,8260
K082231,e0dea2baee9a2d309ddc69cd42ab7f759e3469f6d9bbfdb783b5526eaa5783c3,5813
K082235,0d8a7ee0f6047a30f696ea5b651f0737efb588c0546d88175e289180efeea174,12156
K082236,264b1e908bc06f230e3db062a8aafa0ddfd72826a5e1cd539d0bb86b4c714feb,11809
K082239,f2172868e693e94c947f62b7a78561d1310a1ed39eb11068b6bdd5635bb50242,7346
K082252,6a3cf5192354f71615ac51034b3e97c20eda99643fcaf5bbe6d41ad59bd12167,3
K082260,9bde72f3e86f7ee8e3be4c40e9837a3d09e14f91bdd63194cdfc519775c3c048,10080
K082262,545c38b0922de19734fbffde62792c37c2aef6a3216cfa472449173165220f7d,4
K082270,60ebb45f7c78a37e47e56a14c99b3cfadd59ed98c85d046cd2119f8384ac5081,10882
K082273,925db2b9fd2843f7157512cbf1ed7f98cd48280d574715f5be38ae76596c355e,7115
K082282,3601afe5d22928d91b18e3fe7611a6d41f7d35354d940307b04b15d6d0c3262c,8186
K082300,34f91237c40cc67175264f4a3497b89863f16e768f377a8b21c40369277e77b5,6140
K082309,84a85e99f84e7b9602a8e8734bd7c92beb03fa2f58b8f03ec28c71b89fcb5a83,6140
K082310,9bb1a3bbaafc96264455a8e5616b99d7b18261272cf9f79d558430e32593148a,8725
K082320,c23282bfed45c08123cae6367d77035715ebf86ddc949124ac8d603349eaf75e,6334
K082332,4b72b7786cfb2c89a16fcaf0d69222b09ffd37cffbe92fc19ded4c6ec765600d,9334
K082338,8da21c038f1f46d50abb2e7b656b3a311f9c4655435382ca27bde17361d904b1,7962
K082342,9af78f004dd7cdb9f6e2f3a65e7c659ca1ffea4106a24193ad132724095eccac,7189
K082353,3e655ff23c2bfd00297eadb43e8149e34a163f911cca6342a094020b60824fb0,7993
K082358,6a3cf5192354f71615ac51034b3e97c20eda99643fcaf5bbe6d41ad59bd12167,3
K082375,c521ae1d38e8a6ca94aabc35597c22e37a37e6b9b85723b48f655eba58ac939a,7567
K082381,37f3cdeef5d55ccc658f9f0d3554bcb7434867345b357be704297c80964b54b1,7284
K082384,9f5e0639a29ae24e52bcc69f341ed1316c61e27e62ce499860339e8056ca6f2c,7009
K082398,5ce1a2509c6a50dac7ae80b271245809a591c32d7eb294ac6196a9c98d218fdd,7629
K082406,fa99764804fc1fdb04baf8631712c8173d7b4c5b00301ab6a1e104e02d59e7c5,8879
K082419,f7e763e6482941f5c738f97c8efdffa37d39afa489eaba9f4fc02a1a61a0ecee,6895
K082424,f1715847ecd78a456eba7768ea454010d0f821b6114515e098eff8d3385a3153,10892
K082442,d549b80226ae02be3a53dbc4b44386b3630c719a9e8f6c5406b04f089f350199,6593
K082453,28ee3b633301b217e53f4cc046ec24ad1f408c2acd9dfed2b97da9811dc3e1f8,9501
K082466,40366bb2fb6a218b8c632fe2998c40ca242c4dfd25112ca0c034d106d755edde,9348
K082468,431316fe573bf556be5e5fa0e4ae518d071c91a06e753cd24bb50731563621d4,8147
K082498,d99418ed7a4aef7c8dc58b9c0af8c976d346a2e1138786eb18244e087ab75d7a,7590
K082500,4814a57761b82596f42a470733a54e1e3e6ef871b3e29143abc25f80abaedf5e,7826
K082504,cabb9b753d48aa235e4c659560a0662dde31e1b015877789d73540d6e6aead12,7619
K082509,75e7e2e357d721a03499774ef56012a052b06ad87db494bea11b6a20bc529d9d,8412
K082516,6392c82daa07b8c7e6b71b4dc61a0f26595a8434df3a2e4466ce5a08d6225c83,7478
K082525,876e69057d1ea04f2d500e6141642a66b9684245f5df8b80c8fa9a952a70c518,7778
K082527,7b45d151fa79248f6971ef212fcd1ea38f408e6c5ff1c343793088631e2d678b,6613
K082567,fd396b806b42b3b7d768ab0c3cb01f742099abe6d973bff2f0302b0b22ef1571,9527
K082572,4cfa4d917be8a6c5d937748f836566eb40218535dab2934c7522cd23f5a3f451,11236
K082574,089a96388742591285bbbf1d59200aa9099583719cfbec0eced8eb3d043e9ceb,7637
K082575,c49f980019fedb2c913dd5c591f79ae9c6ea4ab18d704ab2410ec2cb0095370a,7808
K082577,0a751776965b861acfb5d8889ed0d6a7ec81a36ae47f91c3015a9c9af3d8e9e8,7677
K082592,a1544d42402b7916663f8a20e486850f5d548f77a6faa4568e935b7de66679fc,7482
K082608,dc94519dea351708291c771b9fa0059ce33bfc8dc0e113319f6bf8858d5b0024,7375
K082615,17e37840e1f9ce9b17a0c20940aa1036104e63f52e43ea0a1a3964b0a8e50c3e,8611
K082617,d9bdf1f5aa4dfa9c9ef7a38dc24ac48dc8c171868d0f81d127f5e6794fb1ecaf,8261
K082624,656b82b0f31c3f601dd33207c3ee5bef5aedcd952cd877cf16fc8028a71f92f8,5719
K082625,920eaf82bb70103b7320d216cb2e7b77712d90ce01c22a7dcdc73cc2507760c0,5665
K082650,8a67ee1363554a987d905d58386df54b128aee08d696da16b155fc19c46f2889,6788
K082672,71c10d670423d38f50ede57423c07a5fbeb071b1b0e8e4d21dfb65a93a44db19,11598
K082673,9e643aecc06938738dd267f5101dc28e6834969cde485cf3376e437cfffe6206,6935
K082679,e0e77650f982ded23dab0c42efc6ee31da66c2cc688f23bb1e2f429cfbff123b,6197
K082698,7a0d8003e43af88cddd459965d6b2c463a94b878a94f2be5d3497e234cec733f,10035
K082702,545c38b0922de19734fbffde62792c37c2aef6a3216cfa472449173165220f7d,4
K082705,d5b8f15842d95c10f429e8afa18a29e8cbec8719cab5a6cd1f811c6ff23a9710,7643
K082712,ea5f5b573ffe9676b19f50a69885b174cc4e2e98f2f73f01f70a90bb457d8b24,10333
K082715,0a1a5231b39cc96874631080f8250608e6fe65f5f21fb123dff964bdf3862188,8014
K082728,5979914f74e4a0dac364f946450d924f6baaab5f81e001c0330064e1f4b565de,10922
K082729,f18faee5c6b0f813df3b58a8996613840dd89345217fe4ab706cbdd6e3bb753b,7619
K082732,8f4aa7d04733390ec4be66d141f2d0a0c6430bdb6687a69629c4342eaa1ffc3c,7244
K082754,e20eadcb32fb87f7d0558e2621946176212da411eb8eec0fbf87785bcc9f68cf,7151
K082769,18c112272bf0454f449807a322585c13461a3017a277bfdcd5069b574ac77536,8965
K082770,e0f16a309568cb8d67ef84a540f9e791e179e4268f8482b465c0f840419ffebb,7308
K082774,899d3b29afe0170956a4400ae58514905c58fe2a7d4107f9c25f1452e2fa4488,12341
K082792,a30061d257c2ceee1040f4ce9d967e99975ae49a40a4b336ddfd47bc798ab4a2,9652
K082793,622dccb51d241fce2b2d122e0db2e0890ccb6c0fded7f906927c0ab30155a5e1,10004
K082797,5d203002092431cd537ad4c252b8429e335d42edcbaf4924d81218d55bab938b,9155
K082801,8335b513a8eb64a3cf8a1d5bee7ac90611cf82ef4b4dc40d8aa87bd50fd030dc,9916
K082807,1f8e43aeb6f81bf09acf3471a552f30590784d59583d37ee1adb98a258f54e1b,7164
K082810,3e6bdce00ea30f8ca747dde1f626d18a578a9dbc82b551467446c79eeeb7ed64,11115
K082821,d8b357365fa59478d30b851994a9fb1927834778b495048aeee152fff85ab60f,6515
K082826,ebe9c524a01c1b179abf479ea33ca0602c986f87ddaf3770bb77146cf2bfc00d,6929
K082833,fc149be1fe27a406815bb487510bd2a1ebfd5ed97c3f08e98ccabb4fd939e1ca,6303
K082839,02430c87211de0a4c9263934e90fe62712c7cc554c7fc7649a12618da73305d6,9453
K082844,5382f9ff2b3d7b241479f530a6a140d796aa48458ed1277d65392a1251ad25a1,7572
K082848,12c3498f835ff162dc7aa7324afbfefc8da26f0fd470551ed2c1dd29e5914dcd,12249
K082874,ba06a8ca98f66f2f3fcdb169fc43c3f1238028773538a0fb7cdc566f0ee31cf8,6571
K082892,c3604ece9fdd5a7c964ead51b4225ce7226836fea2a836e92c8e6877f378803e,8643
K082906,d033171df625bff7dd2b543a7972a12a337613f21eb6c74b8864673a49feb1ea,7009
K082914,87ff855aa7c2846b757a48e74df977f032b65a26fe451db6c92b9d60aac482a6,10493
K082918,0c26d41e2e63ebf735cb8a67fbdba2f3b53f3eb77c14000a7e51f541d7583277,7689
K082926,545c38b0922de19734fbffde62792c37c2aef6a3216cfa472449173165220f7d,4
K082934,06b088ee29a88e64f257052fb64399973d93029d4554ab17a96c8cbda32a8e4c,5683
K082942,abd963e9cc2ba7f5263eee0131354126356111c939349b331a935d5608580de6,7263
K082949,6dd531dd961e1a11df5728a29bb53f73b7e8f403a1c396ccc3710a07cd6e3485,7879
K082991,e1e5d584367fa99c9ee9ff010d14170df7d62f66f67b8f148a3125796182f7a2,10592
K082996,d10c97619450bd23897f38e827ad4c30c66fab7ec1807aa997c6614c3710ae77,8351
K082999,7e1cee95df8f8c14f1a63f536bb659f96c91d6998c950e588b27d601394cd9c9,7312
K083004,df600ebd032021d18744a76f4bb60269b16e944b8d8b47e6c0a3105bcb68a9a4,8662
K083020,02654eb0d77a4a31cf7bc068fbd9351fb63b7dff914e5281f70247473136e78d,9064
K083025,cd56d0a815db4e4c90f4824e6eac7d66887d5ac6d856a303ebeae66407b2c551,6120
K083026,4f759835155788cc0eda4af94970fe9a28256fe3e2ae9bc2e4711b8e66b04460,4954
K083028,28203f216e95feaf0008ff50605c8a474a140342d7c6c6e5cca82291f55229e3,9142
K083032,4a5d4ffe0c86cee46126b42698eaaad352ceb51abda6d1eacb3ed4ca4d5220dc,7286
K083033,af757f4cf3ba560a3ac9ec66b0adf49da711b53126510300258681a9da182281,20364
K083070,83de25b0b1c9123f56ace78af613b79ef77c5f47b7b15ee399cb2171a4990b29,8545
K083071,6f21dd59fd65553891b838d09abb20573378784f4d5623a1c0622cfc06672d4b,11186
K083073,719732435e1b6efc74281dd86aa3ee516dccabc1ebfc8a28020e059c4baa9a4b,8768
K083077,7c71a6cad47758738bc4c387431d34d53f43ffa2b5e17610a02b3bd17dc3a207,8582
K083096,100122b0bc1fb26b0f3d04dab6fdc3318c67409444a786bf64e6b71adbd85bbf,5970
K083107,8c2d6acfe211aef7be9a101f79c013113237d111e96a7d8f8c8872c47feb2f8c,6351
K083116,b36a80985d6e3088b60c005b3a23ba41c1840b7caf520345619158d99b582583,8998
K083118,8b999551be1b9fd22b73f949cb9a794f4bf71bb2f9b5f1dfd593fa01f73afb76,6487
K083144,31300a90e0c916dbfff8b22c1bb8fb9bd0e49316d7586afbaee30e9a180b593f,5844
K083150,097fc985058ff64e2b8a9e1c3b53367e661ea236e2c2389ff2e47ad7dc79e5f1,8256
K083151,3a2e2b3e95bea723740319df4c4713a2a2db3377e4b8169d5bae131eb6f89cae,7469
K083154,db1dce43d946fe2f3950b47f3fb8fad83e34f4882c632ff5378aabb2129710e4,7640
K083167,9966c2809a54177630701e297ad6af4212610223f895961146cdc878abc99130,6734
K083178,5fa37d2860b8d2c76c8b54f5329e36becb333d42b7af4f628e0aead6ed900377,9853
K083186,79667ea2a48986024882a0c2b6a07ad092ca49fc2148b0fa14e9183806362348,8250
K083213,81bfd0777d7b40fbbdc5a3400bae421ff6ade6773fba69930471c4f340bdeb31,6062
K083226,3591021ba74196a206f8b54a2335005a196a5e62d40079dc25411e2ad599d5d1,8563
K083230,168f3530fcf312682450bb0a03d65da59a2847c19c9fb5444ba4fd91bd5afe77,8116
K083232,c7e77dc6a54e33de4351d73c32f999cf9ccb444938eac9dae647a84ae6736711,6695
K083240,2c34cd7969f42889e1aedc9e3df6917a7fff69d377c398fead070e6dcca57942,8321
K083268,29d903372fe293828ad1293f7137bcf0327f2c55396448aa1cdb1fec4a4f4bb7,8215
K083270,b4d92954a908034d6f524fc5731c0975482663c5a1fda158a4656f69eed9d8bd,10781
K083279,c264966b2073bce33512c192e4dab4431b06ab3d9013443e21eedae7ab9eb671,7757
K083286,60c1d7a4a5286b5079b9c43b96040d8a80a644ebf256c9d454382186fc4d6989,7722
K083308,67f5048aa8fda701357ede06300b3929ded3e79e3df69d22f5b6f816580ea2be,7955
K083311,cb75031f23aa3fc2bea1149aee768d452cf2233323711be54ad2f226b9af7d8b,9236
K083312,9f86b4c7ce9bdaf03e861ac91c1dd18f659fa4c8c5b5fa0fb966ff55da5fdb61,8358
K083338,e8e358cac0c15b9fbfe24f25f6ea0f421b6fedaf947c4673cab0e83a316401b4,7384
K083341,46db0d7340e10d6c0b1c883930a2a160df52fe22a0765a1caf3448b3b857c774,7358
K083353,281734f7f30da87b8d4c4d38f7e91fc2a618f18a91ca0da002811d7ae57bd58f,7421
K083364,723164c218eff04eaabc9d5c503dfe0a81009e6c15d054faed9723d7eb4af74a,6555
K083389,6a3cf5192354f71615ac51034b3e97c20eda99643fcaf5bbe6d41ad59bd12167,3
K083392,f69f1bae9081ce10c95c3496f512a5f9efc87fa42e205a232c07128a501e8621,8766
K083393,0aa7003f9c199eda64fd5756bfba00163527cc97b5647269f7e3591e555ddf76,8280
K083416,8ea6a697163337e96811311968fbd7b91a79ca3daf05e3c5183793c46e1f838a,8721
K083425,d83e1a1047777bfc4e715ef0453a364dc5c3ed6865470ff19d5607b3a8fdaacb,10528
K083435,52fff5fa7d0082e143dfb17d3ee871d1b97ef93498669a69548d571e57d6f1eb,7373
K083437,7d11d42e19f3d60ae04f5c29a068af60bf131040da58c578eaf92959e6e98c48,6826
K083439,2266f26ed5fdee882c2d94cd1491b783b060d8a6a30dba0e0ee348acb44789d3,6989
K083447,ea27042266493d0f0265edfe933ed0ea19f38b2fe84cf11cb586871868bcdc27,6880
K083449,8fc4668ef8dd2c27cb2081d21558cc513eed39912241af9552e25425327e49a9,6758
K083458,933465f48588d7c0ddf975de07d3180c26a1c55c1e9f8f20f21b1c6a39226257,5958
K083469,76c9ddd44c63841fce97d59cc11e3095736a79aee1e10f69914a725bd9ee436d,6298
K083475,545c38b0922de19734fbffde62792c37c2aef6a3216cfa472449173165220f7d,4
K083490,7d97999104dd01b4e706b49501ab9bd9b06180995fc7d2b67886a7165f987f73,4554
K083495,3f961ab7bd158bc39cac0581b8d9046dc70c763fb348e721ce3c712523093ee3,8939
K083497,1d8e5a4e3db275353910c5fce240766cf066e3d5a9c638bb5edd29fa82cc96a5,7758
K083558,2cceae3a9cbf02a8284e7922f6e8724c0091399d1a6ce18620e9c4814d5d6034,10250
K083562,fd4b2acc7b4b2c37365c13e2b5e51404745596f9ae529cc8e136cf6894bf2fe7,8991
K083566,770de220eab5039c470c8a0cc4599ee352f85ba72c66dfceb3ccf5f40b1e03e9,7739
K083567,3d268ecbed267129854797e3ec246e4d439cd38dec25d5b688b7fd28d08ecff2,8230
K083573,38ab960ecb94e30a79c8e9b97bee6ee044fde963f5569c993b3c58cc113f75ca,5831
K083581,8ef377061cfbb280ff3c24511eb1cfcbec5ca9a89a2a791d289567696ace6707,8855
K083582,87e4ed2c0fa5316695915e24c7620fa7729664b0dfae7f3ee7892d2083899b97,6384
K083607,3c48a29d3d7b61b7752f86d57816bad84ab88c3176f907c5b11e6e8a64f388a9,7244
K083609,ee1a18d8e042566e02391a826de4e5d5be38af25b899b2a7702220f793018ffc,8526
K083612,541023e919eab7e328c0ab5c504e75aafffd3d1d8144339f74e8fcf4f0406330,7390
K083619,79ed4126e124d8e67730f73bb136efb610eac3fd6a77094e11a307b4070150a9,6808
K083626,83090d67eb4a3bd698cb746db088e4d16e424e715ee3d1e7edd538f4b878764f,7602
K083635,f580bd6cec9ddfa82527f519caf51cc551507d8e66e603909e7309e0e46734d8,9205
K083636,44eb81f00ddf8394db9114256c706882ca48f96912e5287628014fc19ec9ab70,7660
K083637,e984371e427d3cf93d8c48e44638bb9a2b88c4b988baa5fd302de5b0d1805a51,8462
K083648,46767c835240b4d2ec382259445dc36ea95dd67c73c7b98a3120bd3f36567f91,5854
K083654,b6206099f5d165bdfc12531fd4a8ccd231e0cb541425d5232867c329af64b9e5,6576
K083661,7a737c3d7f3ab848cefcefb5cd4fe8c61f24246ba93dcbb12cadd49b04256f53,7785
K083663,7bc0e33be85bba8ad4f1898b2d0eb8d0ec2a821b8a64a9daa86b1a5dc58d2aff,6156
K083694,c85c3bd255620e95c6731bf5c47ade2cb9a5aab9bb2b51d21b1851eaf118220c,6052
K083714,8c8ab8096192f92157e04b2266ae458fd501d1eef9b1cd9fcacd0523252d2f6f,6741
K083726,639c97aa376bbc33885ca924339260ef37751272b138d056e84c33ed50b94a58,8845
K083743,e84aada3f3f6e6d04e41b7b8019b5d380a6ee28e0ca28cf55853ca4c9821066a,7889
K083762,23d82b8f90c78c2768f50b3f06ae39e5b8766b19ff0f184c9f01078c3178d67a,7866
K083772,0a1a330b45640a89408cc2537af244d266d2982f492e17d156848f641cb20af5,7424
K083779,fca9c5132120b14b126f612cb69b4d2e8f2b34af4c68677a3b4aa36cf90f8ff6,7773
K083789,7334216aff3817231d6fb493fe16da396265e4bb69ec4908da66e47d31214a42,6847
K083792,ef7f9c0556f2cfc283fd3e63d900149daeac87d3fb6bdd9920772f49e1423c94,10546
K083798,ec3b881a7cf8a4fb6f8e5152f64288b09656a755d6fc3544c25d4db2d1d12663,8250
K083810,9ddc58bc80c87026208cacdd1f5775998e5217f1aca04c8c222d378c0918235b,8515
K083815,9e9f578f21a4be743269334b816bcdad095ff4e518cddd0f00ee98e442e0b65e,12946
K083825,2508c072970e952275639e6b4b4a2750d0a1779a8c8da201e3d1eb9410fbc807,8390
K083826,71e9443d29b0695105669f6cd503dceb8f9933f7b18a4cdfb413f5960a9e0f6e,7227
K083827,e88f2719b9f17a12740d4f98487c228c7226b10d7e99f99038e834304bf4ad19,7492
K083843,df1b821a14f73b9d6a1eac5276cf12c207071190bec87fccf6e06040726a3380,6276
K083857,685109da73b34dd8c08ea16eb9bd2f11e09983b1a4792916a08de25626957f0c,6983
K083863,0c391a57816bc5f949c5efc326e59934673bb12066a7714772f78b4ee97dc917,9167
K083865,4d0cab9705c6538a21e77a066d6487bb3507265d90f055ce65cc35a18308fd53,8359
K083894,0f082711449f07f7c8edb39274bdcfa0292233fb8949d0cf6f5078911af2b386,7756
K083912,db039d6bd0b6fddd800bc9b9d34a3931f3dd187d6a78d480b4da6f5c4e40d732,7990
K090024,c3605c94439f1599e89bcb23f5bca3386cd6d8238948c9b1cd1593a00cdff4e5,7882
K090033,7a5e26b7ca459cccb2f4f5b986dc7f6e4b381278e4b30378fbbf123bf9475b7d,7275
K090047,51b1e3e801e8b3852778f85c2d0ab4e2927c85b295a6c885491bfc08d442d67d,5746
K090048,b2e60c37301bd64c603ab79f726728e1cf0841aa2667b6e9365a3c1a5d91336d,7243
K090053,0c9d5d99e478999af220ad6ccea27ec50fe74d21d92a8244d0fad938b612e024,6336
K090060,0a07369b05a6cfc8bdf3ba3745f19e4b72c5a82e27d434d3b0f4c7496106c162,7873
K090063,adfbde02f79afe5007f0a2ed094bfd8a895c9931ba4acaa42a5e64849afd7866,5788
K090064,82a10d0543a27022bcdcb4a278014cd77f27b8b9b87121e1574b8fc86b406df4,10031
K090075,0e045a35ad5101314df171c726f014da06927411bd340bf28c812a870908c6ad,8164
K090076,d6352f6fd8c942658266ffab74bf7e95cfc185d335cf3f6fa92f6a9fc423601a,7420
K090091,39b1a8959cca9eb4d17afc1c8fedfa9ba2569bf570eec4157ba3d3b3e63a2356,7377
K090099,be169dfa8944669a600259bb7a30f698fb1731002f54ce8d7bb683177715d2e9,9509
K090103,aba3b5ae24d3882ea48e13d8e37dae6d89c8c0e3e8e6638e3313c16ec3392b75,7693
K090107,252f17b5a849050bcf082cc035e29dbd7a36f2c04dcfc9867b28adc3d5c28231,8559
K090124,ee8e3a712a519e8e9f43cf7e6166d1a07de9bee3e3865963f29abf2d7f2ef1c7,7495
K090127,e60005a46c048e49e91d191fac22f5521650e3149627df9907ba6d492c102c85,6792
K090139,55fb3a678bb223428cadd228935b49c96d2071c3efd77050de9c46b2462f4f95,7412
K090166,6a4b06939e2f74bad9a129300739ca76c0317a25cfe9b77194f6f39daa2e9765,7923
K090175,36b841a1acc656ca778af5f85d6e6eea43eafbfcb7cfcaa624e7fea4231677ec,7871
K090176,6557a97491975f79f2e2baaf58c4c0beeb6ac4d06a75df6ee8ebbf8909612d81,6952
K090177,dc183663c593838d69889a1e66aa7282aa0c2eda655e8e5fd104fbd539e461ea,9397
K090186,3bd2f90b2103e7b0f12dc052fa614612ff000e5bfeacaa8d51c395f49257cfc3,6410
K090203,59a19e2c4e888d4cdec3a7e0fdfd3cad77812b00954f965808bed8fed468d216,11053
K090211,9aab2670ac917e20018a4b8a4bb41862aa227186cf94eaf9bc106782f02c83ae,6502
K090222,5997b30b085c43eeb3b6d181cd929797eb722d99481e56c6a14aaf583b1f4771,6624
K090224,6cc6ca9b7dde3647ec14f34dbdd59326789a19fac27337c09124bf94af4771fc,8350
K090228,aac2ee3532c01c7450dc06d6edb2aedc8600493f72212c80be0eac0891216d90,7717
K090230,9e71bc874c8c2cf724bf109a9db30a6ccbf2f947e554f867a5f744a16d2a4ae1,7084
K090241,6aeff925dc06c0b8c727fd9ca280c3de018e6830db035a3e112182cf788f4fd0,5507
K090242,8aadd19fde8027f55904e915378834ebe16c88df72fc40a430c52b3200310126,12123
K090252,cd33a0bec7a7a0742adbd369239da611888ccb0ccb2490e7ca1234dcfb4535a7,8779
K090289,0b63698253bdb9fc53b508c2d4a97792d9b5dc0e8c3f6e7577c104c74d7afa13,5548
K090299,37cb3add35e266eb8968e829455a2bfa2878a5b49618bf82c8d6446927e184a2,10720
K090304,1d22dafe4bcb57e253244b770aff51db9ec32aed5795848f8f43c8fb66125d8b,7519
K090310,17c12ff1f13b15c5c3023d2857ae7589232d386b777bc8789242303bc79f23d3,7429
K090315,75016cd7ca1d411273658705d3127e47422cb26c123c33352110de6b007deb73,6681
K090316,44a98a0ddaf05927d81dc686c62bc1a86bebe91e1df4142126e0fc095abe9cce,7650
K090320,4b59ffb41a86f541ec664f6dab46606fc6e2f82d985fb73f07353ea52ad5c190,7815
K090343,659ef9eb60517e01f9cb0c8366eebb7f1165678ef10cc1cb6df53f60960616d4,7943
K090353,a35f9185a50c116f250645f37f79528c4eb3cca74232d3139aa9d511f8a4368a,7801
K090354,12b75e81f3ac408fde33617e5ff0bc8d569549e72a4fe51118c3ea79d13d9f7b,6503
K090374,018a83ec838ec6e02cdcebba902ea7ebf8dde58497d2991c77601c5748a6158b,5915
K090376,c343e11711f536a85dd65a5217db2dee0b679df2ab0f89390c36c2f0074dd7ca,7520
K090387,e6d36da8b95dce3ddf3527612a117d2ad80a7e80fa364db2770e515778fd6750,6535
K090390,7874ae3dc954b2f8f4cd1596e9e92986453099a631f1cf9cc5d876a289d1e0b6,9652
K090401,e40e95770cddf38f3bc31b48329ed732dc25abe35fd8d885773b4d37e2b85016,6908
K090408,fd77f933f3dd73bb04b9b9f5fd73926a69ce87ad239f910a7a443a281b5a14ef,7511
K090411,357d15bc206dc7c3c297b60c0b319b61824d83c0269783bfcab4fc7264a57f55,10580
K090415,81ead676f6c7a27cb0bace2797f5286cec016c318215466eff2815927f621665,6298
K090424,275097c0d9896d7c96fc90ae8b5a0effbda68451a63f4ec630be574906dac13f,7866
K090425,8adec63a8c32b0b1e3db03ff79e605a09ddb9945a6396fd9de3728098b2315da,7901
K090435,a6cfef1b876d779d50ca78f0a901494839d32a20cec7ab5073de1a92487dd445,6963
K090440,c4a07e930b1084188bd48f00414b0e363faf1a90935d29d3e7760d64b7df6ae1,7408
K090460,8f9ceb5c34e51ecd188ec004f4398942e8920a735493c366e3e1a09c44d47da4,7418
K090473,18cfa3c7bad79a3c8d1278f7b572804a5fa6fbd9072083559783bd51c3482118,7053
K090477,4c6dcef7b6dc0afdafca23e8166482cfe07331e760f8b933180ef5174953cd25,7158
K090478,12c075adef9028c18a82de0966eb17767781f9d1f2168b51e8fc7c054f259349,6330
K090492,433e7dde277b601df139df02c5bf6e11e3c3a421d3b25fc55ba7946af3e08e4a,6203
K090507,5ba9912866ca65c25255f19c442441c0ddcab2f7e87fbe8eae99730762967fb2,8383
K090522,cc0623b3ea209c02e22c529ee02518c60a95d99e9d29c037864da891455d89b2,6558
K090523,a6912467b7a3fa7656ad50afa6b0abc0ab7aae47d4c3aef51fce1211aef3561e,10793
K090530,b428bdd05ff5a1d9f5a578e71f53759ac275b049814c1b586e4ecdf681cee717,8835
K090549,f1536ae973b8109c9e09ba97a6f2a96749d81c6463f9d7f5abcedbb208a2bb28,9914
K090565,d6c96a5faddf355ce43a4d3d907c7028ce187aa55aa0113d8a34282a6523de32,7796
K090566,184f2a9f3a3b23b8d42e24345fe29fecf21982a4a7db429d4aeb8febecf53e8a,8236
K090582,bd18782f69f9957f3113f12bd6a5b13fed5c915401bded28472c5e8b2f6f0b36,6725
K090596,6e7c424f81b73cc37b7470f51fb4fbed97e6c98547cb194e23486565a0c4f334,9038
K090605,b3f3a93bc25de3446dd9f4bc4d76cf038608c4c9ab837a7f8eca830f8579d1f4,10456
K090615,dda97e5825aaaf85886d5c3c8d19668e32d115644e602a1708f3cd6cc7258fd0,7727
K090641,6f68e3d8086ebb7085cd3d7a9d8fffccc8001362cd4a4da6b41075b161b9513d,8558
K090648,4ea8f839a36e16ed9d6210be8e641bb2d340ea359f6287b9f54e04b8fe543487,8594
K090656,4ac92f61b9003c3507b51aa8ee999975e251d87357322402ad1c7a5022d3905a,6791
K090657,1357c6195d86edd7794a602354b74061368436c52e4a48f2b9c275812db6fc4e,9949
K090658,8c007d047268ef4dc2607f51f0cffe8e170119e754316bc65a973a9cce4f7325,6728
K090666,fdbf1d10ef61514eb066e2741d06ed490df3742e9801e9f5390d12c7e867b171,8187
K090669,b3ccc1f0cd7682fceede1d71fdca6b575bc6dff4a3ca009e486ce57f26e1b354,9434
K090675,d87542926fefd5af72ade58c2ad57c3ddf2c0e4db2ed3250242a390591c4d7da,8771
K090686,34a0800f85939ee1e44725e806e86833fe66fcfe18683f613fe909790c715725,6697
K090692,f15dec1dad02e61a8959e6f5ddfd1406a109f16c8732991fb1fba642da5781c4,6708
K090705,5458febbd3dd365f18909697644e3fc6d02701d34bb7f22422d1296a83e20925,9064
K090707,e694f0fddeff3e9876d16168fd1aa21dba3f35b0fae6c405b64b813fb0d0ac6d,7302
K090714,7a305b1669f50a7e30318335ab5ae24f84395dbe1e23dd89f08476f1c6d1d072,10523
K090731,dc031421f1c30b8d4226b7b86c7ad1971b160f9e9aaa67ab035178e09adba1e2,9069
K090740,ccc49d61486d500642ce1686b1f6bb528de3ccd77ea50340c703dbcb1b09ee63,11367
K090751,87047716241215c712efbc347839266da3b9bf6941824f7e5dff4ec3f3e4243b,9228
K090763,4aa8322b240f62d3871248940e82f34504e486966aaf3146433c5833ffc5d1a3,8760
K090764,685f853e00b4be04a90e28ada7a53217324889e8474750d1d1e376355571b2d7,9135
K090779,8995038364573179a18788f0e961f4d523ee875c6e51623cecd271688fdcfcd7,11861
K090782,65fcc1e65d818394feeacffa1d57b7789a0010d78e61ab1abd26b8db79ca0f32,7485
K090786,1859a8f3dd44a3b29bf754a29b8b084f4fffac6284177d16e16df5b098f06025,10669
K090799,2c6ab18d24b8f670b4b1b0b074b5b58521c1d6d2586079a39bde6ad45e8eb132,6872
K090816,d7071f8994fa60d2f10ffd0226f07c80a9875c516c3edc11b1010a092578dfb1,8971
K090835,00aaf5813800ee79a7b3e25274424502ef3cdb44601e2beb3df0f376980e36b3,7190
K090839,6afdfcc93357c4328d8984a96553c68395c24a3ad9d5cf3e434f72050fbc606f,5826
K090841,5b017366c8361789285b857b428ae5a2253e3a4a97877d8bc89472c56fa79358,8664
K090845,8e3926fbc46bfd219a0866c18dfd493c62a9f38dc286dc7371931450674998a5,10074
K090855,c530464ad916e79f056c6b3a5d8f09aca0d8872de126f0fb30aa4416808a6712,7531
K090857,22a868d6dca20b85fe6e4601b43802623ea72bf65c42adc116fc91b00b85a07e,6541
K090861,b93dd9296096c6c5011b058bdbf0e7fd654d0bf5fc9985c902479f6b2c17ea72,8161
K090871,798db22a64fde7c4aa014bc510feee0dbe5b516ddcb98748be75bfd81cfb748b,7360
K090877,5d82beea4d541aeaf8094adc8d765b6a8ed21a53c951301094e1f053bcff8cbf,6067
K090887,7c370d9536d7d0d6a0f7cd7f9826692acd93e4fb05ba46f7b630b879740343d3,5
K090897,2c5848022d75fba2d6c332bc01dbda582e1ef0ea4a8258eaf59a67519d7a7a14,7619
K090899,b29cbb1f995d522337c32f3d6fc4504ab07e9d63732478c795d4cfc02ea6cb60,7485
K090923,dff338a45d77b68b28923bd2712b5d943464eeb5aa2a26c999cc22b673f243f0,5973
K090926,dce4f2ff8774a77ed6b71dde15d22f6f022502c3a5cee26d365dce1261b38b57,7351
K090949,19f0fde4aa79c40f6bb3e3d2de2868892ef2104cbd08353460e6eb26e2f550c6,5244
K090981,18094a06f85326e1a8d368c87dabc700939bab2cd9cbffcada14e0b0eb2d780e,8858
K090982,39ca2cb25df5f92095e022cd0e69aa64817ce8fce4573fe4f4150719c42ee8c6,9720
K090983,76d38f151df7611daa6e35cb9e5619e342194d2d04ec7c95bd45042a2f35a86f,7368
K090984,533f2ba4e34b3a2c982b7bc80a50cf3deb4fb742417657b55f38ef4dd909a1bd,6397
K090986,bc26376e0ac20cf6982a4510d453e601767175d892abb7de5c0db1d9686c66e6,9386
K090988,606a0141df4bd14e06f14f4c7d6303975f7d0ddcaa7cb4edadc64c20cf7383b0,8759
K090994,bce8fc8c91b54f9200edce0a7f1431a2827e25663098efe26dbb62712d13bce7,6856
K090998,a205211301a4282d89b4a0808a9f5a5776ae102c3650e2c9c046eb8d315f4141,8314
K091014,1229aa3b7c8d9a275d88851c67f4ed3e318303e8c8a71de7f3ff11d7216a9f46,6717
K091031,f59125249a02577eb987bd8af162a5f8f0026cc72ed93041f0ff5590e94e1c4c,7171
K091041,6c1b931b489d4ef49403396458ec115eada90bb30d68873bd52e9d41944ba646,13240
K091044,df152052138e129848fd87371eb13bb72e778868cf396817edf3518b6375a749,7649
K091058,9e552e531a6e49bd642370788143934490609a1ab7ecf2935ba4a04b6c4da622,6678
K091067,a162b2396d4a4d7998baf2654c1db0893d89f959275d1fba594c271161caa127,10846
K091069,48fc6a78d3898954845e5e786fefdbfb72dad2d4cfd7b6663cbfb689d5d6c8d7,7522
K091071,17124893547deec49fe8c69261b0e2c4988d123d2a490808974283c2f25cd2de,6845
K091088,d5e7e7e0896b6e265f59e4ea44649ed0f3dc544a4164f3b899a874cdfec2bf2f,9700
K091093,02ae8817a161d28c5cd3705c3f3ecf222d13065e112101bbcf2f6499f171e78b,7150
K091094,3a6a696f40006509b8efe5a7b8cb554531d5397a5e02c2ea19d3ec2a0693e38b,8530
K091110,882a73f53a4f55c2861616972732bcb7a94488f76ec8299eae04f0e03400d6ee,6815
K091122,5f7f24c087314ea0aa683d165176a99ac9421b69d60782e8f1c70412d560fc3f,6642
K091134,1aa98c5e552d4a0ae02d46372afde5387270c2af959f70babb4a745563dc8d5e,7947
K091156,9c9b8fa6d27dc36ff9879142552820e2afc1d509f26501018c4caee614a68b32,11472
K091159,97ab164fe749b524e2a2ee7d2082f60801ff84199dfb50734d1d4be11c5d6b41,7464
K091161,ebd8b102fcf65ce1f073af57e1d9d840f45b2c9ec5b7024b25758512543217da,8265
K091189,b698360ccac0176eec641319db5ce540e33718b0c7ee8ada1d18de99e067e3e9,11912
K091190,be2078879be0fd419d651ea4ac3522bba6fe5c33aef66d4099e0182bf13ca6e8,7239
K091193,481b02bb0fcd178a6bd57a9374b149b7186d6536a909c9038db9a88d952222f0,10280
K091196,63f1243ad7c79cf9c5395fd1326d6a870870e30be9efdf64a5dc2e5e211ba226,6609
K091202,61cf12c6c5fed4696f2f3d505d232843118c9ffe444c2b6495e481b4d658460c,8602
K091207,f0792afb91a60eb763ed0025ca69c08a5f95338c7c336e8ad0237777dbd1e842,8717
K091218,0ca4aabe4736db2d9a68c189f90ade0e70f12f1db0198a96d604c01852677ce2,8693
K091219,50d09e2f3b8159b3c8a4709065220d0693067efa41d0d7689096b70c677776ad,7187
K091243,c81ada1111dc8c3b82d4c43db0b2ea149311df3af9ae9b18222ddccd3854d280,5971
K091253,55ceaa8a462b1d51495cb12b27c97b0258447fe5769c4c3ea0fa4cdbc57557c3,8201
K091258,b19be64fde8bacc0ccae23b7335769c747c6f54b073bec133ea0a89d40c3d03b,8284
K091263,545c38b0922de19734fbffde62792c37c2aef6a3216cfa472449173165220f7d,4
K091266,2b5fdaabe4b0fff6ce62a1a76227d12adddd88c6c15f6161bb7cf5af271b9b6d,7755
K091278,1cb5e8856350ab2a6a1b93823cd1a192b43ccd92486a592c3b1baa9db8936bbf,7722
K091280,7f65bdfe763208c60db2f300cf981a28e7c2ed290471ec4b94d6470de7135883,10365
K091291,5724b3a8a7bbe6972811916b106cb02b993bc7843457f4e6bc2d506a1b67558a,8194
K091294,72fcb3f6a8dbdd10227f0e4a5697e4e62d64fbe46b2868bbf92ce46c0da83578,6282
K091301,545c38b0922de19734fbffde62792c37c2aef6a3216cfa472449173165220f7d,4
K091302,76648bcd2a2b5bd9f4191da61ca1e871d5817435dd478150442c72a97c54037a,8407
K091309,fe12e69215cae6fbd2b9036fbfadb0476be120d3d1c3d4ee68ad2eb08f3896cf,7923
K091321,b230e35397c34070a965f46765adab6b997c1cb3415e89519d4b5b173decbf3f,7591
K091359,fe22ce2a2fe3023d3bfb2d4d38b8b50e6c1031e257f800e0f8ef5f17dddc8e5a,8051
K091365,cf057c1f64fa63c988e4ce65a37a9dbbecdea334c0ec4142c95ba10baab9d1aa,10811
K091381,d2813b77c5de99c4aa72bab54782e0ab515ced470f06701bbff8523e2bcbbd8a,9029
K091396,d1c5dd3f5adaff0bdf493fac03355fad05ba2f1d593e88044d542bf3102d6ad6,7608
K091406,d9ec6f2ad5027f9a4a26e2b50d7818804497c9b452cf6d1979e5b4a0a36aca96,9097
K091425,8385c2583c843d34205a0b7e72c118bd4900ebcadeb193224a8cca50653ba9b8,8054
K091426,c8d74614ed724e24dc093df60bbdf0c5944675d76bc8406ef6fa4a13ed83ac56,4619
K091442,46a0b80132deb7ebd3b8027686e4ae4d10611596fc25799199f4c5369255e7ce,11616
K091445,7c370d9536d7d0d6a0f7cd7f9826692acd93e4fb05ba46f7b630b879740343d3,5
K091453,c9bd23de72cf315ed87ec80162249eef24782885f11dd5d439527c8cfb70f348,7909
K091479,fa89d303090b8d7860c7cfb42e67acc1a4f535899d663481d2676d37e2b55689,6189
K091493,391acfed45c6a3342602390cdb0e31e762a9aeb441de3042c274f3f8d000ca34,6791
K091502,c74df421b9c323b6c53d4e39f65f5d92e71ad06fc90676bf2532fd07b713e170,9040
K091503,5263ffbc087640c60bf9c5feeaad09362e52140fe01406c2c9963d5ac6444f96,7656
K091508,96374a9771398fce51df669b39996b451e01487404c9b8a05043ba970cbb0bdc,7484
K091531,07e73b508de79e14fd0125b9cf6a58cc7890baa8dec2ecd65d5f42bfa8e30c58,6711
K091543,f58a7ed52c5f1bdb27eb7ec6db1cb0f4cc9c8224bcca3a18b380a337d2ca9b81,7536
K091549,a4b534b48e807a3a710c0a8914c71320cdd41393e5fb0e37f8f045202c148ba7,6969
K091566,43f99c9fc05bf0043a9a7e0c36f539b8d107b67bc0b1ea6a3bd532365216f70b,7444
K091577,4facecdd5654615f8c76dc9a3bf7d56c125a5c9e730d7f312c92883e1773b104,5673
K091587,dccac24f8741c98bfb17a9f4189aa154220aa016b636d869298333099e8dd352,7674
K091606,c5e0c9f0f2e6582da8441869e296460161e7ecad1fa98c509cf405d94fb3424e,6368
K091607,c085ab13155863f9e903ae46e63df5289fabc9317c56e0ceb0f176d42fa00c49,7603
K091608,1638815131954c2a2052823f65fc10e71b1852328b7838ccf5fcb0764954ceb4,7228
K091609,349824434010c0b3e15508041dea9690bc74b43e7c32e381d7624dec4141911f,7777
K091614,a1173bc7946f156ffa74edd5ef75aa26cbabfd4f401814203cf8c263a9d4903a,6596
K091619,3babf729edde238e7503e994cba20e9663461ae0d42d2fc7de02b124a8790b66,6088
K091623,2599c210193f1f7bb5125bd826914a1f70a300b1546d2586b2ddea1b1587e4f7,6510
K091638,3e191c135bb4baa2b33ca008055bda2ac1221f64a24640cece4151516b7f7515,7922
K091644,bf620412369b647d033d8738e146d93698dd0b25677c6fafcff656b3173150cd,5378
K091686,a48fef762762d5e6bbfe108c703a95f92c15abba2d1bb0a9bad19d8bacfd916d,10001
K091688,130e89a00255d40bba59f06038dd7dcb5565b47b1075ddffbb227bff14306e85,8433
K091689,d82b71c3d32ebbda7d7c2424f4a1fe502cf8a0ac2f454a11ef9e6fffe0656724,16591
K091694,84e29b070a0da5ad63905700938968c08c0d9e5c92b22a55c5018846a55017cc,6262
K091717,bb8de96c07f32813c8d20db6706700ac3c010ea2d0472d100f72a9e4e486b7c2,16411
K091725,bb76e555834057b205dfaefdecdc6b34112c46ac8ae786b9b1d161add7d5df2c,6908
K091743,d37de288fba64f47a90455a3200f298ec0f47b8eb15dc1926f3adb812804348e,7150
K091751,545c38b0922de19734fbffde62792c37c2aef6a3216cfa472449173165220f7d,4
K091763,87bae5837401a3233f4d10fc75baa10afb0221927f56453f5319715d3bac43ed,6664
K091782,f975a392eb2f25b133cb177a8ffe3ef909d6eba1123d4ef7660f7f0680eda2fb,12284
K091788,ce381b8f86c7c38787ace656b2cf189bdd7dd1f182ae1c0472f0811fc06aa036,8626
K091797,fb10ccf75406189b5b78827165774adccf543e15b3d81444d5264742a4b362ee,12544
K091798,1fa96a179984119bc45dc6119b3cade91a0871cfa8ef932b4275fe80390509bf,6753
K091799,86d3ff92b449c557d9af8add2567d26067fc3cc8d010f552a406e53be3f8a03f,6395
K091813,545c38b0922de19734fbffde62792c37c2aef6a3216cfa472449173165220f7d,4
K091844,5a5500cb223d78b8cd0191b24f967393fc4955afbf5069071d28058617804eba,6764
K091870,977fc130754491833d56e81df028316d1f2fb709a30ece2e03e3f710243bc50d,8272
K091873,2680ff5537f53df50eeba9da2aa4abc2c823137bf393ed5b3edcff299007e566,7017
K091883,30b004936f21c353febd3c6196bd16687ca0d9799b6338bb05a3430ea9931add,8381
K091912,027294862ad37918a0d1cceaf9e26a0f98cec8f013979fb2d5c82a673db47579,8960
K091926,ac3d3569ff9bc085bacaa7c40a05104ec1f9cdfb0d2aaa7a84d4d528510ed696,6938
K091936,fcd6fc9aa4bfb574f077490f7d16fa17efd22577d94f61fd9117826b14984650,5005
K091944,6833c88f11651281829aeacfd67c845dc110dc5cc0c4d35ae637c59ec572a14b,8985
K091946,fa57b2e512992e01e62924c1b5627c0443a5fb7e75cca86fba40cbb423c28aa0,8371
K091951,b5d627f34f56cf797cde214dc8c62ceba94575c77490710b351f03f642982ed6,6143
K091955,bb5a90ef97bd8c3eb175ba4a19b264cd9cc2826087c1cda38ffa3cd4df82fdef,6414
K091956,e3fbad296a8409cff13ae542bd004c679cf59c65b9a8c15ef028b44864262f01,8769
K091967,53d4d7832b595407ff21159aa59cc9135793ad50e9d7a26280763dd4b20107dd,9830
K091974,93b432c8239af9de5a1a07f08e1019396cd7543cfd77e9dfc5da2fa4dda41b90,11110
K091976,63c1ee75ca027a84a02a8c2e2914175089be956f9351d9373bd7f63f0fe22236,7124
K091988,47c3ac118abe1dea0bf0a800c377722d0738ac972c889ed4a91039c3cb806bd6,10559
K091994,e580d2cff2bce486442df137b71c04fc22722204384911bb9a54e946e53f5e3b,8086
K091995,84891365b003b78b1da0bbcb25b6a2b4a139cb27962ebd25d6c4e7fc30de431b,7150
K092002,ff96fee892f1a815ad0f6e362d0d8133c40b4b798ba35e4e566ff67262f2df46,6579
K092011,5d60b6fa6b4d33ea0d0824cc6e8b97e1cbe9fa7d7efec1dbe18a8f31dee145be,10022
K092015,399844edb4b9c8db4157f9deb9033c19641a5a4ac17d86bea62ed3c251edf390,7965
K092017,41fddeb123ac374114811136a52029a82c0c708f3ff75c5c6735225ff032a1e7,7381
K092038,9399207d1cd423fd5f1922f0d20833899877682b0027a25451ca3ed9eceabaee,6281
K092046,8ed2b66dae0f0d6077d8b2b7dc93892346bb0a128f96f07e81034e354cc3b2b7,7250
K092047,185bbc13b3b7579a6e0d00fc24767d55b7091a8b5c4c71382ab22793b2157f61,6870
K092070,fd389f2e0b589b8d6905779cc03470fbe8f367b39f6ac4af1176e405b9e57e0a,7835
K092073,cad91fbaf01863a073e9df6ccf17d5e1b3d60b84c54446a0bf6b115ec499dd68,7951
K092076,4b295923f8ab4418c77188e9f9eea4c9d4aa659516d5e787bb44ed6ad9ce6eb5,10068
K092078,c63d807682a7028be4c45e5fb1a7b7a3c7402e845ebe8ca141f4bb32fd148e19,8580
K092098,edc07ccc0d9027212ab5b9d639efd47bfd5e10bf7618b5933f4c62192e21e8fa,7199
K092108,0bcf9d027bd8106c86361e48da7cb121e5771060d3d76e72f07cb3022c0a6129,6437
K092122,90e2615644f0b8ba5cfc92131ee52c878034a7e7bf67f76164426911ab010c37,7596
K092124,8e33781d8de43999121c8835863d56b7fad5f9326d2b3fac06577ac250e6b527,7776
K092128,277aefd685a66cc3adf81b299f0cb8cdc161910e64f954e77687885785b84486,7459
K092133,32603efb4653ede7351b439ac4c7d3698e318bbbfc6d6557f5ae6f6ad8ebca64,8532
K092138,d49538eaf43b6a1eb87d3351e717470e4c5d521277c04797c1d3df1dbd2a9f39,9648
K092143,4c61ba84d804f83918581ffee77f07810ce38657cf4afe4dde2ac419415cdb4e,8490
K092146,d3d7e474cc56bb61b6cd1a28f69d3417b907a41b3356adc36d9abdf113fc11b8,6746
K092150,0d11fd4b5a2ce5c63118cf6f5f055cf8611b33901f102185369e2adf0510cad0,7077
K092162,d54f187976736d855ab40254b38f21217c7228201f0e441418dddec421aaa699,7002
K092178,171f4580ae33538a997a04b72e2d7444518c9c2e842b5ec6e9696c00796a39a5,6761
K092189,9d8647e7e9d720f21edf2cac466e4fb2d39953026059eac1f551959d8d8aca1f,6186
K092190,b4d40ba463bdb9d0e59e0070939c25f5387fa8b715211560cbb9ce7bfd54364f,7313
K092193,3910f638c5db6e26a30938cc82012998d8b61e766b51f211f5d41497edfd0419,7661
K092198,28fba48f522873bbed8a9086b6d9733fa5ae798601a28f2f1f28878ab1857ad4,8989
K092201,eb1dfbe1b873cc44846fad41addad852955d8454cf55fb2e98a205db7dd5eeff,7672
K092211,545c38b0922de19734fbffde62792c37c2aef6a3216cfa472449173165220f7d,4
K092234,e63105371734feb4cc67a8d0f03e82afaa1630e528d3a85cb2cdec9043ceab97,9847
K092265,d6eafdd8212574f6c60a927e87a2aa11bd31aa6335abd461379cdca14d6fcdbb,10517
K092287,52312b36df904c5ecc921e1af89bf8b64b9dd575716975c6c11644ffa3fc9ce3,9171
K092295,f7654cc0000d17d1b9b44cf167134f2fd9676c211857b5bea2f2de11244de6fa,8819
K092317,5d55bd744932409bf93f45c7ffd0d1f3096aa2a0234d3765aff293d8f40d722b,5504
K092325,2129bfcc91a83a99a42dc29d85475200b5eb482766feddcf95378eedc6b925a3,11378
K092336,36ede11dbb6c6ad68bacc626fa883e9e49a5a53ec417ea699bd496795311d9ba,8513
K092360,e58aefdd4eaec48a98924e2b6b5ab9d27096578cf6cb9515c60c81efb5e9f50f,7240
K092375,545c38b0922de19734fbffde62792c37c2aef6a3216cfa472449173165220f7d,4
K092381,2d636876528c3d260fa71f2a96f91e9bf0c40dc075ed89770563f71d1639bb81,7753
K092386,a1fdd05a72a9df773220aa095e05ff3600b2d6d24856a2e9845ef0a629e9f360,7749
K092406,df63e45e2c5654a343f90ed1abb54f2eb153a3f54edc8ad38bb6a2f28efc3069,8662
K092419,2e019702328348b2410ac4407d8fdd4ed3c1ea80776853677c34d1661bbaacd3,6990
K092420,5cb619b9b486f38ca26a2542519c92fdd1e9e5d7254a6e39f5364365961db695,8182
K092440,2a40d30e643d854dbd8eaa086d1d75f0ea95f298d4f553201a006876bfdadfe1,6136
K092441,a78165e96ff8e22df9f20743f487b80339a13c5890bc92763cccde432331e119,8104
K092443,f8bf0e0db4e17294919b46a21d32eeff6915f2b65f6adb34c3f5fe8cbb12df01,8723
K092473,909b4dde77eb6b589b699c59ac4549be589a439d4011e27e5d073f0136aba887,6906
K092474,33db228df620abc2c80abcb3221ba6fbca1529c63cc74956ca475fd96b9385d8,7562
K092493,538d6440534fa5f615e8a26932792a82a2e4a33a97886e2d815eab8fc216d415,7
K092521,545c38b0922de19734fbffde62792c37c2aef6a3216cfa472449173165220f7d,4
K092528,cf411c0c450cc7019b69f24d2bc280e61866598ff2d1ed68880375971d593c6e,8114
K092531,948e45dcfbf79447e98ed50f10f65a83f031a95020eecf50205a12ca795f463c,6556
K092536,08962f454db962782dea8dbb30d155d425589e86befc802388c72ccb5a9671c1,7921
K092540,f07cc91696b81b23418a3bcf07565a9346e18b60997a3896bb50ed84c9c9909f,8801
K092541,72b57df4112dae1a2b59ac7c859e93cb91a0aca181bf07a2390537c888e02443,9605
K092548,7d9777a93710e6413c08ebf51447222ca4582b2977d8150e7729d393e64b82ed,6660
K092556,9c2562e00329e0dc9ad2bc14ccdc74bb4835ccc0b25b600d15e5dff9046f2b26,5762
K092561,bb075b8430d4574aa8c8a6392bb4ecc67b38fe7ba56625bdf51f9cf8aac47a48,7923
K092574,67d61a964cf33d3569476f203d45d26c359ba9ed8bfe60967c11a5399564ac38,9187
K092605,1288fb22e9fe5db1c311c16b874753b39363d210bfe74b6f66f24826fec635ec,7732
K092608,94eea38ff5b1e12679ee8440927f6fa7390082d8ef05cb356a37ed4adf518a41,8918
K092609,26420b5978a1f0391df08b1b14e1f341b65aeeecaed55d925f9b00749eec5fd8,6971
K092610,4228dfdbcba6efa3d8af5f2f14e7ba0d358d788dc7e24e9becc26ea065ae92a8,10893
K092624,d187e249ecbcd328faee8ec00f36311735115e5e91bea67f8efee881b2703746,9451
K092626,8463635f66aefb6a37458a320cfa2a018576438f288894b2f6895e5eeb1797ef,7335
K092631,4aa75b0212b31035485e457c7f584b42dc80855c176365944df47a11b01c80e5,7488
K092640,50459de06e01a866cc6b5f8888c2ae3a1628dc92a722b7cc7f88c99532390f3b,7653
K092646,5b38f66cb545992fa5eb867fa2c809c16ebd47d211a5f56c957f784a09f4ee7d,6134
K092656,1ffb8939a6ac65a29f61bb63b9ba4f87cf33f2172d6430730284d5e91e085128,7752
K092659,f23c0866e034ecd6e1442d3d4f02d153f33314604023b4a55c5e1621b1704498,6507
K092670,811bcf6015905d0561622084b360ee6c36b4b28738eda69484b00a4f90343a9a,7492
K092671,73d4918443335ff5eb011bf54d9de45df0c26139750b6b9854c5fc99ca3cb611,6844
K092676,e43518a84611f48271cab93be26ce0902e2dedc0af5c4dfedb568ac249d66117,11055
K092695,dad97a9b68401e99e438fd4e5337bc43f53d294598be72e332f1c2ab577b062b,8029
K092720,3f767df48bdf9cd14c812f48527e0d07cbedb0fe73dd4320cd9ba43b64fd7294,8845
K092721,c540b8ce4ac9ef9fa5029c5129310878922f3f0279dd4ecfb1cf1a15f6a2e1cf,8378
K092748,ae6762dd2995b56679c58bdca2c90de00afef9883d8d596d710ad51b94d3e045,8833
K092754,10176fae48b539863ba24d3700e4d56e7b8c2c4e0c1b1ce1c80d99102231f559,6988
K092765,9b705b7e264b17a39966bbd4dc9d7afc84e1ddb33762e57da9b7c45b2f855979,8135
K092771,288fb54537048c29c84476e392b7c3dfc78396aebda60557fe7de5396c791468,6728
K092773,df191c0834edab11fa7f81aa58f8b21c11e5947e25aa3cd05c06145fdea843e3,6653
K092774,716c826674f9ee331fca4c3c36669b7234007197ac574ed096300711be18eaae,10257
K092794,71c1b3ccdfc363f5f214b49d503549835986e9f0a9258105d0956a1b59b4e225,7117
K092803,d223d9aa7806f1c942ee52ea73ac0aef58dad5fffc4a8090e39ac3b4455279b3,9080
K092812,9444dfa6c042c7b7b2269033c41cc442372f45a6b7a47d5cfc0bd398bb44ab39,6391
K092815,1e7df254d3e5c687b0309aca42f81240447336dd21885daa0253d16f0f37d157,8496
K092825,5ae3d5f2693d03450805bce755e8f26726331863100766fb4e89c6b8952a5444,10747
K092834,d04c87fb800f5754e309199874185bed3e81fb2f9b56d69657ca99a67f354785,6589
K092836,289f6e08d74d162790861fc9f15ffac7faaf8fd8d21775a7e2d65073d13b2e1a,6918
K092873,6a3cf5192354f71615ac51034b3e97c20eda99643fcaf5bbe6d41ad59bd12167,3
K092889,e7941038aeb5aad6d292a6fc4964545e4553913589a3cede609a43be61361fff,9170
K092898,76686be8b2d504c99524a18d55c8196686064aeef18027413480b39d8635f555,6987
K092900,d088784b7ecb87f1ea17e6f982fa968ffefcc07b79de6ecc548fc00242868da6,6
K092901,fe69fb8cae3b3620422b0cb35c2b0c63dcc9078a9a2700ade08ecaa3d0725827,8441
K092904,dea387eb931bca336fc5e8196111b3ca268809ae45b1143815742ea9c37496ed,9045
K092909,724703de86cda876bd6c4368d93cc5a2595e4b69f6e1ea3671053c52b5bcf61b,6054
K092914,625d165b0a6d8c0d0e01f5be981fd654d0bd812a993a28e99f049bf162ca0b37,8531
K092929,a48ad3cef8a9435ccf6ca1f0aaf3934a45472a756f956dd2ad9379bfe428cb7e,10921
K092998,4d9c782156616d4ea08938be1e588076a51d41a2ad1d11dc33bfc5656716e4fd,6965
K093015,8a32372f570a4b29c6741ee4d7d16caf1cebd3ea6e881773af8b0cd0a92e612c,7931
K093047,f38598604d6e9c6c91d23f669f6bf8cc64c29b0d6dfdd3bc2f37b4bf2d4e1903,10012
K093055,01f22652151aef1eda782a97a0c2a850c5b6cd5552528c0b1c0c7d1ab6a932a2,8340
K093056,301ea11c0f58173747e7bc55db580afd685dce7007d4f8339021382463962acd,8323
K093057,6b3c8beb9406af929a95d4c0805678798e47d3e3ff2909993056de986b288770,6924
K093058,2d43aa27583d505bcee9aa241208cfb0025c362eeade8722b345a2d417431b62,11940
K093077,fe8e71a7f8d07d9c42fb66b00e37fc6ffa5efb854778a14de9b96a2f0b795d9f,11413
K093078,402941228fa5bafa00f8057150c1fc50905f973ccbb535f5f719a921cfc17dfb,8660
K093089,1143216aca4d6102456817cd8a81044aeae601d0e7a2dcae5f732af5d77431e8,6179
K093093,20234ef91eb329058d5d29e61e290c4d02e0644acb8bdda97a35707083f5096d,9140
K093104,93ad6893f0e96fe681ceee7521b54dea03e906e788990b6689f92593d288aed7,9381
K093127,107e7cca7bce4447fc34090e00bd0f5219aac7b708a8fa4d68f18e501c2115eb,8538
K093163,e5342f1f2613eb69a50dad5441e603cbc8d5c80a775e7ffe57f9bfcd166b0724,7819
K093170,f50e62f1cb8213cf92fff9c12d4b80432412cdc45157b4830d092ebfd6206f23,7293
K093200,967fd1920495048eb6c5541ebeeacb0f8911fe03a8bf33754f65d4fc1dd35689,9101
K093207,93ca4c7e2de486ad2407ef25c16ee6ed3a34c0e43d65fb693a5df464d5ae835c,7021
K093228,9ac435ad1f4d6b10a4d47bc28bb3e5b556693ee6db5d1cf9cf513b604427a085,9799
K093242,47616240718d547bc69a2ccbae8809b4ee338f151e08370e46cd0d4c3ebbf2d7,7342
K093275,7c370d9536d7d0d6a0f7cd7f9826692acd93e4fb05ba46f7b630b879740343d3,5
K093285,8853e83818b2aa700e8681b993277feeebad41c7eac325b92cb5870105c31d43,8675
K093293,b20b0b78ca7ab19e1c32af8e8796bf38c0b992a90a601d45967a183304892594,9064
K093294,12c0da4144c492f98ff5832cd0e82eaf38c43255626c7edc41485e6ea308bdca,12688
K093319,c53b7423f5773268b8724173b28defaa2e5ef388ba40a587c2f3a5eabb65ca95,9147
K093342,720bee70638f2bc4fb09e7e4c6a114bbc44611759a3a163172964b41f2132d82,7966
K093343,62569af45e629a86b01dc4cb2386581b7849594dc98aa13ea22a3823a923db7a,8172
K093360,7455830f0e87c607e81810ab2cf4f8d0111ec6a6af11a9c940981c1a6b70607f,7568
K093363,ac68c24cbe30c63f539cfa38157e742b84fa0180d08202b9542c78675feb77c3,8007
K093405,99cd9e7bcbd3efef777fa7a4be49a49daccb82a1e0fefba2b149354e3e90ed7e,9723
K093419,a85555e301c99024969c47fc36b44d2efd1ac69f749cfa92a97d7e83661e6bab,6553
K093428,f2ff1b20a0d770ea71e922519d6de4d9bb98c1aacf124ebb9e748b8cbb064fd0,8502
K093430,1ef9397f550232e760bbeb5a71930adc17139b6c5a324bdc7d36908d453d81d5,16053
K093433,7b7b887d97b4c151cd2644dad0d22d844908d105069c32b2af8a0584535a291a,7145
K093434,aa5ae846e1ec3042405246ab10b5c351f0457b295a04fd060952908f1c82758a,10987
K093438,1936d59856d06e8657944b933bfb1d2d590745b776e30b471a628b8c4e8e128e,7303
K093442,93d8abebe110edc69622b530b0578ed88e924e8dee6e52eb7e4c5cdedf54a429,9841
K093447,0873a415fdad1eaeff8c07c00356b9292861cc86b19e53218778354e690744a6,8052
K093463,07257131c50f70f7fa1da64e55ef66d519114ba1a27c118567a08fde7eb4b42b,6842
K093472,546b03573638b723e73b039c47c88527436568e88c6868119141f4cc8640d30e,9614
K093474,28f1b76f6ecefdeca4e4f62e436b123e4132d374dcabadc06a420a344136176f,6709
K093477,bee3d27b95a2e5d851076d7c314817e6882f56c362c1416bde13f8190041f543,8588
K093513,8ce1439b9c523e5c07acc1d2ea02bdfafd5cefbec77cfaed2c6ab477f7c5c465,8961
K093533,d07057672d728b0042605db14b3e0338251985b581bc5a79be83939b0e601c62,8249
K093534,a37a0b42c1b50f91cc0293f18e60df0cc8586d05b3bb0af9c004e05b5accf79e,7687
K093549,cf42d250cc04db439975d2fe57a9f50463d97eef01877a46f93c628633fb6a05,8976
K093550,5a8edcc7a2ea407eab1a2c31443b4790cdaa3b421da06746356921bd2a1f7eda,6487
K093552,ff48f842523ffa6c5d628067b7903b355b52703509945d7512073c62e1e2b75d,7694
K093561,f0f68855dd7627f38465f301d9538bb42d93f5b3cb7870c56aefda92f6c1fb71,9602
K093567,c1aed54fbe708cf81d77cde090122f920785389afaeab69de6cfa9d96086352b,8352
K093599,fdc9bb83f5d6ce8d228e3ddc9fe23fc273d637b165ade744d16d27c6d8655096,10464
K093629,7c370d9536d7d0d6a0f7cd7f9826692acd93e4fb05ba46f7b630b879740343d3,5
K093644,57d59d681b3f0687227c6a3c067edab9eb0539369e52037caeb3f799dcfe8785,7684
K093646,6025716e2a8ac6e96a05e37cd15dd20f63e2e7da61a20d543764bc696fdebda9,8677
K093668,cb4cf6e416a7806f725691d48755631ce07c3a54819bdbaad9a857b94e6388da,11043
K093669,d4afeb49788d253315f0e7e617f128365bdf39a3c40db437d77029089cfcc5a5,8768
K093670,cd0a5b11599888be861bede1218d34bdc540cce30f13e0e0938371619d2ea792,9006
K093675,7c370d9536d7d0d6a0f7cd7f9826692acd93e4fb05ba46f7b630b879740343d3,5
K093676,83eb428513d65c5874c206e9f774c69ed6f4936c29d53af5c320558dbeb22d2b,6248
K093692,cf2610471f929523e34a0a576f74ad5ce1df8ef05277fbb3cda4cb682e89476a,8875
K093704,16081ee26827fb90b851da4cdf06384e12605f418cd1f95914ea17f8040eaaab,7786
K093707,39d08c1d3b419c8ce92d2b4a03b7f681c3c18a27af7cf103da6e406f07c5e162,9082
K093736,2512ef9ae84aef913e6400527878fc7136b5b0507a52d9e37e4034e827d8bc1e,9717
K093746,29d1d8915f224f905f8e8ca5b22559ecced32ec23723b2e977e3c898719df776,9081
K093753,bec389a01cbded7665fc07a7edb5ceb3930ec1d5aedc292b424fcbed9d278f33,8338
K093761,482cc78886008e7530846ad38ae007c81e76665a23973bc1cbca0ec98c8b40a2,8298
K093762,545c38b0922de19734fbffde62792c37c2aef6a3216cfa472449173165220f7d,4
K093770,04496473529d21bd41ce8ab5ef371f52f47421965e622493a19b9bde9c670f6c,6557
K093771,f712a1cac28e5f5687545e1d498161da8de76dc965cafda137d596f8d3bb3cfd,9222
K093772,d235dfe6bf279c4ba4b14513c777a95435ed715c1fe5ecbd56b75ea6865842cc,6371
K093776,b1aa0624681756b584a4c958335f38027c171f535eb725bbd8052ac4ad851a58,7877
K093781,7257302badfa71c73a357206449f8f1e8eee7f6e4aa77df6561f29b42fead4a9,8658
K093803,545c38b0922de19734fbffde62792c37c2aef6a3216cfa472449173165220f7d,4
K093804,c847c80bcd06ba414254450079bcc08017fe74eadc1bfa0056126a2bdcaa03dd,7205
K093806,3a3c6be02b7b9c72c3d21076ac3411f398e660d9f9bfbe30bdf341b61f7d4c08,8734
K093808,6a3cf5192354f71615ac51034b3e97c20eda99643fcaf5bbe6d41ad59bd12167,3
K093820,da3befd4fed21fd7c9b905da29e7becef1474f0977e887c2a24bd71a13e9d873,8269
K093828,e9fd6c260c8e9d105efd5f004ddeccb849a551ead6fd6a2bb5a52ed780417853,7194
K093833,5820999881b4326e69544475496fdf15cc97a8f225b39614c7965c5897f3cb73,8328
K093844,a2aa35822de729928b008ad586af9b2e176056859b16884bab99312f0f6f380e,8023
K093846,5ee1597968fdfaee1ba3468787931f6a7c33c0beacf19edbea2ef485c96ebabe,7287
K093864,a1a8fe0dd25fab76dc2f7ecc01aeab85d24361429cb92427591406e7f7c2215f,7903
K093868,a4e883da43eced0f64d1fe211e2f25523738f210605f10ac3c32db8be2d5d650,9341
K093880,f5265c1a70877b92921902d2d3038f8dfd5b25413192d9c55728a7b3c5e4c9ac,8390
K093897,220c9d035b03be4e7c5800c42977d1dd4985b44463cbd3169c62225471739672,8283
K093900,67b011f8c544cb1f8a2fe9eaf45cafb9f8cca4072b9c4876e965d7ee7a1e7330,5851
K093912,5806e79f4a736a60fec6a07f71e2638dc3cffd92479ee9100e1dc4967e80431e,6139
K093914,cc3e2fddfb80d08822a7c8667c3de68c471c610e808414beb37ee01533ea94d9,8449
K093926,dca6061e7f7366d15965480303410822426a7abf6fcb0b4d0a1e002b6c2e4ddc,10406
K093928,23f6629a093d4b26a5e0850ff04f52289afaeceee398608e4612c327f1e9d278,5545
K093936,34bed803cbd25967c92c56559216e5e5938d8953d319c28e4e7c6bdf24ed019a,7442
K093943,7d229741bd9b36e80a4d713faac14af1b44776bbf6e58918e2fd1c4329aa4f4e,7276
K093944,523429599b3028f7c5f9dbbea69ded0d28e05b860971195c9e1eba075e864eee,11363
K093950,f6dd7dc92676721c577855dc5b25f8e3d5dcb508d23aeb4bcbccac0e3757c6d0,6338
K093978,257b3b509d4cfed9ee375317cd46a845a30bdfc00c0d007931ff68a3e3cea63a,8370
K093983,5d774d309771ab77a4be514834c874ebf946d9c1de503211fa2f27dbd1d20d9b,8546
K093991,6bae53baec2459bddd90e2dc89b53ecdfa9f8b6de7bf529a6eda114e046e4348,8696
K094002,33c016b0af0db68af62db7bd4fe024f88a980e821e44537ad65899ede868fda8,6778
K094013,6a8868c927066f3a95ebec4f9c56768a106cfbf209a60ddc2328e4be43ef15ab,17692
K094017,c474be201895d7f3b5ed02cf179c9b8a6a4266c330d3dfddd8e82b9da13b8d6d,7233
K094025,96205654fed8efd5ae0aa12517dc6f6ba9c0923f08f5c74b0de5a0bf37b071b0,7951
K094035,315e4a23246cdd7f492b416f25697231e3ed880c703fe96bfd16694ec5e29af1,14470
K094037,09bee795ee27d8a412f7fd8670decc79c8245b8bb06bb039a6e5fa95b8611d5b,6568
K094042,7c370d9536d7d0d6a0f7cd7f9826692acd93e4fb05ba46f7b630b879740343d3,5
K094043,73cf2d078bac65e83ec43101df76f24a6cfdf30c83f266c67c65cffd3e09c4ea,8143
K094045,fb1d9928d0b1b3e5513f29789b691e20ce3ab90a89b6060cfa92fc2096791441,10232
K094050,53e58b329861f4f66db806314c9e58fecbf1c8024c1cb232382cb018b5d21a65,15600
K100008,1ff03b1f1989eab9c108b8f9c8bef0e1299971adbf906fea57f20eecbaf5a1ce,9993
K100012,f367cc5c2fbd51f04f7bf45e7e6abadb051f07129edaa5ebd36c98267a9c5947,7861
K100037,1e72e739ea6b4e1c32de764d110c88c0e3fa9ce3a72398c01ce2e814607c0843,9017
K100042,31111e10a5795532b3ff116eff89f62d69f1ced9a9feb705738b12b4f24590de,10443
K100043,7c370d9536d7d0d6a0f7cd7f9826692acd93e4fb05ba46f7b630b879740343d3,5
K100044,4a176cc3960b94802a4ed7fcdbee5b7edf665c51f55b0e05319cf0dad5338197,9627
K100048,a82e9d044822340b8be8d499c85a0e7e3b4aabf9aab2c610cc38996609412a35,8985
K100061,e0f445fe64180c3a56bb78eebdade8e8fb66643b52d03b443ee56e566f6a9f3e,8379
K100070,1615260a3c549f3f63abaa754d82cfa21f6184ac36008c21501425fbe6c1d20c,7324
K100089,545c38b0922de19734fbffde62792c37c2aef6a3216cfa472449173165220f7d,4
K100111,e66f901df5d68aacf07747ff5677b6b76670e0cb0ed56267e432d4e93c8184a7,7946
K100112,c7fbbb0873f42abb0f422e044f4f230ac72fbbbbb9d7f41d5f6f30b4a63a97e5,7761
K100122,44849394e5a1a08cce331b2522207a6b106ae5bec043e43c0f04ddbd3a28046e,7742
K100123,f33fa9f0e664bde962d173ddb00cfcca387b54d0bc9d728aaffde62e13bd41a1,7561
K100137,1b5cdba678360f85f5a084b5a68389dfd80d8920f132b2bcf19918115a74b5c9,8504
K100138,4d04cab7331c5f0500e52ec1bf3cb56aa4529ffbde52020f213d235434df450c,11907
K100142,538d6440534fa5f615e8a26932792a82a2e4a33a97886e2d815eab8fc216d415,7
K100146,ae58313c8ec979733b74298c2d87f708f4be2ee30608696654e07d12e26fa0fd,6110
K100147,2e77a391a6ac8d723ab0ab0f72b70f33503686f58ab7933280a71f431e655adb,8549
K100151,4262fc7f5b88e4b21d91d9fd4c1e0f215aad77c0f6b0505ccaf0c124f29dad0f,7527
K100159,c1475d9b8e31e55b987cbc95e69ed1aa6aade9b9c1d192abbe91a04228b0608e,8513
K100175,706cc67a9839490fa52aeb1e313826cd99c7e6290d2aad5b0bf523012c7f088f,7862
K100176,dcbb4ed2f92b9eaeaaf471b08ec0f4045673282e6bffc8da551fb08e7593f01c,6918
K100191,183a50ad3f3eb4b204d2e9da76a744764ef5711b395279c77e7b086eff418235,9151
K100197,7ce757a07ad8fe0d69b5b8d03065b617b0ea193779b1e7d02c0b7d3a01288040,7214
K100210,9a7eb2656a11d4c19963d2fc7b5b950f6378830507e800ca385ce8052898f8a1,8147
K100214,a98be22c863c11be8e5105261b1fd5f229950e9450dbb478c35eab25aadeefa3,7804
K100215,0874fc3e652d2e0813994f8b1d1c5eaf2542d6ccdf80e22e82bdec6c809ff99b,7439
K100220,872f66fb29830b22220ce64052251df13a754e01cd83d4b9bf670469f8ce995a,11741
K100238,2ef25c74667915d7a349985a278277b6e876e9a817a275cd47e5119904bf4a6a,8089
K100240,545218805601117b2b73ee6113b8e017ac80b5bb000a2f02b109da96ed49240b,6565
K100243,545c38b0922de19734fbffde62792c37c2aef6a3216cfa472449173165220f7d,4
K100265,3b1dbf791a6573997e42bce28397584db0bea5cdab817dd3cdab523fe6200460,7976
K100269,3d4b093641bf22ac2c532533bfe0367d20d9b3419eb0a236cccc840b9281af61,11708
K100271,9ee48a72a14c69404555adb8047bf137685856d3a7d264d6198b95d0b0ea0053,8212
K100297,0939f975001975d13241cbdc08b339c72afde73f1e7a933af82d0e4c4035e676,8800
K100305,b068af57d6ef70014c088748da085b5600821189902fefded3c889399833ba5e,7759
K100312,7e50be75a5dbe3b3eb00b2cbd30b0e0ef344698fc3a32fae4ff0d8daf42b5186,8424
K100325,83b3421664c4150c96ce3c7840d33940df52e075a70e7dfa6eb55e6cec6c39d5,10796
K100354,70e13673d613db0cba799162163dcf08d1b6496569345dc0325bdcb255ed1c5d,8022
K100359,f12ab520a2451109551ad69783bdff6a9795639fd33526b03227bc31dd7a0ef7,9062
K100361,3ef12132d11c9b9d28843a081ec4abb83b049d5ed43ca36eb17ee019c0b12222,7163
K100370,e7553ccd880fdfc209d595a7e087ed196fd521a10ba005b1b98c89d8c6c7ee70,11407
K100373,7adeacb005d0371e9cce58d7054cd80d5cd77be049d0e68a712323aadddf3249,8775
K100377,cc4a7a0010fc68928ec79294028a9e76a7a3aecbf8a5aa4ff6bc7f822cd3884a,7809
K100391,e8aa7af522d714978bc66e2eeac374839751dca3168a086dae29a74d18d202c7,19688
K100404,f82d7de8039cf46289e647b6e97cfdeac2f523b2eed86244a4c011d9c9de3691,8779
K100407,cb516d2d8e87da839aabb24a6438106d020fc9af591cc1fabe87146dea5fa08a,10865
K100409,05bab02451a8774e3c18817efbbae8df7478e201dab8992b9aa8fb7b01ff65d1,12361
K100412,28b67dedbdaca852b1b0d14e047d1303efafe2029764f88306aa4f6e40a44d5b,9962
K100414,545c38b0922de19734fbffde62792c37c2aef6a3216cfa472449173165220f7d,4
K100438,8e4da0b1dde60f1c8ffe9031ea3438f3fbaad145b4a337a8c516b66536945c33,12503
K100445,a04d49d463e4b0d15c00bbefcd3130f4c09f903da958aba979abcee503ac386d,11445
K100448,1ef662c491b4dd4dde3e5c69feac4e6df21aade86f32bbab635768606891e029,8962
K100457,adb22febae5d70db1ce86d06402cf65078d6fcb26422e8e8290b0697f3c7983e,8092
K100475,0ce56bd09cdbe30b771c49efd6349f2df4320968a19fbeeee0b95e563c4143c5,7522
K100479,47ead75ba98d3173b3535071124c496037e8ba271c5647493072fe7b4fe8bed3,9918
K100481,0b9df362a7cb77090cd4b300c592aa3e31ea4f0df8b4f64e41b76657994920da,9742
K100497,112bb5f8222eb3364423ddfe93501ba2883cb08a0bffc714cad7a19babe22a8e,8056
K100516,545c38b0922de19734fbffde62792c37c2aef6a3216cfa472449173165220f7d,4
K100532,a71de5e991ced76b6836d90ac3bba366da5fea31e32a3af77380639f4129656d,7733
K100544,7e7aacf87c4b20d9eacc639eb63a19964bb16fad1e1563c78821716030b7b481,9688
K100555,80baa6e08a6c8dd3dcc53ad379bb087ab8a256317100b9e4a6c59264cdb6923f,11337
K100562,c5b0cb9a5681ad2ffbe02a85aadc386c1b640a8d2251d2b1458eaf357c668eb6,8705
K100575,4ee33d98f9686e5bc2f90f9e1232d373767ffd98992fbbd2e05c5a3ccebe5f54,6996
K100579,1aaa6b600935e1ab49ea7aaf5866ea7661bcb1162421abe074d53d010466bf5b,8414
K100604,40ff40498e6703ccfb8486cecc53d9db19026d802c37c52d7d58ede385185074,7033
K100605,17a88e76b096a6692f53c94f423e6080b6b42ca2ae3f7e3a12e6709469fb61b4,9740
K100614,16ba0e0d8c6623046466126e8c85caf0f293f1ab4fd4c3ea01157c29afee3641,8014
K100618,1b09152cb244888e53ecb9e551dc70a8e2d6a9f5724e941d6d21404f0780d3db,7512
K100623,845fbd97bb050ebc39299e230c4cca2f4f4c15759b6defc0b1f801f7a72c2435,7985
K100630,075ddf77e4302c4c232f323d97e885e650656581d756d5709a561c7d978ce2ac,9042
K100634,c23af7a3affd8f8f2041e5571b087bf9418fb3e9fc32031521529cafef49bc99,11580
K100652,45c4a7e95a245eea6eafb36d44887cd77e059a783d4cb33df147c1e799671158,6911
K100676,debe4ae203494136ab0e153abe7335a987a0d1586fe1f1a8538c9e722df022b1,6269
K100685,d40a9cb8f2e7576fe9a489c407375f53e2927d2a2c84a5281fcc00cdd661376c,12959
K100698,37179277bfa2e7c0acbb25d38e64aa643b1c6148b24c12519272945f1992fe01,8209
K100706,883209c870f9e977c18c6eaff47271514b1f025ec447449d817a799767ce4950,9145
K100708,3eee8967b5cbe488250d6e48765502eee5bf41029a8e4d75a46eca15eaae7d64,8550
K100721,d98322e7e678d28aae555ffbbef8597dae788695f498cf4de24855de0f8a25ef,7715
K100736,ab75c91a20b9027a09d4e0e832470805cc4afde039929e79af54cffe31cda97c,7447
K100737,0f6b253cdd7da0f8e2a69909498e3413feb56016191e72b5b236f69bdfdf459a,7837
K100741,6a3cf5192354f71615ac51034b3e97c20eda99643fcaf5bbe6d41ad59bd12167,3
K100743,febb36847defde80cbcf038db90ebbe76bbe5f072cec97435ac28062a2c56871,8976
K100757,3ed54194f169130070eff38ce3c28987970ee17cf01d97dc37eeab15b3b2157b,8371
K100761,6c141623d3be2a5d025c94c183eac2bf535d6a2a1e7339c0fff781289d468f8f,7510
K100765,571db764d0254ce3e0b17314372aa164113735575c93c4597f7c6d93d76aae26,8690
K100776,ca6dc5d0d0ce681f71c2c583f1155370cbb26a1587f6b9587aa06874d472c377,6969
K100788,da8c0a4a3eb91d3a4a6e6237fb8e3ce537012fb626df8fcb9967e66cac12c019,13328
K100795,f3ae2035355de1f4444e96a94284badc5a1e88bdabbfc89ada511beabf3803bf,9755
K100802,545c38b0922de19734fbffde62792c37c2aef6a3216cfa472449173165220f7d,4
K100805,f8d5e173cdfdf4fa73744ca8cfdf2646af5c0a1de49dd7435b5d9c76bea55407,7794
K100820,a0bbb2d198b7736ec3e57ebf8f476bc43182e13a7a246f38745b47cb0389527b,11285
K100841,cc87dd65dd2b0bfdde1667a400d15a8e862a03d9ff490018a981dd9f8b654559,10345
K100845,33b477fc81cec53501664b902f8af085e1603873f1a0dbccf388420a9c03a77f,9104
K100851,f2adb6e6a57979095ad86b7b6ecf5c0cb2a1014b0d8ab10ad79f60faa74ed647,9296
K100857,c18b3e9811b49e6a5df5f2790ff66fa9b059440b055a5b193661d0511c81f4fb,6641
K100858,c55401659b56645d168d8bb3ad82294b99e05f140273f85fcf63ebf505d3bd98,11485
K100865,b0c2a35504e85efcdaa3d2ba6430cee2bbf631b15ed8ef0b4ac37a7085bf17bc,7989
K100866,043b48dfb290149618e6fdb29711cadf3d452a573acf12dede1da67d349b068f,12317
K100886,9e52b0b8a6e7f6741186240c7c6e2fd7b862eebcf5aacb7dcc5d7222ecb59a0a,8568
K100888,834845813348bbdbc84e872860ba42b553b6bf79b4cdd5d81e31b304539042a3,9068
K100889,bcbde79eccf30adf5aec296c268bbca185614ff1d909e252583021546cb094cf,8116
K100897,2836f29909cc6645d333d925e8ced4589e44a81108e137cfdb65fcb86f2f0b6c,8699
K100900,262ab62e23ba86a5956df0881e160425b356afe65b05211b71324ca1fafeb650,9216
K100925,8620421773eb20fd2472c983865dcd471d1fad73c16d043759c7c4c48896d710,7448
K100926,18fb4d101a60f85e5c871555bf7142aa640c9f3152d5b2d7fb52ecb6c07650e1,6905
K100933,5bfa13cfe8fff49cd4aacc6514a840d7f3b8921ecb0397f1063615ce81201402,12334
K100935,d92e0e355f32e4b5116d858c0026426429fd4cc011274c9000cb6bc9a0339e16,10195
K100944,56ceccd59db3c0afa96371d4f4d02efd3d19e07d0c3b7a904e09860bff957477,10677
K100945,7db0c207f3636aa35a7f6817827395419949bb395898831756897dc801f75014,7384
K100952,b2628b81b41cc566709ca12bd0eaa4f1ecd6b1186de3a06bcb02438baccb9a3b,11373
K100956,974e08bb5a80860d2442efea4f5fe9e67b32cf1344f09e55326fc07418eb7b42,8387
K100967,a6efb1122c242060d5b53b40ead99d8e05f88c69e5c8fd3d3636819f3400f288,8956
K100970,f9de60c33520ce27c530b7bfc218f48f437c545e6f413e9a5068dd03a6072156,8481
K100973,149f85cbd89e31d040acdd6a29904a81c3b6516d56cb0ec9b052fe23271fdab7,8866
K100976,516338e14fc68664a23c79f6f6f0cd990114356d165778018da46c3291b61cd1,8185
K100981,def0fef0c8b92dfa2c7059040f2704e00917f4d9914be8c9e4d5b12cd650fa47,9266
K100986,867ee74f6a2bb01dc10dfd6da321b0dc037231d73243bb9c8a2cf09d6cf931a5,10515
K101030,f2e9a20367c99cc8ff709f162870aa3f04a3134c5c0f23cde12cf21889fef2df,12946
K101032,155fbcdabaa7162a2268cc11cb4027d674b6d9fa90205078234d72ed0016ecaf,8794
K101051,2393596e535c8b15c078391e546e6ca59f8de125bc8c21a2b40deab376ba5b53,9076
K101056,3020b0f2d69a457b22c1b9aca793aa0ab2c4134a2107026667dbbfb184c47a94,7013
K101063,63813eb38e34b7abb94dcba900bd7b54cc2d9dcb2313bab835486802e5794844,8292
K101070,33b36c4461607e96983b2ca48af0ecb3fcf7d26c0c9d6c88098758245a779d69,10194
K101072,26fc75d3f672617c9474479d78460b3c66cfc27df7996e32cec309b87cec9b02,13479
K101074,f4365702a80c6a1615a26d07d31b6c32d9a6f2018281da802fb70595b3534c3a,12979
K101083,3f7dd620b5e7fffde431dfeb481af8190525a8745b1ea5cc16d7572ebb4f7652,10092
K101084,68664f1ce403abd7ebf55dbbc1e302a8fd65b60547930e006f6f72120b02e907,8587
K101085,351057af8be99080333d0c009e41bf2f0f888109c0757f04b1220afa381353c5,9505
K101100,51bc90333119720b731790ae05a331db5dfdf9c2380df5251c46eeb7dc54c543,7845
K101112,4e8c213c3f2cb66e081d6dc9d349fb6a9f8ec0e0c3ac6c6a1cf0ed7ffee5f021,11878
K101126,c98b0c6782278805e2eb00a0ffd1f25bb2958ff8abe715c6e8d5085dac7a69f0,15771
K101144,064b7f71cf647003f3176fc246d4e3728a61aff49647349ae929699a9408d808,8283
K101151,1a8d9599e68ad2d84e01fd59167aa1a44c547b3fec0e8a867acd200073382d15,11623
K101165,0b1cf282448a0c5d10356d1046caf6ef01844ab0d02d21cae7552a798f09e3ec,7744
K101170,6139d6ecd9e7200b9ef56440679f0e14d3cc193f86dd2852909de3e8171d49f5,7436
K101171,55c6e173641e74eaaa8569bc81b7ac86ac3283931017d240681d96641d4fb228,7495
K101175,5ece298e0a601011d53d1715356c033be0d79de3ddb7b0f683c3756ee4ec7cfc,7417
K101183,d1678a19b68b1438ffb9d89f99d90e581d5ec374f6b6a972966057e3c8544a35,9520
K101184,e87754f33e016436142ed4b909988c9151f84e56c261b29905630d8241f98151,8361
K101206,68d984524d6e66daa49b858d91062ab7e47c27feee4a72ee1bd281a5ddcdb3ed,10516
K101229,4100627eddaf661a27884d6af323a69eaa19b3247359f06ca76d63e959a52cd0,9071
K101240,db9c2417c3b8700e3fd7e6dc8f82f2e9a3fe3004f479a62c346d092225bd5e63,7201
K101254,04cfeb7ac2db6ae333ac9ee46d05449a4156144de61c0e62c0c124b4a14103fb,9052
K101255,acbeb7e344fd99d87dcbd75ad914dc9f0af4b0db20d9d620a17f99c4ab50fe54,9374
K101263,8d177457c77f80e29962efe05a91665450f75a58058e177ef82570626bad23f8,13074
K101278,4c9c02adcd039eb950abb1588facd600108395cfb36842650cf760dfa90eb9ba,7407
K101288,70e91194cb38136dc0907ac59a440a14f978e5c948918b38e4f7bea3f98b4002,7132
K101301,70d60c78150949327f1999434771de27bb8fb5cef19a620f466db131e4188a66,7484
K101302,70cabd348da97ac4ec2ff35b7ca583607eab68aa0b4f816325afa1f94beaeb6b,10783
K101310,545c38b0922de19734fbffde62792c37c2aef6a3216cfa472449173165220f7d,4
K101336,be7bcfb32ba2cd31816ff042e60f98da7ae34e094e3f1f3a7adc94f67606be66,14918
K101338,a3801b3de1b8400f79ed4bcfaeedbc0646e91fdd14b22f24093953d113697a9a,11549
K101353,2f32dc305ee5d7ffb5b1a07ff2f904e56851775172a70bc0b67dd406d6d38d50,7694
K101356,fe178a196d9ee3612593aaf955b75d3989d91b461775165cbf2d0ed4f0659a99,1313
K101363,73a6dfc3e6d54ac382ef3858e276b089645634e303ba4ecf5b1dce93d76adc9e,8295
K101374,c245a865e2cbb6ba02a9101738ee4fba12425c386ef79a92dd6980255ae73abd,8711
K101375,e1a94ad71cef967c610742df2a4b4de0c0cbf35cfc6840ba39d964a86d1e2085,5959
K101421,7b413fa521dfb28fcad01222b834edd609d20e2ce4029aeb7b1ce18d7b9bc11d,7318
K101433,ebfc61a0ffdaaa5ef21c09401828d766d51382715c0cb0a9dc42575daca955a1,16409
K101437,edc1f096e6af19ca09938661e195eb8d31ffa23b6ba6f700c2fe88af35520028,8601
K101438,86e475da51e46defe17152d9eaf66b3935f1eb47e4149cf39d421a6f2c950bf7,7438
K101448,e5f81197afb7036083c1ddffb1df27efbc2e0a1b3ac2a369e9ed9ae1eafbd73b,8754
K101451,665719bc3cb4f6d2a6d1367505045c793e8f560d2e1c8e37609206f49fa03ead,9645
K101459,d0c4a2bd8b84e82efb526ee6a2ae6f766debdd27c5334747a290fd857427013a,8768
K101471,f86062c94dfa95ee2a85d995c805ab5c3a23b559cc9f897a3c7b961703e24dbe,8071
K101472,84dad8e1c74c4f8fa60ab6f5c8e118ae7c9c140826b32522e57daef11d163cde,12162
K101484,f31b6d3b3dc5a3e7a5a8583964bb53bed3489d0fe3d1d5c1d0598bcadb4ba9b6,7086
K101499,1b59fde319bc5e4d9dbe6d47b2d6f598f83339a4426021f7ace048d862514946,9143
K101525,2aa005d179e9b97dbc30c857fe632f0eb9d81d75f306374b19505e4794035a26,7987
K101536,1d0559bddfc3c4f301648474ff17a407f29eb2aa0d7406e895bd204114b0de39,8199
K101557,9e70a6cb1500b414b2da12e9f94083ea5787e706a24c55dfec5e44b730401bd4,19742
K101575,46d8bee776a3fe29c115d76acd32179f25cb43ef388853457a2fab9b29703755,7818
K101588,545c38b0922de19734fbffde62792c37c2aef6a3216cfa472449173165220f7d,4
K101616,0305994607641726c1b5b3cbf189797e7feabf6709ed9caaee2db112f123dd29,6813
K101622,6563d0eb091bb17097341f766e0b06245fe53b0db1c6f0041235aa87d9dadae4,7955
K101670,7c370d9536d7d0d6a0f7cd7f9826692acd93e4fb05ba46f7b630b879740343d3,5
K101678,4da19833922b4979005a777baa8a3fa2f216b659496fc63004fc805da6670992,7881
K101679,545c38b0922de19734fbffde62792c37c2aef6a3216cfa472449173165220f7d,4
K101682,153f4d340f0b41074e6202f2c92e462eb1e67eb93763ca2ad271ac1d0c18a626,10113
K101696,7003d269a003691acb1cc653301e4d50bb26bb889a30c1664c1bb57decb18a37,8080
K101700,6a3cf5192354f71615ac51034b3e97c20eda99643fcaf5bbe6d41ad59bd12167,3
K101704,94c520c3b734a64c2b3469bcd0fe2c5774027670c12e3497695344d7324d1c3d,7893
K101720,dd485b9bf6ab1de968f20558c5ee61616dc73c57536a247a0376ff2093617e32,7864
K101730,14f72870fb4791226ace2d5b92801ee7498d0f11ae5158dbd1417151fa858b64,8299
K101761,aaeecc51cfd09c6443088cf517d032e3338bd9003444735e11f4773203f6fc9e,9438
K101772,6867e29f3fd50ff70cb67de86fa2db698a28efea0e29254e24397a5663069a6b,13340
K101790,bab3c98f7614cca763b8b6ec9ab5d5e1f00c3c4350abf7339590d4fc7008f632,11155
K101808,48d80e171ec95d5394699ecb0b0e8a288af6cd920999b78f98feed1c0489cf46,9199
K101812,022255240463fc54f46fdf8a92fe4e37f2bb4391d124f78ac5c0552d28f7c9d7,11613
K101815,2301ea1d4175a673bccc9b0a46ea47f3143cbda2e3c8f6b3554af9b25b6786c0,8734
K101818,69141759c6ac1ba9f32913e5d62fc2abb0efe58a357ab32f1eeea6e7abb7ef2b,7635
K101823,a595df0cfe6cb67b508d4d7de147285f835cf15de348b77f2cf19308c2e991b8,8241
K101848,de4cb64fd12e115c42f6b10f7dc9e7c1f7fadc6fc8f442e419c6bcdb08714ff3,8297
K101860,59661bfa5fa1616b454f6307166dd3adcd0a650a88ae2b3deff7a56013fd0be7,9854
K101886,2e6136109b049ceaae78218d684d9d8718da37fcf7176ea9308e5a8e9eea353d,8188
K101909,d088784b7ecb87f1ea17e6f982fa968ffefcc07b79de6ecc548fc00242868da6,6
K101923,41ccda4c20df3528b1d881fe6beb7af780b3cce9562554e22a7dc9f5757600a4,9413
K101930,94f5346c2225fea666d3032ceb4c6e597690dffad43a81493c430e035acad3b0,8221
K101934,a66ca06539c644691227d39502288498a19f96da2b5a019d8a4a9b3bea25629e,8689
K101936,b382e5bafae21798669b4710ce22d6dd63abc233dc9a2d4f932a3fb25c1b447e,9061
K101939,d1d228ae189e976e7dd260194f3eddbcd64d2343f5dc2d7f2fcbc77a7788755e,9191
K101962,bda02955d4551b1a8caac715b7b50e3f0a43fd424d4a2bfaf4449893f0eadee6,6641
K101971,d780aba22ab9f321132348abca20ce1d2bf6f8da37f1d1bda80e5569adb05796,6826
K101976,472f2fbe8973b4d10b7b1e476d492dfafefc0c3ee8501be0df8e32b86d64f0f2,8621
K101993,8f95fc96804de59d567ec0d2bd9abf585772175e9c70f97af33f4d50ad66ee44,9708
K101994,8cfbc8718c0570b719eb508e3de9fd762fe14a698dd01d313ad498a0fd235e27,11135
K101996,7c370d9536d7d0d6a0f7cd7f9826692acd93e4fb05ba46f7b630b879740343d3,5
K101997,7a72173a167a6aeb7985ed46333fdb4733dcbe2b6662a02fd7621a5665efdf00,10845
K102019,77f3100fd591e7d99f8118be37bd59e34e049720015fa11f2d7333b8ab0d5ab1,9266
K102020,c117ee49cef14c3ba1b4a9167ae326fb87eec9d6c827211d8f60f60ffd7aafcb,7507
K102057,572c8f143f9bd33798ef461a88f5e840e17428f911bebb9c98315b38e50ebeb1,6459
K102067,d392102cecaea0ce280d1b995e98fc981aab35050e878ab3f964acbad5013d9d,8330
K102069,c70951a8caa7cfd053b9c67095e1b103afa5b899ffd9bf7dba9736f36a427417,8415
K102072,2cbb22790e9d5a3f0639f31b0a0d28dd12f832126cc40dc38a238fc61019dc17,7062
K102080,a90265fdc08bfc981e6a2165660ff9d34ad3ede0fc0b88e2a675e42dd95279ad,7540
K102090,545c38b0922de19734fbffde62792c37c2aef6a3216cfa472449173165220f7d,4
K102095,a0d31a45dc8a77cc3d23c8a71d875a0f1eb38f86aef7dbbb1afe74c8caf2764f,8169
K102107,1f1a6bac4a590d1b013e83c81f3d17aac4872d87f9056432ffec001cc1fba3f4,6875
K102121,545c38b0922de19734fbffde62792c37c2aef6a3216cfa472449173165220f7d,4
K102125,cf03b0c91bbaf69e621e16f1abede320dd2000a289ba1335f959272a9abda745,6944
K102143,5102c951bdb113a31332e62158594a538f47e8a48d98d84c6572d3ff66bd254d,8100
K102156,a50c4879ca5cd2da6961104f5feeffa1d1f1dac2d3fe05f5bf35f6984d3afce9,7319
K102162,674b65aa306d8cc4939a31e464f306459c6f614181139db5c8a5967e923053bf,8860
K102172,366fb937242f1f98cca3e9adbdea8a243a55ef32a5d32a43a0987fcbc15a1236,8197
K102180,618d7ca892bb1215ae837cd3e013719709d8f7fe2464a70dd84de7819532d7e6,10100
K102195,eb5ce3d47bd3576623d820708df0484cf75ec0989ca18e84456a241d449429f9,7405
K102201,5ca09f4ef27f14e691f43b6f19dd24374cd230a19803f0740cddf4522ab56968,8174
K102204,27d1d45cdf5f56ff5057ed32ad3e6d22204c32d530f4fcf943fb6e4b47373388,8915
K102215,1068265f85d0f841c250981bc1e82fd6ff7b9d57673e011107fe212bf7c1a4c4,6853
K102235,7572d3a4d1d651207c89f05f9548bf4e2a78e28cae34984cdc238d9616429c0e,8205
K102248,11f3487e528389977488e713edb30d033f73a6f81f21948f34d2cb3495a50825,14716
K102249,27d31319fd52d85916b3439cd089741511dcd96ab6efcfa6e44b7366e9608cd6,9737
K102262,7874a96ddc2286e8974bb697b84506cf79d3635d2558caf2f669c8d480590d6d,8449
K102265,fd12a2e1e75e0c09d4affbbd323e6a3a138f72a1a961a5a542a9852a66ebe2f7,6813
K102277,fbbb4d044a232622e98f8b0700a54324d6e535452d6e42d1b5a50ef08957abe6,10950
K102282,e32e24b81c467dc9d29a513d9d33525986c11746afaac798d96b135a44619751,7082
K102293,40a9a9997cb16257beb8c016e8bcb1b694e03ffb346c8be2867868bc047b1b42,8006
K102298,5fe460ab9438a4197c2bf76acdc32e34c352b26e4ea95aa8c71da220949576ae,8655
K102313,49c94804b34cc36ee961377969a406b376ff9799d5ed13dc92a3890b66ac7d16,8187
K102315,7137f78418355e5f2a3400b5176443e61a237ffa0e502651db23327f5d17b33c,7587
K102322,5e9144e486d44915ca770fc2a45a9cfc32b3a0520281a4c906557edb3731eb2b,9704
K102323,545c38b0922de19734fbffde62792c37c2aef6a3216cfa472449173165220f7d,4
K102324,ffb96cec0a8772abc788f497f13aa942e49ef25395e33b9eef8668313c82f702,9375
K102326,7e281a64fa87bea6b899aec40dde8e66c975e62bcffc83fb1e831d4a7db8030d,8630
K102331,cb1a441b7440ab9c94171588b7b0fed0a02d45d273df20125ef1785799490d9a,7629
K102334,6a440aacd4fb04f2f55adea705e1f89abf5610d6ae2d0f3538ce8415808e8906,10196
K102343,55e203bf1bfcc717953550423406c617acb37bf28af95426ed1932046b4c19a1,7828
K102352,717f4a60d7d7f214f10b17c7378ba7814bab618444bc64b25ccc0e08385dd21c,7745
K102367,f1b73a8efdfb4a8845791256db8c49606a453630c3d3dccf691f2042f4dc86ae,8572
K102369,1ffff338b3ac99fc8365b6fbb4b8022732e5e76e6fa9e58009e7f9853fc4cd96,8178
K102370,27d21a8abe0b1c99ec9b0a50861ed33bc99a3b0f96cfaf5758ae7a867f89c437,9858
K102380,3fc15cd92ac5b85da7e19996d905d9285841abd5860bba841de015d91b22ee64,7898
K102387,15b7c46764a8b15e83f5d845659d0d069ee50487a0b0e60ca47ecd7977f0fcd3,7406
K102392,37cad3c5176187f82b3cd79618dd24dd2a094190cfa52affdcdf0d24658da14b,8019
K102397,545c38b0922de19734fbffde62792c37c2aef6a3216cfa472449173165220f7d,4
K102399,df1d0488ec6006d37862d13c78541234f121a78f115eeda80b5c6928e44f2573,10804
K102401,08cd82cfec7de36d90181edb3db7a7b9b44a5937a049ed6ce475416ef202b3c9,7269
K102402,545c38b0922de19734fbffde62792c37c2aef6a3216cfa472449173165220f7d,4
K102406,80d64cd5577098c96bd0d49f98642e38d41bc629398a3bce94d1159aff044bb6,8655
K102410,b28d4764caacd2d485b10541329d24a7e6f8374d60b61e58a27daccbedf6cb56,8093
K102413,5f0b0f80ebd6491887c1ac0222cd95262be275f4f7aeb19e74b5810789be6b81,7130
K102423,aadf0bf6f5e3e616112131dbdaf2a5aac0a4f08ebeb2f569190b83b9441fa87e,9034
K102424,ab7f40fb8db6fbe42a2d25a9c68b07a53421a6ccb197cc2e49de2c79a9b3f9bd,9950
K102429,cb6795ca027cb553ce06be1f260173507dff2b7d10d9c5646435ca262038fd02,10888
K102437,131bb75b868cc7c7c150950b9fbc2f208468b3f38b31873fad5b121f6d654e19,14257
K102443,e5220431bd772c1bbc3a21a59c9b94ebb92e4dcb6c46d33bdb8f2d562ab167da,7697
K102449,7b13d1bd444b4fa0e471d953dad91b1b88bbbbd8a370ea000f37146fc0ed3290,7344
K102458,7a09f111967d162272d860ba0cf66eb70ba7dc4cecdada79fa21ea040603f13a,8630
K102487,921c71b0886e19ef0d0ade99a93f8af9ab5f8a1ee1982f8e28b38c7781295e5e,9780
K102488,c0a6701d62255924fcd88ab39560e26dfd9ca2d05c598e9125f189f41f97deb8,11351
K102505,802af3fd99761773b61f475ad1d40d5062d5224ceafbf63ced126fed72da87f1,7268
K102514,55aa31c9e094e42b278d29075a45f1bba0518fa98e38f16cac418a8a3279fc8c,10854
K102528,f7439f2aefde80a1c3695f154b97c50e3890591a13b0b8a1292ce1904792c9a2,7003
K102537,233c5446b7a29bdfb1b89463f9a426ad37d80c33bb081eb2193a48c4737d1270,9893
K102539,c65591d2caf1c11daaee77afa50efcc07eb9ab168315d8190027e7cc82b565c4,7309
K102545,98879b57d873b501921556c076a16a9d7cb238cf375a59a337d6ca7777e21192,8645
K102547,545c38b0922de19734fbffde62792c37c2aef6a3216cfa472449173165220f7d,4
K102555,7c370d9536d7d0d6a0f7cd7f9826692acd93e4fb05ba46f7b630b879740343d3,5
K102574,8665bdbc3cd977845c50b4569dd8318b4677f9c686e1e523c6f63a6e84e850c3,8182
K102577,7936a7d631b66816d47265561f62e3da33426edb87832eb1172ed568af22b511,8256
K102578,fb78ba88cdf12116e3489c173793c6d9ea4417a62ee41c1cf86f8b9f75359969,12705
K102580,74542ee9ad619180b98a5c5608b8563c612e8ec3db47573ac5cd9facf9138622,8183
K102597,83671f9db5460cd6d8f4a4c97c3d50361b857050490a7c01442d58b47463b952,9209
K102601,cf6922af3f3a74e4413bc25a4828ecc8ed167712006e2a6ad4fd0198b9e720f8,6571
K102606,7c370d9536d7d0d6a0f7cd7f9826692acd93e4fb05ba46f7b630b879740343d3,5
K102636,c9d771afc7e7fe10ca1248873615b65a9ac2d4f3faa47784b622f0d53eb3ccf0,8911
K102660,db1834df1ea1d14cff5fdc37e5e191417cd95a53e233016610b0ecb1cbf76fbc,9065
K102670,9b86825e733893ff5c0feabc76cfd029da62fa83491d82349222b8f7caae6326,8537
K102688,74bc719a7f3baa483b552bedb2d3fda53df0d49f15bf6a8f910784959e14d0b0,6825
K102689,682dca07c27baa9bf9d9b1a15c3424b83d96948015fbe2d1f10397f76b0df369,7242
K102694,c57d622ebdebb52c1c732aaa4d455884c55f203b7dab4ec518c4fca9151d6d45,15897
K102701,3aca481431cca00197f4ea768bf3fcb0c24de6e9fe39760e573552ebfba50b4d,9342
K102722,ae18b92bc8f272d0d40cd9457f95fa5faf7719abf746f5512ccbbee8d0546d1b,9129
K102738,7c370d9536d7d0d6a0f7cd7f9826692acd93e4fb05ba46f7b630b879740343d3,5
K102777,b9737ac70f7a562d2e65eed2a793f35ff915dc6d30575441dd67a4fcf52783a6,7629
K102785,f4f96f70f43cc82d8f27727edae70a52e9f8b0870dcb78552ffe894dd6fa99fb,6688
K102795,aa080a532e90778f6d15c5b755ee3dbd4a1bb0de50d80f5ba8ab8f7cd0c657c5,9195
K102807,d088784b7ecb87f1ea17e6f982fa968ffefcc07b79de6ecc548fc00242868da6,6
K102820,756b150a9a288dafec3dbdae40c4b51053d856f9ca7da3fcb5ea45821d8bbb28,9357
K102834,65f91b5bc0e22b8299ba28d7b528d636c8306f2093c3cbbd96baa1eb01f93200,4777
K102843,028be993b9ea420d826d068568aba01bfbc65381f9c38eb6eff67f88648e90ef,8106
K102845,71e76a1ba02f3c615a10fd82e9a7aa3fe782a51582e68d06e1932d54cf43c8d7,10142
K102853,6daac283ac2fff48fef3d6792d117cba966e1df47494f6354ef2a4429944b3c0,9027
K102870,497f5387855b6f82e9e2e3c55ef4049cd6fa1e8ce576ea93cabe0d54e7225a9c,10527
K102885,614c93d3c3e6b24b43c0ad33d2b2abd0cc339f87d40099b0f28106df0630eac6,8230
K102886,34f550e52c2c44b96137fe68017bf09ef2fd1415d53cf0e2a239209c64be93c5,14725
K102896,219ee98e901e34194e574739b71aea532e33af8b9815dad8cb0fcc14e17da31c,9415
K102903,545c38b0922de19734fbffde62792c37c2aef6a3216cfa472449173165220f7d,4
K102907,545c38b0922de19734fbffde62792c37c2aef6a3216cfa472449173165220f7d,4
K102924,7e664c7776bc0f0fa2b6a5d35338e3cf59fac00375d52288d84c04828cffec79,9678
K102927,0c2f40a6cc4d10ba2a4a3abdd86c8a94d1c4562c951f275003f90450df818338,10078
K102937,de5ca2798552ef14ec5fa28c5f19c4dce57a388a760cc0b1c1797a55519b1e2f,8665
K102951,79488488398f5f5aed236dd6e9f914599370d04dfe70fda61b8c83bf739b1088,8
K102957,ceefce3651acfb1c43775095d180708c921c8ecc7d1257e8a9eb90565a5ff533,9106
K102975,fa361aa20540fcdba143a5bc92fd3854d8e226d90df905e337bfdc6a2400a85e,10077
K102982,a604d14ccfbf324c4743f261753d529bdd05e486ea0d4468911f2772ddb70867,7044
K102992,0dfb6bba3053a944c0f5c628741cfaad37289b349492d15b60fcc2249d50e58e,7519
K102995,99ce2fef29e84804d9b25cc81b86b0bee85a17e60a10cf58583109f0f96f1a8e,8060
K102998,e55c7631441c7d6a6bb1a17c047962356035a92f8ed38b97eeadc111283e1552,6639
K103001,6d16da1ab7793941165d1c897b57722e07ec7bdb064e6d9b2e1231af97c82469,6733
K103002,21345129d7be5afab733177249e7f6b23adcf256f736fef8fb2e867541905b45,7178
K103007,c1152d9ccc3c6332143ad304141c6e552ef0d974fb56e32f35831a5e2b72456c,9935
K103012,141edd299565270df8e3e592c9dc318e89dd9bda096c12d076813efddcb8af3d,10858
K103015,6ba01b36633e0b3421a4bb600db1b3813f81f86dbad89751289bad80060338b9,6999
K103033,ec4bedf7ec6693e605f6947401f7cfccf7835532996e36536e2eb0cd0c1c3616,10328
K103034,ea8a8eec565e1e0e869f50ab4d5767189d49af9be4921e5193a8553ebf61626f,13330
K103036,79b7464a488edf0436a486d91e14b9a01b81150ef7ca35d7d2fcd8503c507128,8299
K103040,8ce457b47d007d8910bfedc9ddc14326ae69494eefdba3682c45d266fa41a6e8,8810
K103049,e6ea15f0611caada8ed19fe751d3a7d73f5d8e546ac2282e61589c36028f8dc7,13446
K103060,4188341ec0f5c2758053b26d30dc93b04b3bb185769b1701bfef8250b9a5a063,6176
K103064,5ab772a12460735904179e72d7ba72c17bb1bb34bf923fe2b8b88251f4ebb5ce,8639
K103068,4f169ed1d4dfe3967e0e5f46f51e0dbe202b35c040c8d424a6a0993419c74271,7328
K103070,f9b286cb89884ccd5dd147fcaa5296894761f1b4e034d27000b8ef0b921d337f,8366
K103072,5031ea8e5a12bdfed4fa9dc94a1b73a8f1be4ca3e2802e05c557376d269429df,13842
K103085,10149dd1b61b29d0abd9b744ba905f24faa12945fbf3a456afa5830518b47a0d,9055
K103091,d4d7d0dbf5a5cf29c23fc0f2d5258541c0e8209395acc51a75d1d5e99568b8fa,10049
K103100,bc5e2d32c0c5ce57dafb7cc22f69c3f04bbb6c94833dab56f9f510aa97739a06,9335
K103102,d4fe1d233f087a45d071d5a3b44954f3c218f224c5064d17421cd69b584f0b2b,7951
K103104,362b27d2533a5c45a62a12a3434c32e51aa37c61af094f499f43d912bdd26871,7870
K103111,60bd3f458d2503fac5b2954a8f1017a81b89a54d4d105f19e9e3ba50dcdce0cd,12421
K103117,076e4b54d6b1f64bd2608c858fa971a916763f9460db27c05a1a8543d277f2b3,12474
K103120,99c1c1882a0b8584aa76137cf759dceacd7edc6c57f4939a6d33b5bd10096f59,8174
K103124,53a0982c0adc83a26463000d397ef8efec29ba2954ba1ab9472a9c9436e0b382,13162
K103133,dd77a47ccc0991329a10bedda3630025a828ae88365e849562646f5e6c2d6236,9673
K103137,b58d8212fba438ad98c2975323d34edce7754255ee4a306fff74e543db9a7233,10001
K103145,e7fb40429c71a032748fd3c639114c95373e3518e782de05502fde77ddf01a59,7612
K103147,14794adb0c4060417ef45fd559ac66d3f2e7eb81a74d0ba1ef3108bd10a8e222,9585
K103169,554729b994c9084fcf2e0d5718470b3962a1aa0ffc3b2edab11f2703b455fed2,10763
K103170,ae57de11bdb33341947c9b5909035b00954b7a06f29d3ab98c7a131b04aaec22,11654
K103173,4b9d210ddc52f63f603493083bf3074cb6f8fe2f5a099a035e53849fa76bbb23,9253
K103183,92ef2aa99e5bcce4e075cd0cb627f118fea15b9f4da8bb8b9dc4535ff112be2f,10473
K103189,4a1c2ed2720a098b499fc9d47ce3834f279787a671c31263be10ba9204383799,11121
K103205,df3b88842712273456c84183368c5ec368b8a1fa4f7da0e8f1350aad51ba013d,8152
K103208,545c38b0922de19734fbffde62792c37c2aef6a3216cfa472449173165220f7d,4
K103223,4571ebb97a21eff00cc2262b9e6cdb6fdc39e202a9da9b55bda1254472d10f46,18732
K103232,acf320bdf3c02035a6cdb0831403a9cf4221422dd1fbeef83be67a6b1fe9bfd5,8437
K103233,3b20cb8653ea3e06347a17d3cc093fde02b4a2ab5d80d3676054b74a3ba6c60d,7549
K103237,d1eeb66988dacebe052fb68aafa85b985cf75d68419f548d0d59743b673d07c6,10098
K103243,607dba718ec50bab2d1a620d6c3b4f2eda219e8d4c2627f72aa56ad9fead587c,7065
K103251,7c370d9536d7d0d6a0f7cd7f9826692acd93e4fb05ba46f7b630b879740343d3,5
K103256,4cafef94574611028d918ebb43443abe79f2694b9b86f2de0c7476cad3a3e65e,9839
K103262,8d8f815cf1cb9106fabecd58cabda35ae9ef4747b1188c1fe37da8213bd78bb7,8401
K103272,a3333a0cdb4b9893d8b9a716872a97d3cd59093baedee326b8accdbdcdce1b97,9169
K103284,1159d9e73b1aec6973c2a0a85674bd6b5b67cee2b25007edbe99f9f51f601666,7044
K103287,b77f7752b427e9ca0140c409085ad976b8a026bd8f4be68bdab2b7eb9aec3c85,11599
K103292,b4a65853c99627b565680b0d171a77f25fa71b4ecdaaf5a9adc876e7ca4d0814,7761
K103297,4778531df30fe46f62f2c82978f2c499e8dfc720746053a8418d1bbf3c4abd55,10737
K103309,114793bdb32fafe4298f45e07e4ed7a9868be413efb11161e7fb22065588826f,8870
K103320,b7201f8ee11dc41b4801ee1e35fbae0dd5f673468cc4bb43ab53da3712bc6657,7579
K103332,92801dc5b3952b18d0a48958119cdc1e7d4da5b78468bf167f0228cc339c0e6d,7936
K103352,b7ab9f77811d1968ecc7037944dd83375aaa878dcd236897f0be3fbd3ba1b527,11647
K103369,545c38b0922de19734fbffde62792c37c2aef6a3216cfa472449173165220f7d,4
K103374,936a71d1d75a5e4fcc11cc0b1e0c9cf3a1f02937601c94b13cfb904bccac45fb,8040
K103382,59cd4c406ce63f20a6d33eb7d8f466bd918b8c8cd78afa667653c006b9866216,8623
K103383,38ef1acf77ec33ba37cec187a09065330b5278c4258155b3bbfc9751fd540d4b,6957
K103384,ac50ea9a9da8f7f4f10cafd59aec43dd424e41e52803422dc11b444397a32b0f,11339
K103393,56d2739d3e863db0e689b8d31db151d23f373822b2e56b2561d2c1a6516e5543,12486
K103404,290ce6570c28db27f0652a037da63e973ff4ae4e3afbb96b7350692674e4407d,10904
K103408,5995b499384888942309ab3a2b331de2a0151d979519f0e1ae3144ca80388555,7718
K103414,ff92e498a937611414007cd5d90a3031c78387a9c676c092a68167604bd3430f,8672
K103419,38e98ce7f1c86c82575b427dd8e66538ee1acf02074e4a1707d9c7036758fa35,13255
K103423,980cde61652c875ccb086d3bf31132b5b1c96151c674331d83dea0bcb6797da6,7608
K103431,f229b77ecff1970c159c1fb692fea9ee95e3ca5335505c5543c637acada6c5bd,11447
K103433,307daeb34add2d0a18ccb79684b5eaa2efd397e4fdafa09a35f128bbf1fdc85c,10003
K103440,0f68ea0073236ae57d56d553cbd2ddf7227a8aee357e5ccce194b31190f4e950,8619
K103466,6661367e3b5ddf875125aa42d1804b386a5d5331629af32e8bf434ff51df130e,7759
K103479,545c38b0922de19734fbffde62792c37c2aef6a3216cfa472449173165220f7d,4
K103488,b0856769c477c0fbb3c4c74bba836550d352b291172d74fa689b2e881d39cab2,10621
K103490,ed4bd05b1b6df183f8b5db7f68b4f4fdaeb39bd87f92fbbdb3d34f9eed271e29,12203
K103491,664b6d706cc485a9f70848248c03b962f08cf8740a3b7b41002718b2f9fba320,7665
K103505,8ad23f90b388128bde30b3c06c700be289bae560a580be00caa35485fd11a23f,10553
K103513,366fafac4e63127813849498b71485475c093dba0cd3fb928a2c5d02c31ccba7,6591
K103517,46bc0e0d65cb7d8bcd4875b9ae44d347fd8e30e6a73ff7d5a5a20e0cd78f79ba,11023
K103518,27a8e6d101c10417b1885527ddc9ffc71b7bb91ca45073bdd05d8a2045a2404f,9195
K103533,9b3ff69ce5c9d22df36b306abfd2482727e7262689f4696a14a9ccd072894f87,6363
K103573,5a84a3fec86de4b94c477d786aee4b26c29cc987ad8f1e2f3e513b1f91edd6ad,9550
K103598,4fcee2250568b37d00fe8746ddfac807e407c598c41342d0879a02316c845247,9043
K103623,b07fc4b7f0bb61f3a70010b40d777699f238d8fc60784904a04621d5ed589d6e,7950
K103655,374244da4783834618c060507572fed91c32dfd147ba4715009e7a942f94ba65,8923
K103660,0ed3d2779e02278165fd041632c0b1d7a8e7190958eaa5242785a4f8e4511cbe,13469
K103662,67fb06e1c4d64d3b0ada5069889d8382d2ff91f0ebf92b7a48b8d96936a27a2e,9012
K103666,4038a793c953772e6be202a0ecca67f3293045fd145c87639511093a8a8e2d06,10705
K103671,33473ce2b3078e7d96fc9b41a2a1ea1375086f2380031cb3291260ea8d8772cf,8471
K103705,44f9f7616e06216a086b1ab572c4062ba6b6284e5e4117c52098787fc5cf1703,9833
K103712,9199a60f4f063e367df0ac862f125bef087bc687224332521a9fe82650b4c98e,8066
K103721,f93a71f1d41ed0710a15c9943175edf6ae708210036e6d41fd93b426cc5f50b3,15089
K103729,c75737e527ea12b5efa3c058fdf6c11b9e6c870d9f824c81c289c60801af4653,8277
K103731,4ad9e0652e56b5476e941f3de38e3e07136a8c8eea4abf6ba7ac704a0524bb54,7904
K103733,266707dc995bfa2c6164d9200c8881cc9a5a5c38dafdeb442a87e74af17563d7,9423
K103742,584bc63947917d480becd1d1e16b5f83f7a2b99de3b7c183177450dcc4d8d5cf,7715
K103743,6a1fef01c759525162167c683bca06cbaee9b147ebb60cf20de45649b2a00a0e,9718
K103748,68252b1c4318859c07154421ea8e0ed170f8df926374dd345103a3db246d81e9,7548
K103750,253a372677855c9e0256bc059dff2a7557be1771b656c970daff956e1e7b3085,8734
K103756,48452a8c0874444d3013c3620c1a47d4ec16d4fc92ef108fe31c76c64f444612,8738
K103784,bd18d424f48eed488efc7177d46431e8976d7f59559ebec0c9f62b75f12cd907,12925
K103795,18378d4f36f92ad717b7d012f2c5f9be74e8457326226aa780f6362f68e09176,12749
K103797,bbebafeb6455a62e6df18d3327a254bdc69fb4727ac47abc5e230fc9124bde29,6115
K103799,45da2b7f946e39eb8ffaf51fbb4834371f7cc4814ab5d03e6446486e895d0d11,7525
K103807,d9e7dbf0e10908a3d09d2d3fa3e808611f7ad1cb412c82754b44af188d4fb01d,7647
K103814,711830650e223a14e123f150b4527337b07439c8959045a3a15f23c53b7a6ee7,7608
K103816,80360e4337bd22e036c1af5a4bce70b2ed0e877e54a52ade6ce68803596fdf0c,10176
K103819,6d10cbb853f9f87841416e9b8f3753dc5ca0af2d3e9cc5951f16179fc59209bf,7885
K103831,4e1b4cc4efa2bb33959372fbc15004658456ba2831fa8c27fc39a120776d6c76,8562
K103835,c62057b7eac373c5604ee94debb72f0ef3b17bb8fd14c8eb2335e7b446b8d77b,9907
K103837,1866de129b593b36b9a75f55642ef707589f44d917c6add4a65ba8c80c4c6421,7940
K103838,f8fb879a451c709459806fd4251e1faca1b39bab9248d0c6b0923ec113131514,7869
K110003,dc50ffdb7e84a3617e39ec2b2a439a335dcd91b97358eafd9c235583cf591b99,9366
K110039,ea0d42ff355defef51c8e3a795e4cdd46df31eb5877dddd9e368fd7be706581e,7163
K110045,7d378ea2f96a2f4f9d601c04b5cfba92fe5267b91af6550bef44a434687764fe,12367
K110046,9f0ff3acf9b72fe696c1140550d23cd5743c824edfb0095e231f8c64b4e0407b,8589
K110047,0a326ac74cd7e6a532a7419fa91b945b287267a41a90a1bdc20ffed0d424b6dc,8160
K110063,0c0d7d228615b5f3a226c5aa75171322c3dd55bcddecaeb19fdbdbcff0d2928b,10872
K110067,4a14682117047c33330f710df50ac8fb36d8844ad35e34a0ef445a8780d84f71,7919
K110069,acf19072814442f1b131cf83c352d7f3eb6200069f52906e99d38c028ec33886,8780
K110070,d088784b7ecb87f1ea17e6f982fa968ffefcc07b79de6ecc548fc00242868da6,6
K110086,626f7adad60f33730d6351f3964c5ff5ca25237b3b1f927699e6eba127fb718d,8700
K110087,b8b30d7785814ea6d05615f3dfe629424cfb6cf031922d19e119a9c830a178ff,8021
K110101,8a511a2875502df24c5a8bf2f7497657a17ad7d45a7a5714f8bad88d16fcda1b,8990
K110123,3e1973980e8bcb7356aa001f3449735fe274d87b3e88f17c9624175ed135ed74,7506
K110125,57a4c70968df3a0064d53435300224cf3fc12f25772268f725f4b4283dc34306,9008
K110135,761b11044d26413fb5834b59c67617a5438acfbb9fff43eca25bfd910d608eaa,7964
K110145,fa2caaa77555df19e254bbf8bcacc414e215e6f1cb2ce03233ca6237adc79590,8151
K110153,0d93fedb6fcbe47bd7eba98f96e31a0682445de38813d963c1f43cc9db002c09,6901
K110164,ec15a922da199d30248f398191ecb5726fe70cce3b71f144d23586f8005a4b75,8272
K110176,7cbac3acb9fcc550d83b43051ba2aab51335961f58b4326cac82638e967e93bf,7899
K110177,47deb9c26bb4bccbeca446ee8182b594370cab8589788ff66ebae64f186ab04a,9302
K110183,2d90eba422ff144d89f9f430ad02a1e6a8e0fab4c59f6ef65ff1961ad06b6585,7734
K110197,673fa95631f6ae0e8821d5fae94f07dd544dda7169cd5bb997f4e4dde6f1345c,9609
K110201,976faa08aa2ddf0b788836f157904416c757252380b0b21b02d58a6ad3dfaf40,9368
K110216,e11fa80f0a2be092c4ba467883791d4c4fd15a34d1d9c92dfe0c1a63837a9e05,9814
K110226,7d4f65c5d0ef10810efdfe9d6f5c0fa2b74e0e83783c57b09a8656341a833907,10466
K110229,5c24132651ef2d734004545d2809f182739aa218719e5d9d469f09bb3a309e18,10055
K110230,09714c77c6d6a96d1e02f3319a179567658c0713e5223e3810c4ee24430aac81,8340
K110245,2d1a081c1cc0d3a53f83cc7ab57a6ce234c4a80215408f93a50a94715962140e,10852
K110270,ca985f7947d26cdbb220e5f4bd98a356522c920d3e349b637fc29da5813c35e2,10032
K110271,fbf1f333cd9c29fee2573444f673c89bbc376d61deff4d5916514944a678fa9d,9209
K110280,5d81ce91cd4456833fdc8989ff50fa1eabe7b91b36d965333dac42d46edca31a,11957
K110283,ace6c85c8d22e3831c4191bd8b0f83cf676bc195ae9bbefd9cbba0cc2a05730b,9468
K110284,8d72a8a96788d4ab3439d63759571904f914231b1dddba46c2f90ffc38a15f6f,10114
K110290,018b479656b844588b4a5c43874885e67234d4fa0949f9fd317a69dc9e0aa9d4,9802
K110320,b61584643ab86c859c5729ee609dfedfbb22a9464fbc5dbe4c2ba5785312fbbf,9352
K110321,95485782b8c7b48714a9b77f2bcf619f2a0ae3b730f2e6230e73adfb7d658be1,9917
K110322,7b28c0a1fc3e381003c6182c82ab9cf0a671de685b530e0380e7abd44e599870,6380
K110327,2a6120b2bd8763715d377794aa23c0f895ca3abe080a56b5c95c7efda4dbd963,7604
K110348,94cb813e77640f150fa946997e5cf5eb9e72f5cdf2dca0e01001242d417e57e7,8382
K110353,f46ae74c3e1393e508aa5be82edae08d935ce0f2cf2963f6a163e3f73c5bc27f,9744
K110354,71ccd9d0706a437839ce8b3d3fb9cc38f9405ab8257bedd7da9453af1ba453ea,6679
K110360,17dc34c6218609a1408533f96b91d1ce55f9aae10d786ed7d06182ab623d891c,9151
K110362,2769bea68fd6fe42402de0889289b5f7ecc729ec95b25d090aaa90edb6f0934f,9119
K110367,c675cc1c2c592ed839c0bf90d239d0df8c0018441893d589e88e93770d64338e,7612
K110368,5a4f89c5009d90a05c707f87a6caca6eb76ee6454de1811ba23ad080114a2670,10042
K110397,c7e4d652d2fdfd04d6ccd4e0201450105eb80be89027229a85c5f3b0f9b15dd4,7944
K110404,cee2b900a07344e42deb87ba3bcb6ee257aab5bc992ccd6e9e1b111234a91a92,10898
K110415,fb7d13f8a518bd13f4e14c009c6b50b6b0de4789387cc3214eba476964ef845a,9345
K110426,952ef768075075d69291dd6cda879799256079af7e70cf9a1b9a522ab80143a1,7419
K110442,ced7ad0677a483f691dd05bbe341870f1238ad2090d4eb711ae7989c9f8cfdf2,11294
K110445,07b69493da1e2836390862dec14d2e745da5c40526336d2be6522e5e99ca32b3,6518
K110454,2f3325d9a9b51918d0e83668174ede85f75db6aa50887b0c8119b3082438e652,9973
K110472,dae2b15506b7abbb2d83b2ab778ab7abe81e22138316f44847fc59093a5fe6a8,7227
K110473,3e0b4077bff10a86bb6f262817d067f32152ec5269dbc2271f42a5e20ae0c362,6984
K110476,43b0382e952799380b6d305c5b4d2acef30a29d33a22bd8fd9ae666c2a0ec4b6,7561
K110497,e36cd198ee6e1ceaa14aa47327a519045f4d16659044d607874c26fa07c2029e,10253
K110512,b2ef04beec8a5a5b88c3a42bd419436cf5c980f08131ea58c001f4a32ab9a70c,7496
K110522,577cdc976e62a0e5a90cc97fe1efff0564f78d8f8737e95840cc0045f7d48902,13128
K110533,5331b62287694dea0b7b527276445a22501b4061843194bcac426f94be09d74f,10485
K110538,7bc49c90a25f09c26c23fbb33046247cad592749da6d7d080bd1f0d982b60822,9493
K110541,75cfc33d47f7acca14ec51759be8d33e73b7d3de61fe2bee126d89ff8ea2c857,6361
K110542,d3b2b8040cbfadb75bd718121d8a55eba059e6394e30a7ab1afa914fec55e1fd,10409
K110543,6c97acba6da114db3f816d32bd51fe8af582fb6235a8f64a95fd1c1cb8e412ff,8801
K110545,da0a207ef83ee1240479adf68342385e79e6d686da3e2d469f8d090f9001f486,8819
K110547,cfe4ca05e97ed5be658d20380b8ded0bceb4448bc9a5d74a69d639b6682af4d9,9364
K110551,6a173ecff96b3c1792855eb6fc5c1fd82ec6162be439735c91f588de72e4fbe4,8865
K110552,d384cbc86691ba4c654213fc97481596c35c9a376e2d26a64a2a1d17b16954e1,8058
K110555,2907688b884d454d8bd70668845bf495ec3609bfa7a45acd1e8f7924d886a659,10410
K110561,9a50a0f2b4e5f64a1b3aeea77e6ed1d3d0c99c81384645dc2ea353c9bdf6c437,7487
K110562,8ce00b2a4badfc952c0a818937ccbfe03a56957403144e80f9fb5ba1f99f4cca,8522
K110574,a1ee241af046940a073ef7ba50fd2d9d18a30498bc25bb7313fbc2b17268fd81,7711
K110585,322b0b76aca3bc47a2a9f50f37d3a975d59103d7188959f45e3081e1edaa5ca0,6960
K110592,b3856b9d104de2dd296ca72079d5d98c891e356ae143e6a7d168023e9b125e2d,7221
K110598,d088784b7ecb87f1ea17e6f982fa968ffefcc07b79de6ecc548fc00242868da6,6
K110599,d088784b7ecb87f1ea17e6f982fa968ffefcc07b79de6ecc548fc00242868da6,6
K110604,3ddc205de811bb430f1440f7199426e238a4009c053175060f2c22c1caeb2b60,8167
K110632,a19f81f595aca2ec94f38e16854c67be1c088b42cde43313a5ac572373d6c9a9,9280
K110633,5a269d07b378d5a3a03f0a0a173740f9f5434027a15cfe0af03c112c38d75741,10007
K110650,6cd124803522829d67aa0da3e5d1d566165a101b66598a9f0d418840b2a474b2,8214
K110655,73d4c4f6fd4a2525b79f2b44260d62e20b9c4f43eb6b23c3b1e930013292ead3,11374
K110658,8f6972148674573354fcb22b5fc19cc3875005e19ac1fb5eb45d0386b0b86084,8093
K110659,6f0ca89d53c161f25dab0c3cc608c2de45a5782d1ed30220bb0baa1b59634038,13179
K110660,da63d55b06a7f41dfebf7b89cb450539ae4837dec6a0744173d169b965cdf745,7569
K110662,02a791bbaa8f9217efb63f79fdb850293c98d25063e65b1f00bf3c402c95657e,7113
K110670,6df7a1263b93703584ad4a2f2a9ccc7607a57bb8419b4a9d78fd0de4db819f47,9930
K110676,1b89019cbda6759c84d1b67b0bff942805c22b9378dbd8bfb6adc7fae76f2fd8,12254
K110679,07b3dbbef8e843abd412d7b092f62893b57581f18801648271008b20b0b715c1,8201
K110692,657979ce54a35717bb0c48278e343def8955e8ba6439afbfdd5750331108a641,7889
K110694,95a0512ccc2c06e88d69ce25e0a7a07d6163c366e0537bcbd850babedf670a03,9799
K110700,e34616a4897e421da28ffc2cfcebdb250109ac514057117d96f61342ba7168b1,7182
K110706,f3fdc72bf19acce8bfc453736775753d6a14a21f9b78302d60a309659eb5a0e1,13204
K110708,d088784b7ecb87f1ea17e6f982fa968ffefcc07b79de6ecc548fc00242868da6,6
K110733,2752222aa0ea88cbd9bc1c9008ff1660e987841496bf6dff38d2e8a82a464b6d,7954
K110763,968425785ca8d61371089e9893f6b6cfb68313dcf8e61fb268079ca92e47e33c,6678
K110773,0612d4a892a4d01194d8e20da7c010346534376d80393d7312f85506f487ff52,9291
K110781,4d197f5415cea0fba05ab566a8a346c3cbb5cce2c9fb187bac46af72174fc1f3,8401
K110783,b39c6d0a23026271b2dde47eb6b77781ceca25120afbcd85991a019ed99e1670,8285
K110787,9ef03ae8b575f6f8cb8cd752667670b190168bf738192a60b25612d3de9fed74,7448
K110789,29c33bbcb8d91b9a5e8b74de38345fff9d5c579ffe59f67b690a16160f0b5b88,9174
K110791,5b3e54a70bd71444fc1c7c26ad60cd7fccff6bfff5f2a0de1a56f4f8fe13fa64,8264
K110800,ed4a1ae8ccecc7b2049a97bf3df085551aeada9584e20b236793276638fa45de,7704
K110805,61985a9da4fde80ebf670eebecb622e480e774d320acae5fdae21bf00ad6f53a,9410
K110807,a6e5c70d624be365094379d6e9a0b1d5ed18bfa12e46d4f202bf4a50c83de473,9796
K110837,7ff04fc6e5a0cd2d4473ffdbf137fe8eb4ccbb9ed51981d6a4bfd2e4a439f593,8315
K110838,307663f181274bb2afa0b3548af351935901e99542157fb4f0fe57b069486b80,6565
K110842,62a3f7e88d73884a245201aeb303dd858bd8604a65b5725777bf6cea2379a967,8327
K110843,31384dedf73ebeee0d3f801816eed2ec749e2413fba5c2526a03f6a4e45564e6,10798
K110847,3d49d0229c3f17f7544f8c17163556dec9d14619fbdef52cee61ab85a4c18567,12315
K110864,54168db4d19293ed8827cfd376874b3b831a13f206c82e05abcca4b464a35301,7983
K110865,47a9ae60c120f48a8b9e9131163d03c962f4fc5dd3d18d844050c5c206d6992d,9412
K110879,fe325ab5f09e1e663ad7a44fac4b6437fbe1f76380a3b5cd5db1f89430178185,7692
K110895,60d85df3d8979285de690cc3893e665abcd23bc0b0834be45b56adeebcf2b155,13151
K110896,b88ec70b60dce7885509d500f110cfb0cabc0beba0c628860e01975880a91dba,11647
K110905,8fac5a852fcb95cc03c7b98e13585356286dbd04c56cd9cb69af8d62c77cafae,8588
K110906,e94f32ef73a7c3bd5b4369c703538ae77bef6ac63ef66b0437bb78471009f0fb,13040
K110908,2f09ff31886b01b1eb83768511203938e2d66609ec6f405922413c7810124465,7772
K110915,b3136b9663d0ec7a8ec53952a14994daeb14e3d2680203bd2b9fa5374023ba1a,7651
K110925,2e85bf7e82e4d277c76fb0eca4160fefdbf47b597f98bd8fd980425855016c61,10492
K110927,91b461fb330404f2edd7e01f81b54ef6e1dde0171e48a6c5ed8a86e2aee66818,9970
K110933,4d3155cfac26490edce05abe1eabde695c8bf68d3596fb4cff245cdaedfb00c2,7858
K110940,5b1bfd2ff1348adf8e1146ecaf8a6c91622cbbe08297027e242c4701018bbc59,11413
K110947,cc354376532df3012e2e9fb7d0d43497335436449a7d45d5c589cf20c5ed1a0c,9856
K110949,95987e22f2709348b5842deef4720b78ff88345e5ef7435cae7a8d7e1db4b35b,9892
K110950,4516b63572c63bbf3cc41d97adce5280ca6b718097a7bbf4142c298d465ad08b,12030
K110959,2d2b03ebb1b568dc7092a0768eb34e3c29eeaa3cf33e2ca9fc344b8d17343b51,8931
K110963,f101356b868e09c94c2f1c599109858a9b703d648dacd88b213f5652e4311119,8917
K110965,fe17ffd021518939a3b0d4984a7b7cbb996ab7fa2d119c4c85f533129e30a539,7874
K110976,1cd7f5bfeebe187d8a22c0249b777abadfd19e0195b82af16927e8f445b71c16,10201
K110990,32e17370fe781e21776e2ce4d490ae7b63ac452686c60fb8cd806b977b44b5bd,11301
K110991,3b3fa2c6875b05625064155503bf23935998d2a08ef46050d05ffc6fc84c3589,9117
K110998,6bab06ecb7bdc9af704d0d6118b27cde00e911c64c9a823a376e2d514078e123,7804
K111000,14c8821c754ed07ec4b049bb1f69e45e895bcf9eddaf7601428936fe4d0ce6b8,8776
K111001,bd3ccae75c11eca3067ba30894221b6fc8a3b8796f1ffb71daa2f2e514fefb41,5908
K111008,16b2239b9deff17527233fbe7c4f008fff4594f5af86de7b9c0b5a06ab8257ca,9199
K111018,a2c98947ffdd508bb1feb0fec37719970536a89a733489c5beb0b7325144b3eb,7664
K111025,c900b3a450667defd7c65fbe5be20e634a2804763eab8197b02a937a9dd8cb34,14177
K111032,d488894b488fc3693c606bedd94d27f5bec9e2efd5713289a01414d0ccb86abf,7578
K111039,ac2a411ac89ccd693e49832164f8bb38ec2b9237867e2351278b4f8190f91b37,7544
K111041,bd964f1ccd9676ba0056cab6786ce734143b41356af9b782f25a524618b8791c,7088
K111044,7171af46f86e1bb6d753191e49799c96cbee40a74ba13e0d441f2f27cf3e10b0,8329
K111056,4d779b615c6c1fb46f13b9089f6475e1db7ae13301b6efb2f8fa216df5f84205,7909
K111061,6a3cf5192354f71615ac51034b3e97c20eda99643fcaf5bbe6d41ad59bd12167,3
K111062,2d262c63bd347b6a990f9764b31ad6cb9cbf7196c275cfb1ff0afa53a6fe949a,8420
K111068,223eb99fa8852369d221b5b60e19a974ac97e107d631790db8a7505b29a91934,7573
K111076,b8b84d4ffd0cdc31ca59a02e5278f2ba2a70455f226a1986f2b52803a06ea620,9314
K111077,c21a493cd4ad1a0ba7ced8597ef46546651630e3a93e6ff78ee25a3b27299d3f,6997
K111086,63e4d0dba3d369a02cc7308ac4281b366cf7529fa35eb3fb7a802fe6f7b00bab,8516
K111097,59079a3f37bcf7b219bc9a5ab88578a30ae9363cf92edf46efdcb31f2ab50fc5,7617
K111099,40e7dad1c426bd3b8c5bf7a1d66fddfec689199f4e63210c7bf67e7364a499ba,10671
K111115,97926b9b71a593345f809789049573836a0d1ff9a0a8ca426f3c459e1b076d52,8469
K111119,e64993004656a17b18d0c31ebc40f7d72e04df45734fb7300f2ed4d8a5987d0b,9414
K111122,cb6a15f9bc9264962b5c7db0414af75ef9dd6274062219b0cad6c533da5c042a,9467
K111123,f13e56840676efe3bc3050d9ece6322f7da4125d56312a9cce612c8454e81f27,9347
K111127,41b41ad60e9fa08cb6174c1583c6c17fa7156232492fcb9999229862defce2f4,8249
K111132,6eaff7db71b697d9933e9dfc41d629224293cc72f336165da860eae20c413470,9770
K111135,6d361f09a4817ecca2ff6c81c4ba36e606a3e277dd0862632bc5d5a03888f959,7481
K111136,7c370d9536d7d0d6a0f7cd7f9826692acd93e4fb05ba46f7b630b879740343d3,5
K111145,7f3e820e7330d6ba939b81e9d1730dae756ed589c89cff2af81bffd994516363,7269
K111155,17d59b5cc5d9d4d3eb59844999a7a128b4707cf656cf517214bbc340e2295711,8764
K111166,07d5e2ec9339ab2e6f2bcdec67f5d69948fa34a5fe682b45467b9322443f74ac,8852
K111183,7b196688efc1ff28e6c1495a19ba16f486eb1a3f7ef77d416ce3946e935ed613,12034
K111184,53c685b7b9d1a649ecaa08ccef2a0b8b1533137ac1fc67459a41bd4911883751,8880
K111193,5245df05f016ba8106ce4671d7581cc226495fa9bd96a88b7249e24a7a60e450,10472
K111212,caa496e4d3449c8c91e07515a6cda6000c6744a704bbc454a569dddb8f165612,9381
K111230,7795128f8d306b60afd33ed1ab17b29051d66dd62efb432243fa7d04bdc6efba,6774
K111232,87b381fdd8c6479665df5bcaf4c34c16298f3e9dfecc94b1a83e695b8d84fa00,7713
K111253,bbec41500b289420337a29ef0eccc06141043a8264489b614b1f34043f5e1aa4,7631
K111264,84b5a6062b30a10b98d571ed0a7187d3e5f3c72b3b790c1dfca76cbb26cfb7cc,8038
K111265,3db5ce42d343c36206f02b876b2d4979e65eac9e405cee2c09fd673e34d6d0c5,6732
K111266,858232560f9a066bac06430455ab46ba54729bf8c6e03f33b12ad5fd8b078123,6519
K111272,7c06ea236a704181dfcb9f3045d7b82dfe1e5c0abc0e2fef5f355d1c0202bca6,7481
K111283,a18b5e89711110180e7dfc47bfd2874b00f0abc931ec12f0269237db6a383593,11913
K111294,fb21276dc274b49bc0bf843b9bc98ed29198317fce8f6da8aee748b1adf45ca2,8315
K111301,26066e9fcd3d13b04d00a20e51bcecb345249bb4ca9a2296a5bf67cf1142b65a,9436
K111316,79f7cd85a01c17597bbd18e4ef324176e87b62f624294d84a68b483681b073de,9318
K111326,a29fa6c824749a04a74ab3eefdd4c40a91008287c7613624b04bb6d088267dbd,11332
K111352,7bda314c9fcbd8d0ba851580ca0d950f0afa8cebe18bd2e8f4ccd90ea7d5decf,8471
K111354,e438c030027a1a16236a65920c78096c0dd92f4ebbd18ea8ad091109d18593e1,8402
K111358,6a3cf5192354f71615ac51034b3e97c20eda99643fcaf5bbe6d41ad59bd12167,3
K111362,de9092aad7c3807c60df90ecf20f4de7949ccee26dfc79c24de616fdb0b2c607,8605
K111370,ad15eb6cebd0a9dcca0d65440931394dd724bae3246e8897688df4476652f2ce,8664
K111376,a3cb543b9f30dc0bd5f2190c3e48b9e0825fc1d8d287fa826ba841bb909b71d1,7703
K111379,7c7e88da10352a6a41e77e467d0f3d023aa1ef51a0501ba70ec19910238e53cc,13759
K111397,b421d01556948422eca10726a93e29b4d5ed2164816645bb8a16881c34321791,8655
K111399,ae8628ba942756269481f2b4cf4a0c2311774ff8c6195b7ce0e5f54d19d9bb87,8348
K111400,d015455ce1810497a2b09f5eb775e63e579271ed1e10103c1afc523487adb96d,8911
K111410,0fc568ea39784e50f108a9e94eb70350260aafa4c5f23f3d2af1e1ca999c2f96,8502
K111418,91575ea602ea57df97169acd4a7015eac6adb6a4e181c680fb6217e526c8b34e,7378
K111419,bae1eaec47b87ce88d90fa278836e18c1238286d9f0bbed7df52b5caf97a3b77,7553
K111432,4e7ab3028a0c46762ce533c48b7adefad12b2ec737671d2ba49338bb62cc99fb,9711
K111433,919aa2603ffbcac597eff17ac1878e731bc765a145280ff10b11d6560413c1df,10055
K111439,2aa0edba1177441a100560fb5d7f096ab9ca16182e6ee25f442c1685c63448fe,8069
K111444,9cd40c729a961c495d3d7f5961d8bc3d1531a328a84f8fb475563936c641431e,9714
K111447,093030fe13578d8a687d6327f2b9103e90e20437fb8de37d6d3a572095a63b05,7436
K111448,7b522ff24a286a9b84c0c53fdfd30ca5573fb05832515c277f96247278088635,10732
K111449,6426b6de1ed2d2c8c8aba3d34fe9e52326f3a18847962bbd12f688c48e2ecac7,9749
K111457,7c370d9536d7d0d6a0f7cd7f9826692acd93e4fb05ba46f7b630b879740343d3,5
K111469,176e55a6230610bb31bc01ae8e06f3e1dec34d68cecc31cde30f32adef0c9521,7721
K111471,acf869c9be9b56227d3f15aad9a9608cb9ab66bb10904ab772501b6d75522369,9655
K111472,5b6da70fab7615aaecdc6cd8b8e4ac658860a8485b08624d59d19ee214739aee,12243
K111478,863e7c8510db5b826c0ab4a51d16c2b299842d94ed34ff2b905f6ee3c1651093,13433
K111479,0781dfdfa07f21d7ada3ffa46f75396af60f71fcb1b86d626d14b7cddd1106b2,13904
K111481,682bf9baca3292fb67b396970f8a58ae597bccdaa7a2a4acb5205eb6d872b7dd,8071
K111484,bd7505159b5cdba898c0b20a70f6b91e0b81e821c8a2912923e07e776354be24,7325
K111492,741a5662e1eb834d5fe3c5f4ee1836152164a712d7f4b5d74806cf2f3564e3b7,9081
K111502,b80dfd486615551dff7fae8b543ef155912c53f457a6d7f8140f8f73de1c93f7,7790
K111510,538d6440534fa5f615e8a26932792a82a2e4a33a97886e2d815eab8fc216d415,7
K111512,8f71400e0f98d69ec4f6ca705b496cc8d7e7aac034e263aab1177f33ea1ad410,8169
K111525,cc3959ce99905bc8b99c394dc1ebc4a0f08c3d11d4134e4002b212adf5ac891e,10413
K111528,4d5552dad0bb6d0019aed0f81a4118a38f9aed6043edc009e170eb47184327e3,8106
K111536,913ed452e692a4810311dc27a16dbde5350296ac53ade21f4597c3c076aaf447,6367
K111540,04046eb57aed34cc65709202eb0aad9d0d968ec3607876e48e40e3386d9b47d4,6946
K111546,fdb41611b5947a09f2de0ec6ddd277d1d6d25e354b6f65534db80c27611874e4,13987
K111550,51e78895c0601acb0ae186662dd1fddf7faa00e9602d41af495c134488a1ac6f,7184
K111553,bfb0c83c42490a3a071df3e3017104d546e85e65dc8586e6ed9e27e6136fd3c9,8763
K111564,8a16cfbee8d442b6f10d3473d0fefd2b02132386e006d2ee8e8b458b499b7050,8544
K111569,a14af1a01ad18e71b6aa8e62d86cfc09f73ab14b7aa8a19a1427b884de662e1b,8161
K111571,1ff2d7edc1d05631230811ba0c2a902baec4c4237927dfa52299f2f440c0c9f3,10074
K111572,03469fa75eba3050bf7c5cc2d0c282b3ec406d16c2a35819560a406ce48c33f5,9761
K111590,e0633f121c403aec99a2938f7ea639fb28a7e1275cc5375edb0c60a0e5aa0ee3,11897
K111593,08bd57f538f93d4d4b896d722d11901c8a1d8d8c61d43d886d2c3af9f902a782,8792
K111596,89a2b54390654e5a7bcf8e590a349795323f786232c12bdce76de72e3574e3ee,8726
K111608,f3dc1657db73ab75c102411b2b7d8e64e050311de805a5a468a6f3094964fddd,6451
K111620,83f9d8ca3a13b6e9914223521a032b6105c48be166bd9fcf0c200ff197eacc2d,7228
K111626,6018ceb1dcef9e9b017c2fbb4221af365a97e9589f86a8a5ad2dff635129885d,6609
K111629,6a3cf5192354f71615ac51034b3e97c20eda99643fcaf5bbe6d41ad59bd12167,3
K111631,17d71b2c21c656b34ec945082bc8fd021601230ecb4d5f4a8f847cbdac086320,19572
K111634,8ad6ce58f29674a05d3f6481aa698644b2c74df2f713ebc5943840dad5f4245b,8408
K111635,99d877a6af6563e8e2ad89d46619463f1f087527608625b4c303a8aa6d499fed,8087
K111661,9554eb5f123d6f9998d38ab8a1161cfec8eb8562cde90a62e1b213d7f6475f89,7293
K111663,dc84d0a3cadc51bb32d538787ee7771ed570d6478827365e5a51aeb7f111efc5,45769
K111667,d40a7bbf8992bc6c8376556f7f9a57280cc0038a96d04c453119026de15ab495,6864
K111675,301ec7ba7b362f49cdb124316bdbb76f64d3a049057a77d2445f8415badc65f0,7311
K111678,a21e8993e6a5d1b9645b140e16adf0c35128d746d9de43e703cf77312c7327f0,18352
K111690,dc7e6df3027552bd7a3c7c46148c6bd1c37e3079bd25b329d9232d9d34371f7b,9313
K111711,ac5f4e4804f6026b7a0fa80318cc21fb35f03af322d5761c2ab0ac12c2ea3514,9643
K111716,c263d49bea8329c95984cf0ed050c8563bf1fe8d2a9ceb22ac4e4992c61266f5,9038
K111719,46a64d0dab5ecb179463f65d0fa3699dcef432ec87a2e10613483b951d0f1875,9527
K111726,97570c116d6ae3f4a0520aa9c263bdffcde6d341cae189c0460a6b70e2e500fb,8903
K111729,32f7d69bff436ec211dfdb4402742d09fda3522d61554b6e1394ad6f396caa59,8297
K111735,6a3cf5192354f71615ac51034b3e97c20eda99643fcaf5bbe6d41ad59bd12167,3
K111746,64fb8ce54365e2e4ab73bb97c42a9ef98ab32574839d4c40bfbea2b55c7b70bc,11132
K111774,792dd760b7b196192cb030b020f80791498efcff109576a86caa2934ae7c0be8,8646
K111779,e43badab505bd4a098d245a620aa728df07381cedd82e1681e5455b58395321e,8444
K111786,ddf4f1ccd6d4310b28bd1cf8784aded24bfd9886df64c930da99c7e28b45ec7d,8734
K111792,2b69dc463246f8033d4b5a831f7df7b1f30861a8cd89d4fccd9bbcb1be8b4344,10523
K111796,efe5d53e8bee0cbd7c0b97d99324910e9fdbe7dadcbd924a64c125a0aa8fa776,8200
K111799,a104bd7f74d51e05d017d2f004759445e01694dfccf07d129ec35ed2349bbd9f,7506
K111801,d09efc6d964d07856551e88e624f119373ee16ff495f831a66eb1577075b1bba,7147
K111820,93ef627769f6b60c5b763254626bb3b436847279f0adaf5ffabec969669c0d0c,12558
K111834,1cfa9747bdf63433b0f240fdb9856238c5f518d19302dd065b41ce377eee917a,7388
K111835,1d5fcec7c19dce9e7d2a2555e8cf5902f4e4f523eb72161cd23f1c30a68462fb,7523
K111838,99c714fb89e34c891aef0f1534382701af60ade6e00acf96d077130f61902301,7437
K111848,3f0ecfa89041bf0c85446e07c489a7a3af057f46cfd90243606e8f79e32fec9e,8645
K111863,7b01105dadf904f75bb531b445b0578106087b7572786386cf313bc801ad7dba,10862
K111866,a0217840c3caaf4d83433968ab89f952717f2d06ce6a1d8534c1af5e9795f6fc,8580
K111880,5bf28e345469eb074b2183d06bad8161965b3ba825d80e20800fd8b64ea75184,8143
K111883,b5ee24f614262cdc962ee379f4b725d60f64d2ce6ac55b6bc9323da85008675f,9080
K111891,811d1235379fd7c2c3c6a027d9ea4622b819c2b73bc211a4e7a68e8b6c95057e,14081
K111902,de42ef8bf8c01f97f6256ae0d5a5db1219c527aed68585b1919ec55cecf4cdc4,13755
K111908,6e8b79d02e55bbed6b414729b507201cea7f9b3017ce7efa1976c7e8a0150b72,10355
K111911,7c97ce682d19596320211862ec61adede2ecbada280e24ac7734239e5cf7b7fb,8352
K111913,7c3f278f143a30a31bcb0435be8f594b67c1e15598933f94aed1985f007ace45,8025
K111916,eee93dfa36578c80bf4dbe5394d5ec0b442896ca7179a31bc5b84fdf01b2ab94,8729
K111936,24b46d5339ad18a22ea7b5e39612fbbd0f820d89d1f62952d25e5d499b991940,7885
K111940,59234af24a52271d16fc3415fb1846194dbe15a6ddc51f3f8b9f37646563290e,9004
K111942,538d6440534fa5f615e8a26932792a82a2e4a33a97886e2d815eab8fc216d415,7
K111944,59e772e7d55f66e478a35bf41bd5f5cad707e7804851236b1c16bd361f0ba17b,8173
K111953,8ee260cc945c45cb51f43a3bf04112f86966b0557bf08354bf561f74542dbd1f,8021
K111957,f469accbebb7199bcfde7b513e8ff9afaa28ed099f5aa2831ec30a92732bd481,11349
K111965,cd726d6c39d80c227c0547c5fa8ab71af341d236616a68d7be8ca8d3dcd259d0,8231
K111970,13a559b3b46ce49562ba9f464ed597ab55f7e9d95dc2809103f9c8de81f08445,12266
K111971,7d9d46909f69bd3fea73dcffcaca08e95906840e7e8cfe6beecae6761431de5a,7118
K111981,1e586de025ff34a2e190411e08237484ae2ce0c6cadf98d2e88531ddb51e62ca,15641
K111983,1c7db034d3278d0cd13595f5d9407d0f7b78646da6bab25444d84d59a748e834,9504
K111993,248cd4129cfa86ec994e2c448370f11f32565928c4b4295bba01211eb97c1990,7219
K111994,ac9c779d76af6845e30523e2e15b6a36732ec4d01d1098f2454f4e3706b0a71a,12565
K111995,58cc946b816e06ac987a482bcd9865cbd7d18229dc3c5f274cba24d30d94daca,11664
K112014,18ca0d9bd464134001e381364c3f148e0fcdb5317a9c1d295d9d254ec735ac05,11068
K112019,504acbbbd4a56c5f850cfa56b62f67d99611eb57b99fa9894aea4005faeb95a4,11894
K112025,0769fce533d72aceb042c3f493b9d0d9d038d381c21dfa668bbf10c14aa2a77a,8386
K112028,eb302f783703ba4fe96b29056bb7a538737a4e5d661a3a450d61a816fd7a44c8,6870
K112030,d366531eab4e586b077fbfeb64fe191e0c3bcdd3e9845257232b9e9095798b51,8218
K112036,7c370d9536d7d0d6a0f7cd7f9826692acd93e4fb05ba46f7b630b879740343d3,5
K112037,d91ca858ca8755a3a21aa688b84f597b7eaee933cfb81b5af976cfc1f0358aab,9448
K112040,44ce89e570d0e9bfec932f3168b62c54ad0d1693cdacf29bc6544a912fcd73af,9417
K112059,825f129f68f0c96f88fd336b4cc962c9f5414dccfbd6cc27330b16929c36e209,8300
K112068,72ea613ac82f0097f48170ce752af44ddcd96a3903b2a36168b10da1dfde029c,8401
K112069,6a3cf5192354f71615ac51034b3e97c20eda99643fcaf5bbe6d41ad59bd12167,3
K112085,545c38b0922de19734fbffde62792c37c2aef6a3216cfa472449173165220f7d,4
K112091,d01b489f7f6dd737ab5cce192f76fb69148e2cec7ceb7bbd14b63f74845c94c3,8957
K112095,ad0186651536f86a6a2b641494770d77c3222cefeb4aa648ed6229dcb6d1bdd9,9377
K112108,3b70f3b1a91525ef3fa0279a87693d6dde0c188fa2023b2526e45fc91b4f786f,8714
K112111,077e405ed572c0c6655788a9fc0175e0cff3db2ec5210339bf7660af02663094,9909
K112115,fef454a61e65e327bc429746fba9366cf9f0243b881458fa2dd5e5f88404ed49,12452
K112144,1e135afb54bf948ed616b7e518ea9f59c8edad95a2d1dfbae8adc60b167c5f6c,9
K112158,258937c81ca316b48d68ece942e40e1f4f21f490efee967734fabada281bdef6,13379
K112169,4ea9ad3f54746c351733d37d0e673eab8b7eff42ed58982bff96ecb4ad8f319f,7975
K112174,ab71d3ed270ef63bc839de9dd41e97492c53d001ed4f0f918f2d923adfff7685,7514
K112193,7c370d9536d7d0d6a0f7cd7f9826692acd93e4fb05ba46f7b630b879740343d3,5
K112197,7a677bbf7d23ab999a0d1bec6d89b0fedb654000b49313a76231db1e41ac1a88,6813
K112206,20e04e3fcc7eb40cded6642aa0d5b33e96c1768e9d5693195c305596137572e2,10041
K112218,eb30de2bc0e28fa2199b981b6474bfadf139d7b09a45bc77385296981e9bd08a,6690
K112237,1eebdae55fddc042e153de8c357e7e1cb572903d9de692bbe99a5b00af5c8874,8829
K112240,ea5e5d47135b8659a71f34bc697d9568c724fd56c1009089eebf5fbfddf1ab59,7321
K112249,ee84fb7c4c7d50eea6ac33862170a7b7108aeb6e322c45fec668c19345c33305,8346
K112254,39172f2b77dd0da4865198a35dfd4216b36ec8803cf207ee83f854256b61d051,6387
K112278,3509b39e15170b7c51a0ad58213d81c32b1512fd9158d7287062ee42caa5f369,7349
K112285,ae8c19d64f475394297bf124d66436e2051e7e9166652e7a951f00118a8e0dc7,10011
K112296,b847af29cd7a62b1e845ea298daaecb966122000cf82e5616ff1951424261f93,6858
K112301,c3b4c3f77050bfe8cba1462563b4b6cfbf2ad344c90f9b13438550cb479f2f8f,9452
K112316,f020c9ea47604c52c87cff9bb0aee6906257b46e5511f26315e7a75a8b89756c,8082
K112359,5a1689378dc9ca05b5fd47f7e98d45609c82a653b56fdd530e859aedba28ae40,9434
K112383,951cb1f7e22ba9ca5505d1b24c08163e8ada967a02d0cefc46502ad66b019e5d,8234
K112388,e12cf77783545e02b65a3148853848726f3b192d7a32b369853d7584e54ac3db,9053
K112405,6dbb593871cc627add25fbcba8222012e218b14ba69935d5a49d22073c79b756,8269
K112406,56deb00c543217de4fecf7b8a327aa604c2ac61ec3585080a09d5396dd0c524c,8981
K112417,d68a9cd94865a7e7dc25fbadcc672e7574812797772f3213eaeb52b65feb402f,8770
K112429,27683c7079091467232656619c02774d3d427693d44d87ea0d68804c32053906,8347
K112437,6fa3fae689b6b15bdbc782d5ba316971038abb9f9db211a05e4ed401d302497c,8274
K112438,0359fad412933f64fbb9819a90e4d50f1762690d54cdb9c61389a8b132190f89,8833
K112444,efc824bced7becbeca9d31384783007d703042f822da02f8eeddb7814aa9fd1c,9060
K112453,2f6b16bcbbf18a0a60f375b94bbf024a775549dc70a45117c4517c3699b06b0a,7962
K112455,9274daae2fb89abbf59eb006e28ce4da385279208d860c5302ae8d159a4fac01,8092
K112459,7f273dfd6772c83d64c2253f8a6f614cc49a933761a0b067e2c1c5b647a5b9af,7892
K112463,46340349402a0e21073b864ff5f34cae2d9bf775ff0624c20214a58f545503b9,9198
K112470,ef6d491a45ffea3781a414232936fc1b2aed36b2f12ab05e9cdc8698a4bfbb69,15199
K112473,d088784b7ecb87f1ea17e6f982fa968ffefcc07b79de6ecc548fc00242868da6,6
K112481,9a16b797e04815100513c2d2e72e78e184532b13e66f67988fc54748809bbaf8,7029
K112484,12f24a65161f155693ad645ea943b4dc44bcf82886834a0c867bb59f2d4f1344,8852
K112493,a0b9dbd32bf883228f83f759753cb870b1b4148cc7a4c81e38bcab0e44a0a1b5,9177
K112496,68a4a66c83fbc72be958f251351cb2361e8e8cd2c6dd708e66566bdd6237b15c,10576
K112509,6c5dda694323a5e2471b7a852db4e3752413442599c6f30df740c7ae7a53c2ad,6291
K112526,433fd37894d84699efdb1eadbfc393234401f4220590564987cb881f477e6658,8675
K112533,406fe4f555eb4ecd84af385df3c237dd1cd6ce75ca2ccaada716508aa7eaf5ce,7280
K112551,a532898241e0401b0beedfc1ad239c9f29de72ea14d115059804c8631a298b2c,8249
K112555,d088784b7ecb87f1ea17e6f982fa968ffefcc07b79de6ecc548fc00242868da6,6
K112556,2f3790822d11eece90094a2967b38bf21187543a7989f1561d8d6f94992c1029,9021
K112560,95c86fc085a80b4d9eb7d8100353cb6c198ea7721ec354a38db6dd985efc88db,8295
K112561,92efc56575fff9ab4018fa1680da5b1b3a6e059227c3b20b79fa048b5caad36f,9354
K112583,3c5355bf3fb8e4ff7beac62e9726c6ea4af5a550baf93053664b99413a2cc58d,10535
K112592,7f9261c2f07e0eba947a345b3f7ec280a2875a6dfc62d0e4f1d3100808217679,8189
K112595,7aa1744593eff0109152fd59be021bb75a206d0770013c82ce9856331b881d39,7725
K112607,c625b7082541a068f136c4c2cd8feab6719b5219d06b395036e757867fbe36e2,11569
K112611,a91c3bad678a334b1b63ddc987f2a2ac90a1afdf6be49c397b727a0c1fc92ef5,10285
K112615,d088784b7ecb87f1ea17e6f982fa968ffefcc07b79de6ecc548fc00242868da6,6
K112643,274415a15a3c0618868e01dfa738fc854cc000b8e06ecf23017fc5931653a60e,9336
K112648,61b538c2de02a3ab7a58f6bca7862324045a5ca0431b266f24a718ab9b8f6788,6939
K112658,a4341429bc519e41c5f86e926e21b3f1c6daba7465a01366abbfc669eb8c78df,7629
K112663,281ac300dea95ae94e4f66764a923647530a0653a0664d0d5fc27baa346b7d5b,9027
K112664,044257c1c6143af6d3fabb1261897836db287452bcc13e892ee21f29430b9dc2,9271
K112672,a2115d9abb73ece6d63e8028f6bc92064c3b3a9dc33da90c0f56acccf612c68c,7794
K112675,f4a67948f84712038984220892be46342c96214977e19ca5af0e7c24ee7ef1ed,7200
K112682,f877914d335d084892624d93dadc7e9b9107ebe1b5add7db078a4f0d07d4a921,8388
K112684,fc31cd01ac4bc0fde3850acb6a14bf936b93c27399f563581591ad32ce6eb7c7,7062
K112689,47e05275b6501615a5198af580e2083a2940c07157f1f53343bd697fb3d3e0b1,7044
K112696,36354f3a40f7554a2463aad1cec56ec2c6e203f3d273aacdc27c25b76f8a8f5c,6976
K112700,232f3cb3fb4d9c6462573b15e659e75cbbdffe3c1f1f10f0913697bf3b5ec481,8756
K112724,2f1487483ae4ef914502e54b07886919e28b11f991996b091a2524255301a07c,8446
K112727,bbf6725616d59b8aa5febfcc033b9ae31339a569aa9dd6d279a76e79626596e7,9172
K112736,97406af882af28beead818326464bbea60db6e5dbee7af1468fbbfe5af93b22a,8686
K112737,92fa3c86e08d66a4693b4870e0d72d23a36b12105456b34b84a998ed8e458e75,6949
K112748,362b52c0a0a3e15eb46ef15d97c4e08a384b2ee75999c5d2a09941c837d71771,9181
K112756,e37b2db1f82886353ad99415ee0e9e678109c7070f73f0389847849fab256e08,8395
K112757,ac1cf5c5e27f367b90e8d36e79c2ec312c9b9a9ad2c035c5145bcaa1bd161889,8476
K112759,5e25744da25e4493044357012eca6ab9573173dc4f1d17f0c9cf3c06806de828,8041
K112772,6d960d61d9171e2c6562967223be22ad49f173101c253bd6c47d466e73c21229,7430
K112773,b9c1d31ffc671bb00ba131302cc462141489e95cb094fe5d5a987058b5b6a013,10592
K112779,9fde6bc57805505611f8f6240324f306dff7e50add321534016a9543f5fdb2d9,8286
K112780,a3d4591d6c2cb76635b4943062ddbb486385874c1536b9fcc37207f96bc08326,10132
K112794,b4dfeef8d8ad78775d9eec69b24d8e3d61b4aee15f077c12f7894b2e71cbf722,8227
K112798,687006deb2b69f609e9488d229f892962d7141baffdbc2ee188f4cd9d065d696,8960
K112801,602edfe68294646b2619a7fef8eb7a476490c1958da034adcae613d2afb202a7,6983
K112802,c4d1e8eb21633cc8dcbcecc5b314682461501a6a40b7bf021fecd4feeb6afe7c,14897
K112809,a8858f3637995ae4e3c27c9f87d9a948e354dcacb43340ce2bf2aec4a607cd38,7817
K112814,918d86ae83089fae15bed8af5f966689a060bd27d37b9dacfe1c17475045548b,7596
K112819,b363a82b0e76021260a19e3bb9aa4d1d40a5d76708bacd51e8eec9bcf71a41a1,7966
K112837,712d343e983c077559db0a21c2c2afe4670b79b9359dd6e26d9d0eaff7c0462b,6863
K112857,295b98ee6073c61a5db67118dd8370fde01b9928030abf9ae790141b47bcfff1,9754
K112861,abde96b2866140168961a0bc33d022ed0844d5819e10bf3d24a4ad2b24bcd0bf,8136
K112862,c7f3b1b58fc89b9314af071fbc2bd8183b9f16beaa9c04b0a8c4c821f01e8574,9308
K112876,79fa1e234bf8b1098f70c020d0e94899b7ed44f8582baccef8bc6cf2f45a8258,7428
K112885,1e7a617669a4646a451d853df3ab79b0dc65b35b359383eb4293d7d28f581a12,7490
K112891,6f6bd31e97545d4c6e405fd0e7d7771a85929a42a20e96248bcfd75617fc6dcb,10975
K112897,19fd184e6ba8ab6d6238103cf40d89fad73141c964e4c5275f1ef92a5299ad6e,13010
K112898,16d9c20248c03ecb80aca023bce6c734467c88a2d8ba303d740366f52ba0b2ea,12442
K112900,b4db8456aa368f8d03b0d2f834277d681be5e65ac740925b1de776a07b75bd00,12706
K112905,67fb936f22e134da2d7cf3cbd3e454a2e2436aaabb474cd4011d1b6b92b94fc1,9725
K112906,9a2153d19d645020ef8835d1142b64f1f87aaa5dd03f360b0312be3e974cf5c9,11209
K112907,aaaeaa873b71722dd44149f7b55b25be1a688b88cba63f7a75cdd2b95e8d26f0,8255
K112920,1afbcd92d044476810095cd1369687ff204864b617046df3c0a88f50c74fe6a4,9075
K112923,493bbf9c1cfcc22ce7cb7284d273ba04d66ee9690648de3eb9a534bc62ce8517,8919
K112926,5e3abc4335cb020597ee8c93d6134a8faadacc7ca08ecec926a3a448eb92c570,10754
K112931,972e4bbb9f1651f628799af6ebfe92a98667da998e13b8cd82dabfe5c4d7135b,8157
K112941,0ab557adf931d98013efca72a2a3945eedf2f84cc035e05dcd51183b38ff249e,8949
K112960,43ff632334f5cf7adc8477db7a6987f33e3286c9df1f18317e978aaf268623e9,7816
K112965,34f537a466316e4a982429f3979ece2e39af59087e2645e2af3e8ef7bfc6724c,8440
K112982,5b169cb583c617f4a2f5c593e1cf06c027604dc4ec47120f9b4cc6734edf3e2d,7643
K112983,f8bfd10cf796bbe19004d2dddbdeffec4419916d046575b780eed803eb04c2ac,8175
K112986,9740b6116f01ee47f042b4671efa21fc02af3a4e70919472b424af9d5c2235ce,8909
K112990,ed5bdd397c09b21117aa94807225732dc88f01b0e9ee52d167c7794d123a4e0a,7844
K112991,b74589b37895a5157fc8f146cbc8c329eb8d3680c2480f2cd50b2138a2bf3295,12051
K113006,898ee3783302efaec6ab237905c140da9df2d8ff9b23b8250dad5418d001472d,6529
K113012,9e6cbf360e07cb9422a0c1487d1dcc92128638503dd9ff4ab030a467a2b86ba4,8660
K113014,1f79044903e0db95923f2dc5b20fb9b6b38e6ed984b035cdd3af0ce4e04ca691,10249
K113030,dd637d1931372f1c36d5e6477b41cf136d84221de8935263e50b89a68b9263d7,8088
K113038,c8214523936899610c0e86099670197563995d202bb586f8305f5a571cfd01e2,11559
K113039,a73cb4bb637dc5a023c99e7814126937465383ec0d8928b25c3d26f1b7149f64,9997
K113044,447a4586baf4fdd555de95cbfbce98267b6164ec99d8a6fc620a040ce01a3945,11509
K113048,0ef845e03f796344a0f74105fedcfea1c40df62f9715159831dc2a57d3544936,7913
K113058,bfda2f04907dab7268b5e5303c09a53fef11ef2caa0fc5a3fb00c110d2fe81c1,7281
K113060,7c370d9536d7d0d6a0f7cd7f9826692acd93e4fb05ba46f7b630b879740343d3,5
K113069,7c370d9536d7d0d6a0f7cd7f9826692acd93e4fb05ba46f7b630b879740343d3,5
K113084,14d6d9dfe9b9aa813320efc025370da8533ff70d0ed079dfb5caa7839e93f187,10384
K113106,8668f249277e7b5a48cabd3c465aefd35da714169985b80b441d5a35732fd27f,7269
K113107,db2de3170c39b05ff3217de57c139856d8a8f901e0dff5df1e3981c3d0a6e82a,7717
K113109,148b04b3af5bdcce0236257034806b9839b6c46f7c23c0df738bd25726781b3e,7701
K113121,7c370d9536d7d0d6a0f7cd7f9826692acd93e4fb05ba46f7b630b879740343d3,5
K113122,c510d2648e26b6db34004a154cea105db3cf9fd71bfad51caa9422494bf777d8,8509
K113138,4086096b312cf6ca42d419805ad93f825696a0fd4fb42c236f1f217068f9a019,10871
K113149,65ac7ab12a3e8e3d8b6482c64744b47bb01eba6c7586c335c4e95a2dad234bc1,11496
K113154,50e8ba0724e21310dd63980f602fab72816c817366b5d0ef77faaa14675522d5,7709
K113157,36be3ac57b5e49a946a3f7b6b723c1702d0a82e4f9b9719f9d95478cf32622d4,10055
K113167,e1aa24a78a7e6b4f0351a5047166e4f06063cdf39c558228a1e8f04cfb326f79,9642
K113170,3b87682c1a02655437a13a61cdb30ef3d09c40a4f971cdf8e14fc30120afbab1,8674
K113173,ee5f61bd25b5016fda34050a10ebe5b73214f2013766749c20f193405a500dfb,7955
K113174,d088784b7ecb87f1ea17e6f982fa968ffefcc07b79de6ecc548fc00242868da6,6
K113218,9ada083c431b37d081d4fd53d541515bd45c10dea520908145df0c45cfd19110,6757
K113219,5bbb90ec4d61ed61d35c7af314afd75c92295a6ce31f84918475991ebb9c0ea6,11177
K113242,9b3d34f67ff8a969da654c64857b9090eef8ef939966c94112560d5730293678,10071
K113252,883f275e201181200845633b802734029c1a0a4d52a82c59c291a4cd01ac88bf,8307
K113254,7c370d9536d7d0d6a0f7cd7f9826692acd93e4fb05ba46f7b630b879740343d3,5
K113270,93ac865a9f80843e3b5ec833445fe97a6a86907923bd6a534920e5ce4d39651f,9904
K113274,b2c187e4dda9939bb1dd3f6ff8d3204f86da09530a3185f80202df4de8ea5fc8,8177
K113285,52784cda8b5b315eb950559839f1079378719e10d919192a3519cfb02a71c2aa,7988
K113294,1eff89d83b2f632587f424a2463802f73097865fff7e444b39562cb6fbcec8a4,10508
K113296,b14813c79df8e7cc7826a23de3fe9737a65bd777b3a10882b7e51a2026b5f8c5,8838
K113297,8c9b16575cb184a9a69935a9eb3cc2f5e13158b9508423346b303b872991e712,7032
K113299,b2bc9215184e4d81ba15f3a6f83a8254bb5cd24e770042e8338ff45d292a27ea,12086
K113309,9bba58ebc1d1f4fd4afac511c2bd58e8a91e812a49ac4f9685b4c367ded30c6d,13602
K113318,0726cf6e0300e47939b8fd355df93935d31d48263e63973443aa42887c047059,6613
K113320,6c676fcc03721d241d3a37e707645d3586c52327953f7ee737e1922c046647ab,9177
K113324,cc6b9254be82193726a71642814a0c66125b45560ec84e6b178af3d50867a824,7652
K113325,3fddd915ece008ea04976bf7dc347bd8a7a9b10c881e9dd6ae7e60e6730881bc,8190
K113327,4e1ed60411bf46391a1ff1b437ecbbdb747112bbd7abbc551ce24e82c9dcf902,9409
K113329,38bdd4dafb554f79a86659287ce2c00c7a12dddf10c934d07a9dde31e893d973,7848
K113339,e90e875de56d730f6aed221dc1cbe6a41eb7564de7b87c3f503834412d5a0a36,7241
K113346,f818ef4c8eb358c50024250e7cd443e1d62f497f40b3ec70bc69fa722c539ba1,8639
K113348,ec1b138caae64c74554cf8453963f82a6c07ac5d9556346b0a9d1442c8126674,9682
K113361,535bd716be59fab136d6b4ea7326b40aa60d625327a49f79be23ded7adf5e42b,7919
K113364,d2aeccaabb7316c36866aa76110c998b054ec3189fcba7dbe59e9a4a9bb69301,6611
K113366,a9248d07d6658a6b06ef348f22dd457b223896a78c08997bb2c196d65e34118a,8230
K113369,427a7a1d49d8c1441b94c3552e9a403a7b3af42548da4c9d93190d17268fd9f0,11412
K113378,7c3208d67891ae8c63a5a87baa56e44b2da1ee9d03e3b2529f9b5541ab4e9c3a,11898
K113383,30c762f76a93d141b7684811aab25e90e7b4e58a55f38552b633743d2e6ff0ee,8309
K113395,7c370d9536d7d0d6a0f7cd7f9826692acd93e4fb05ba46f7b630b879740343d3,5
K113396,8fbbad4b3ad2260ce6a87e77d4dc7d64b91b42740c3e5ecf4251859e2f042733,8693
K113399,29ec3cc91c64215e19516ae8abb564996cbd3e9de5d7807bfdb4ca45d5cff63b,6958
K113405,fb1992aa296b54fa10bc70896f416a629f87d662ff99b830e341e2b766fb4966,8834
K113409,018dc03add2f3f08afe13a64da92d73e22f5eea999fce1f0da67eeb13c8ab794,8795
K113413,aa77c005693050c899fde140a9bd84792f034d5176c2289babfb67687e2e4e2e,8981
K113434,bf1e7bc8712ca8c29da2497ec15d222f92918acd8f9e7d1ff3fe03a9b6b48c6e,8937
K113447,3504c7897358877aa10dc86650cec3a6b00ca80ee54764eccb055823d9442588,7993
K113452,545c38b0922de19734fbffde62792c37c2aef6a3216cfa472449173165220f7d,4
K113465,70c30a1fe034728d48b863e1575b89c3cb35d2a0172762536545c0fc7f5d5fe4,9433
K113477,b8bc71dadf0fc757b7f68ce72b0e5ac866f5aa148440bcf8ed8be5072c1c634b,7588
K113478,790fd7639ba91428e07c78129d792975899a9417e7130ee97e979769b76656ee,10029
K113482,5b6ffa36fd359863d26659e8e147fa3d413b7329a364e0a8c6857cc70ce738e0,9288
K113509,78240f21774f4bc7ce83c35a0fe949e0ff2722081ee215be9281339de66df778,8062
K113518,5b4c6c9e30b8f2dda089d64aa76826778c6ec715e18629f20a98e313a8784cd7,8629
K113523,545c38b0922de19734fbffde62792c37c2aef6a3216cfa472449173165220f7d,4
K113527,4066d4202baa3ffa0a6d26b04deb6edd633d58251e96a0c0f48748b3c34e770e,9421
K113528,b8df09885dcdfdcb3a196e722eccfc6f0b2b4ecf22e5b3bed3202a8f06e8616c,8464
K113529,79488488398f5f5aed236dd6e9f914599370d04dfe70fda61b8c83bf739b1088,8
K113534,1b8864de9cd2e41d76e0cebd73e19ce290614202a51864e86095b47e8892ab91,8236
K113540,947ce192dd41bc15dfb618ed369a32b97cba75afa136021feb241bc679125618,7864
K113550,0ff8c498cb0bfc39b2ac2b6dba3e899ce689e0e61f23cc466d6b15df04089472,8219
K113556,d9127e146dd9156606ab40b4d968380defef33ecea02745610a44ea9b75a0271,7235
K113559,dca07e0f164871def1e08a3b0703236151f4f30a38e6f6658c55a2c9c56c39fc,7492
K113561,63d99a98cb69e9778dea140c3f999f083bea53477a3e15ff4843a3ca01199d03,9743
K113571,c06721902aedbf2fa5b2db9fac2a4b46f39021230f6f094ee62a6fcd15978490,9395
K113591,dc9e284fcdcd1287fc40379321cc900962c2e582f90f9bd3da6914ec125c929a,7972
K113593,1f01b219ec9f219d54dc47fa975187f810952926fa5d2619459fa49c5cf56ec1,10011
K113601,b0a3c74b0042c3064c3b76af7329fbdf3c11971148ceb74d994265ff4d5a2c4b,7843
K113602,287353239fc7d55aac6c2544ace747b2949970670897c3ebab6d8380a00be9b2,8081
K113609,7dd9b2dae4c11f298384e3a7ad7165e74d068f90e0d6add51dbf5206d9e601f0,8036
K113625,6f51a5024efd42bf709bad03100e4a9c24d6955553741696882c43cb467d9192,10433
K113642,73f0c72776bdd52aa9792d76fb2a8dc86320876b8e560a0d1cf6c3dc54b32ddc,11670
K113648,bbd23af02ab9ebe3bbf1f82306ecc6db99439d182bb9ee198bec2276d6e305e8,7901
K113652,2bf14b0ffa159b8ccbd963306443d42519a9555fc1019045b8ce41ac592ffd8c,8031
K113654,2b9176a9481b8f57a279befc8cced6ca2b03b621220feb9191d918812120a577,8621
K113666,7c370d9536d7d0d6a0f7cd7f9826692acd93e4fb05ba46f7b630b879740343d3,5
K113695,1b5909806db3c92f156d147b70d732ccb8229c91e1e47f945cf12b43566f6b33,9599
K113718,04588ba059574518bfeddc12308cd11f064b137a7cdae41e86a419b72706cd26,7658
K113728,4438bc46fefb8334f878e99fc19f235ab14fae21bc2cb745d59ef560c64aff17,8324
K113733,4db43acad8a3f02524256168a0ed31d09823b115067a5c524b9113533772e674,11009
K113742,0d13530b7c965c8a4c35c476fce8a917e8b68939a69b42ac6330c20a6af5fdf0,7797
K113752,889a94855f17dd8acf024c03ae90548492f8eaa57e30d58f5fce7e271af989b0,6963
K113755,abe1fe44eda29de5fa801931366b0ec12326524f265341e70bc0890dcf71586a,8598
K113756,131bb822a198af115ace71a975602fa7b35a7df6601f41d31978b27e9c15c2bb,7466
K113760,dd85b340ef8d0b8acba2c20dc3f416af0c80ea3cb4fe01bed04b0853eb519203,6858
K113762,adad032142171890296164e2577175423a976a9be15301b622c224ee909a834d,6444
K113770,cb32b1b4bcc56ccb26e2c287f95a302d7471b214493baabc4547f2ded77404b7,10247
K113789,bab80a61c4121c028697a8d7338db8bc5d9043afb9604192500c1b0885519f4e,10060
K113791,5a59bc624cdb1cb75fb6ac23824ded37e1d54546f3ff4ab8cccbcb304388b24c,8646
K113796,303805ce33fd592c9e6126c25e4356b138cb29af8f1aec57489b04414e7aa12a,9059
K113802,e84341314b4c16783555137ededab2421346b0a471d5b7239e997909b9456101,7935
K113828,8a8e13d8f31da9b58985feb33343070c27b670c5463d8100018e2a4c788d37ba,8433
K113829,8cb806e9d56658eb06b3ddc95e193542eedbb9589ffd0a917e37c06be241edec,10210
K113848,5c98a099933547ce4e5f56a2b628750ccd441de83ab85d67110fb3809af5a005,9432
K113871,5cce14ec0164051ad0da8d0143401be31a1b2922ff36258ae2a7cc7ba7fa590a,9720
K120015,60ba761ac3e05931ceedbf1b9baf1630c1474a50e0fc745223f8c0cd5db890d6,7377
K120016,60987b4cd850becfeaef0829e8be95ef0836832eca0995091c8f165a9e34dc7f,6862
K120024,f2752c1a5e754d9a2bbd1f7057dbd74b96dd102062afa8b53321eabf6d1d328a,9023
K120029,4ab0b324b98d4d3c1d47700b0062bbe7c5d394550a90594ee6cda56e5529de78,6726
K120030,af804b6966c505da30f603134b5a86034d4c65d7250c457375352494d130d16a,12621
K120031,8c8c8590788de588775a021769c07d596baaa5a4cff3fc9918fcd39a3b42a751,9759
K120038,ac926128ccbe2d4fe244e590a74542a3733c643311ce401a728492a0f52a7a33,12361
K120044,76497c00e668bf9b99211a4ff7b41d5b1dce23356c2e52d47b13358269d03fe9,8146
K120047,813650bc5f83acb5b43f62c75c7181407a0401c07f0355d3a72e894cde77f375,8348
K120063,11dcb40406a3c251431ff7a515154e66e1dfd99f3348249f724bf1092a225d31,8890
K120068,ca2837e11a676d5c07b4982c6ef489c55bc40678bda4871fe8f709e9db1fce3f,12195
K120070,9aafc4fc920c83ff5941db084573828f580ec2882098add993b7da54c442b7d5,7731
K120074,b2552939c2dc05e17c85965135ab5dd2799b72b5c6ad08d28f522b9f13403a8a,8342
K120078,b9ece12231a992291e7c6daa5bbc4239a794d5311358860d68d4286a5f54a2f3,7755
K120083,6fe6b5f343ae538fa06383928345d5d20fd4e8352f5d1faa5e7dba3407ad9ec3,7326
K120091,cada0b831d03a730f8a01c7b9079b58830ca7230270001d115774b9c99c76f1f,10460
K120092,bee2af905ee71eb466b07c0294c2fc367331cb884b0a2251ae1bfdf12fd582dd,7030
K120096,d6196dd584f9616e970ee627efc8295cbcc309e375ae22967da631d52fd017ec,9236
K120099,e5ac5b32bfccf81a2b56b1ced7fb322361e07cff081ef7991a71edd99535b90d,9889
K120101,14d0d9cbb6ca5dcff8f20f9ff5662956882adb97076a9f87b43f5afb77f2026c,7962
K120108,0bf42c890c094a0e36ef0b71d4a56ca4c83484c546b088caeb919bc8d95e4b61,7826
K120121,545c38b0922de19734fbffde62792c37c2aef6a3216cfa472449173165220f7d,4
K120140,db62c76982fe7afbf660f6802cb68f061d275ef33eb287f9d580510da05a82d9,9214
K120141,b766b8f303b8b96af66c2c5cdd02b06920198948d70e9501b52dca065f127e57,8505
K120143,f2cebe01ba0bac3374891c6a109a0530b4c8cf85ae4159a91c3ea7b3dd137760,8152
K120148,010cdd67227d77531640c4370d6abcc30e86e7079907332a048ad93f713172dc,8039
K120155,a3dcaaa00b6cf0486ca5f24ba12c1f8180fca38a428db49c12bd430f87aed34a,9038
K120157,3e0124299c0af4e8b63c35542d5fe0b7ae1f95b49ad8d59cbbc84da20247cc72,6496
K120163,0706c34e8f6a74221c494620f65e7ecc6c77bd16fc644f08160100cf872d236d,8688
K120165,247ec12af415fee1ca6ebf5445164c3bc5efc5eb937263cb24c2f7d839c6a054,6017
K120174,7c370d9536d7d0d6a0f7cd7f9826692acd93e4fb05ba46f7b630b879740343d3,5
K120177,fd6bef0e0945ed177b9e43cb116ed752d3baee032ee12e3c58cf676529f683c3,7213
K120203,f74334dfbe54c0f8e44f66d527c39ad55c692e6280a46837fe33b09f178c670d,10093
K120211,d13acfcef607f56136340dea8d98af0d4a180226ccf754cf99da72c050716357,8239
K120241,2233193854a7a2f45f6ba0f1c8119b74441a32157e540501ece29a4b5d959f87,7085
K120262,420d5f2f93472af2c7768eeb19c20e8eaeedbe2fd3022b8e1dc8c5baceddb958,10523
K120270,22ebe32671b3cc5d9571b46a6456cfaceba4e218b8361e20c6974cd7bb4ff404,10116
K120275,40b18d6fc46aa8392cfd7c4595111aa386f3fe2ed47f0d9c51c2fc441d670323,12327
K120279,ea335ab7450f5795220d5b863b6ac10e29d8711bc21af7303e1d1e69ca9616c2,11402
K120291,545c38b0922de19734fbffde62792c37c2aef6a3216cfa472449173165220f7d,4
K120292,f542bebb06f04232584975bfc84b22e75a23ffe47abc7555d2354f4b39390785,8980
K120293,baa5c5140866752b575ef2c756027da9ab6eddf1408506a5995ebd0b3923bfb1,9446
K120313,545c38b0922de19734fbffde62792c37c2aef6a3216cfa472449173165220f7d,4
K120316,3f8b283f03eadbe1bac20a4a24cd675f67b8c4279576601d0e0040de31b7abd7,12607
K120345,6d9513c51c3ac32f084a4b8bf0309bc035ffe304bdc1baba27b6c79ee797f79b,10339
K120353,50451f55229019d0b25a90bcbcab5264171f80517504a3036c95e56298c4dff4,10310
K120354,f6e4b1dc4ca4dc9098f6a29154c621787a59c86f202ddf7fe7e5f6a76bccde33,10374
K120355,d992f8b0e37f8b19ddea6a2c08a7733f39f8bcf3c3218ac2b5d07ac9f6ebfc94,8042
K120356,027a6d7ed91e6789b48b7207b0cee9510f2c3e20658e191aecc5f75196ee2cb6,8367
K120359,b944fa6cfffb02ff83a7e8dcb64d6f9b2881d8b578376b8308a0310dee86d5f8,10113
K120360,3cae6082f57a4b0721f7ef78e9a57cc8bb0ff37ba14cedd818d50db75bef88a5,12132
K120362,8df19ca6d724bc9f5cf94fdf0602cdd379da5438d80f7382d0c0339d01d25fd3,9995
K120368,d2c9aaf0cbdb10a645979f5c1a59d2b971a5653ef9c1fc9dd41a947cd85c8452,10394
K120370,8a14c5f8457be2c64e89fd89078592c5c69b0b30ea9f8f12b38bea6dc62ffd4e,32543
K120374,7c370d9536d7d0d6a0f7cd7f9826692acd93e4fb05ba46f7b630b879740343d3,5
K120390,7a8146eb64ca718e1e334b9708ee5da63e482803db164ef8a2376732b1769066,7058
K120396,26817e3e7a7c5e99225789e29b548a1d9b0a902d3394b069630d15128f7e892b,7569
K120399,e52251b42aa8e59ee4f23ae1309819e6b53794c558ab04daf4ce0a27f632ec40,9932
K120401,dbdd2409b7e6d4b9c35625c46fddfeb2515bd503e9f3c2246bf10eaa21655171,9100
K120409,36ed897aea10c9e4c5d08b78f4a2f060e8898038f3a1e755e6a42a8077379ad5,9118
K120419,e916079d8281f4e21a46ced3e91f0e4190856073725694a068e5a50c833a2f2e,8528
K120434,02707911446fc2a493bba5b67f979cc60542957c14bbf97d8fbeafe6bf71687c,16263
K120449,545c38b0922de19734fbffde62792c37c2aef6a3216cfa472449173165220f7d,4
K120464,b2d48706cdf3d4f36144dfd33ef491ab85a64744c5d01312332279bd5b4be806,8014
K120467,675cb9c2d04afe7dc2534ce865dd60f81e3b8adedaabb144838310bbc4d8b177,8374
K120469,6f4864147fc72b60a54f77c08d25717410406099aeca1e75bf0d4f3980bc7baa,8102
K120486,255c496288f2306556df374f1984fd6814e5c98926b9935fc2b14e1946ff8c1b,8081
K120491,22a4fc3210a172fbd08fc04c12414bbd8949258119bb56b73c4b1392eea825e1,10378
K120493,a034ddf4070b1dea7d51cdca6743f0f62f31a5f45267c9097cb4ab53655f7c46,8780
K120507,b2c3788f782b5e3801b181cf13cd8fbbd24e1f156ad154daeca060e84a863c15,8883
K120509,4aa8942424927a617cd015a8e6bc1597f6b782d7185e284e7bf1c373001a3248,8905
K120515,43f61c511c02eb36a2176d354b467a279948068d30059306341b35a355582ff4,8735
K120517,67ecfd26d093b32b4de9fa05de1debd53991e482cc0fce5e99a59249a12d362d,8639
K120531,3284ffef4346dd52170aeb795c08fa950a140deaacf5fc1e4bbd869afad5a42f,8965
K120538,7912b20617f3b16f2ae643a40b3a3bac94cb09d15b588e1f0991465af4597154,7674
K120540,01d0248bc9320c32c9c9fdb3dea8bcdf9074cd58d12038d90cf2e1da8c05f99d,7403
K120557,d4fe81af092d8375369377eac5be6f5869177bf7b69d47f702478cd660500cae,8512
K120564,b8f5502ae8459ae63df8621a70da0249922bc48da385048357c13de8ea7cf155,8594
K120570,234186d91c15f1bbc3da7757a5780f2c9f17fd3fc0eed61b01597af95b4996a1,7539
K120571,af9b31c7bd878c72cd2c046ee03c9e26dbd6245e52b1249c4fdbff5d88119f83,12588
K120576,04283cf6cf523efa80bdb1129b067231b42f337ed869e9b29bf76e6e8c42097a,9307
K120578,6abe2270b9c2aef7e6c75101ef68862f22b3d558c80a6de75dcc8112ee615242,9632
K120589,455fd49549311ad2022995197a765f5b30ff5367e8ef6cc53ad99210be3c0c10,8377
K120595,8fcb58efcac8b6ba850c9a4b0a938b6c4489763b76551edf2ce3dcb6babf0f2c,8902
K120599,67db02f382f655c31792fefb8e9154265deaa4288170f53e29fb2f6fcd6841f4,8965
K120602,6bd9365e77eabbafca6970ad68ae4ec9f6023fccffcfc057a4f59ea3a1a9ce9e,7515
K120603,a2cbfcd47e64c387db47de9e90dc300b96bd663b8993a60a0a24d9be42ddee90,9885
K120645,a9cbaed828b870eee5763423805595598787248685fa6e7089b8ce51aabbae27,7372
K120646,6a8c4ae483b8da37b4ec307379ea2d51c3a68689f19455c85fa18c653e528e3d,8388
K120651,7f5c705a07a8d57131ce22f7978b5f62c224d920236caf1e5a3a4eea9d39c00e,6718
K120656,c3365c819d763ef87360c9bfb5e6d7536e3c1da640a7880280e566ff26a9e741,9120
K120667,3af92ea7b26def0f17236e28420092925e54d0611ac53474f43c8b1b3e897fc4,9094
K120689,2aa6141d90d5c3c52dccdff3905bab40cd44e18fdd7bcf4e6507a27c144fb0ec,7590
K120696,320a76bbe8e759c7c307b990a894c16b1597fd91e653a856a591d4b95951dcd9,8235
K120698,27e0027e60a2f84ca11b1f868754dfac33d235316bd5c3a0648c3c1d966d7b4d,8936
K120714,9f42073619813abde6bd2c0ec20ca48ef43ebcdcbdb70fbdabf9c7fdd66260af,9145
K120715,03164fa06a9123fcf13374377e96751ab7485be3a1eaa8777e43560f314c3fdf,8423
K120717,7f231d90d85d7da1daf6c41c7493605182194295bf79da9ba4a78d05caee9f09,7160
K120724,4645b5e49996d2c7f7e64ed1b55b2fa643e8b6f062cb3c19919750defe17e085,7218
K120739,d088784b7ecb87f1ea17e6f982fa968ffefcc07b79de6ecc548fc00242868da6,6
K120740,5ca0954629288190cf85abac0c67347c86a6efaf624381185ac4a7c51961ccfe,9074
K120760,dd5ec3958c6aca53b3f14a98e5eb7d271a9b02611b240d44fad1bb44b594a312,8263
K120772,b8d006d36c1eebe6619267dabec898640a40e8085d0954498c0b4ff7c27d8216,11093
K120787,3e5cb028bfdeab9636c05b3e3873c1ea5fe121f6b72e43be1a96672704d6d11b,8245
K120790,39d6699686f88b6c88dc52e988560758c505b3c9b8ab04ce6ed8dd9f22b77a19,9393
K120794,8f8dba78c1b4bdc10ea5ddc240939e798ac1acecb59ad27c1a5dc751e56e340c,9053
K120802,65c4703800f51b55c048a0a5c74813eb1a086be3e6ee4fb7510ce85bf203abbe,10121
K120807,8e44b55c1597a7f07d09481fb3318a40f107eff9b48931bb8b795c1a18c8e694,7337
K120818,aef7ab1904d23285b2fea0e04cae37c370ccb2b29579c5c0c6c7b41b68172bd8,6967
K120819,1fcbcf2560a570a86b319d8965db648a423e262c799a58bae72eb629bac15aa0,7657
K120824,d1dc438d11b92b1cee5de16fe05144b813b9403cf986f69829009201444f2203,9010
K120829,b11be7aaff72add1da5c1587bdcb8ab0369670d79c25346db94d75095fa23c0a,8705
K120832,c8873da62125f5f9e3aaf9b5622b55250bef4aa799494a0d75c9a335539e568b,9222
K120838,339844a77b81a7fbac49827a2ed99aed1a3ee95079a2d7ef9cdb71f8972e51d5,12964
K120840,4cd6be94a02b124e878195f17e70b3baa22994c0939036db489a99091eaa2524,8501
K120841,2f47201ee751e490e3aa643efe3c821f7699673060be658e4aed9bef02f3cda6,8241
K120854,b62c4bea74d3e21fca054d4df942637cfa5e69882019c5a771812b9afa0ed708,8592
K120869,40a41d97126ce5f03fe10389ad2e091cf804c5b6c32522ed3e6208a6f2be4e59,9908
K120871,e0820d69e4cb0815aa856362b8f5486fadd08d3d5d48cbb1c1e19ad8eb0437f1,9698
K120879,da18e847a8d80a9d000eb9ecb3b806bce146a31f75596502f07a993d00cc879b,8399
K120891,da4fd0a7fdc0e1ab5515095def9cf3e110d9d1128e51302db5e2a2941070b37c,7768
K120899,64368970f1f56f4407ef34daffa2e167f6cd43aa473bb153955151f1241c7184,9442
K120903,444553d77d8bbd9a30fc6a73d12934ccf02fc298d756a623fa5a60ce3e605b4e,6263
K120906,340d802bf8bd206fef3c6ec7349c04bc6cde953834e1d1dcbfb07893760e4312,8464
K120918,5d652091558bebcd6639962794afc3c3bb366a9ab71a229b5b6e0e80c0f5a61f,10105
K120924,a7326cf975c864cd30e27898c74fe453749ea3ec0f4d2a143fade622ee048416,9480
K120928,d3af1a976a08c89ba34d7b1f879d5b5867fc32b4c92d6adb04975afbfee7fa98,12922
K120943,069c0ccfcd3811dd192ad94d7d9327b10c199a3eb0b96940416cd862e73f0e78,8440
K120955,61303e9d85081aafe3254ad899dc3be282371390a223f631bf7df0be8cc336d4,12057
K120966,70109c7112f4326faa99fb893b0f59e6d1f4549d122ec702f14ea49f94293240,8274
K120990,ce2da41a8f2d2a17ce26b17f89d5a7b71ef209dfda2523d68992ea6ffbe78e16,8792
K120991,e97a478fbe8f8a13ae9a11620798b9f4293205b59d91c90ee67412ac598bc2c3,8453
K120992,fa3b6db8b67627d8602823edc68cde2f0723cd39bba305d1b5748f5f2edabde4,8710
K120998,6be2aea761904e148c5448347a5baf84a1ea794935e3bc305e16d3891901d5a3,8265
K121004,830a0f09a80755fb1afa00a88342973d71b0c49ea8d222500186b31673eef40f,6743
K121008,a27bba191f4d7e4833928b6bd89f46b29b9be38bd9da44520de2676a18e30252,6492
K121011,367a7511259809189451089e5d3ecd2fdebd635ac47e2dc821dcc4d79599c66f,8736
K121016,802f02d12e9013d1ca3ab8069651c2bf54beb48d1ea6667b6dfe8fa8aafc713b,9349
K121018,7a5d591606ccb8efd44c4a86c0fa84f824cb0f58d2e76a483abee20da16041e8,9851
K121020,fdae3bd447474263bb95c20becc6b1d2358a9cfb330369223bbb2a770f359eb1,9305
K121024,974d610449e5f33ce2c02d3279fd5de551a8c9fa75aff1fef5f5d44901e03766,12436
K121029,20e719eb33bd0844f3502d900f4c5fdb819cb234e57aff02883f8d996048ffbb,8770
K121034,e569d0c4cd652d792623d720a9899b632207a4f9d9adfb396856bf34da4699f6,8633
K121037,945139d66c7200b7acfefa76ce9ab12d35b251efa700654a8fc73a0d283b4857,10323
K121049,366b5b5790bc207378f57a0cf617f6e8367cacda7f9cafc1175e8609505d699a,7639
K121055,9c5b74aabbf37404eb9d69f03d1646bf0a9a3fc9546eb088a3eb7c360689baa0,9392
K121056,0590d86e268518d54c0ec9f42dbd190172e68075ccb37b2f68a3381895680138,9168
K121060,af38e74674b67b9f16f2d8e420848098e34621028d01e7e409348cf0db0a2d86,8269
K121067,538d6440534fa5f615e8a26932792a82a2e4a33a97886e2d815eab8fc216d415,7
K121078,ee9a7e8bd7f83ce8a09a2563b537090aaee7ce45bb4acaade17b927934ce0da0,8155
K121096,f591951b657b126b23534ec049bb2d108a4a3d5e3825efdd8cebc3522ea308b7,9008
K121103,4974c5eb847a6af598be20388608b7949f26c9e2597aa262e0d00daef8a4532d,15608
K121107,7f5111331e9be4620581d7fb0e53d299e17a47a9ff8b0f28ff58d3483b6a56b1,8546
K121115,78ee8d9d1941a53c07100a2118bbece6f3b1b352d3069acaa47cb26a6996b129,8996
K121116,a308434de74875a4c9adcbb500426d08f6cd382993817300c7cf7de21453b7c2,8062
K121129,11e81a2ac229481e3a532f7dd457b1ba5bc6e20e12b4ce16b2080c6f9223feca,7605
K121130,ba27eca169d257f5ec22c50a73fed6a584e0ed7ec44d7fcc2911cab30997a9f1,11309
K121136,bceaea804da278335fa422eadfdae0bb70686d4e1d21456e3235b088efaf6e76,8378
K121148,7d07eeeec6c79d25bf13ec7937f5dae41b91205cb9fd342942dfde69dc56b5fa,6659
K121149,02cbc0ac25c742855d55e9ef488d8a38199a6ba9cb97d0dbc5210295dd370b99,8845
K121151,9ca32eb0949dce73b0bb894af2954053c63a29e6b468dbbcffab0ed68d7d0e3d,7487
K121172,39e9c6397f6d5248b0a50c1b1974eb383a4fed78bb8f378640769d0f13b9b8f3,8681
K121176,7654cf91c812102fdcaa8b9045347f2bdcad9c73e2c72d9b79c44619f7ee4c3a,8309
K121178,2331bdc685d4b209b6c0fb9d874fa5d8d620ef744b9d70b91957dca24bbd54c5,7691
K121183,d088784b7ecb87f1ea17e6f982fa968ffefcc07b79de6ecc548fc00242868da6,6
K121191,07061e5a726c774f3cadf0dbdeeb79ba895fd0c3667dfa3a12d10f6b66c8dbba,13789
K121211,6809ed7c998047a532383dbf3f8cd94b77f638e4f22c0e34847fd44e0c2b83d1,10809
K121220,5e8dbfd898dbc590d2d2f1b0bc8799d63592dcf72888edf6ed04e2a9b5c53962,13697
K121221,b4c83d3fabed6e74e7bf0704afb33447f77af2c8ef0f871cb5317dcad9bb9386,7690
K121246,53fc9f97d60e01be2769514f06085233e89f112a464dec905cb10b6f81cb7b9d,8900
K121250,6a3cf5192354f71615ac51034b3e97c20eda99643fcaf5bbe6d41ad59bd12167,3
K121252,44c50e2d32ac6bf1743f0b7c1335ff2bf909da247b728b8db75ca6b4c8c89999,8742
K121254,44e6c58954f45217494490c4e87d79cc2ef9a8485dd8746abc25f57f6df242c9,9373
K121263,437d4353aa96c4964963c9f9072b110bff0c92d33d036115dc96d84832ace58f,9216
K121276,5f3695bedeb5ae8a59bf7ea880b631a1b6c226f76bbddc63bebd7ba4e5e7c8d3,7406
K121277,896f1a2672712bb54fd4421669d44bc6f833464161a536e942db8d798e98b3bc,14198
K121297,48d810237366b1e3026f3c9af88840f2c0ad378689c23553173190acb458688e,10127
K121299,8fe675164343dca8ef802e0a7de52e401a6ebae5a83a8835068c1785e53522af,8098
K121302,3d5510a9cd6b7e7a2d0ce529e835ee41ff5d71ded3abc4e7fc6102e65306bcde,10371
K121307,1dc4ddbb0ffdcbd6f0e3de704d2aa6808607cbacac8a5405c534904e86f0a360,8078
K121308,1dcea1dc62b358d8ddaf355436243a491171680347fd33bc24abe0c9653a5548,10071
K121312,c4710836229ef547ba3e8b5d7ebe557ca8a2be3b888dec8c44f829398167044d,7987
K121313,3936fd5eb430bfa93d69da03a6237de2c387520b5c10a41078df5fb1dc718dfa,9515
K121316,71273e6f5f0df0b3c48f3e4e75f9fe9957bbd7fa8fe2a64ed3ba7e4970efc91c,10657
K121320,fdb3fa6f08e254a33e6b15ca9da152d643919d60d0c3ead944eab50807df5c2e,9541
K121323,b70d37c8b55be150d18903dd4fc89cd484f937a6190ef6e8281fe1af57cd5d97,11153
K121330,6cee9a3d9ea8902a097084f4d94c292e9990c4135e8e13a4cac39c0fde83ffe3,8155
K121342,7c370d9536d7d0d6a0f7cd7f9826692acd93e4fb05ba46f7b630b879740343d3,5
K121349,fa5a058fc9da121f6367c4fd7b935b4ca24c637b9d146a876d9ecea164394e0c,6966
K121354,2fcd54d3b25de06197e6c07543f301694da1a06abefdf463812ee5570b82b899,7702
K121356,f90716215f1e7452184bc06cba9a22a62075453d10c62148dc3d8051d1948ab0,7545
K121392,ebdfb70453dcd0ac11704a500885bce9552ff8b295c97b44e4316f6fb8be11e0,11064
K121393,fdea56109d7e57cbbe8fdb13c84921c41b9901f3d31e9ab67fe27a9ee001a922,17775
K121416,893ca6805f69b49dfc98354046ea967b5f1ad6d216dd74b391b1aea31212c633,9126
K121417,13bb4de0938be852cfe533752d53fb3e67099d357f4525e809d359f9e94e06e5,6369
K121425,4d7a248f8488ed682c776fdeb9d4a62cb991972b0ddd4609eff06a77613e9d28,10001
K121437,a233c0c6f8fa7e2a148f7c02b4bf7552f1ddb03f4c71016435d1d7a227ced1e7,6078
K121439,d088784b7ecb87f1ea17e6f982fa968ffefcc07b79de6ecc548fc00242868da6,6
K121443,23ee6ddea2d790a47340214b6f54486f6264ad5be6d934fe63a701a6544e9413,9702
K121452,836f40712ce2afa3a20f9bbc1a5b400435f0381d336b67bfc9e7b698fa1baace,7173
K121453,03767a4c4c2fc1c865ad17ef98e0ef4fe5ad8b5bf0ce69c5f470598af5e85882,7883
K121493,b6e23af3d5c952f35b4884a7e0ffeb5dd7ff41a63f7a8add17d39b8e9da84422,9088
K121494,3c9df68d170123b140f1c5b879ac72ce3d189a0d488fdc8a51f98207a108bc42,8423
K121495,6f9460f1f200c8809cb5d22898c328bed674594bc96393977748b3ad20d8a9f0,7949
K121509,df6f70b72920d35b86e78cfdd357ee1089a283962ecf6a39c202aba29f4b4c00,7837
K121514,c3c269caba2a6c54eeae1f186afa044d3de8cc6fcfb4fd09ef17802c7a14793e,7692
K121541,0f51b3813ab4208d10a710e1d567e2ef3ecbf9ba43cc59cbb6e87e89eb18732d,8809
K121543,7c370d9536d7d0d6a0f7cd7f9826692acd93e4fb05ba46f7b630b879740343d3,5
K121563,8db517e0018d910e5f89f476326f361eac222ad28f289cb2efae682232da0953,9973
K121567,29170b7a796287ff8953527e9f620e5411ddfad99df34fa7e1e6690f25f93343,8549
K121568,30cdaad409046b9741de15e4e3ce618c910e820d5c0f09cd3e687bfc892c10e7,8551
K121569,908175acac256f5fe16e73b9ab8260696c6880ef45bff35b67b363ceaa83fe1b,9185
K121575,afcd07e050f389c74a2fd8a6e9ec46a5032c21ff72ee117f488a7909bd437b43,10104
K121581,9ba7cf6c676362f3c5abec11eebd1a652b563d7cb41e2c4d974078775a5021fd,12835
K121601,9cbf248db3d84b0b1080b59de9b7247da03133561816e1451d75edbfea93ee61,8968
K121615,a4ebe1b8e0c02cd9fc427d72bb4f87ef629b84933c35aff619ae22e492913585,7836
K121619,091093379f2c30a67c74ee7e0728cf59fd00c1cb64ff49ac5c966e77738fec03,18000
K121627,c27e25202d43d01138b5c91e3749ae8367c9dc5bcb8f005bd9be509b5fbd0dba,11856
K121630,545c38b0922de19734fbffde62792c37c2aef6a3216cfa472449173165220f7d,4
K121636,92a9c434542ca7694b8117a74410ea893e0778fb403a87030cfa4701260d7991,12590
K121640,4bbe04d9746285b12734b97ab43ba4c5beb1f867d36866460d205687a9056efe,10121
K121649,1059798de1b558d499e7b59cdc4b39aeaed95a951a37ff3bb660fee41dbc325d,9394
K121651,7c370d9536d7d0d6a0f7cd7f9826692acd93e4fb05ba46f7b630b879740343d3,5
K121658,0baaf166024c228aca1a7310a3be70e3fc7338e7b440d6bca8c499de38cd6abf,9819
K121665,acb67762858cfd758d427dd3ed169a0d24069f83d5814c79b964475a765e5bef,9586
K121670,9919cfd325c82b227957a3b6b325f9604ec6d0aa1e0afdd831d9a954d2f882b3,12144
K121671,ebcc2061274c443346d90f694b800b57f91e1d33ba2f3a6d23c03ad830ca9954,10542
K121672,8a880a8e6beb3efdda07f7b2ddbf2e4df66d4cccd81d861728e2135087424355,7138
K121680,d088784b7ecb87f1ea17e6f982fa968ffefcc07b79de6ecc548fc00242868da6,6
K121682,2cb75a64f458d807da8273c2168a4918d5a4a7a668335d4cf1b1037ed5c76892,9331
K121683,a4ffa18b89b30a2f9be9664a9c7bac1fde827177f185850d02027903d2656c7d,9068
K121684,9b70ca1182eaafb8795bb7048f588e96929f4a04d519e33408c4dc2521680b3a,10224
K121693,0a8d0cffa3626d165457bf23aec7e7cb204a347847d1285e32ce3f865ea5ad36,11483
K121713,28810bf84dc5447e70547094e604c226afd757ed2aad12632c22c22245c2ea92,6236
K121714,7fda9d00979a748fb2723ba6b59af631377eb0822dbeae791ffb3c14d44bc844,15058
K121725,6b64fdd56f6f8f44b75978a0ef79718621f054c9ac3f94108494cfc58f79b94b,9440
K121727,60caa24260444b219bbe83b6bc78fc49e437ca02fbed8b6969a8a77b119d944d,8503
K121728,2fae3a04be5dbad639708a01d38e94865576ecb2b910d84ae3ebb07252287373,7745
K121732,ba31c752216619a67a49b00537c3a7bcdd04b9bd0d62cf2b3a81c1d8c2eee045,7384
K121733,0c581ff47946e0254303ebd6bd94d56b11193b10317a1b29da54aac27062a3d1,8572
K121741,2273e88d1d57fad10a2839617497b73f43dc581f0cdbed847a89982ff0c596c0,8125
K121760,2ce95b71ac73c32aafcf4870fa14dd59b0476a1625e9584845322fb66155bc3b,9236
K121764,538d6440534fa5f615e8a26932792a82a2e4a33a97886e2d815eab8fc216d415,7
K121771,8332e3fe8d78063ef776eb443241880127c5fc5ec1bb4bfe08abee2e64c831d3,11885
K121777,1c6e6955f33bcf8d0cca86e90a42ff702bb66506016a7d2a4e3dd5be80aab345,9668
K121786,08fda1e73f5a452475b720cd3bf3385cfe04964b477de1aeb7d113908e9e5d47,7770
K121791,d117b7a247a1a7c59fd8b7bb10625c6618673f779840f3aa2ad1dc01689bb190,7941
K121801,f06c05b188cd1412605497e6d33dbd66f901b0cdce55234a86405660a742ea9b,8328
K121808,b82e280f435146f3a3cd591edd30f7f763875839474813a1389479291f82b1e3,8787
K121815,bf6e9f46522c662eb7d8597f1a8806abeb0e56717d736b16cad3ce211e244f0d,8723
K121826,e8fd2126d2404d5f62ddba4d92916dc344f837ae242486364d3eadf71897847a,7765
K121835,c96b4b4b41a372cb05b17de8f41336d2e71252961631e2572f3df7e1cd00e5df,7281
K121837,9cd31054884c9e066e83cf0aa7d59fe2c946890aaab2a95d82f3f925be08b360,8745
K121852,d0ca348d509fd88e6b85b91d0cfa5e46d1338953ea39672afdfe0147b9651c9e,7965
K121862,e869045a8cfe83929f26f5b4c7474c514d49a3f60b6054aee2452b35105508b9,8064
K121874,b939c6db724f1ff46f1295b00a163ca37b28cc22a6cb6d39dd907b0dd382cb19,11464
K121876,d3e76814d13c9bd6634a49cf6d683eda05beede011be9422932aa5c6b677ddd5,9803
K121877,cb5a057970e4fff73cb749c9aee4c7876cb1df3a7f2c2b7e46efaeb85353c66e,9871
K121879,b4d4478b1a07af4d7f293c1c57c02d27d4d7a5520b789ac5d24340b2a648b099,7660
K121889,9007df12668f9c403af9568bdf30c8431bdb4d9d17bb9716c755e3a66d39599a,7412
K121890,d110e8e0babe30a5a821b076fc01722c225e3f1d1d2aebbb8fac9a4d1be1ff53,8445
K121892,c356fff8518ba88d5844b4eeba491645b44d3b0b06c361c04705cb9a39f5179e,8860
K121922,6475f536e0cf71a8bf128af7f6edb684dfb2fd16109bc6331a5d59b7614fcba8,11829
K121924,d01fee7a64e7e6716f3895984f8c11d326186e170d13304490e26ccd7b6f8be6,8668
K121935,c445179788daa80bc2c17658801785b4a4cad9f39e4203f75f675a3e6c016298,9903
K121940,e691a4a9595a9e6592d4ba770998bb66ad59533358277e24f1d9e58b4cb03e01,10043
K121973,c03cef69ce4040b1aa6967aa9198562de4e6f2e9b082f360ff987374b6705a4d,8423
K121974,81fa75121e6b6c5a40932df1d8f41ccf720ebdccbd808f1ac7e3d61b2880e36e,11707
K121979,82e75514bfcbd3faa39b95fbb6af0634c768d2c1cb0da682ce8bfa2365277c20,12040
K121982,549b754ab00e981cfb2f1a88f92b25072415c25bdd1dc628c8337876c99665d3,13411
K121989,6103b82ad596d9ee6f76df0bfc944235bf4c75e0b39f9583f0c584b8e168098a,8943
K122005,cbfd9afe0983b9ac91642da5cd5edb1437f0d8d370139e0e3eee079a6c2ceebc,7859
K122008,ee1436b2c680b62d787f0f566fa5c0f8fdc6e14278f8d4f5b3e1d6b371d1ac58,7455
K122015,78e7ca8a644ba85a121ce6e40f8446b49445fddd5fa0b879a29b31f4032fa8a9,8631
K122021,9ade1b341fb28ccd4f6cef6a8265004af6796adb5ec0e3031f3c2eeaeb19d992,8143
K122031,31d3c61a1ae0ee7c492ffef0f62ad1c4238ef50ae0049d0ae5c5a70b23fb681b,6245
K122033,c4e01f9ef68f005668276ad1deb21e68fc086d95e19eb05ead2729c3cd1eaa11,16508
K122037,067f446ec0de0d94869cdee3028767a2180d3d0b36462de362d226afd1ee2dd4,30587
K122047,345176bcb364137f10242555f6e52164f782885935a337c057e9fbfaf789476b,8448
K122053,1c49f4e66a2e7f1ff0d7f4bd69a0082d2b8c1282011722fc114aef9154bd619e,9703
K122059,601f91eb049353fa309e15bf5d0bcfbbf348d62c2e2a70ea6793bd2c0429825e,8404
K122074,fee473e7b8c5b4bc928d524ef1b043f44225d0edc0598ff6ae2ef490de2ac81e,6493
K122081,b33b0a4956e5c3ae8493c83fd50c526aabe26b5701a7eb63c331a867cc52bc31,8539
K122085,d80a33c8e2b851c9770db47e6748eed652d5dfa6deea4f9c7dc46eaee7030fdd,9380
K122097,9e8c5b53fbb4c6b162e13248c3c0e78ad5108b9133ec6b732a3c4337825f5078,9018
K122099,3609f60151fefd535476fe6beccecaadcd5e8829a8176eb856e962765924bf5a,9973
K122113,925e5e14e3b0fc05a80861bcf099b5af3eb8a4ee795113466515ad7f51ce1870,6485
K122123,25f1916810ed9b945ce23d3eba8943c0f0dcce72e874075dd3be49a2db537b2d,8003
K122139,605aa9355b7d7f4d8d55ca464e4fd84d447c68d1ffb96137b49ee54011df5af1,8186
K122145,20411bb49eacfd7b876f0ede0e83a3f8557b351881b167e3d7aaa6ac05282227,9929
K122158,849c559cb1c054dffd7957f4a7d2e3e691e09ec2af657f3268ac096314648a33,15738
K122160,d088784b7ecb87f1ea17e6f982fa968ffefcc07b79de6ecc548fc00242868da6,6
K122163,027660631d2931097cdc44df4d5553e2504a7723538cc429215212a17230ebd8,8070
K122168,6c7e7f9c0581063141127f5227cd646b9a5e3691c1d75faa23b267f0ddc690fe,10487
K122170,e4f46551adfcbc12cd5af3e4d5b0fff920abee45897c73bb8e7a29aa3c79dfb8,39641
K122175,982420418a28f7b4764a73ac2af9b87ecf012c4cdeb80ba0bb771db3961f4523,8418
K122183,02e4c877c0bcfaffaf95314f363f103593003eb1cc5799a09a0776f330d4bf31,10038
K122185,7d95781b49e82d8136b08083505f7440521fc6804d413f93c727d5f92307d135,14969
K122208,ae30d308638442bd906ce74d5ccc10b14e655d208ce1a8588927718b6e12bf46,7200
K122210,b95c04257072cce44aff7dd4cf16149d655c9aa74835d369c0d433bbcf4ef847,13916
K122216,c23ff14b80f3e8047a7d89d1557a84fbbbd1178b96396e8c4b37cc9ad6c5fe4a,8608
K122218,11bedb6cd276622d9ca87da890970ff9e7467c14f07b66be8626a199c449b608,8094
K122226,c03a45ec8566f1593c2d1b0856f90c23f547a1eeaa7b265b717e9f732f3e2b9e,14101
K122228,0af73daec940cba8e1233da9a31bd308ed048c11c5c95473305480699e689cff,7655
K122229,86c45948d0181ed03527f7f073089c79a0c769d2394014dccbd31c8cae32c5be,8948
K122232,b20eda476837e0bd9df8378ba39d3f002d90e56cb6bfea1ad44aff685f0a0b5a,9853
K122233,fec5c7c1ba089b615c0630b0ffb4ad67a71c6b86d7a1a7d1aca2df792bbf87d1,8173
K122239,6459b006e808a2f2b3a3ae02a4becc7fd4f81a65a44cbf1b60d57e784f166762,7729
K122244,63a7467672dbbbd6435a08a1eaf14dc08467284666021de5ed6aa0d21ed7756a,8589
K122277,0c04a5abef69fadf4503b4d311c57a263fd67418f4ea3ead217a87044b80d487,10640
K122284,587cef0e48e27168d661d1218cb6d17c321338142f36e8dde3930e08e6cfa433,8591
K122292,ebb9f206adce1fe2990697d6c88955239197425f27259d0773609f556e7e44ea,9487
K122293,769f3b66f65c4aa20fdc2c9b28a8e02805801db70cbfca0df6de4a27925bdc80,6844
K122296,6799a0427e95ca378278da2b8fd0ba4acffbd7ac69ef323fdbcec8276ee1d129,9813
K122305,a6ef64e9984f6dd8d5bc61bb60419cc4ea96b9f0256729a94d92c8e7c98a492a,8249
K122308,3e076baaad1076247e7f608f946f15419a1e7e894a53933cae76f9933deac2d9,7381
K122310,dca3a6686911e23421c55688e2ef50725eb4bbd371e7710f83d1b9192e76bae9,8002
K122314,1998cabacc63fd82cfb56a9ccedc8df3c784c1809fad11dc75d12053f77c502c,10127
K122317,554a478646a36873cf8e543519b4255bb504f086c39dbc50aa7cbccf827a98fb,8514
K122332,218b8f07eee11aa8ee1d79f544a5946589a13ab34e00dd0a3dc3ea16f46191af,8706
K122334,5c4f8391c699deb4ad2bab91c9a290dd3346a85e3ce37d26c38f9e8c68b7d016,7011
K122336,b8a552dec0c6e6b02b10fb92e6bc503ae2fb5716594f0d6e1246de77ce3ec601,9523
K122352,ad7add9bd258a5a4dadbc4270f9572d960ea642a07845076fa1d77dc30d4f607,10797
K122366,65e170060ac205a1047cd59477085ee4530e6789862309a69ad72972606e37f0,7877
K122378,5964a8c6fc5849a7e466dae1a4989cb7fdb5c94aa07440266bc6083b2c5384ca,10286
K122382,15b56c21fbe8c19b04f5703de544bab37bd24953ab83312d7339bcad7328b487,8042
K122415,8873e6df117da45f6be11033f186dc2983af499b4641b0766203af6e4d70b395,6514
K122433,d088784b7ecb87f1ea17e6f982fa968ffefcc07b79de6ecc548fc00242868da6,6
K122437,1d6edcd1acabb6506fdf4c26fa8603fc4cf8be9976388d4c4ccd25713a384c06,7182
K122442,545c38b0922de19734fbffde62792c37c2aef6a3216cfa472449173165220f7d,4
K122444,354050149224e44356b8844f1801fb4d8b4399047b02390d3a95627e7615749e,6705
K122455,d51886429ffb8799348ff3e9f0339419cddc5ccbc0dc2379b69f567f3ebd9e85,9555
K122463,b292633cf4330e05603cf106558d27faefec8bb50a04fd349530bcb4a75b8c2a,8945
K122489,6f77001d3d11df5aee3cd3ad8d17e6af601f0361046c4894538c349c3731d7b1,6388
K122497,9ded27504189634ae986373b326e7aa00c354355e118c4b4457cfa1146e0f4b3,10946
K122500,6b3f63c42dc1429cb2bc6634171d424810604a6ef11db151275cd16fec75b889,8633
K122503,d088784b7ecb87f1ea17e6f982fa968ffefcc07b79de6ecc548fc00242868da6,6
K122504,7472ed33a88dd393b749dc3036108941409cf39c7438259359215ccdf492cf2d,9218
K122509,5ffda615d37e13b53289e46c58c380862cb0f521f7444a522015ca42834acb57,8936
K122512,b57ac7f1f10e882e706e3fb08c25ae4342a16af6bba33ef9268782c0d70a5894,11755
K122513,24000156abf35153aa08945dfd35ef2d9aea0f1a653a40ea43c0db39d7ab51a1,10494
K122518,b44d6c129db26bb6669c515b0d2e2f7d7b68bde30a1920418349d3de1fd64e0c,11810
K122529,d80c081d82e344993db2e359f33aa6b97e961e6ff14b5f50b7be5122b956d271,9369
K122533,5f895e2bd5b78460fb2ce3cdd472909bfed1fa88a2ab0338b1112569e66e3fb5,9344
K122538,434c97fea45faabd723ad2f5265eeb6b16a337d04ed28ed91dbe65d0a3f2eceb,8663
K122541,d4a32d25b44f30cd61df8ef15ff2a45d6d3c98a8223fd8648697ee9d98588a0b,8457
K122571,df2f71a67e41415a878645afea362e4cb0031aabe2ae9088d2cbee09a1503819,11721
K122588,545c38b0922de19734fbffde62792c37c2aef6a3216cfa472449173165220f7d,4
K122591,24d886ced4d4fcd884c7d811579050c6d49a589cb65971081d9778daa462fd8d,8313
K122592,77f390660f63ce5af57dd46e7469c5e1bbd547e64892f4d83f15af3f56843656,10140
K122596,7c8d3d311eb664f8f645de79900913dca6f2ef0393bbdd4fb7273ff6b09c38b3,15347
K122622,65e64b60794c418229481a412757b3493089aaa577df92faed38a8716a5e5cf6,7098
K122623,7a31f92ae10f31327bd5cbf9fb39a1d56b72bf6accaeeb17dbc8f49bc82bb75a,7460
K122630,40cd19e8813b15e997c2be85f852370321170335c50ce1f055b254849803f384,8828
K122635,cfbc09ed98d90f2e1b6ae61099ca4835aef801afdf4ed4508b9574a78a9f9326,9592
K122636,ecdc1a04e6d016f27059e7f6c337864f5f829a9f0cdc52c6d12c0cd7df73f3bc,8060
K122639,a8d00178bd971cd3a201705f249d1135f54ea49be7c8c1963c4e5e080d9bbc65,8415
K122641,c9708f7a23456fa36db1f2461a3e0c5adf0c103b8bd4c900595706d99db836ed,9174
K122692,7c370d9536d7d0d6a0f7cd7f9826692acd93e4fb05ba46f7b630b879740343d3,5
K122698,d088784b7ecb87f1ea17e6f982fa968ffefcc07b79de6ecc548fc00242868da6,6
K122733,6897d09fa90dbc554328f525878dad4ca9cbcfc3d0cd6be8c1706c409f325bbe,7520
K122737,f0b918bada9cef92da766708954d4e9854bd91797bc5b9388fb92d7717e37bde,7960
K122738,174f8d9349f3b166731fc189478e0cdd4f8caaa5b5403ccb6a494edd6899347a,7553
K122745,a57ae3cfc9070722581227f9343140e7b1148ab29f8b4787f015c282deb5d3ae,10101
K122765,fd730eee8c7789a2fd4951b854c01541629df24a8ecbe69adc6b56d23f00f849,7437
K122770,9ef0cd409a31edfa4385cdbe8f2809ff1f7cf145c61bba14e1874567de9fdca8,8318
K122771,5001a922c95a9ab27e3318364dec768a0f0ddce2fa444856d6f017ba9a54f228,8939
K122773,b5da1fec58d0c829b8456989badea7c1f34a35390cd94279e909b012f3fead7b,8144
K122777,9590a6956666c0b1f4f06c1d6e3523b2312b5ef26483d67dfe2f32d99f506b58,6280
K122783,91265fa6d6f41670e27312b45a4e99630469516551a879e1d12f543f2eed89e9,11327
K122798,c5fc3bd8d20bd4d30a449df1c55ce8cc0c405fc3475b716a8c7d3503ec8c45e1,9031
K122801,a306a660159e95773f4ec980fb3879344465176393c67ff5f7e923d24b777c33,7895
K122805,da9d50101a4d2406f653ec6aae25b9f31689a51bd2feb500ed8442868b4934c3,9593
K122814,2ed5d51863beac9b16db91b0575ff35b97a464efc25172860aafdc0f47d79198,7308
K122822,cfc2d47233cc26efb779484b0303329c1f62c29376424d08b7e7b12be146e76d,7284
K122823,4d0174094d3cb4f01ee1ec5e452dedf85b2a0dfda1a9b2d6260e221774417549,9724
K122845,018c10c9a74143d7475c21d13b2c8e1e10f7f158a5b4601bb0b52b50dc2c086e,14838
K122853,3b30202b1a2d6f420e7ba4c2f00117bd1d64f1dd16de2529cc29258b5ed2d8b4,10331
K122860,c10cb48d7ffb0078101e5948929a7ebd86096c718d28bfa437462adc720431d8,8879
K122862,7c370d9536d7d0d6a0f7cd7f9826692acd93e4fb05ba46f7b630b879740343d3,5
K122868,6060d95bc1c1deca649d42ecd67fdcfb36d5346046c0d354fda3122315a33aa7,8416
K122869,6aaa683f083395fb903f2002b1f3589fb763cf24550eb51b655fa34a4581197b,8474
K122870,d30c43d338baeee859ba02b73167f6e5008e446267de84fd37a6f62ca97fa60c,16862
K122871,b97dd0c52739932e7e3a7936706ccbbbcbb39f43b9dea217f9c69b2194eff163,7848
K122872,ae471f44f0151c21ad1fd88ae8f2a44c84f741dffd140c1cccccdf6328f0486e,9364
K122877,2b58de246d4f0d9511290d717c6c3e132b6a5b274acf5ba1d25377f67f02a3e2,10165
K122883,69573ebd8439245d86cd964572ade1fc9656dac0666607a537bab52e6c296a0b,7775
K122896,10ee5a00211f88dd75f91ce7c5b14d7fabf03529807090a1ffab72cb1b81800f,10026
K122901,f429907bc570e0e2a24f693aa32f40381f8eedf09fc233f91f36cccda84a7cbf,8634
K122910,179b023de18a1f1d0211d7cbc88e3692f373c3c91f325ef579289bd77b1152d3,8989
K122911,8b39168d9de258da837c471c4623d3513a1977a0b4ae5e8bc57e464479e78b57,9231
K122931,778a83cbdc30246ec6e873afc4a843a73fb7968b8eeab0e0bd2fa3125aedb687,8705
K122936,315e1253ca10e74252bbd2d61a84fe7832ba9eea23c6df5931d61f8a245f00f5,10546
K122954,03e22896d6fe81dfdea22cf76001ef7cbc81b34abc55ef7b8057334430870b9f,9640
K122956,61cf60b89ed5668d4b50b3c2f60572a33b44c348c2849fa1093f6b712fbb7227,8850
K122957,545c38b0922de19734fbffde62792c37c2aef6a3216cfa472449173165220f7d,4
K122959,2ccf8af426f144f6908e75d130717edfb1afdca3a5b23ed795d9d03155421d82,7546
K122967,ebba08fa0034d163487206620b7ba0d0b8edf9ff7f1e9ce5b1d5f3390acac1c2,8488
K122975,b4ff253b3d951789225bc59b22d4070046c403e5320b1f37e8427146ca94f26f,10868
K122985,91a74da77a4dee5a799d150dd6023e2461d1163c22877e6b25ca6ccc5c76b5d1,7996
K122989,8042e88030bfe6bf70ca8f66157d5894f91851aaac406050fb013fc945f942cd,11145
K122991,5dc21323978d4f2ffd1f0cf5d94d07c9233b3896be3f7d1b3bdf30786464d142,13897
K122994,55beb2b5dbde2b5481777ec7bcf4be83d6c13b550ce5547d4a4ddf9b9385ca20,8364
K123000,ad06cc5e6a220b2de324ec3ae8e99b12a26334123ccd9d341fe264be354006b1,8520
K123012,b6ba727ad0caaa51dfb554ca0148f71aa35275dfb58114bc99b3bbbffc1eeae5,9570
K123019,c87e9deade4ab03d3d91eadddbbfd179033157b0b50518864cf99d9d920ef13f,8630
K123027,466d750d8ca2a71d00f10a89267ae86fc782739d5c2cd62880d5299921ee42b9,9060
K123045,5e9db342041ddb0eea0792c35b22d66a6ac10bbcd6306d87f789ab46cd4a7e35,9890
K123055,7fbbf87796852b1e1d23864ec35b189268ce440be967de2a6f04682f08330b50,24542
K123059,070c9a34e9e160aaaeec4c06440d717f7036d68706b00023861320a1151d7ca7,7542
K123081,0b7c647170e5b0efe0bcf2cf0fa82632b166a3fbfbb390145d37e582e8ff8625,9839
K123093,801e732f4bd40faa4a6746ae16700adcc315a4e56ab4e135f8614b7d1c5040b9,9921
K123100,368d39cd00fc977d99cac4a50b4d18df06ed80a44b2c1b7eb9f1283b85513804,8292
K123122,00597906765cdc0638b24b39caaede967f351dac764744b1eb1e5ca033b62eef,10528
K123134,ff93dae0bf12a13b215f9e76563ee41c3f1bb507e674adae861cbfa18ebc896c,8177
K123138,538d6440534fa5f615e8a26932792a82a2e4a33a97886e2d815eab8fc216d415,7
K123159,bcee01083e14ffb30abf532e0753fc6357504b43b384bf6fad77422319cf0b5c,7283
K123164,e3359ca8d260100988957d6fde30d766c7c01cd9017463fcc992631c0294ad13,10814
K123166,fb5ec673afa65166fc3e70ee38d1bae244d4c66cf14b884a91e6d381cc1d5e1b,10761
K123167,e152350889838c9972975352997f96c5c903cbd05414b5d9c3f4c72743e64929,8358
K123180,cc700b0166265e8fa4aec71a8db04a136b9e78489f7bd004ea99e53d0c6eca6b,7914
K123203,ed6db43e8fb7e222ab92d3d3fd98f23defdb91acea1bb6eee4275bb57d2e404d,7854
K123206,2260f128f123beed602ddad9fe6c1a6ca2e8f870c559af7a1e610fc080e634b9,9812
K123207,eee574821d63c9a45c3978b37231ae6a651a964c2691dda29bfc17b74ca57f55,10416
K123225,914b47973545259be24d6180c3a91fd519227577cb126864f7dbd5720fd9c461,9058
K123231,2efe2ab6380c85e7f8c7cc4929b4e6ddf6d6406a25f5315135ac16f049b37d48,8507
K123232,5a65a7e5bade53ea33811a6ae25f382d739c3e43232c61a3b9d8c7579dd7bea7,7135
K123240,881c4f00401a6461e47c98f5113f1715e3a9fda136bf7db28e35d708abb7370b,8314
K123241,67417e59b9490401e7c35f84a6651dabe20aabe4949e03004fd2570e3a6b0ce7,10722
K123246,d088784b7ecb87f1ea17e6f982fa968ffefcc07b79de6ecc548fc00242868da6,6
K123281,8d6062ac531edae172e8fe811e3f290d29c2856e178f5895edae95820d51daf4,9508
K123297,2776907d447153a69e1fd4befd501da191e16cc05c338f91eb5d44fdfed5eebe,7615
K123339,f2597bd9bfe3553353c8ac2310681fb8a9bfc122f529f955a521bf7598241113,9008
K123341,67fd6334b555cd047f81aafa2537fb9ad1889eeb417c80fdb6693bc42d2baacd,8124
K123342,7030b313caa86427a1bd6721f08b4a7df97a0ecffb4ce8c752ecd4e2f2649a9d,8407
K123347,68b7e1ba1707440b01c023390da7c845c6e961f4bdf8aef4f4b5633d065651e5,8024
K123350,94c18d50da328f76265d5827f99fb91d96f99f13e3edf14cbdc3ca8283766253,9415
K123352,10abfb408c61d474e6fe5ad4f7464e413b6205435cd2d574575949c7fdf2635b,8509
K123362,47cd34684d1a4bf78c262de0e72b7fdb4488cb8d109cd466b98cbd0d96d36a21,7746
K123363,1ed7e3ef7cae6d117f02c0d84b990c7eb9a543255da623076fc5b21038b54dd8,8041
K123373,2367863d4edcf0e54bff27b0bf0c6c09afe0d11d61f34b944275743abc8e2a94,8452
K123380,5646c7465e67364fdc51a3a65a557107a4bec7f422b1b8b2dbf1558cf4be58af,12640
K123388,3ea69a8eaef5353fa3d5185fca4a3ed40b1928a2c76481cff7e87a89a44b3841,7553
K123392,128d24996db5c5a989654c5cee4e7f2b4d661c62ac1c53a509cf0c7a2ce20139,8041
K123393,96c5c5bdadb950fe1690ee09685ddf50565b37ef5d8795911d3465f392e833ce,8398
K123401,cba5cab56c5b03ae4ad2288f81297ba33e3ad305b91ed01e96f9ffaaacc4cebb,9072
K123403,695f3d3fbb839200a1bd9696d76bef3ad2d0a965a814fae83d833595ca8bbbdc,7261
K123412,c068929417ec00536ca2d2545327f60ae58467d6f409dbecca2fc5a783148990,10884
K123425,68bbe8a14e307383e55dac66afe93a6203d94ee23466a6baf9f4b216ed77467a,9281
K123434,3d1baeb194b309c07388d6f7ffce0a45f4ee543fa0b7b4d7611990bb0747ea09,10360
K123451,8722affa8dd09237ca848d2131fc60c823287b4c7c88d4630879483860dabb8f,11896
K123457,ee5742ede023f08f0feed9ad79b8adae24bec6562c233adedd8ca6193f583329,7536
K123459,e4b5cbcb9fe9af56d078de86a95d3ac251fc025911fbc6fc2315ac8cf1dc0040,11318
K123461,3dc0fa2380347f4eca2ae725394d83c357b7b9613eee44e83d502979aa35a646,8160
K123476,89462c8625fe62fd7d7c7c7344bcab29fc57e3e33dd5ed13cc15c5f5c7c24eac,8719
K123485,1ebbe6ab8137f9ab96442af8637a8cb169b3fadd8ec451105ad083e1089032f4,8828
K123486,0aae430c5e31ac0e88b3e99b785cc14c8b71dc416a368ceb53328b7f4d1da656,9947
K123487,123d6b395c6c8c079c1e28beba835cce503d9c0f803a3cc933acf2d07691b308,11648
K123501,ab5b2aac59937a0f354ef0299f3ef8d40a1bcc0f105e58ba77a3903dcbc20ed1,9899
K123521,f64fe89090af25475d673c13238b304562a6eee930ba1fe8bfb9b54d8c8a8243,11492
K123525,f0b725047b5613cf04520778c3d9733710f6d26118dced8f0c286972b97baf08,7819
K123549,38c2c4662a454987428a5c50622de6a9e445af34aed87fbef3f0e4ae911a818d,12399
K123550,0a4774a6c7cbcda0287fa68012e82840c5fb1041211840e4bdb754457541f860,11010
K123552,d813a7394e1a62cecf9c33157429f856e77eb164cb2128abcc0247ec14478cf6,10479
K123562,3edb235e12aac6cc57692bb96242c9667e9e94fb3f1a2e76495f072ce372da4d,10559
K123568,0e0392e43a993e6e5fe81a8bef8e7ab537d219a2092ae87625980b93eded700e,12391
K123569,4338b7fd9824f5af1dea9e230934d6fa5fcaa3d29becfd139db7f0abfdf89f3c,7267
K123578,73946c5ab7e8b47917b4f7cf0859bcff259aec63e93f78681d6cc8b7e8c741e9,10437
K123579,0252f4a156354c4ae8a0b75561730217fcb8af18e9df129e828520455f3ac24d,7895
K123598,a66b8b29b6eb6d8d6ac137234cb5d8f49f9bb4507a678c7f3ff97659a36ae3b0,27
K123602,e79fc02752c2589c2b4e07a2e0d2537c4ee3308cd2f23c1fd3e2cc1540e2baeb,9699
K123604,59e3cb0356b914a1747af871d1cbbfb9a05a4d4cc52b89044f0def7117705583,10378
K123607,65c3cb8b5d17fd797095055a00b467c60de694849375c3c564761182bfd15d7d,8917
K123619,1405f58cc44d8a6f18a69f58bb60813f9b32b4c7801e9f6df663d677b8522035,9933
K123623,a7ba0279bdfeed08c8f354c20087b596795aa3fe44de5240e6134c769fcdb47f,8364
K123651,7e64f313db0a2c0d65e1cb5f5cdfbe6025f8ef905a4da8c48e6c30a80ca1c806,7793
K123652,e65a140efa67dc3e1afb66dc09061c8ca591e029640066eea16bf3f5850dd20f,7893
K123656,feb6a52fb280f83299ca6305a949f5c19ebddb42e154f7f6f69f77218bc66f37,12622
K123672,d36fd5412c2c2d83efa3205c72d395480cfc94bf71ad4ef4bb073e45b05fde2f,9753
K123687,44513ecee4665e43ece84f2acb70e7559fb0d53b0f65d24686ed17a47839f137,10157
K123688,8233efb0d9cf50210a1f85b81530327ed478e8eca7612d113f8c63eae93898ef,10327
K123691,5112e874c755e8e40a50b9a826c0fc479680b91c31029ea9f915a8728a86bd52,8622
K123692,6c0ec2d6af35d9d6acd87254ac31fd884c819f045836229ba21c755e8fa008f7,9412
K123702,16ef91b735cbc768082ad9c98399013e394012d1721615e6e73abce2f0205fac,7688
K123705,f60d1c010f502781bbf97f001d744ab9153a5246873e2292dde7b8324cc216c8,9841
K123717,837c1b7fc8f4f4ee992b55f3958b2744934f41e5d523ecea35ebd32051893ad7,9222
K123721,da0faf14ca2a0a21953086b5e44979c7a5b69fda207a0153b3c35a87abdc6484,11539
K123745,929c7cc6b3a0196b8c5463676f67b46fe75cf80b3a7900d5c1f362fd84fdb32e,9970
K123752,40a983887f27bcf5e203b5b514cc06e8bc7499fe46b4a899609bff719adbebb7,9768
K123758,9298ef4040207a408c23ab062679a9c7a06f59ad44f2c25766d7a20d849d30f7,9093
K123767,eccef6f869c0a6cfce247b68ac3ecd571af4827c1c5969d08a6f8ef89cafb502,13291
K123782,d912c4a71c9bc4ad833ade35404e674520d8335e15df4c12702f63f9966e2cb8,8281
K123783,79beec325b5b88d6273cd021ae1dbafb5cda7af50163544b19189c05caf95f74,9396
K123809,7c370d9536d7d0d6a0f7cd7f9826692acd93e4fb05ba46f7b630b879740343d3,5
K123810,7c370d9536d7d0d6a0f7cd7f9826692acd93e4fb05ba46f7b630b879740343d3,5
K123814,8e7436ae66fc4c7524bc603e34e4052091a09464c3336c957ef8fd8c32007b6d,9066
K123850,3bfeb8346d65482b6d54c13d1013a70ecb0392b7058cdea6c5991576a0b1674e,6642
K123862,d2b140a16cb5c517f4f8c72fabe533d748baf24de66ad5eb3aa114b1ebb1b333,10252
K123875,b4e24df0700c56663077ab8accb6c84c06de087f12a5c6868b0e48ff95a42903,7742
K123890,d106edea8b95909cfbb073aa732292676c471ad7a7ed3e856ee8080813785bdb,12540
K123906,4061d7f49aadbd92c552ecf142f64cfd6f83acbdfdddb2792386c4b0e0af39ee,12165
K123907,e0dffd1cd86e8c20edbde82884902c9751a63e3a8eb43f1abc5000776407280c,9948
K123909,9ac6f45a494939c2b9d173da00e2fa90127a3b4b67c8ec4585dae3114fcdb3e2,11158
K123913,c208796f482527379bf074748c07a422c4545a2be79a154052fe3b00558d639b,8191
K123918,e32a30a1e33caa09d60857db08057ec4078ac252b0d6733f563c4aa6de93a274,12969
K123924,e7dc757ba9e4ffd1fd07ea786292a4549a92e68bad9f693b78791069911c397d,9534
K123926,8a6ca00f92fb7b3153bef1e735c3c74ccbab8f6384daedf7583e0f386379adee,6489
K123939,02b3a8345e525bb835d60b3b047066d819c464c1d5e7d506fd066e4e8b43e8d0,8436
K123942,bfe386eda38d6f80ea24bbd4427fa6d035b856e6be7d9616cfb9be200176ab44,10863
K123948,6f846602d6371a9fc1d9d06f043d208f12e1474750cb635ac4b2ee16ebd842bc,8683
K123954,2aa2e1c4d0a38e34c76e6aa61f07aa8af3a8ff4016535365ae46c38c0759fda4,8645
K123964,04608e03f8d380560a0ab861637501127fdfc9028b5759351419bce5fb15c8fc,7286
K123969,a62de285027ffc0cf9443e290d562aeecebd7185504404d87a600939483c5f3d,9363
K123978,cd4ef303ebc21467612be93665adc71bf78e983be3aa7dcc7d7c521b636802d4,10361
K123982,81f03490e05ba69da43bca8099ca0cea74bb0a746bc1a2e5e01dc6ed518b5aa2,6638
K123993,8f66c1bc62ce433430950c6d6ccd6b5b5365d3082ecadb1c5fabc6a310d57ecf,8515
K123997,5ddc6efd88da413c3d6173d5d61026ac44f3383d31f537f2f982501f00d41ed8,8255
K124012,545c38b0922de19734fbffde62792c37c2aef6a3216cfa472449173165220f7d,4
K124014,2d0d71975990119ebdd5523125c8e59aefff4e87118e3b3912157c8a5ef452b3,8163
K124022,ac2b42d8f8ffe844e2c596b5b95e8176a522161b96de5060635b982d1cdaaf31,8432
K124027,f71887c1879b21a25933857cceb788f355e6ccd1429102ccca5d287b109ec8c7,7247
K124034,af86f2bde4c8c37afcdb50a0c9b07f56ca829673c6e799a18cbd0da6f2377f80,9662
K124045,6d91d8b9ff9a82c4790be20735b12db778b9eac6ac210bfb40682ddbbff54d08,8658
K124058,eadad5ac8d3260ae8ba8f6607ab7929c79153a48ab1442616057246256eb38c8,13898
K130008,545c38b0922de19734fbffde62792c37c2aef6a3216cfa472449173165220f7d,4
K130009,f021fbb38448d69bd7a54080d1b5b7af9e568fa86ce1bb68d5093d8f3897c505,7358
K130019,80f3a2153afc5331884357907e2fa86e261222754010f628da56537e54227423,7164
K130030,e670541269b3876fa5f487d8d95a12f872c292a3b4f7d6c2028643c8dbe58b66,7571
K130033,9ca5e104a3b26a1be5b7353fcbc4e80aefda84c8894ad9be85765e60d43ef588,11971
K130044,a4156d85d077a531165eabbaa97bfd420d27e7e86157b93b9e71f08ac7ba92d3,6914
K130048,545c38b0922de19734fbffde62792c37c2aef6a3216cfa472449173165220f7d,4
K130050,d088784b7ecb87f1ea17e6f982fa968ffefcc07b79de6ecc548fc00242868da6,6
K130051,52e16a28d2d50a411a3e4985d0a246d8edf45a9db4d992528345d3d9a0f50e2a,11234
K130061,359985aa2ce942c6d91a72baeb43ce3ca6d0c8b9ff44acc6cf781add9c163c5b,7634
K130063,c76baeda099939e470bef7b50ba5a5f01a2edc2fc08450924d23720220de59f2,10155
K130066,4bf443d23496240747e308946e5100a0c48762a8629634c1fd31270418927894,7970
K130073,bafbfbe6ea9415ec52a1b426e5466af186b9ea9d3b0030407756f6efba6c21b9,9265
K130084,90ecb1ca5f6144338f45d600afcf3c426388f0d322bacec5b36f9f760d18bb72,12191
K130089,aae4870e56dceb17a88c7b1fcbdc1f8dce884a3374b09c2fbadb6072c5e95f35,12763
K130092,f218c8cb0084704d1440e86d153e4ef62e21f69158bd206cb3ab52fc7d73e5a7,7254
K130099,545c38b0922de19734fbffde62792c37c2aef6a3216cfa472449173165220f7d,4
K130105,5704d3e6fe0db1dc6a4c043e49d035dbdf72734ec3adb818e98c25133e284dce,9606
K130108,398b357eaa34c5a48c175f4f019cdfea2079a37459b253e449b1b57a6957a0ea,11615
K130116,4d72af84bb7fc55325d3db585597fcf07a8d6fc4a5cad878edba129ab44717ae,7300
K130120,e2fb4572f480792d532c0d60ea65e1c1572f21c24906cceab112d23bd1041a41,6869
K130126,dee7cf4473ca044c7856328b666cb7e7b376d95c9b0d73f1f126aaf5e3d5347d,9545
K130128,76c8f65c655b24874218ee9eaa6a6af89e5508949cedff9a1a8a498e6529a80a,9439
K130129,545c38b0922de19734fbffde62792c37c2aef6a3216cfa472449173165220f7d,4
K130143,82cc5d492c85f77efe0182a4f414f1947d4401bdff7160ea556296c3ce2c41a8,7741
K130146,ec2ce7fea4a087ac4e9564d7043e04bb70850d80a06e871d587fb5294cdd193b,8343
K130147,20d41f9002761ffeccd0266ab199250c1dd124b73c30ae84062ec29ebd034c21,8360
K130149,d088784b7ecb87f1ea17e6f982fa968ffefcc07b79de6ecc548fc00242868da6,6
K130167,0182aaac73435be2701b956f486de242265a79f3a606b032dc58711fcea71f92,9463
K130176,636963cedd6c6c45977f89d8df3b6c6d232e90f6b8ff6babd564c68778006117,9012
K130177,34e8ce2cd6bd958f9f14ebf5844a64c9e7c081136891f90f9efba46bf41fbb11,9018
K130185,6a3cf5192354f71615ac51034b3e97c20eda99643fcaf5bbe6d41ad59bd12167,3
K130194,1a4abd54d8c408d36d017d2fa15b633372e648cafaf6c4dd4f8f7f8b737b2c3a,9881
K130196,59dc34cc98cadf336c32e87e4388f85c29064eadbd9a9f6944d28b03249c24ea,8818
K130202,fa14c2b6247369a509b0d743eb5d245e6c062eb28508fe6e032eb1b5998df6a9,8827
K130217,545c38b0922de19734fbffde62792c37c2aef6a3216cfa472449173165220f7d,4
K130254,0c5abb641142d5cd1a9fd4ebdc34b31ed60c7490f537f77eb4814c6f756a9875,9315
K130267,878db044860d28fd0d51209e51aa004bb39a0bf34d12fa8481297071d36a2456,9557
K130274,a4c06d30677647f6384d092e5d0497f219c39c5dc99f079780c104b90244efe7,18008
K130279,545c38b0922de19734fbffde62792c37c2aef6a3216cfa472449173165220f7d,4
K130286,084bc1e6dd58a62e8b278fec22654ef94580f074dfeccb365654c2b145af680f,9458
K130291,70a6b540089fa55e108e9bd38258d13c01e304e881a3318910ad68ad4ec14d2d,8617
K130298,545c38b0922de19734fbffde62792c37c2aef6a3216cfa472449173165220f7d,4
K130299,c520d40b396b96e4be9f22a3d37ed013d3cfa3b2a19edea17ad5043b1715e52a,10670
K130302,69bf96b067c107fea3b835c466c3ed95b064a1dee0936a3c8d5c414d2077e6fb,11510
K130306,29e770daf947691e7bb6bb22a65efa3e6801aaec66e8a3faf72eefd340a27f03,8184
K130317,f7cf4ef33df056fbcd3de87cd1d81f5280d50464bff233d51d12e045ee3056e1,8481
K130319,3ee946ab03e1f2c30e7c3728b98c936c988769aaf33e311d9d01ae08a520047a,7144
K130330,545c38b0922de19734fbffde62792c37c2aef6a3216cfa472449173165220f7d,4
K130334,515327b72ec48e6a9f9e91182144424d0980ffa042b4577c47cddc940f28053e,9653
K130335,0fbeef667601e43d528b55ce581a55ab5f80b33f13dd499423da6ca91af1ad96,11705
K130340,1160d435e02325e0cd8fbe653fa95e679785653c4318a459707f45e3f1251c83,10161
K130343,e7b05836f111379062c411bcd9507cf8e755e39a8afad47c4344046ebddf6459,7905
K130351,b4ccdc2e6408878eabe391084b06eb17130bc81a8efc2f05ce91d26f2e304782,7314
K130353,23e8f6ed08021de274a3a3173cf67bdc583b878dd377f87b1fa0bf5c8ef9d3b9,11027
K130365,87ca48f17ad855563c5086e30f2d323c3942f77e53b8ea3adeb0863a5f7e15e9,7390
K130376,6f02a46fe91bb38cf9142581eea7e69ab0ca8229f56dd7e028254e8afe6f087e,11325
K130390,7c370d9536d7d0d6a0f7cd7f9826692acd93e4fb05ba46f7b630b879740343d3,5
K130392,068cd0440ec6aa108a662c5307c2110ea54feccbaea90316d9461fbc25cf8101,8018
K130396,4329a28205bf956e17da4c4c894ef71db0c4f764ba6cb83057ca3d4e843db9ab,7519
K130402,34abbef22c300d5aaf6a77bf8a6f15f8047eee820899394f51a7f9a5bd8dbfa9,7083
K130412,7bcef5c2dcbbb92cd47d0c3914ab99092932fa9fba3bec1836f50fc628675f32,9238
K130427,545c38b0922de19734fbffde62792c37c2aef6a3216cfa472449173165220f7d,4
K130431,51f723b54c5a3924c8b4a8fe663634be747d628ff26ac1bd965ac19c0ab36f3c,6830
K130434,850beac6966f96c8379ecef836ab9c9476680248bb798d6f2271904070449ea6,8386
K130438,545c38b0922de19734fbffde62792c37c2aef6a3216cfa472449173165220f7d,4
K130445,bc67ba5f1cb21cd17e0d28ad033e8e59e6590a4ff8c5c0f2e89299631fa578bb,8505
K130458,4f80b4d5b8dde371adf7ce0795a6b5695bf0ce15a8a743726086221c99f0189a,9063
K130461,61b3b5e6dd9b50e0c0eb73c34b870cf26a4bffa70b49c65e8e26dcce167d1117,7553
K130467,cd409635320cd31bf10f533689c697c398ae448b920fe246bec52d9fe6df70d8,9463
K130478,b2e78a0aabae9a112f8abc31fccac98af235ebe03eb61fc4c06669efc478d429,12163
K130479,a876d7f4c34a0ab2d1c5d83ba5c07c221abeb0d439c2e35d80e748c8f3a99004,8387
K130498,d6a284184c502ae492bb80294f9475f57a7d3d3b9ab9f4501e00c531ee2ecee7,9049
K130506,aac40a0598a51a2b3e3f3526c7cf276f86020e2e07cc191bf1f9e0a545587b3f,9119
K130510,5b0f934708994925da7be8043b2ee958dd39a971d0dd521a304b4abe36de6a7d,7438
K130531,c13c34953e0323d2e54b646626bdc7b2fbe369b8aa3c880ea7bc4318d14f1f62,10740
K130533,855284326e4605338c68a78007adc368d7ec611aeb594545acd62484c06ba289,13144
K130539,0e77496d45dfcc493c83b93a916b88faa11761f9a88b75e7dc207b8e93d9b6a1,8610
K130548,93077f0a056d017cd9071b0fe0863446c814c2c4e96c029e777646be8dfca78b,9077
K130550,545c38b0922de19734fbffde62792c37c2aef6a3216cfa472449173165220f7d,4
K130573,1a2c27d07cfb963025867ccf95c93f4ab127636e2c4a5b5e285e883fc8da2c9a,10040
K130590,a7405d30f81db420121cb39e8179c274f7d42d41c0552caac34c555a5d24fc69,7025
K130595,0c54942035ac8ca7a94fd7ac3faec1e4fb1d679e90398a145fc5e3cff667657f,9350
K130610,98118d1c081266fa751f5c5c7a6fe556f0fce510a0e02dfcd9efd5bc8adeea3b,10148
K130613,be2d4a09ad41f23e293e34a8f4365fdefd909fbaf18cca6ea6d5cdda8fcf58e4,7026
K130614,ebce3d3189393c4f242da733afb2912c8b649b6f90352c3559aa49ed156874b3,8312
K130625,0fa9719268e5c2d815326c9229b7bf37e6bd6e4a6cb0f022a6215c7aeffeca89,7469
K130627,cfd59fdcdc8ec8a3097cfd571110ff75812c6ef86a7ccabe36b8714d46b000e3,6950
K130630,545c38b0922de19734fbffde62792c37c2aef6a3216cfa472449173165220f7d,4
K130632,fa4078c6780c8205af9d36191f9099e10364778874b328bbe04b848894e3b8fd,8319
K130634,0fa5d8a741d79dedac278068bf13353a80242d54f21d8a23c6e3f525b9e4fbd5,9047
K130635,c016f4891975923891b65babbcf6d8f66fc56ec4d1cf56142861e6d151e435bb,8623
K130640,545c38b0922de19734fbffde62792c37c2aef6a3216cfa472449173165220f7d,4
K130641,14a195fbde84f83b1ce6bf1c29642f75c4a5840506f1bd37a729bfee533228cc,9248
K130642,538d6440534fa5f615e8a26932792a82a2e4a33a97886e2d815eab8fc216d415,7
K130646,538d6440534fa5f615e8a26932792a82a2e4a33a97886e2d815eab8fc216d415,7
K130652,07108e9f65d94cef291c1739d367a92695da177c8cb427b9e715ee87cfc3105b,10976
K130655,6f28b4d702aff1869e2fcd28ebc5cc58d9a38d02494db941eada4aacf179d54b,7119
K130661,7c370d9536d7d0d6a0f7cd7f9826692acd93e4fb05ba46f7b630b879740343d3,5
K130673,11a3c4fb064a4786163d5d3b0486158202fa216737b26d6b6024f20a6d788175,11250
K130699,591f230d860d76c797859de0ccf0dc74063e00818b0b4816df0f0e8d93a8c842,11034
K130703,4c04cbeecc75f912e9fc27874d890238efaa808368ba55fa070820a5def55029,11272
K130708,545c38b0922de19734fbffde62792c37c2aef6a3216cfa472449173165220f7d,4
K130716,dc36c67a6d3c76729fb09c5ea43408bc25d3bd14560f3002f2eb62a00a820548,8156
K130728,1444d85754ef8a482f5aa30f6001c7bd4ebd78281ddecbac8fec80dac485b770,8953
K130731,9be896de8538a9e490f71093037bd95cdd47429f334d299c0bc6ae2df40e6451,6847
K130759,1d3ec36b1c4385aba2ee47342e5fce300358e965bc058041dfd88a00b45c5089,8922
K130774,7c370d9536d7d0d6a0f7cd7f9826692acd93e4fb05ba46f7b630b879740343d3,5
K130810,f7a3d269a4e9a2d9e69663c414cdbe5715c4bc1647f499a879a5f98c2cca9eee,8959
K130814,189a4e50452a233b52aeb3505c36db9e983a25fc0657dda806f95c3b8d4d49d5,7747
K130820,3a87fa6708863b5d7f3a467d6c5848b1047721d65f08ca1cc5ca3a073db1da65,9218
K130825,36d26053a7a530b68e3288024afcd37ffb8ecd3975e0a626fc7dc7e71a1b3628,9866
K130830,fde68b30cc9f4e408e1bc0dbcaa8c5502d87e9f37353557b77de42757bf8839f,7326
K130832,cbae25df413e5f78b651c492cad707f448eb77acdb945a33904f53dc3b9aaace,6353
K130853,71fe213a0757bcfa77fe3a0ee5c5052165f9eff90089a2962a052b97f17d1bb1,7992
K130859,f11c71f205e26e356bd8700702c5b35c0e030603de52df2e921c6754bcb018b2,6515
K130868,54600b634ba21321b2da18d60b04f18614ce2f3f4a59fb4d3737fd61ffa7a984,9150
K130877,7c370d9536d7d0d6a0f7cd7f9826692acd93e4fb05ba46f7b630b879740343d3,5
K130895,7c370d9536d7d0d6a0f7cd7f9826692acd93e4fb05ba46f7b630b879740343d3,5
K130899,ab39395300b2a4adf8694aece18679f093282cf467d1ac55a63004f1534ca275,8418
K130907,7c370d9536d7d0d6a0f7cd7f9826692acd93e4fb05ba46f7b630b879740343d3,5
K130913,0b6f1b5146e051f27dc48fdb458b24b107334d679014fba70c29241a61606439,8424
K130917,1a07f3c4557ee56a38978fbd0470f0efa888cd253f4c7a1fdfb8ac65e28abe68,7128
K130932,c0930274579825583d6ad80bab9e922027bd2fc7b54d8ecb0ac5467928f76dff,11961
K130948,dbf3a9067ac72e5a4ac2ea81e35c20b4439fd5a2a984453f2b51ff3e49c03492,9596
K130953,32f9a3ec527d9b1a016cf4f4d723ab8a1e32231e63590d9f1ab8514d819736c6,9107
K130954,f97971595c8ac292a6a49304e379958ae3ddf44606447b55ba89595acfe03d80,7207
K130958,5605c2a2f987cf93dc66ee6d5a0ee146022731a59736877577c59d65807e41a8,8046
K130964,b5f3918e66639ff0f764e22fc4dc4807dfb3993f268bc857298f9bb554fbb5ff,7692
K130977,df5f393576e0b3ee17814c18f3080eb45216aab9e8241d5a9892010335005ab1,7725
K130984,4690fdb18d80a0c704510aefbcdb932733773756b4e6f3ac920542c9b0e283a4,11433
K130986,6efd927f5b3c5860e0d05099df75a62c4884b7f5324aac754b7b274fec047b31,6277
K131019,f1a651b759080ff2be7d3a40620eeb1e4bd4c464220e94b7c1fe82249e49ca85,14312
K131022,6e72df61d76edc5437290c1cfe108e7f384ae852cdda5dc989ba5b3bd03fff26,8698
K131025,3b8286eaaffb4f821c1107b8341ea387c80644641a7fd08e7e01772837fd3b15,9633
K131030,9cc078833f5f49755bf708e33e6218ca1182fb9f92c938ba3bce97bc9a0689b3,10238
K131035,2f7d6f6f19ede1f9941a4c512782c1a1e2908fd7fa4f8e83f2f038d5d773d54a,8279
K131061,2c57db087e190f952a3c418f6c8c09e26e0845583c9230bf9a3e0f709e0621c3,6707
K131071,f38e057696a69d07cfe0a8662343c9a027d98d55aa102ba38c8435a72624bd68,8083
K131077,a055993a918edda9b35685389b87d9955f18799e62d23d565bc1244a9bedd9ab,8718
K131082,28fae073c28d03d0423a22cbc8e2da36df2b3c72985cc8c054a1619ff8b53f68,12244
K131093,afd4f5bdf68a33f318869560d35ac92c7b43c2e9771b13ad8d5bcf0b742b059e,9538
K131100,545c38b0922de19734fbffde62792c37c2aef6a3216cfa472449173165220f7d,4
K131112,545c38b0922de19734fbffde62792c37c2aef6a3216cfa472449173165220f7d,4
K131116,545c38b0922de19734fbffde62792c37c2aef6a3216cfa472449173165220f7d,4
K131119,7a40c4bf1e1b1bcb963b23cdf424ac221eaeeb71717ccd7dc735cec7d4fce4fd,9677
K131122,face4ceefe36820af8b0af858411c553d4a956d2ca1dd92be0c2c8a989d1ac9a,12801
K131129,613532c3b30cc3d1758d12a1f30425c642407b5a1d7374586d384ce51222af22,9334
K131132,fef1d2d1f95386de13260cdb9fa6cc79bea171ea73177fbe1083faaa489cc008,6847
K131133,23565a10da1313abf44ef7e390f002edba2006fa31a87a7c72c6a1c867a04216,9863
K131135,aeb47ad13a8c2c8f961bac144e404c6e5f05eda8b0ac00f9bf3dcac1b95ace45,11053
K131156,a4b33579d161f5d90341095ec72baee0dbf3d17c994190848acbf9f1366f9995,9568
K131167,0f8f9e35edc6013265b56870e0191e323a7066cdb76ac0bffb72093e747b3386,7764
K131178,1abbd92c60a47e93b7c89b1da27cea5f45b49647eef4ae900c2c3aa8f00935b7,10148
K131182,a0d56ce232213d9ff7e784b572cfd391bd8b23ad0fbfe2dde8b73dd1ad52a3c6,10561
K131186,504370a5048c5b56e08da12bdc20ba78fc9f00d427577257105a1da50533a845,9660
K131187,65f890b1ce12913e3034fd3468404621c7ac583c62218d31e07960c29d20ac9e,7574
K131200,471c53ce0ee6236d047292674794b80d68ad52313dd00691e428987e6f616241,9060
K131216,0cc4957a1a8e1149921e073f20f26d83a69ed827ffb5363e1f67902ea0bb2db5,7753
K131231,636159b35205da4142a43bc02d2849d77d3ac07a0946211585cde15a9c6ff21f,11
K131237,545c38b0922de19734fbffde62792c37c2aef6a3216cfa472449173165220f7d,4
K131238,3a02e0e2e479dcd3e5efde5cb176e584380ce5d78055ed75d0c860c51a709aa3,8427
K131242,7f9d8896092ad0ed8c92b3189293140064b851aa8d8cc5f768582bc7d0509898,10215
K131250,710c4bbb8be66a4915ac74d1ed084864209e62c82b8e25ba35775ad0546f4cb6,8926
K131264,52f4605c81d5d46d98abfc035dd2bf5c1d9d21d49d9e4433f0cb054c6f5d90b8,7013
K131276,d634e6a383d4ed5518582d17e38c91323be2629d9e900883dd544d78cdcf411d,7897
K131277,fdd94fa67f42e575dc69f6438374f5be8308e98a9b1acf52413621f7f31a32d4,10671
K131279,fc2920c6d6aa0c83056595d3bded1ebaebb876ce5374b392c6b39760016dbd02,8965
K131283,e1cf0ba1a726b995ff442d76065a6c8eaaa4aa6db661b295520e262dda06ca98,8687
K131292,c42b4c17f8c159c079ab40dc2d5af817a119c0c7ecda7b7ba03109f54233fcde,9581
K131296,a3f582170359c794d77e20bfa2bf7118c75d37e8d8b6429a11a2fc1c5d49695f,9428
K131298,008f8decf14b1edd67d7ef32099dd290b7e59a366b953f5eaad1bfe5055a1d66,11510
K131310,4b4eca34e1c4967a5e40be490d74fec0abeb6c60bcb024f6f237b55e40a017cb,9618
K131311,625ef5cd8443b0adbb48bc0d31956644fd5fb436ad31276ae2c85d385d0ca4e3,12426
K131321,d088784b7ecb87f1ea17e6f982fa968ffefcc07b79de6ecc548fc00242868da6,6
K131324,a12c77dc2ce94325ed3bd8fc5516f4c0b297bc3e27b8f2b2c0851a514e8bdfa4,7127
K131325,623b913bbf1c5952300c6bac50ff71bb58a0ef54bf8fed1332dc6a9544aa4132,10940
K131337,d14cb218440a4b2b0ca2a919485536e7b2d111d8cc79f14a983d7808510216ba,9899
K131343,8da0a04172d9419d481ee33c6ae24fdce8b2045108dc15dba416d86731938fda,9484
K131350,e0ea126ce6afd04ec590177d1b94403fac4c92cb2909f4befbd1c2eb1db2b58d,9345
K131353,545c38b0922de19734fbffde62792c37c2aef6a3216cfa472449173165220f7d,4
K131354,803365ce50a3322689b301e0ade1aedfef40d632ccb75bd7e8bd1f51771e019f,10164
K131360,4f2f298a3f09033f1b6bad00fa5d68e8e9467005ab3d7ef1613ab6f782a97ae4,8102
K131365,df392c44a7bd0b0516a380562302c3f7e3dfeec4ba00526ce2d9b740c5ee22cf,8392
K131368,2bbd1f84ab4281aa0410ebb87cd4822c90c9cae33dcc91bc6123226136608f3f,9939
K131372,501244a46c9b8b84a508e7f4a2b351b8cab158253146e5e25ef2af8446cb881d,8090
K131374,da6387ebb8c470da9750d64ba70527e3c0f894410f00e863fece63f6df3687c6,8089
K131377,241162bc9f5fab91273566c6b6646be3687443becc496b3f1f4035ea0cc1a79f,8133
K131380,545c38b0922de19734fbffde62792c37c2aef6a3216cfa472449173165220f7d,4
K131393,3b66cfee6d950ed6bd11cdf2eaaa8fc434d61b95841edfd8febd89024ed60c27,9781
K131398,6b6c3ca62b234c4abe2583a2f890c9c743763156935f80b3349d54bdcd357c10,9711
K131405,226e5ac5ee3da31d0e5db44fe512e4b900e09e9349784677969e97885d6b9542,7181
K131409,6d2389285821e72b4f845836f8a1893cbe4882d2dd590661c9be652a03bff1df,12768
K131413,d5a66377a550390d958d21de51cbe2388f28f93418c31ade3e63221df9457504,9752
K131427,7684afe21faadcf4f4c0d225234f214c03414b78d0c4761b74977640647b9664,8873
K131429,a3d38c56edb1c1bc796ff2cfc9f10491b34bccf720420c8ebaa477938b84b753,7820
K131443,545c38b0922de19734fbffde62792c37c2aef6a3216cfa472449173165220f7d,4
K131445,545c38b0922de19734fbffde62792c37c2aef6a3216cfa472449173165220f7d,4
K131449,f5b11158dc9227075c1456833ed13d84363214a2b70de20799cc34f26cd927e6,8068
K131454,89ebdd7250fbc371eb6e69e6dd75dca1d54e776a507a7e0da81fee214565b9cb,11339
K131458,e8a99f5af2afd7263a587fa671892d7dc70c16f6997c078c5f85e7476b5533ab,9509
K131459,5344e09009380abb857a13b928df7a1a2c8e79372eb3a10173932358dd7aedba,7864
K131467,46aa2b4c7cab31b6fe9f83a5ecd58e57f62adb45c34af4b569c7f72cbf9eee5e,16924
K131471,900496e09572ed5da8dcabf77f50346a026c31b2dd6345bc24b83a928a956e6c,7223
K131472,ac1e8e6def375b5e644ad7d1499868f31e4ab1597e7de54c377456e0bd6ddea0,8569
K131474,761cbc70b979e90b9d92ed870b0d909db0db2e7ec5e3ecd0c87cf10b6e8bb3f9,11129
K131480,13df1f1a73bf3a4d4cbffc68f012035f2088acde309a8370efc41192a9205635,6453
K131481,9fddc49358b0aad0fb9696b4f28130d35cb24929f496624a0d48c5e1f8bc69f0,10477
K131490,6d1760e9a2331f169cf53474b745e81df642229a963175b2ba3fff10561cb6ed,10235
K131512,465c42859bc60f9454f114921a1a19b49b696c52ee6581b6ead374a16530a494,7891
K131518,fc196e19a9334ef5ff356439b6397d5104dd111d6644282f0decaa1b4d0569d1,9226
K131520,362f5a2eaa59826930a4341ffeffa763bc9997941a5a71955b1378beea94326e,8412
K131521,43a2f32e5967d6eb169f6cde66ec38a52774a779205c0d6ab6e1965e270cf010,10301
K131522,98dfed36525db3e1338295a235f23e96c67771c0cb3d5ae209b2b81bcf8734ca,9694
K131533,17089e15bbf24895ad65b22abe787cd4cd958306b72e26cb501362ff09784d68,8706
K131538,3fa36a3a9bad6bb84e610808bd80c6b795bc963b9b79cd3bcd7915e59cc18cfc,8365
K131540,ec8a2c2d3a56f3e620d4040de7c75742575fbb7130fcc6044868a9e9a56759ad,11414
K131547,a2ad74fa1aba1d62fbb265438c2911ef13411a9f88ee5c022384a551c7d1b798,13161
K131552,81cf2b09cddab902aab7ec9436f1893f11b57b88f7833995eb1f9f20eef7efda,5909
K131559,b3f1ebc0d394929f244210cd8d4ce6c9968cc2a82633762492113b8b7452434b,10695
K131566,f58e378a11a77dd8e93ee4c62882f40453a0e0a2c03a6c0e9c7a7bb148a93eb3,8038
K131575,d088784b7ecb87f1ea17e6f982fa968ffefcc07b79de6ecc548fc00242868da6,6
K131591,b15c947b45ee64ec007812115967b84d3ce0861024be27b362b760f3b341fb7a,8092
K131609,74206e86b239736607302fe1e82a961d8948bcc8602d5d8b55cfdcc4c6a0a91d,7165
K131612,1b99d97e39371ec682a77fb49c8145e0d3da23bcc4fb4ccdfa8ad288588a90b1,10036
K131615,c382c37a247a247a962b7baeda5280a621eeab43e408f886378a05fc327765fe,12340
K131620,1a966af3054e2d8e81094f42d51e9a71c2d1d529667e305b8d6d2543fff08239,7684
K131633,6b65699a51eaf7487b8d4d3759fc1beb34fa3f49ec0c61a0a25c7ecbe024fc0f,7762
K131635,7f9ff8d64da2733c7b27bdacb55f6cb69b780fb06a10db9ad0398b16c5c600ed,7632
K131636,608da7b8513d1967a0eadd42ac63c8e06fd9ccef51351b98bcb64e7632c1cee1,7850
K131640,958bd6f4d95bff774b22468c4c998d8f00c674f0353d66e9fe4b298325f17919,6967
K131647,89e603d633faf47b7a9babd92f2da20c723de0586ecbe280bd44fd291a422b4a,8565
K131657,fe765b947e29200730aa430391049b1372ea6fadaf7a88b176ed2a00171737b6,8499
K131669,33c1df44dd2eef4b8dcba03993e6b42ed833e06ab7c69453027b20fd92fb0c84,11092
K131670,1a6f76163a6467467aa5abcf974440a4e77ce9b8b6f4904d3785b48cdc5f2c43,7449
K131671,3353eb9ce3c30079a3519023d22c5f6e7d934bdc6cf262c493107925d61f3d6a,9675
K131673,f57d474af6193233c582973ea7b138f23220652757e0596faba06ff40b2dae27,12855
K131677,bea996ab594b421a2c09f4c300a7776ee37ed0d6cfa16ee4cdb90ce4e31762c1,9633
K131679,ee40c8dd0b836b69fbabe895f258120f0c8b15005af3401680d8726e9926cdf8,9187
K131683,545c38b0922de19734fbffde62792c37c2aef6a3216cfa472449173165220f7d,4
K131684,afedf77f2bb3de2c0d4f141f5f302a9ff4d4484dbd95480fa6d2f4e5c19d84f0,10575
K131722,5bbe7a07ae1c46fd7f4bcfa6ea7cae00d5471fc8e5c002c173e1f6733284e124,15668
K131723,c012343219c4af848905f353f5f9605d54d062686fd17c2b3502c4b66dcf0a45,9092
K131724,5c5ecf30c770d093bb0380b85854a84026661b2e6119696da6878ed98fabacbe,8288
K131759,962ed2ba7b4b268b6d67403af2adb070cd17956e9148fc86cd3a3d8e3ac71fb7,11143
K131764,b49e0466a5ee76d8c2bef4a9d087d7d91f99b94c46893079367e64c8e6d4827b,6921
K131769,6610bc502065a9450c59cbf9434bf1a4ead3275c8bc8cf7ab9a9edb9b7b1dddc,10211
K131782,41085c25087dbbe93a265ca33130072e737b5708eb36751571fb055751cc45f6,8290
K131784,465411a7a773b21b6cfeb71165b7889bb1a02d7df9697f3852f37c481c26046d,10027
K131785,d4801ef1e2ce2c3f1d9453248f149a3ffcb4302447fda5ade0c60adc64263a4d,8023
K131802,ed63c28c6cc873d2109d613e8c7579acb881f51ac6eb3f8e8289f7268e42139c,10186
K131810,343ec5ba850a676e91f679ef37832298571e3dfc126cc17efae880afb6b79486,9247
K131833,45b31fa9a0859180bea4195fde62117b07fd0fe204d893aa730686e31b938821,9452
K131834,ed2e46bf74c7c1f84ee6c698ef96a4fa951df5bdf944fa27e6461cbc3ec8c43e,7261
K131845,7ef412a8a5fb830bd3b26324729c04ee281a8d8a4a19924645798b80e1db4832,8571
K131850,5f4d8baa2d4ffd6a239b39cead05ee0d341ef1dca15ca0dc4a7129200ce132f3,6672
K131864,cf4a4e107605fea7ca53055ed4359e17b4ab8e976808d2949c919763c25c5d26,10543
K131867,51d19043a83ca916c5b59e8dcb915cbcb2410342e2275842bcf152d3fbfc5378,7247
K131878,2024b45d646a11cf8a1a9514f761771cbc29249fc3f6ba3e018f1d47024d4794,8369
K131880,dbb7f088b0a029ba5478861ad5881f299ebb6e4b5707be0613ef3bc6069dae85,10015
K131884,f4371ea20c0a37155298aa3b873efc8ed5c45455493b18b5bdb129d10d95b6af,8058
K131888,689a3296940e282c7b2f1dba8a0b4545688bd4d198047d6816fac851940dec91,15016
K131920,cad1c79de2920647f2d38a987892678f8c0b05afde139f130709c90786cf046d,9863
K131951,c998a9b38008b006040b6f0b2328dee4f49e9694635a0c3785a717867fe9605b,9191
K131952,ac474ece88ba61a950e21433fd6390d53b91528c7271e59828092235274fb43c,10193
K131974,bfcee9682af97d248538451c5085ead706a2f0fb096932b182a73078120c246a,7508
K131980,f7671c47dd74b3e63c25434fab4dd9ea11279918b01af013bacae995a14315a8,14917
K131981,7ea3bfe5a345f62ea1a7e20bbe53bbf7ea48ce39f56e084e067f4567bf592a44,9191
K131984,0bc51c41c6f3d351e4528e38a79d3b15db6f6de32791fb914f6f963c902d8343,7919
K131986,8db6462ab431491ba4b154e6df729fb53e24197b17b3c4abc0588ac8c1c72330,9173
K132005,06d23877fc3647540b3f999f2f8f29281aab01b2a8dc542964da739bcc56467b,7374
K132012,881dc3ff04791c40fa85e1b58fdecb4268f54a3d1a0aa722068e2b6fac0dcc7c,16428
K132014,9e406a68488e2f3e25feabbf6de9fc8fc2093e4043ebee4a47274b924d08bf1e,10971
K132029,1bf05407fc3f295b32cdbef44862fb4bcfdce7acb778489edba8c081399446bc,9055
K132049,e2cd39134f14cdceeeb5b6be82863b36cc6c159d273fa30ff272a1aa24274c57,10513
K132050,37dff43b7860cc881e9262bfe16d89c473a92c78a193ac87c931fe7d36b66643,10597
K132053,5323bef5beffcc16e2ecfbd0f1672f7006647eb22de5b0d1bc56fa0497bf8a56,8745
K132071,0fb8ad53652831512a83ca778fa2ae402e2b7be29cecd9553a77a537c3ef3ebe,9299
K132078,087bfa30ab6d91cb9acefedac0fcc5cb503aea99dd35493bf49871c9265a3c47,9691
K132101,adff2c224892ca7192bf565d79f2334a6cc93a214632cdc69c8d1f814fa68675,9441
K132111,d352cd421e538e347bc961a127e01157c752ebf792564dd795554b9f1b139b96,13101
K132122,c21796b16745e41dfb7c676f2c67600507257c89a3a787f46c8beeea375996fe,9126
K132154,545c38b0922de19734fbffde62792c37c2aef6a3216cfa472449173165220f7d,4
K132158,5fdb7dc833beb489763d8350ad0d203863fcc42d13092788d3e264592a1b8aa1,10029
K132161,b71e2e283d0080a5135a9ccaf785f47462e2dd42f1fb688d1d834e423aa5ba7d,9111
K132191,1fb2d834daa1dcf1ce23042e3259092d7d3359ee046751fb1f023f7bfccde30e,7795
K132207,941f3431f250d2fde145e9d364aff794996c83bfc4d112f00475bdb4f1b90728,7913
K132211,ba743e90a9c6a4fca05d66843b789899e036f86059e388f6f9f923720123f219,9592
K132217,574f904c6468b174a36e9bfc76c982e88ebdf2ddbdf370dac4323331a0e5dfe9,8328
K132218,e366e0b6ee61e0d5aa4766c24224cc499d4af0145009322892950dd529822dff,9320
K132239,545c38b0922de19734fbffde62792c37c2aef6a3216cfa472449173165220f7d,4
K132241,bb51ec5d8ffacdc182130a11290ab430ae6228f624120ea1233406fda6361069,7808
K132244,0f86afb2049358d9f47931fcd9ed8b8741d1c5e12ede62e30cd77f64ba6f3c08,7063
K132248,e5b9816691cea18a16152008bce7fbddd19891b3cfb2cf4117a202b8c8c42b02,8234
K132250,1bff2aca598a1446ffeb22227a47b16e84e40ec5c7b88b82b3990efcbdde2a32,10804
K132280,e6af2f36f041f8112fb84e5cca7caf35d454be1370cef2d429dbc60b76aa29b2,9828
K132285,538d6440534fa5f615e8a26932792a82a2e4a33a97886e2d815eab8fc216d415,7
K132287,0f9b789d375da0584ec5a7d943c6fbfbcc4fa647323d7318957e333f1db9b08a,8982
K132296,b904c219ab60f6883dbc8e6bfe4600c7fe303eaafe3416a53e535821c31c6d8e,7200
K132303,d9d97859a4e15227184376bfaefa69619649e88b6b58065b5e7ba93511e5bde0,10805
K132310,1c4ddbc6bb79911f12ea04d99c359b87c0ddba583760c0aa5e43fc28fe9cc698,7268
K132312,7db2de311d276c56195b5f26d657f099c5cd901713af0597ed49b53529815cae,10773
K132324,56158f6d296451c773608250dfacddc0446b329f8141ff84fc1dae8b007447ed,10097
K132328,14bca4fac078c9e0ba65e58a0e56d57eb13dc431d841f37a2ec87f021f4a46a8,12592
K132332,f84197346dfab51abd6fc2d77c6badfb5c43065795586673d19a0ee7293cc507,8928
K132361,5881c3922db526c20d8b99a54c0fecc8d6984ca5a9c5fefda7356533634a1012,9226
K132365,00ca5265d2512116c2334ef68f2f4692f75926bd56ab5263a276093dc5fe95ca,9696
K132366,1c186cbece99a74a48d640c7dd542496df912f3ff2953c285555109495dade0d,8483
K132377,8000b2e0150d0fe2b890656a330d8222d7c96aa557ff073ed914b50b07e38880,8910
K132395,fbdb7eb1a9dcc562b7c7ce1c22ad4e9f27f2b9aec99476178a12768509179b00,13651
K132403,4a98ee6bb2ac0ddefd89bfe5880a8fbb83765bd9e9a89f55462f00218bbdfb6d,8645
K132411,7e4fcef70db55e0e691899518dfc4e3113352a92cf1b50d5c7417259628ae942,8615
K132412,8973e9796156d1eff8cc04ad35a2558f28102c0e40d83b8a5d294b205a960cbb,7192
K132421,c23133dc76a2d3273264a37aca9433313303b1ecc07e5542272459d6fccd7f37,11771
K132428,9a166073c15ed3c084c74886489ff63b15be43f322f4ec10284e2b7b288673cc,8214
K132435,3437fc2f9a1f5a816fc79ecca024984bfca3b8825061ef6a5b9d487a63e027a8,18002
K132455,5bb9b18fed65df70db8ef028c6562aa787bbf5840a256f5524e5d407fa5ad666,8547
K132461,556a433d859a4c365e7212489ebe821ef504792e93c8a418f0e816adf5bf3c51,7308
K132470,0474087c9b4c386748ce22aab5a2d9302df51a66664d92d92edf8750e83c473c,8859
K132471,a5765d74b3254663fc2ba3dd9c5e1c509c7dc3fcb3ad6348baa5fd4e9ec90f7f,16554
K132483,31a2763a591160e5f2f0f0e6d8a10c0e56a9e6a7c3aee3f8d087bd17a19c73ae,10069
K132502,73bc551633acb632e27e589b4bd51f561e2f2a15e259f0fb7de194a6896704a5,10335
K132504,3092968abef9750299380acb6dc544ddaac1df16db5cfa4da3e009320e4b9df7,8360
K132505,471c3d10ddb9f3fa2a82636b81e335a70821b9e8c778b1072869c166acad0628,9734
K132510,74e68763ad0549d1d9854f563ecb3e8f770af15c11cb52a766f0daa4ec559216,7471
K132513,6aa5f5c986d9956a5c1fc21c858297dd504dd942da066e218e9fd8c665d313e5,10574
K132539,b52b52358f285f115aa4e0b093fa1bc8b2247806ea5b4c4e475cc997db971748,8983
K132554,3337890dbd77019e9edb0cf67afe490aa83576584b1c88dfb10bd8c2de6d43f1,8926
K132559,7ea190a037eb719e6f5beb26a449446a57637de5e6881f7ed539334d2590dc8a,8495
K132572,4aa96efff6dfa09ef094c998fa703ead88aa2341303152b1d4839441ab5efe36,8802
K132574,57cfaa2fdae61f26a33aceff9014f226e87bcdbfeeb3828b6dfea4523f3137a3,10700
K132575,e2da166f120f60a2b39bd13977e05466e1b8f8b7f49f9e373870a1f02c1376a0,10355
K132582,21efc908b6d013c4ffbaaf1aeac0ef3ef61e4ee007263e8709d8942e104c15a6,11408
K132584,80b8a42556d4e947f6760f8785673ce0c73ba9c8725a0c5f7c58eb82d44e7f9c,10710
K132589,6038a5b314a141161d8fb7902f0774fb7c81f029b816cc336d3574a6318d6ac0,8413
K132590,a4ff8822361ec81ac554890cd620cb0d1598a8170b617d28e732f123f3c42a50,9555
K132591,d4942a95b63c43eb12939f71aab6d0509922a62a90f8f96a10655da0e5175fda,8030
K132594,4681271a64751983739df7cc0c6936ca7e0abbf9288fb55877e99ece4f1eff58,7730
K132596,59c5d0becc1863820792337291b40608be5e97e78ae7599c2a21401477d30a5c,9159
K132601,144d18b78db7d84f69edc4f78d18b3a6d31b0cf41ec3c2ceaa5414525f9fde27,10636
K132603,686f18b680d821f133215d11f34619265d511b05e008205535d868b2fdcbee50,11821
K132620,9f93d1ab5cbb66c3aee5284f13ab593f8bd286e323f32e1cb20aee8bf538435f,8728
K132624,dbeb01f31ea2b0f4647448e56254a026ab202acca2769d6d8b07a9b0a4509ef0,12107
K132626,545c38b0922de19734fbffde62792c37c2aef6a3216cfa472449173165220f7d,4
K132632,0c67450503bec300dad6b10046936c05c29b2bb09525eefbfca02d23cfb5cdf1,8662
K132639,cc7902e316239d05943901b39c120823e8e2f07c9d4c1f01246fda8d4a731e75,13332
K132640,701e5ecd942bf54551cefeb0794cad46506d26061fc5bc40940a76f2303a9e7e,13799
K132642,06dd88cf6bc79925db0d4de313b36b40a64bc71ec9a5a9b31fc0a482e897a9df,10444
K132644,f87478289bd601c627419e93827e616a36db4a485262387c85ec475417fd288e,11289
K132653,00a9ecd946602b7109973422126ab92c4fceb253859eb63bd3f6633b7942c739,9527
K132656,6088fc71f8735731fdf30de38699fce01db61b1ae3e6147c4084d27ee7c4983b,11553
K132697,681156c7ee0945d9aa7c447bd87e5508117c2476b796f08cc96831cb6edfc34c,9575
K132700,05a872cf2a0b9c4dbe3193e31bc10a70b98c843e6c20d7b3d1d8ba7b7261de39,9426
K132704,9619acb317d1d0e472e77e2dd76a2f3782b1f910dc1e6b53697e373bc7eb3957,6289
K132718,7d25934e7b45744559238b2ea3ce7ee114f145580664dbde22518143f47a0f36,9536
K132719,85f86dcac81d41e3b2e57124af4585b9878df3f51494513226f053109db375e4,8220
K132731,7ec1760a09b2ec3f3a5402ee04dfcc5b6bdef14d0ee5f98a9c0c072b8c39757e,7920
K132733,5804bfe291d9fcb35d825a3cb10dbd42232af7bebed07403cd955a804b134a49,9150
K132735,e42a1bfbaf3a271725392ebe84eae35fad9474115e73b2aa7d24c362d4e14419,10019
K132738,6abe8eb81daef7eb6bc99a3b10ad348c27e29f692a5fdd2fa468356101ab4cb1,9777
K132740,f53484c4e44b821955eaa90ac8ad3aeeb21f7e5e3c92ccfebac7b0d65271a7f4,8316
K132752,fab768f5dea2d3971690cf0ca4d07b05ac355a4aed6ca69e3af53369e446c05c,9057
K132757,278c9ab791d97c537d9b9efe9f4501635e222c92c05b6ce8a191467eb17bded8,9249
K132760,6599a14784d4bc835b7206d2d0f84972016ae0d2bb341c11c341d8c53b16b921,8401
K132765,7389d49dee71cf0b8883c3dd8d6743f8132a07f7284a47f4bd14a9767e42a558,9363
K132769,70716f3ea7572e0ed439215db76bf6cd18acedfa7d44de86bb750ddd43c489ae,7433
K132774,3c1ee5e7f6732f4d013ca9cf7446c9f59cf464c776b3677c5253a161f77e461e,8772
K132783,66c8baa6ed28bc068ed48f9b28d3bd1cf7ad5ec83b9ecead7de7143a307771a5,9455
K132787,b0ad4bdb9edee4d6bfdaf6b0420bf1db7600b5541c9392f7177267ab5a8d8468,8112
K132788,f4aabc971fedc324ff570da62df7fb40d38492a23025181e17b7f70a968976f9,11407
K132790,ed022a4764626d61ef432e921c3e1b8335d34743a429786536f50ead52c56900,14457
K132805,ef7e7ca6800430dfa0e24ee5df3d8061dc51c086e02aefd71f53a625ec1d6a93,11164
K132817,e1453e7fa788c2389e9a284852e11b767c2d89a3b6c0921b8ebc3b0de689fdff,12366
K132820,da96c3c390a0d7f888a27f5d7d73f818ee4c6f53279a151aa778146f7a7bc684,7700
K132830,341c7edc270ea40deee03b1041347fece0c442363fe7fa3a12438735921c439e,8992
K132852,8b665744b5fa0a98bd11f0199d5423dc5394b22f6e56f914bff30ea5473206f5,10070
K132866,47d2fa8ed9865d78d55bacd001fb13997744871847dd441b58af644d8ee23724,8444
K132867,890875730a80422f552372af4ee15507a862dfc2bbfef464c59afef2a8b5695b,13915
K132868,72d6d056d7d4e97858e0d4497684a1e0742d02577964989b7ca38066c1ecb19b,11826
K132873,848f6fcd9d056fb6ede4a2a910dfe9a2e5e94801d1d7bd66d3780ac395003608,11185
K132875,a91b1e2f017f7808b9d1da7761badbf40b974c34a35a903769b5cc4a4b186d9b,7106
K132876,9ad1ac1432e3b1034edbb1317ace2062b57683d4797a226c32cd77e746ac2ffc,10505
K132878,a22d8ef310da8e7c96d278b3a84e20597ce400d470be5a66311035119333aa94,11357
K132879,eca29aa1f2b9635dc156b4dd49e39fd1e269869f0318233284b2aee2f57151a2,9880
K132884,574f56095fac2396f2fc47dc1ed3a79810db31088a21b7d071eb040ab95e02f5,13476
K132886,b22e8e84b2157da1d9ad8d524523013f98bb967f92a999ec6010eee187ad2d8c,9684
K132893,5cebcb7fc4e64012fc78dd5115c0526c0e567eb3b3047f83c96e98fa16485c06,9449
K132894,eaeb6d223ad9e54dd58b18e76ea12a10742ee137ef7901f5a59207d1769f0595,15341
K132895,b46ad52899839143aa2daaf6eb861d394ddf8bbefe18d803713bfc2700170494,7422
K132897,21e929d58f450716c4342b5544e8b383f67d3c250732150ecbc76b53d7172904,9453
K132898,1cf5eea1eb2ce80db3e3eb70157a156a1706c32776c1ee345833b09d8c387333,7691
K132900,fe2985b3570f781f13a6f83b9934c7aa19ef403c26ee74d64bdd5c4d325f2be3,11008
K132907,07f0e9bbf30c3dcba9f1cc0a1b438ef3d7c5aa704c5e570e0f2364dea4c2afef,9138
K132910,ccd22864f1ec7e989bbe61a1a35b1f31df3ceb8fe3455e037eea395ce3f6ce30,6779
K132911,b95b25f063c9d0db7a2ec46c08d4f6ccd76213042542eabb3c0ab2ef3fffa10a,11924
K132912,8c825defe9049fa68c13622a319a1205c61be7029d529f3af8f4adb5a2cac8cc,11251
K132925,a570b3867f5ca6066cf6c1f04f8ac7ecf16f274697c63b87c5949aec133340bf,9478
K132926,dbc3c2f3fdc90f5786e6b14bafc752f499309dacb6e0f0e274c356c850183f2b,11625
K132945,c3dc2dee90e3c4c4fe6adb04816f1b2fd8d6fbc13a0d7f8468d56e6f76207800,16207
K132959,8cb3357fec805f90d3b022d626fad6a45ebb0177be167ed143b7a1517b2c4854,10074
K132968,6ce417ed9d02e5d40e08b74da3350e174658bf6519d5d20c0882a982cdaacf14,8796
K132991,498b2ad8400bd94c13fa3a3bfb8295af46dda1b97e4dd1690a7726626642611b,10313
K132994,bf28a28455828b0815135c20aa6c90664f1ada35753a3c778c3dbdee7c509a4a,8528
K132999,050869bd2ce21bbfa06150f232fc76d736b5b53891be6a7334affb64e1cd3592,9903
K133035,e6ad87c747815fe698cf7ccdf5fdde4a95e3a8346e9bf569b1ecde0048b8f398,7823
K133036,8cfddcdfc628204749bd05f888ef0a35593dff6557111d11b58a43f11cbcb86b,18113
K133039,a9f96ae31fbaec56a1c4ccf60275fd5cf18622b6f607ec26d0bdca24bfc25e0c,10244
K133052,45bcf7975b66fe50a6f6c7da8d11bbf5ebd7100ad47ad25d713c3ea160f0bc91,9674
K133053,c7ad3be51fad151a63bb3a5c096e487a3be98e9242c51f59aff919565c431be6,12607
K133063,57731f0a31aad139c371e3d7bc20a0495a9361395ac10f47c0c27ba6bf0fabe8,9326
K133066,a5e80e46021027306ef6cb8e59f246bfc8f49bf1f78321c453ea40c7800e202f,7746
K133081,ce4259a7959b2cf54c92d8e4c72794691fb0c9cb603445550c0af0f07e85efd7,10728
K133086,713770b55dbc6012b0df36a1e74b0063333162a289c476fd4444ade0d05b269a,14880
K133091,07d90b6fd52a0e54514b8f83f14f928ce6bd8b3e80fd5d8b3e507aaace66ec2b,8078
K133094,e4125ea1990a1f5b0c2063401d3ae142445e144379fbc8d318a53efdc8a58a48,9264
K133102,db31d300d68493df118fb72ed46a242e38a54449fa05440b26bf6877d5a70d6b,10256
K133103,c361336963ac8280f52b36168b6afa206cca08184db80590b34c2b30742eb233,7761
K133104,92d2ef4cea6c97e972c8e248ab56ee558666f4810b8de563f3e3c4afda6fbea2,6544
K133126,88d2bcd35f64e63f84e6a027fc006f7eb86a48b45f96d071166d1810653fd837,8027
K133152,f7a31becf1af5ddcd3658c1b96ebaa9255a83aebcb7fb1d41c283753753d8a22,9595
K133153,60c2dcab22d93fb95f7495ce681cf53d40f8a896a1515d775261038e1fcd01b4,12053
K133162,25a99bd819fc2b5b5d4bc907ca507bbc4ab45cefde519ab71f5ae7aba30956b6,11799
K133164,6bcc45982a3fefdb18115286019a5ee973791898bea7e6cc0843ffcf632aab54,12722
K133166,29b70aaa350277795a5d283b079f54466809d4cc4b89c4e214b17291dbd9c9fc,6953
K133184,f9d3ed0da365b8859f4e2982a933f505733810019c017770ff324f371b1edfe0,10911
K133188,74c5b49e7107ae7324455a1f649cefe87e2c01ebe15a2eff43565ee35eeb7d3e,32928
K133192,46636cbe855869f4968a92938ae238670a9a088ae15d68022f7592a808b08a35,10540
K133194,d8f34df60b8c57139fab3abd26eb6455d4002e0ec1751c5c9ef8061ddcb341d0,10503
K133200,f117b5fb3db1b1fc41cfd86348ebdab22820be13cfc4af17170c6b6d722c81b3,7794
K133205,d931111487492e51ea7a820d60fcb2402130018e20ebb782fff06529bcd26bb2,15600
K133207,d3f38ddbc56990487e3e5f664ecd895c474855cf0a5e8f68b2fab78cfd868e90,12740
K133214,ff580d0fb76e4989d18854bfa41de51f90add6e0ca72508e0b10a3d5f5e5ec2a,8471
K133216,c2a61d4f88c17e82cad2b496aa04ba5afc2778ba103c982d8f74ce4b513cbf0a,9139
K133218,6202868941581666582406fa783737b68e8fad8917f5606a4db5dfec538ffcf8,15818
K133221,0dd71418fe45c1c6293f3c51b484f03f03f251df3e0de302e69fb0d0453b3544,10695
K133224,923a9e4345db4b3af74bac4c7b8bb5fb099f199a909eebd36f5b5a5632925c24,9244
K133228,38ccb7b6e2333a7443ee1331257dca057f657c0678a19f7661e7b9a02a632e46,8802
K133229,b172f67c84bda12dcb3df584651d2ab75f425c283b4bf87c4f2ff41d86b170a1,9319
K133235,215d15801edeec72cd481a65487273b4ff5899c6297c8e5c30c59cd707232c74,7838
K133245,b936248fd057d92f3b230c617b86ebac59185cc60472027c9dcc789c9e03d390,10190
K133246,dde9ad54358d292b9da09072013edc0c573fabb85a06eac603ffd4159ead21d7,8300
K133256,88013ea1951cf8416b070b6a1841765684ea685b4540b69eb853c8b5f0e08f13,21136
K133275,3f1fda3d1863a330554167b1d545f5ecd86caf7ffcff779ab518066912c26106,10406
K133286,4bb98b5a77071239cb21db3f5ae6d2edbf18f5d619191c07b67e34056a919437,7701
K133287,e4ce0814aa3b03d28efdb9910c9059855d54603b3a035dc2109de93488090223,9371
K133288,03f5218b117690fe9c4e1870f85429674b4e8f8a9ff79eed3babdd49f4ac79a9,9561
K133289,3a33c2e9d0f47ae1da36401877f1c2830bc4c4abc70aa87d757a220113675984,8629
K133291,612e455c4ffebfb76dd542d471984120b421f55279442bd2d29bdc3e0e31c629,13846
K133321,bb5dcfeae73f5a0a96e703587bd90bb797483e7ef64af8a973759a10da10235f,7644
K133340,a45a37d783a9c91b6394961590ed8cbec97785b3a27deb3f0f3f6d6eb13be564,12395
K133342,85f9ceb472661eae3c653b73f0a98e89c158df8c9ad1297506be00e28b35488f,9053
K133349,7c370d9536d7d0d6a0f7cd7f9826692acd93e4fb05ba46f7b630b879740343d3,5
K133350,31e4c81f75a62127a0dda47939a16aeb4ba02edfd419a2d389f7c728f36ca3c5,14402
K133354,28a3c105eb4dd824b017268716355acd6865cc2a4fb371888b4c2656a732f39e,7434
K133363,309b14f49c679513cab1094cb502afed13cb9a98b652c4abd602a5bf81b124ea,8246
K133366,b361c12c38dc93fd9fffac45029b1a6ea4ff0e61ddee42b69a387b1ca663008a,11275
K133369,239bf6eb0a3d53b023fe4c1360cd30dc9d443745275339e6385952286594e3f7,8944
K133370,a5626c2a0cacf532aef4aaee87c41977c53503a4be99f64bb4cbede01246f492,13007
K133371,7131b21c10258537dc146ae53b86ece06a3b219dbb76d1b50e52797a79e84f0e,8585
K133372,90e932669c87b22d79d72ed2cc5e1c183de00b4a51cf58687dc6535b3922adc9,10308
K133374,4a35ebcf8426e0a7b69986ebfc88dc866841b79a5dafa3e757061532aba1ac92,9834
K133376,f500268001149c565e9e69a7edc53fdca84c00366743b5a2a1b2300ab35f5512,8156
K133378,545c38b0922de19734fbffde62792c37c2aef6a3216cfa472449173165220f7d,4
K133381,0df9b8a39429093a01ec0dcb2df76f21d33f475bcb5f3b8937979a5ac4e7aeaa,9933
K133386,4d651f33c2d7b4e9d68282a452b9f74e655485db79eed8c7f8cf42e4929a7289,9627
K133402,e8c149c03972ca87ef71f082ea80a83ec69c1f8d13b1a7c2759be0d7bd1953f3,9980
K133418,6b460f3c4acfcf097b95671c105e4d161083177637044fffba96343a5ec70a3f,8810
K133437,e88b185bb5b1fabfd11716604d970bcc0b234d489139c2a118d2e6c9680e621d,8521
K133440,2544590a4317c855618357d6f1b52e8aebc8882230c691cf04db7fd7915ce725,8042
K133449,1a2b7a97eb982c1698fb7aaca0e98061dbea9bbfd9ff68d01672cd4de573a90b,9691
K133451,2466c9712d15001a5786cd0b6d2254bc406b856c2a2b8acad85cdc9a082c23f2,8569
K133452,6a1be588e999097603b229bb4e657ba9861c3f62682975d33d24dd6763ab32da,6610
K133455,92f0d3011480183bc2440fe8832cec8b6e5df9bdce9431940a51f26357e141b2,15014
K133460,af7af9cc977b0adfacbf000f0548638c84b5d27038c252d0736c3ace88635af6,9612
K133462,7c370d9536d7d0d6a0f7cd7f9826692acd93e4fb05ba46f7b630b879740343d3,5
K133469,e55ea3f8cdbbeb5871029b0adc8706b4817fc8d709d0422e40c13051f2407409,9247
K133475,ca9453f1f615fe8a77a26a5b7f1ff504b401656f6154462b176cd2638b6410c8,7764
K133477,e575c725caebe0940a995148c738d3f8b16b0bb55a14130e40396b4ddcf54353,8295
K133482,7eacab02b8eb6580a0a82a138bb804d2682163bde8ad83c523817260ac3b2349,8273
K133494,d4d7988f30a3c38c42e77fc305f0890dcdb878cb635b0ab396c4028087208c5f,9921
K133514,7937dd5fabccd04c9cfa8b3d32b47f82cfa788ca6f50b219bb014d576bfa24d0,11197
K133515,73214d504067a1f3abf20569dd11dc445a881364aaadde84a8b579d339b8e8e9,8978
K133518,a35a8bd91cc62d8a52d2d3577fa1e404930dfac98b66dd91706bee19b7e6288d,8538
K133520,83885bd3238468935a62afc7cf385550e203f0d017ecdefe18fd64a7501ab13a,7252
K133523,d0aeb00c82ba7907455dbce1aacab4d09d860f327d54a875fdc484ef511a9f37,6582
K133525,2e4db3b8ccfb62ed4e3edda50ceec6eb72dec31bd6d212b02c283be7662a7544,9414
K133529,a53407c1de185a45d04a87381a21b0d6ccac965527a3e05dbf3d07880f5b3773,8829
K133536,c61261f905850229deec059d01f8d5bdfb93acc0500e5f43edd677b542019cf9,9819
K133541,d20de0ed8d2ca93f0bfad284ea7de08d44e6a7be39e997b0dafa5187985c4a7e,8897
K133556,5b8777e0c50a1a16936a590c97095c66ec54e8ad9563883ea7cdbfd29ddd138a,13180
K133557,8e36a053c2d4c0ea1f704bb1716ff38f7e5d21bf08159bfdc2a89ef50e3db1b5,9710
K133560,c85b652e5f993240bf4faab6e49f517c49393b9250b436eedec3a3a801080676,16568
K133564,ff9294acdb75091a7b8558108c9c1ed9830930baa7caa8ec4a0fd5b0237a79e0,9521
K133567,d4a064314727a69b3b17596ac894ac8ac94911a666b93300abb05a1b055ac2ea,8944
K133575,acd5abcb4e3ed6f942d58c393bf015d47b2a37e2f57134ef60d05af4b8a0eb71,12537
K133577,9b8d927dc266ede19cc713adb0e301e9f90ee4a8fc3ba0a42639adb345290b5e,11253
K133579,4e9d11a5986ed67a57ce3138b10e08b55bfffd00496dd138198bf7e942ebb3a7,9109
K133583,55e8eb2775a7e974ac59eb12888726e410eb59a4487b7c6349d1c341b9f07fb2,10422
K133585,47f4653ee21dc9993f9f9022a2bfc91dd64ced36c8c23ee5ceebe2df1501777c,8782
K133606,c16f6602ce7eed273ba074b7936a9dc571839ce84830155424a16fd64ac86a18,12191
K133614,a8fc85847a711f7ebb21ef334a78a42cdb1931af262bba2565a16bb50343687f,12116
K133616,cada28d17ca7bd26fe8bd9fc0741fdcac91079e75a9e20d52a1677092fe8e412,10274
K133617,0652743391e569d4b0a8379a76cb75a75c7d522a8838488719a2ed1c25b2a6d8,9610
K133623,27059efa402e4e4f325e1cdcef2c7fd43370bf9cdf84e89e42e3a2fed20491eb,16204
K133630,0d4581ef8b81a84cd802e6825cfa722c5f0675fe8dc970e3e16b1fb16b6345a5,9467
K133636,028038b8be81effa1215c1259f6b51fcbf816ded81797e22614f6724a16bf886,6528
K133645,9b0ef70944634721e492d65010605457b1826abf55af71a290f68acb8ec016c5,24028
K133650,c3ac68a5e92a28e41d8e1fefeaa4ff505c187025d9e9f0e54c01d74e62b17b51,10072
K133653,4a1788f73fdcbc7cb0adf70964fd9b06ac2f8febbf17eb9998626e22ee77fb01,11984
K133662,7332e3f43a5e8b5906dcd613758ca3fdfabf9b273fe97e4fa1fc4b99c5a80abe,7853
K133668,8f690ff5d53eb0616956966368ed94d3482eb70a588e1edfa16b0fc3d93dd2eb,7455
K133669,e5bff3dc27cd772d01356af5fff2fbf5acd222853ec97ff28e8ff976eb8f5d93,18138
K133671,088459770ff01c35bb1b51c20fe63433b498919da72570b8c881bc09e0d9282c,9503
K133675,f5129e57ee91b94a87a79bd46d02c9f91c7f27e2adf1ad6b8ba58016bad75320,7654
K133678,b1c96cf21272f6734b23fb55d29077209545ac8d73ba21dc20c7725309900c25,9643
K133690,73900a3a11f5043251bbe390dc0d3fb18fa28fa90226712bb4e3900851426648,8015
K133691,bd1a17254579c8b1441e365c7860819e822158e9e604dcca8a64f0ede8e233b0,10552
K133698,7ababa2f0ef0398be8a22324fa64017d8a5fe5691962ddba5225ffee46a7e6f0,11898
K133713,8bbc92db27200d5493d279e6c05456f1bf53768ade994ba4f2b722bba6fe95f9,8092
K133717,805195fa957fd18ab73176976d619e6c4724eb56a78a56d64cc9b21040667d6f,9419
K133721,07488aef3c09c32711d0b8b16cfd17e29aae6f8ce943380284ad3b3efbf3e455,11622
K133727,974dd2167d103974af0b05475549cd5bb771eda984a6daf3a92d2515a29e9107,9564
K133737,cac0d81fedcdf03a0780968272b0d0a0d91821af36f6af60d8cdb725078a110f,8986
K133743,7aac12185e34e4f313228f9c8c4eb9ae69c2db60b21add8549b2c7945127193d,10530
K133746,7603494be2a1f37d32f3121afdee53c33fe320849b8fb61d5d8467ac36ba5b95,12671
K133757,10d245644ebcbc1116dc014e4266843f69a6ebb96c89e5f47097fd8b2fd13555,6522
K133777,a1f56cf16762097257e136cb1c150f7854e024f036a8910eab1401e69a759e4a,9209
K133780,3112e041d7b817e566f4200ac79f96137388670f38e1200749d859a8f21ac370,7919
K133784,f5aec8835820492865320e4be6bd8b55c46c16a14baa12ca3608f861f25d1644,9728
K133785,4cab392ea3b40df36fb5e1c78f3b97cffa00693d8a5fd99decb2f40e04bb660f,7445
K133794,9786b0743d48a5ada5786797cb928dcecd1253b42fa5edc155204f06064c9a5c,9500
K133802,8da8dc85de27f23f5258e73d325ccd7f0735390f159f9c7e0041616d4715b6ac,9400
K133811,1fd4de3e3b69b7fb4326da3f728052cf6b1c0044730be7ee654ea25830f57449,10050
K133813,828bf32d5bb4766ee5e3d3679db388fcd6840c457ae3452fae5a898e12463844,9746
K133815,1174be55f081627b0a953f968b8dd73f4d409478f1b836c763f8fd9f91a81b0f,9089
K133827,4e7bc90b1e7da787e8b1e5d3b56f2f943d4b6c6c438596d6567486a988cde104,14252
K133832,5581cbd2c136a22f3aebe62f09f65529d33169026d020450b391af46d8053a4b,9854
K133834,538d6440534fa5f615e8a26932792a82a2e4a33a97886e2d815eab8fc216d415,7
K133835,ddc0bda97b1d90f4da53c595fad78b7d36ff506744c225c2a7a11caa9b5eca80,7259
K133840,77ea4874c127ead79d9bc82921cb8d8337aec47ace9bf84da483e6a07a950a18,7540
K133842,d750382ad2d9eaec25eb4870402feff2d4fe2e07b22b95641a199833e57e9e38,6658
K133844,8d3836fc9085c59e35e201d2c9c8076ebcf7064fddcf5758dd798c7afe026234,9299
K133854,0f558c0c30435387a8ee93f02937638142c3016249dae2a6bf9e6319041ca214,9788
K133858,e2e355d992f083a52a772576f66c615951c07e902c363d57804914a71a75baf0,7211
K133893,4f584acb6ee2f2ce1b04e30ad53a5c5ccb34e055a74cb91106edad9f622375b6,8964
K133904,146875eca1a5574e9696642d9b1b519555640598a2c177e3f39624e114849ebd,1297
K133906,63358b7629732c6b9bb9fe03f49fc8c3bc9035f1c39e12a1eba924ae4c5911e1,10454
K133911,4333c20edc6f15eece4bec1e309c0209e62c4881ad2c9b92ac4809090159d583,9555
K133919,5ac147f27204854064d9a5c83043a490c5114a88892cc908cb3bd9137eac5bf1,11132
K133930,fc5de74a249e6d40d87f9b099a53f4dd2841e0b48c2b69a6457bf5d941f1b25f,8244
K133932,cee2922539ee37f2094ec2fc01f77b39762c1c136e3acfd3b7ff0c06fac63d23,8450
K133939,6cdb78cee844ad91bc590c3339e040c46c7c236a6ba9551d5867f68158c6d1da,6374
K133940,3e7a3a33b151c0fcd0e519ff03f1d61cd2056000441f7e3621cb8b0eb21d37b0,9837
K133944,a5859c0a6dad9415e9d71de3d8e6923fa08728a81ea25f22f9dc8cb44f27fbdb,11349
K133947,d703e3f8bd7f915c34f7da71613075ad135edc030ab769a7a853017f5b33a2c6,10861
K133950,50fecfd022e69f05da707796c531950cb5e3812d0ee73c65d2ead491b8088cf8,8777
K133967,15c87a5f3e7efa774d5f424a055c8168dd831303800c93adae22fda066e72559,9451
K133974,8155f633fe120ae153181e7d7575382bd81bd2930523d06fb0f06ec007c37382,8055
K134011,266780ce0aada8b4020cdc3c2bbd06a26841a2f9fcc4fa4cbab984a55eb528dd,8000
K134038,340298df37fefb1731d8715d7bc5a130028d46a85d6f64b024b07c5dd4647215,9667
K140003,a9eb383b7cb0babb03b6e9a45feda873e8f6a91b7e0f66443368fe890ef95359,11312
K140007,11aa27a39fc136a50fb5931c0a4a31d3d429b05093fa10825b2c2e3a3fc4d37c,8372
K140010,41f347b0b256e878b6db3414e1f67423878029bc5326b4d71b303b4e4c7aa50a,8306
K140018,d3a9d7fd9e5c82226a74edc4cf2edcf5af6e434a3d2dc76e728ad56c742c52d6,8573
K140027,1f763059280c45cb13f10597e674ff3f3d341963e6644fe48985e801a42604ec,13535
K140043,6185ced17663508e8be14ad2cfeeb5189894303630ca5f41b65795d5efe51b5c,11804
K140046,4a285cad133768a3e144d76464f88243b237aa26ce8a1b4ccae9d8efe286f1dd,12301
K140053,dd09673c1073dbc1cb4b43e4ad3a0ff9f7fe15681f5194120db00e0a94c29403,9039
K140055,c910a478abab1b579145501ec598806dd9052c20c1ec7d71239c056aa1f6f0bf,9804
K140063,1dd586c24a587fc7b75f6f31ed1d2f2ee78f1bb1b5cb6427fbd2dcede3f441ca,12891
K140066,2ae8c62b6e18e8a105cbd25aa7cf737a83b27b89e7d713f867986276094538a2,9937
K140071,2aefbe9c76395d535ed33bd46c86ebb198e575907bec5adaff1443020cb390b7,8778
K140073,c55c3711c970ed15a2fcf21b5d5e266d4b18357c0dfee047fd84e3616301a9dd,9215
K140075,3996a3d7b9fcf1dc3f9cc3b1ea018dd22d49ce512323cb6feab6eee52e2c3708,9268
K140079,4ae8f6838ee600143d51490d6e478fd7f617eb9dcc42efd4c4431994d65cde7d,7809
K140082,79488488398f5f5aed236dd6e9f914599370d04dfe70fda61b8c83bf739b1088,8
K140098,95bd57ee400a0ba95e0c7ef021a58f8bdcce44126b78d3b681a41450379ac9ab,10144
K140106,13bdc2f01fe3ca7fed3fc8dcccc1144b55afe132039a9b8a0094a2fbf3f83780,12107
K140107,9098ccb3cec961bcb704b67faae60989862874693e001715315709b965540a22,8297
K140119,43343625b86cb2d9570a040cdea5956f945eef18cd6bf96840087edf69af6831,11576
K140123,d21c787580063a0b23d65a71fe257a45124252c05bd9ff54d40929f4149602e9,12223
K140130,32a798667242410d0640e50752c5becb21d3a9ac8674552b13d388f29b68235a,7036
K140142,553a150a1dd449396b69012550c0bcf6d89476094df685875a229e5bcf5d2369,8948
K140148,166f11712e2d0faf8357ca100166ab20c94350b76007e4ec5263f9820bdfa5fd,9314
K140158,b231e30db90eac87268fcc7950cbd1a35dbf1aa68db1d8a25bee1372e6fec114,7487
K140162,461538f1367f24258a1ab5c4bdd1f3d80007e9b428fa4b61a3d55b311fd07a87,9991
K140178,92471fc3f83f508949a725ad6f7dc2452737ee5581659e3c4f8f50cb646e3083,1366
K140216,be09995c7d9ad02a45016649855f9e6e760911417e381ad07e61aa4841ab0c68,8921
K140219,f6925b512214bd3bfe4ad3e62b50fe6bb65f09176a9bc809297f10e62f01b93f,11533
K140222,7c3beab8875ec1507ecd92a1271b93fa0c2311104308b0b933eba4ac841c7b08,9694
K140226,f386d19e523b3954c505e30bef047f1c2202f24e82c7ee96710d3fbe08d913a5,6983
K140229,b71d15cad06451dfda13022d43771402ea46830c3d32bbdae2c9576bfb9baa62,11642
K140234,1d5988e567342ea5f786dabcb416999b79d88508aef32b75f950e08f65002f69,9538
K140236,ad50fdc85063250cea0992f79461b4d49daaeaeeaddfba14bc01e14438282446,9917
K140238,3d550e39bf8788d3e7137ab1d468bbbd3fbb80876a2d63a60194e7751dff3c31,16757
K140257,c9064228c0e9e9fd72d87f441172841a39e1f32fc3c5ea267dff78c21cebfc9f,12423
K140259,a2af677d53da38c99565a11a0ce6f3a2cfc1374a37ea1b3c6b7a450da38b9a95,7559
K140260,73bc7279845148a62ed6843d4cd89f51da5bb241f85bc031de2acf65d186eb9d,8008
K140276,715b59836973d05992e14ea6ce28381cccbce834794bdc1b3b4b8ffde39a3c9d,14221
K140280,8bdf8bda51938e3600435f40b8acae2d83eba03ad7b3cd238ce776016569196b,9949
K140283,c816f68987a22377a4113da3595e5bf98e7b7e3198e73f57becc05fcf6011918,9381
K140302,2a43b4899e8873d5543a82235d56595cd4f0e8ccd702f62ea826c6e67d1e0cb0,7938
K140303,194554ad0a981b239812c36a82c8d73e7d6d631ebf89948043a4357c409214f5,11156
K140319,f1969c9d05cf31031f513b8182b0f4caca48f52e15de1312b74f306d071f3659,10181
K140324,71ff719cc98f8703d0b86591c7ed3430b988a18da2e3006d2444d129ec9b7ef2,7659
K140328,9cdfdae9a7dedde354b4e5ce4a60e8dc0e617a8cff91aa8949240ccd737fb0ce,8020
K140348,24e9726f3aa5fe535156ae9a9e9b5f07420d882cdc06385f827aeaa286224236,9872
K140357,dcb8f3a66e9076917c6bcc24dd710fa38485c5e15f5591ad6dde82c2fe7bd950,8574
K140358,e2a5b3f948a749dfaf8763a8df8049cda380a00b9ebc16517f3a338d345300f7,7761
K140359,2c84e900a6eb3c2018f8402da30a4a09d6659998b766dee0e0ce99f02c300adc,11944
K140361,40fd29bbe0e7b3f3fbe5e1d64d98d5d8509b71f0aedefa456b7d02cd88a1619f,10031
K140372,b099c3a6586e64bb6f445b12a56c185daa989b71e321550cc3f7251970a59452,7477
K140375,92ae01a408776dd9b0d8372ac20ea664a7f53b3af5a57417d06e8adc45fdfa17,13314
K140376,5baf8647187fc39167fd1ab744af2811a19737ee2e8d3a5a8b23b036d8c0ea44,7110
K140390,7455aff8ef2725d42c0506fb6891ddd6e2543ec4fcce3a4f6deb26893133dd8f,11125
K140397,c125a745073fee56b4a42f66b70240cb987403fbc40dad65e76f8d3aa4f88ba5,9713
K140408,fa65e73e638e8c22763652e4fe65cf20408bcd9ea0e87b1946496057a64b6d5d,7436
K140411,f29202e770d83734bd978656424da80b53df26cc7b04851fba6257d11fe9a21c,8314
K140417,a72b6995500e5ccdb843a9a128c5f5b382e05c65887a750e8f0fedb385760cc1,14173
K140423,167e113a0ee4fb67ef1a3d2f5e6e9c4de44bd7b15913764356c4c7e7fdf81d1f,16781
K140431,dace37bf0a4012277a9b87eec81b37f3ec301db962d3690c2829a67fde6d8ba4,7375
K140449,f851f9bebe5720875e1e352779b5cf85f984382da7842833c786e6e9cbc22de8,14045
K140452,090bbbd00ab8ef98fad93e0f9eec5623fc723064455d0be8c8b6c967750ab48c,9337
K140453,724838dec242b307f5bb2b6729adfbdfa5aa8ac96918b92d991384b14190b42c,11682
K140457,4b2674de874838383adf9894460229c8b23e1211af8bccba5857b3d3a5e7f50b,9432
K140463,8e47f72abf4049e2515444cda8d69c7b1d6e3815aca9f483ec8f03beb71ef872,11828
K140474,a39f1465e7e49a94469bcbdaf00f44c3d33defcd2536d06f1f5372e9954e643c,9571
K140476,dd6c449ebf8192773dcb4b42ec742d163da362136ba9995734701cb171c1fa34,8934
K140478,d088784b7ecb87f1ea17e6f982fa968ffefcc07b79de6ecc548fc00242868da6,6
K140479,48b8179a1453b699d1e37dbd238a7a6507b94d1cea096e62b67444ba5d9bf0a0,10112
K140508,afc73523971040284ca2e85dcb12e139f1f55010a1353fa028a8b5a53c8eaf40,8660
K140509,0ad157bd53a04f1220cff0c411555fc7e28664fd52b4df00bc0b277441b211f0,9331
K140529,744c8922d46d5df756edb438cd9f0840475f06c62fbc409ac55a1f0a8f01995b,9812
K140531,bb3e8e27ad5f0a1db5f4d0d3d99da8950845abd8bc443649461f194fa7a553ce,8608
K140547,822781424537ff9d36751b94a2e0a77cf898371b45639dce7e3f7b0c70fe422c,13388
K140550,cb1cf59f1f4f2f5245d9c9e55b674c14c0003bb2fc7af25edf87ad763b7cdd88,11104
K140564,c68f2039b3af2b40bc53c27ceef60904590fa80b9c4e89f5bce4c023d7b0bed6,8766
K140565,545c38b0922de19734fbffde62792c37c2aef6a3216cfa472449173165220f7d,4
K140577,4610eccf72d30544d7257aa98102e0946547583bdc18af73097e695846481124,10895
K140601,ebd0924ee16e7ee9ad67d263ea5b8285085c850a88ad6d71be8fc2fa8366fccd,9001
K140604,831019480ab6994e5dad3bf2dfd9f25377eec23e36ba06def1aacaac178b0729,10091
K140607,687d60314280da3b3106134f0ab44153dba7399ba87f25242f43d73e7cc0c60b,7460
K140611,fd3f63d7f3c284e986020123b50645577021b5cbc9bbf254d2fb3b88456674c5,10749
K140613,cfc1fc2270b4493614158f0e479fbc14efde913c1550ab1f2b8cf7a6f2498651,15204
K140617,463cf889f8ae2c2f81409ef9b5bb0a98be1ff38f75e760f3e7d0bae1e7d6bb16,7888
K140622,29617c65b5a74a19858af38f0a0c08b78d38554986dd5ea8a8918d9c553c5198,7142
K140625,c88b8c2d760e14d60078990ffec0cea9c47d9fddb915c3bc24dd09c7201d2a18,7454
K140643,3ca3bcdbb1d522ac511b58cd7ab47d6cf40f8da521614278b2a21269b02ded0f,8199
K140645,934418a86ec98b79ddcc00b76a2cd65a1de4ce2ff319269a35f07a8f460366c8,9646
K140649,446e3f7c7a6f0779876591ecfdaaab7e07dfe57258103f21291bf779a01fe6f5,8272
K140652,d088784b7ecb87f1ea17e6f982fa968ffefcc07b79de6ecc548fc00242868da6,6
K140659,7e9a6cc96baf7855189efb8ce3a549c08a24fbed306aa6de9bbe1e12c23d94be,12657
K140669,683e02e36f391a79c4ef57bf9680b3acb7c7d1ac305fde89f31030f4e3dcb72b,9914
K140674,dff7ed98fef1d7ba88829fc8c724ede49ed7e3a4e6fa42b85c5b01d71b779f93,12511
K140675,1dc5be2663d29a8ea4db52b72ab2e68089219769eb3ee4eff2ed7a2a1c98feea,8293
K140678,4410dec512ae72a8c30fec501e27854dab3888d0e4deb81db1bcde031e97da93,9978
K140696,4dbbc4fd5e0e3f4c1c8c8f96dae27ca2d79c40fceee4179f04394d265c3813a0,9336
K140701,80187b93313566b2f8e972708a191ab8af2649cc57afaef1c7e8cdb7af9263b2,10788
K140709,6a4594f5749f75c3e0e898407d000b423c5b94c9712dafc42c17c354ea57dcea,8749
K140715,a1b79106ec482a512098199b652e86a66f5dc63e41fbd2254710b6085c53620f,8005
K140716,4027319a2dd481a7965bdb64f8cd22e3852591230b890f1e194e646f0d38f874,12313
K140724,666d696e5dbea11c2dbf6122efcc6b04fe071c3d34042268e41ea933dbbabd50,7140
K140734,29dc133b208cd7dea6ef0079be7572ac7dceed18f410538862def9e01f12bec3,11093
K140735,cc504f6ba835831e9dcb9e949d3fd9b18f037f103654cabf00f6903af9ae4786,9015
K140738,76aa9a97e9f31eefeaed1439810668873642291c47f59082962741f8b8d5e85e,14418
K140741,620c93147a44007d38f71951041bc685aa35c42b36c7ae4efef299daeab3ec15,8301
K140742,2903da744ff4c47180ad689f206014bcf240da376f9618a3802fefd1fb9769b1,8550
K140749,b63603c3d6b2fef3222a7b3be51a040d6458f00ee8c11809862f0b7e63930f85,9400
K140750,6b7b8ea3656eb0b5de7d2db3ba371cd9a6cbbfe020888137353eb48045928f18,1294
K140759,78114c882f519bd93259e5109a7e02f758f7445b36725d568de33678af63a4d6,58053
K140765,5d2436646236d4ee13e377a297873aa996f4dfb78552d304b675311182faec32,9809
K140769,9501445276b0d915fb305afc88e749d0a93441c98d99902600068a71f4e95e99,9848
K140770,258b93498eb361b47eb42c74616c0804f0cc3778a684cf027ce19938302ed904,10323
K140792,bd4306bda425366f9124537f5f5804b46463b06708dfadd8d7176a885617a62d,8435
K140802,fe33ee64a00565a20833f680af97c2f16d591e27cf79fd261351e29ceb11af61,9419
K140814,85c9ce6fb5ff8549e50c5288f166a61e723c6f9cf474ba0fc8807f1373be0111,10526
K140826,ba2d5a49956915f98472ae13f417ce2633c9973f87cb19403dd9425692967f91,9644
K140830,e90b1bfb114c18ce9bdc2507b8d322abffbd7b40f1834085e727c674d8dd94b6,8435
K140833,2b7452c86331b7b11b20e4143eee64df309e1e34e3edb2de94e53e4d09565cf4,14758
K140844,bd74f6d847331a861ab3d87b7512201323be5b2aa00bb2365916110272780e85,9706
K140855,1a742ff55a1c8149222db942e767fac2714e6ef4e61a6f1e6581513641d093f0,8787
K140864,543665bcd14f445363976c4f0515e86743c26447d5cb578607193a7ec5263a40,11391
K140875,3bca8fa78350498bad7cf0a73987877a7fceb4000d03d3bf1b3b491f962a7d3e,7556
K140876,c309d66264fee8441e7038aec5699650c564256195a62c8833c15592af5c26b8,8584
K140879,f89a5ce8c5e6031dd6cfa517c9e1ad4618439db02255be219f227bb302ac3178,10650
K140881,5ff63d3dbb2521548f2290eaea9e4b2f75073731d65df1cac93d8c479e2991f9,11894
K140883,6e03d1f2c33c7f9d863d79daddcfd0c7f22224ff064ad358613bd68a1c26861d,11124
K140891,dcc0f261046dada7ccda14e3bcc4f483514dbe8e3495e4f166c300f700b0aedf,9625
K140892,100213d94221f561844ad270219a89b09ef363a7cda5085bbc25b02d9d89c1ba,7534
K140898,2335f49d3e851926e561ccb26c82ab1f72d99436a6397af2ce40fe96c5a59391,9663
K140900,41bec84bad79bc4e8d2f1dacb008ce9599f4421d1adf147ced4b87bf540fbd68,5404
K140902,9519de3930c784a84a3a5727af336ba59baddeca908059a70d00910ac1ab243f,9540
K140904,6a3cf5192354f71615ac51034b3e97c20eda99643fcaf5bbe6d41ad59bd12167,3
K140913,a9feac8f7a7de6321c3440f98b83f938b48dc794c528f66342f8f205456f7e80,18029
K140915,950ccff40982a7ae7a45811e71cd2e1781c5664efad32ed789edcf844b1902d2,9025
K140921,d95460bd11933dae789e8d99432879246d16e8a05155c642f59a3075037b0c06,10132
K140925,2a6f1fc09d91646c4547a1c94ab6d48fe25ee5c157ca3d65a9eb44b553368871,8736
K140937,54c8622ba42ed2272f22938a138a62b5d6e25cc49e3c8d1620096921643a9f13,10787
K140942,b8eab363a0b0005349ff741cc79d256df33a4ffb3c667c84465dc2349309db31,9857
K140946,8df13b53a86acec04295dbb2d2210f136a23d81cc7ba7ff975b92f2d2bd84594,14448
K140948,cd1e6645543822510bcadb871c13d455285c80262abdbf6478e5fea93c64da4d,9854
K140952,2b2f11c0d34ab1744b8f27b25cb7b54ab54f5c799a08289ebc486d6d241072c1,8358
K140961,b71e1e88f7c8c519de2ae7c382be046d24ec4c2f78ec76d21074158c140206ab,9019
K140962,b2c0da7bf9d9a994fff38d8f80fce62fc7781ab9511d7b34834623f3ceb1c386,7559
K140970,c365d3700a6a4a4b0a12f8d3dfe5997ad982eb256d0a7949c081231a7affbd19,7715
K140975,1147b961b7e8e8d732b4a10112a98b94ebf62741893f32256e7df209ceea4589,10044
K141001,aaf8275aea38e32b531490acc4efbed06a0599b3ff5881d3ba4e2cd24a25cbf9,9924
K141004,de0fe593753d44f5445c53c27865169873bc9e70b788f340645405f6e4e1e94d,7132
K141005,f22058dc53d9ce98391241f44cb61cf485fedaff4691669a9d6938d9725de35f,9522
K141006,7c370d9536d7d0d6a0f7cd7f9826692acd93e4fb05ba46f7b630b879740343d3,5
K141011,4fc53ba38a50c9ba671207b68d9e6c1efab8a27a0d187a1b0c5d4cb2822847c8,10304
K141023,18bab919d63adc9caaeeea1a3e5b7e17941e27b22f55625e0dbd9742228360d3,8484
K141029,545c38b0922de19734fbffde62792c37c2aef6a3216cfa472449173165220f7d,4
K141043,6dc4ec70c33b15a663feb871e6276881799de463536580615aa67a75a78a3abe,13031
K141044,310a6298a6d8da44d247e2c9d37b9ea291b5d33fbeb5622a6c1ca1b87c9e47ce,11289
K141045,f6b0813a567016c08813894c3241b3efb4c38be25386b43716f710188e85d20a,7658
K141049,183d623db0f726f8ee797f671b49794cecdbff378c0fff203ab8a106477f00b0,6479
K141056,58f1bc3fb19843fa2fce237f9cbd351320024a1c8694d3abc464b7b1e5695d1d,17174
K141078,052698c4928bb3fff70773b15929ccff67eff092ea79931fa5683bf05852391a,10325
K141103,86da65b6a595826348ba620d59a46222b32ff325e0864ffeb8b54a1eaad7fcf1,13379
K141106,187f973f3045faaa3f68a5a6f99b72e357ec046fb167f244830296a6fff92897,10889
K141121,a902ea39ee6608109a56c7c55a805def6ead9ffa5bf2fbf833de4074e2506a61,9199
K141129,60beaa65547204e893e7e514d112b07bce5c954f117429c8fc9d92d383cc560a,10515
K141135,0f0b1b5920cf32dbc5af004adf22faca4ffe9778ef063373770336709719fa49,7878
K141141,4198bec0781a17aad06524eb422a55ea6ff051c765fa9ecf9b91afeb8439bd3c,9697
K141147,4922e62ae02a3652ad2aea509312bc6f0dd645bbba4e5d3f29e9ea89f2bd44a4,9894
K141186,79965e5996251a95dd24c6e62f2a31a223533395ca112cd949aec9df6d514743,13041
K141187,c19643223e811bbf6c2289d04cc8c74bd2502f3872c2c93ac7dbe9d87bf301bb,10296
K141189,7fd57f868ac006ad03d750ed3770344feb4f17805bd4571bba59602ef6bb5883,7801
K141204,b6a56909ed057d0e2203baeca79a0d2f450f7c2397a5b1df23b3225b373e6f4f,8514
K141207,62477015b67c7217e57f9120f70a346a92dbd0944d1d4ea384dcdbfe95fb5bde,12800
K141217,3c357a13a7f812644fa5ca64cf328cf2a43954907770d479f60f62366244d788,11614
K141219,79cd1d6560d6fb2ea137691d1f786a141d017dd8a5970124a578c6fc2996ae97,7890
K141222,d1f53d293361fa9f215f9b156cce1df1d3dd896dba1c60e6a45daecfe105ef9b,13261
K141228,3fe77010f9f7e675300ab20c3565e668f015eed62a7285af287516c73990ff03,7094
K141232,5b37a940981c835c1a79e5c4175a6d51e8f43cccdb424c192ae8fd10584bcb07,8173
K141235,daf6c64caaaf40c836792d469f8379794437402dc873bbec3b151c2f3df0e9c0,9353
K141241,3505638a3f3a7d3a4916a31769e5460bc534dfb3081114825d2a9372d12df71b,9846
K141246,4311cfa65ffba287f28e272d54dc6a9735b30132ce19afad3349fe748339b6de,8055
K141253,637470cbeb746d95e6db2bf59838c59b10d50406e72c4f62c87cdf5018760ae2,10485
K141259,e4cf9ef75175b19864897e45b2375360383a736c68cd66efa3684381399ad3f1,9621
K141263,3d40cc432bbc5d17765bcd0ab77a8a92a69a703548f8cb8f884638da2ab38506,10012
K141264,a981e1c9270fddfaa9466a14cd31cee826ecf69f24c54e0b15b431587fa24615,7677
K141278,7dafe008113dfe564bd64119d45ceafffbba5b28119d782b870923fe68a3e637,13111
K141282,923b7395980e1ac57205b5185700673b9c7aca914da4a46dc7a420b7fa7445d3,10084
K141284,d60db65acbbbe620ec29da769612c9e41f578d049e65e987950f6f4bff04199c,9564
K141290,13b5b487393a7672b29b51adbf60d7a3322883480f6386c8ae3a522affce9e39,9172
K141291,af97f0c560f1b74815f66edafb3bdbf47c85cb46b3302183c3fc15fdb91c38d2,9033
K141301,507f39516a2e219868db59907c2ff05adfcd05c06734ec9e62a2d86316587f56,8462
K141314,82374e1e03d88afd32b6af5ab06d6f650c0a8801651b3d62e403734ab9e2eb6e,8333
K141317,35ac9919674175dedec1ba7690efd72fad37fbd985c3d5cda4f134f44e995e1e,7449
K141327,1357e9f17ac1e31391ddaf8ef9f610523ec2108dc3bac2ba9ca47d7fdd5b9da0,12011
K141331,0df673f947f6a142ddda1103de0c89aa6f41d9bb21ed3d373d2119c10d207406,14071
K141332,026a28c1920893b8a7cdf23e90cabdca011bf80f79a4b4082e055b015dc559d0,11246
K141333,fe7caccc056b81000865f7c115d28b4bf1182c8bfda990ee1b9a9919749aef38,12678
K141337,6d5bd2f833c85c3f278a8384cf5dbc5b101c2851ca0748c91b7a4627bea80871,11693
K141345,f78a3db796e363ad9e1d0a02f001d484e820ddfdc5f46ed856da633e2cc278c1,14254
K141347,a25bdb9f0082bef70ce45ad9440fa533400e384ec51c939a33107f1011e4de07,7408
K141370,51107b6f15e499701784cd6081c0ec3e551bc8aa055d482e95c0d143ae8f9081,9288
K141372,1fa1dad4f9411483a74f36d4dc42354ffb5bbdb15456cd4c7155e2fb4711b025,10107
K141376,49003dbd9331cd51dd80904c3b3305d32fa378342fc414f07dcc4b38dcba714d,21835
K141377,4e9e2d23ec4029bc74f6dfea71f0cb30ee6558d61c919bab8a5ebc397e272f15,8056
K141383,57862524401a4e2529f3df22f9dc3d3fc66c457b84ec58f9756316af95465c72,8048
K141395,5a5b1ee311c845f1ed60f2a7cb4894044e25f5c6ed663aebeb12cf8df3a26414,10279
K141397,2a733b3447a9c9535614e48015dcc408a221b8a1c4654ef3286a5f7f1d55dda1,13683
K141398,3ef2e771a06186f7282ac0378def029abe2cd847df5136ee1df3b3aaa69e17a4,9571
K141401,ff2d4db0f2da85976622b24dc5ebd5f790f6ac3495fad0ab58d4e7627b03f622,10874
K141405,d73ecf305041e7d27e17c657af22fcd89f3895651dbca83b48ebc1b76ff67eaf,7476
K141407,b60c39abc104539e8c8247445587fa4e832818e68cbf345494eeeb403b33ea0b,11491
K141417,f25203fd9e73628bdc36e99706a674bd3b3eeb979e2a4880084f7e5bb9392bf9,8709
K141419,07f85c9958876bfcd24407c829b58762e53decb85176a90ae97a29a617e30b2a,11327
K141420,6dbf3dfe1e5d3b902e3ba008c10e3c8923401ea49940bae85c1589ceaa202f85,6753
K141429,c064b17825b437b9af2d3e57f15a0caa2fc922543129a235c23ea27891e0e8cb,9309
K141430,5f392ab2de9f10cb6506e0b528fa5edc6b933baa3a730efd49beb59aa0eb42bf,8675
K141443,70fd6af99b007221312731d469012eb39b7f0e7fc77a2aa7c2a250cc76307fdd,10703
K141447,61dbcf8dbe5ed10eaf8075f444048a96a1a0e8c7ab7394997830f0932daa3604,8985
K141471,e2b6c700cf60afb2619a945252b644f11d6a7b1eb4717eb07098aab7b675ece9,8720
K141478,b6decd380abc918de0c47e56c5dbba7360dcde3fd9f5ead5de5de0f4d5f1210a,9313
K141489,8987196d348bd9a331b5e2bc309275521ff884eb1ef32721c7808e97747961cc,8107
K141493,9fbf6953df8e3d47e4ce7c186a47b4e9c3f74fbb7cc416564819ab9bab744150,7313
K141500,255c9413188dd680ca18560cec3795d1b06476ed7947be38eeee7248c4cd006e,15523
K141508,d4dab174b8dbb784fdd57b027c3f410ec87ddc12c40c756fc865766007686f03,7947
K141509,28a8c9223cfb690f3209aabf4002dab23f1561cfe651f9b0ba2bf61fb57018b6,12144
K141517,b7f7c08fc5372349efe0c716bf7d331d66b26ee41a11441a97ab957ef7475d24,9556
K141527,1e30dc3ed13b04268d93b2b8a72912c601d6ef400dac9b9e83a92b4e38366645,7641
K141537,cc4c4d202e10a88a201032a2256d8a5c68a6fa4cd09f9a7a4cb0480e297137e8,9472
K141548,d4e4b6c637fc3e960732b26d17e48cc95e27c8a8479eff121e90208b68abda3b,7692
K141549,990b51ab5ef59488f20c0a1da75dadcc05ccf8d0119f0565cf1203e513fb0ac9,8592
K141550,741588cf5fa1f05f6a1ac151d81dfc7e5925dc4a94435bbb87f622974e594c7e,9047
K141571,59da20801a704e084c4254894cbec5a78f6b60806d5bd45d195688bb282b35cb,9787
K141577,e6c5fed8882574573130c552a99ddf9ffb9f1226c2ba08b6ef35157a53042afd,8168
K141585,eb5562b0692f267667d4f5771cca9fbf65bc3643a50c10ca1ef2c9213a217d33,10522
K141599,82c05639cb62bbefe8a0e3d996d94fed11d8b23cc494a025b7f62eec60f4225b,13110
K141600,4b96ce5862b758f1cd607baae91a432ec065c28cef12dde7a8c13c24e9e1cf5b,9400
K141604,31f9d226bb9a5857abd4c6ef37936085fd6dbfe77b0c007ee2b8ac675ab0bc26,14634
K141605,887a9326395ed631a5c8a9529a959781fb07aeb2ba912f569ddbbef12f91063f,13661
K141632,84a5dcb56fdca5fd758e2aee3376471c0398397e17fa469854cd06ea9debd3e7,8151
K141635,fdbf4dcf7a4e6dd62bf15fef067a4dec75df82b948dcaa6671c00a0850304f23,8498
K141653,08d85053af9e89a961e6f8d8123ae0497ef795b2d52a47150f2aff8ca7481922,11327
K141665,7f413cf57e0c5ee9d4cb63b72be41f03d4f83a9f2c75ef27b4cd3033798b9fdd,8921
K141676,131b6d2711e6b06b81a21a1227fc20cabc384c4fc6e2d9f2ac95fdb6291b9597,10183
K141677,1694d4ce26dbb3b578b79866fa60957417a213e5b5fba2dcd0157653c2468442,8701
K141680,fe40ce2844429aac8951257f1bcce7b509f086a115a624b25a2e7aab5460957f,21018
K141695,a30fb18c3da9bcc882b818f905687237a21a9339cc0ecdafa09a13f3b3cd7877,6637
K141697,77a39d0b36a1372846d543fe89d30b7e38b4df25edc548e8e17433e7f7959d77,17358
K141711,11bb487503e6a9d23541a3675254317c2b632f2a4afe5208ec8057677fc4048b,10786
K141714,dece6564e9fff4a330622ea78707d348f06ccc1d79918b495fab3554b3bf0c64,10343
K141725,d85883f4e5c281d0b89c7cf78e761e55f2643b87c5430ac6580be58719dab4c8,8695
K141734,178f9e16f383b7e375d9980fc0d68474af4aa6d7e19454223a890608fd85259e,9132
K141735,d546cc4e536a6babb6c15365feb49c0043089a63cfd88655f08718c72a874eea,11237
K141737,66879cd71ddb3b6ca7e1f982f6161c49fd3757144b69310a040d4b7d4e2a08a8,6946
K141739,96d58f568597997c70bf158c53078f182c9de54a30fcf3dc4c4e9b3cef833111,10087
K141740,1b63e9a0c8eddb4ef7ed5949ae1aebf760f5884235f7057fcb99ceee4be8ce13,9948
K141746,8d98b1bc7f137d85d7bfa746a14c653861c4a95716a8cab46ab36b03330244d2,11395
K141760,bc6ecba0aec780229c05c1165888380b0ea9fe19b800159f42b071d2e50eebd6,8352
K141784,372ba73003a2feceaa097417f27bc7c74b479a12b325bee947fb5597fc993a9f,9896
K141791,6d807cb953c76c3713c0a81d707f17551493e99f761e64ab7fe5d15e4822009a,17165
K141796,e96f181ebd82e2412e00559024b44584f9eacfc4b5bfee32fadecaa3b020dd41,9061
K141797,20b2ff8989c273fcf59d2157cbe17f332913e11576ee61d23230af8a664981f7,9067
K141798,eebff3e9a29e86122a73c28f4cf0b16e5bdcfc0c9811dc06c10cb2f416080723,10287
K141804,7cc55126fde89838fc659521e90f30b1fab31084e33732f89091e2e87dc172b7,13408
K141821,3f78c2ce07439174a2a8da56677feb242c6f2f3d3c15d0874cc11831ac1242e9,10004
K141823,c2bb64d5b170da57da914e9d1b0491b03aa4e17f8a435c44803d0a3d17eec083,8340
K141824,0d63adb0cf11fb2c8a87c0dd850b69e9552261a1bae30aa67d4a53b91a7ef95b,10863
K141825,a3ef16d0ac42c196b79ba6ea493b51748776bf8203b477d2dc1df2db6ff42ffe,9886
K141830,d960447debf37e39cdcb2b7795d5277ce46c62d548f615e08a34d6a09f31c46a,7289
K141835,d6879d24c297f9aef2abc2dd6e81d643bf9d2285570e8362cc2f33c507c94821,8186
K141840,9f44209d91808ef9df77490219591422b494874d203d481237a9d9f494abacbd,9200
K141841,ab81fdebcd56443bc9343f04506f16628ea21877d5ffaa4263899fcbfd179911,9905
K141850,021f5b41437cc682e40519efab9cedc9af21852d303524e693b75a2f18d03ac8,10032
K141857,157ea4870f34d4de9f995cd0f14693ca1100dfcfad56a651dca5a68a6fc97c47,8702
K141873,57bacff15f95d82971dc8689f8fc8487998d7973a6510eeacc6c314aa09bb406,7605
K141896,39099a442dd56b42c69d3caba3df9a0881867d7a63aeaad3030eb0ea3f5427f1,10617
K141897,50a51183c3d4202aef421f5be37fbf9349414955035b459c95a01dca325a3737,18396
K141905,ee9e0d225449d0c64e53e47839f7c26fba48c905050b315ed1f92e4394baa035,8878
K141912,479bb5f0a013998d06f5c684803033a3d19436682c42e23a20a21242a1c9399b,10424
K141920,c39c8e0885c4ba18eb351b64c3cfbdf46255afdd10cba8c4ca53929c599f3379,7945
K141930,2945446e4c4a0d566996a75ed94bb680f43689cde6e2cad74a89c128fc34c7fb,9169
K141934,cda0bcbe1d0f82f0233ef15c4964f433cca1e573f6af2acc05085e7b40c1bc37,12339
K141937,12e242d8a3e6034db73e1dac583e16d4abbb36ad280a3377781e36fcddbe1bbd,7833
K141942,a14b67630f75da662d1ff6427c83b3abe121ea95e02929be25829037b4076192,10526
K141949,03ccde085986f52a9e091350fdc890525579520a7029ed5744df366de9e0b4e9,8792
K141953,d26c6b850d6e61c3a4601c88530049c70bd376c98f30dfd3c327b91bfa43e790,18186
K141956,3e695619c7e6ed68ddae7364f94e7c9a937a3da1799d68e3cb408bf4e42e458f,11670
K141960,afe01b9a6259d8d5a0880a571ae72e1f59b00b95d2ecd34709e63ad61c51ec7e,8916
K141972,fefad1cfd7c931d02484c23e67c8e9a49a95c7a97dbfaa3cb65ba3ae0f9374d0,10763
K141980,26e552511a6f951b98abc29ce3295f357279efd8d43889b89941eb1aad09d604,7475
K141988,0b2ac0683ac6d671b5087f211f0cf6a02489d9ee15b3d49656f78d1a3cf4bacb,11675
K141990,7f61aefe986bc7a101309207e0a2a195bbec0cde87880d3d9553ba41f942d1d5,13348
K141992,0f2666e4a464bd4539143f3658a732f35497cdbee0664cdd0678eb34f86ed018,6998
K141993,d7e15b6aef8a4df574697db0059d4ea082bc747b9f5dd562ec8b35e50e1e0627,9956
K142005,b46352fa1c4e596a9939962c58430d1dd19dc1abc0e6fa7813c96d950b59700e,10619
K142016,16737d2d15909dc5444674fa529ef80eb4203e59f693e199aa733992445d600f,6755
K142023,bbb65c6fc590885e5fa3212db75330d90bbc8410cfe95caefb895de2d649053c,8054
K142026,c0db363786df4f3140650f162a936e0684915e187d4e3bf28ab5e919350fe25b,12900
K142030,8d5b8a5f1460c63e65e83cca7422fc1b236a26f4b0ec77ba033aa15efcefdb8c,11007
K142041,5e0f6182a71641b4795b9f27d5c412658d077ed354db7544f21c10cdea15aa02,11843
K142050,2ba7e68fe92cdbc92595a74541baa6ee35f0d6d62bb799bc45931c423f7bcb93,9034
K142052,007ed0e2d0b9e9ac9066cda66303de61290811b669360d01caaa315159317e55,11381
K142053,be65763c49941824cd5825337a4291a55caac36e610215dd470494e4afbda963,13272
K142057,1b067d0346c3abc6e6207aea61f580fb368949e0ba10e4039353d68a7bd42ba5,9700
K142060,619f1647a42db352201e84d06f7ca184cbc36866045b1d274b2ac46e39df30e5,8962
K142066,9c91a7948997de020176c552591a0fb706e424e2d90f8376caebd1ddc22cd8e7,10693
K142069,a9cd76e516cdcf261389dce55678d7db6ba61dbca1ae0cd2839f69b0bf7ce78d,10435
K142072,8196ab72159c33ee363719dc160b9473c5e3f3107ebe72452c7540de32e14370,19630
K142079,498dfc7ced229fb1f3a9e2b8cb25d93bb78f5d75737832b960a7858e71d87aee,7759
K142090,35abf3ed0fb728ad6b23f36a2f24708ab1ec882578dd2a9819ca297325da2bd2,10699
K142095,12d59cf6d29e51f4d3a5f64e2c36ce3dd3df904f025e1f08ade82fc7adc98316,10120
K142101,b837dd6fee23b54f93c83f6e117e8c37bfc3f726eee28b129774bd302437ba9d,10026
K142104,f5ffb6f7888e7d9f07be64fa27109d8fa0548371da8d1dfc91786c8c880e21d2,9566
K142111,04ba66944f9b75bb30a33eaa2d4f234b5dec03568ba6b9686f9570f4a7ce8332,9140
K142112,fc7a8ed96b221bc72ec1c24478c09a918bf308a4fe4fcd2bd3b51c1681441707,11188
K142114,9c44d6534515a3f7a1856a2f604d2e7e117f61de545e167ec2d4fcb01855cf62,10241
K142117,f9c39a0abbdbe032d023b2946b4f300e2414ca7374eb3b007df16f5e4931973c,9273
K142119,d03febca423f641738703b2a02fc34799b9da24fdab999e70ba173937f3ad848,8145
K142121,9fc201ec62c2104720dd91b85c14f1dc027e58a3a5b69e8a2001bed9c4122a70,8025
K142134,14c300b50d7a9774a3539016a1eda2f0d94109538e2d02d37a4f616374f93dc6,10590
K142135,3bfab5af2b6d5442ab9f15fda4f777283e5becd0319abbbe712d75270aeb58c1,8508
K142139,01d8aa3df50410cd3f1b6d88acf93399a2e353fff9eb9e166b0fd16d2abaa653,19190
K142146,74e98a205af787fa660d76edcf3322297e4bddb4aab6335eddb1509068995e52,9768
K142148,bcb0de65d7fea9c19be1f09364961c60df7a1f98b504f36ce8c6989edaa48caa,6776
K142150,8037c5540fc174db38afc5a8b6ab94a3a1ebde4c2116741697d39900fad81bae,9604
K142152,775ce30fb470f924bd698fda73cd7f33baae8ff1020496b28072886143b0562c,19845
K142157,4a0b7f86a315184710b3f975871bc9d4cd058ef2f5e0aae3aad20686e746e4dc,10069
K142161,c838b2c6ec3b8a8b6d55f65a176562d9da4f67ffa177dc24ee77ee0b80aea5e1,17150
K142185,5c035a40016cb2aa77416fc358a6af40071950887799ddf3cc034ee939394831,11677
K142187,7004a0c0593f6ec4b11c21e1e25bd5f63e2d88c9d6300ef1e0010b04fc0ac6a4,8808
K142193,61e796384da44f7d7dd7f26bfb5ffdda7c36cbafdb8b7448d9132eb397796054,7684
K142201,23194224b3d720faf8f5bca02988b7611ef791ee7047643faa7935535e316275,9366
K142205,622dcff9bc06997d7d06d4b0ce1ba6446539e5f4d090766398cad0a8dea67e21,9516
K142212,8dab2e8374bb428405aab168543031a1ffef09941656b70fa17f6efbfe71178e,6681
K142213,e1b137ed1dbcc9abda62435bb6c38d7f4e321d300071d14178c65acfe8e259eb,9949
K142217,7b07fdd39c5a02b7739d164539fdcd2fdd183e34797a878b71deb146cac9f65c,10105
K142218,7c370d9536d7d0d6a0f7cd7f9826692acd93e4fb05ba46f7b630b879740343d3,5
K142230,1635ca7ea0f8391428100f867d01cd20ddcc0e1be4c11309adcbda02a665b572,22885
K142237,253ad645a32234ef0514433d3ec533f72b0e7d156a0753fdca3ecd8dfa5ea5a4,15253
K142251,5e1eac00b37fe7e919aebcff8d856bbc509d2a37c9fcb971c1d7924ffc29580a,11149
K142253,8e03ec49b682b8dc2bc56527af5a7fd46f33fb2a5313bfd9991c3f7e2c15b262,9247
K142264,1fed3c75c7f384967946f958fff5b3c57c52d5b813fc3e2d0521f9928f310e3e,12516
K142269,d17f5ae913f4c0c5006863cfe37d21ef75ce611e53e05b72ea8b43d62d78e2e2,7292
K142271,46afb7ca465e00e454ae29fb7fcc7c9afae1d567f9742c7ef17c0bf56687e9f8,9905
K142276,c2e72dc01019f56917f8041fc9c27d8b0434f226a90a809d38d6d655cf165c05,9137
K142277,029e17ab2b8c62905d18cb643d6c46fca7df490e273e2bf63fe3d289992f7cd2,7392
K142281,ca834db167ad53e729dd6901dcda00ba72476370b8f9330532e07f6b73cd9801,12665
K142290,f609f59ae9e63a1750d6d46bca7e86b29d65ecfc57fa9e587c6f7b79228ba55c,9466
K142292,76d580e2c98f8fa1ed0aa16cf15bb575112ac19b2e8d5d95b141410e64b6dde7,10554
K142295,544108f4d9b8599183bad9d2236387ae6dc6b205db85a5429f067b296565b84b,10184
K142299,a6d65153d837f4ec78a53f480e909ff4e3a3987b7e0fbf4ec354a697e98c1beb,8471
K142306,71064776a281f442f44a2947365c6b27e4f828b59f27931371df8b5c16ed2d43,9626
K142328,14d0850b0fa9ed9047712a2cb30853cfc082340f9df7363f5ee278b7c58f6189,9406
K142345,d542b100bb77de4ccf4175ebb69110b7f21d70c8b5de0a564b6c50c0174143d5,10090
K142347,18e9de6769a328e6dafe7ad418ff02c3bc58502e873c82793427a8d432f3015b,10911
K142360,d9ab89dfe71d30073c44c8cfe4ec3b626428db74d825fee20bb4b6de97e65cb6,10065
K142378,0b728b427a9fac7cc9a4a126d0ca444c5078486fc0f6878a218a554111e099b9,10096
K142381,e3ff447dc3728210ea5470f6926449bfe63f70815d5b4ac2449b8e8dd1a7c63c,18131
K142388,2bc97b00e64017031a6fde05e9b358e012415a008be3771ebd278b2a1a368bd8,9893
K142392,e45fa04028a73f8569229525209d088d6e3375d09a6cd121de885000f008c4d7,10827
K142403,b1d3036b3bb3f402d1e1073271c7bbf14d6501b93f60e642b9a762d8834d10ee,17177
K142404,7b54c3dbe559bb94834943d1f29cf8ed797fb3c523e15ccc07a0fc9247e90f1a,12931
K142413,d1aaa7a230e94e575598bdfd8ac9e62226ce171d6de5b48d90a51cd7efef7466,9044
K142418,4f9cb3668326f2fffe686a7297d4cacc03d8b7525df914e3424447f41b36f57a,4117
K142419,441bf0b2aa2c93ba6de0d99113716ded0a804df8abcc94bdcda81f5c1ff86f4e,12610
K142442,547de52ef543b753b7619e57fb1549ec53a59a5359013ece39035bc7bcd835aa,9512
K142450,5334cac9da8732cc3e026573fc23e99e44757fd32d715185387bb6b0037b5200,13320
K142451,08defa2e488c10102597678980b575f4f71ee4acd3f7199bc4165fcacc5db49f,9128
K142456,5b0441a3f294da91110ae1feb1a653d9e28aa36d3a94c0c3341a220a2d5d8ba6,11036
K142460,7c4c056827f453526328761e68b958b143387fffc4c2226faab2651f6a422ed3,14566
K142462,03b4e38fe4539b80f0a75ae2c4554a7caff14e20ac917092256d035c4f15dedd,9418
K142463,adaf6eb8eb69f7dc6dda0d66b3c20c1f8aa47171ad2cfc4b169de1d5ba8fc5a4,9149
K142478,66d3a55f7d6285a7bf5dc1ab084ba29082a46e8dc1b710a44c0c0306ef8caed7,8261
K142484,dbad4840cf722d43edf4de76391253173c0f1901d30e0f08bd764271cdc16a8c,7702
K142487,07f0a59b8d0bc648b081c2215cb992767be3ee077675dd2c3b0f73f695b6fc56,7932
K142488,26ab85b4f8f32df50ff0dd6d2eee0551db6b11abb59b2cfd9faf0d3ab8abfa93,22593
K142490,07ade79dd743aaf8bf69c2563879069615fa335a614ab304416b1a816ea85410,7317
K142498,0aede2d179368513a78728271d56eadb1959df4d1447afa74b34c7463e6aa772,8228
K142499,440ee5e6eef64b1cd5064f6937c1a51dd38b04172e4354dd260dd1d717096102,12290
K142502,f7ac01c58803374ac011811bcf896464f241df5f5e0b2b600a73b6acd3d32815,7831
K142504,8a34dfdcd5a79c3c148aaf3d26f389898ed49e838a54f10f06aeeb137971eea9,10915
K142520,48d0e009f4047941eb188a479fcd8a3f6430d181b80cb08157a691fe144199db,8897
K142528,7bde434c3007ae274974ce9116424093852c3e9b01635a67df558876bd0a27cf,9466
K142531,95de95a0e43ff27e97f7f359518ca1451053375e639bb1f3da08604de41b247c,10784
K142534,cdd277050566ffa3f0598c562efb1e58b92203420e2e8af5eb5742af36c196da,6961
K142550,2c0723a950b9c783870fa68f97f5c80235295bab201ab4689d33c81ca51e9f37,8215
K142558,97dd7f2fe483ee9c676853e9395d7ee7bee1b3a0501e46540674d2821e093996,7372
K142559,03502e03031d306b42ddad86215fe2afa5b38e23c63bbe911228800b1ff98352,15328
K142569,a84aeae3442f543d38be6f75f59e7860a2ab53f8db19be05dcaec504999b4609,11735
K142574,f10cdddd3358de2405874fa9c279decb95f3ca6a248b1bebd139ea0ca9b5672d,10510
K142576,079e88bed65387a33581c729cf92d53820ae4b560f8740c53b4539c5be5c1d80,8131
K142579,f55bc592eb8232c75e648314d5bc97a489d3db7a76f0e760185ba1fe50e8d855,9578
K142581,6f94062584e7eb39c6e174409971037b9e48c00a40208cb6c747ea1a31145d95,10908
K142585,8c44f0430fc61d1ab13fd765d9bb645fca871607ba4b0cf2b3f465a3d161a385,6866
K142586,2dd399a327d8ca41271c8ad3a7c363bac044c6282ff04124b5123c140b307b9d,6849
K142587,809e47bce400c9710115b51115af161379d6a7e8a2a715564db6adabe09aff00,11389
K142589,53be0b2366f5e721853318e8b6cfc9f53af7977bba3226aa84e2b08e119d7876,17702
K142591,c3131eac0a746ff126fba3dfc6f4db12f4c236aeccdd5304127591909b3599a9,17750
K142594,4e8e22d1ee94a4c453aa921d2676b9d4ea4ee706439d5775fb2167c73603b633,9730
K142599,32d3e6a5a082e53ba0ff8e3358024530639c6c77b81fb253ab77f3a15beb8a44,9783
K142602,76e55ec9a0460bf20743699cb3867745c3409f027df52ca5a30150b93459a55e,7109
K142606,149ab457d2326adffc45e06c1d2500d5ebda517d285b8014774db7e9347a448a,12314
K142634,eec4f56a5dac5f693c7c2c52ba130bc1513fc4f48fcde0e33905c1830a856e07,9691
K142643,9df2009211ac98d8f07cf1d8066d9903d1c26de1634b6cb4daa8cef3200b5ee2,11165
K142645,607dd78d2dcb9e102340123908ef377e260affbfce0fc46084ed36ce1aeb2f99,9923
K142649,69f5f461370ed09295d31b9d4018125f9f3bbd04dee6dee5d6b1a7738541e251,10924
K142653,2fa68606a655f72e31254bceb1f35abf5237cb3bc3fda7891e334a8906234fae,7664
K142655,6f353648bf301a6ea1a11a7a77dd4eee4bb462946db1409705fcbf114968d43a,8822
K142658,8d493f26b782e008a5913148712f9231ee6fa8b4b5a9845dd5703d408708f0e4,11306
K142675,8121f5d188119155320cb975c4e6aa104875fbb03a02c115e7620f2b54f852b2,8179
K142699,0d2132d34924cd7a31e0e8adb8a5fdd3795c934900e3c8364672515d63b008fe,8215
K142707,9d29e0339d26b37ebcbee6ebb4c6fca1f7294675a5f37c6b0f8430f451b8d164,6768
K142724,654a02df3ba4f236ef46bcc7760d2dc47c64571f7e1c54f5803a1f4c3273fe22,9051
K142727,b68974ecb70e51c07752cfd4b50e901deca6e62cd9c731f54925f19dbc6db072,9104
K142737,8b6afe253501401810009d5b5725765b54a950a4a62678a153b1d109a65e1886,13020
K142741,3d3d11fe88d934c48062275a8fcee0717a0e8711b5b166dc671b2e70a39e6819,10483
K142744,b603d7a7f28254f1ff9f1839ba4da76c1b9bd24251e3adeb47132f447ce4dd74,9201
K142746,1ee2f5a825c1797484c332f8bfd63d07df58331ff13eddabcc1e06105bb13038,12402
K142752,09f5a2d30ed2c6a51b1351c9a8cdf9edec111de30dbddf90db6e441fab9e2a44,34004
K142761,d157c75773345582e5df78599a7b7c2e70e827246cfd62beb6c0fec1d89c9886,9098
K142776,a55d846cf3162337a27e02eaeea9801112ff5f795ff296e4d1ae9db792c9fa0d,8118
K142778,e18f34141148fc6c7e46d61f3ad9b53480f9ecc4f90de6ba7a9839e1ef959fcf,10806
K142787,e41bc9509b3a44133d7b692875d805a8f00b2510de82a810dce41fdcbdb4b59b,11471
K142798,0136dc333e4a719575c5646d39c81fa5d0334d3cd35a33bb9cae92146692be93,11844
K142807,82c64d1b4a5dd10c4681cc946d91d38ccf93d062034f6d3ff181081e448560c9,9327
K142814,506007ebe195615411a502f289c42cfc891a523aaf98e17483d0488312993894,11098
K142823,d6a65cf278457f53ee93ed449c6694c6f64706f3e6311f1a1dad507d67c54c9a,8522
K142828,704a5d0472801d5261a30b3e5383f1125182159a1a12dea9c8b6980bb29fb795,10191
K142835,993b4f92c7319d9d84671ea7ac5ec6ec076161e5fb793089ee55bbe82b3438a3,10029
K142836,69a66609dcc6d80df2763045dfbea3d8e6b90056cfd178f5f15b9f546d236b3b,10469
K142838,1fe3a01d53eee61255f6f69a84fc0b081cee98af4dd7b0696e5666571bd23742,11009
K142847,c9491e4e8f2be2d985922da53359449add0138cf1bf0b1dfbc76b8fcb870bc90,13130
K142863,636d0fb75dec986164baf935bed13a4b2725ac418087dcd57024482bc0a15336,9744
K142867,109a3defb53d98dd4d4bb51f33178fb3de293a7600a72ad2b15b85f28c54e3a4,7456
K142882,be37af55e0092a7ea1aa36a9fe8fecb4d498339ab7dee66483b0c17bd580e90b,12990
K142906,3309724889d6109a113e355d0a97868689bf06071d4d2401a0f1b374c5698f53,9481
K142933,2a084d124430446436c92e51dc24d9e28d55a2477f3e47c1c969850725ff90d7,11135
K142938,9faff75c7058815fd8e39ab4ebfca5d426a1e3634f7eff66b19e23ec8a6f37fa,11254
K142939,2f0aad7435ae24ac83c23cc49f6a2dc257bb41bd73f1e36fd8b08b4d1aeee504,12706
K142940,1d9af17f94d70b756b57a92dbb3ab933e824f2e5f033d2132152a48f7c851b08,11708
K142942,7a7c793cdf3a9efa866d9d8ad05ccb043e45e4fabdab7943198b22d6ece0ab98,8184
K142943,d088784b7ecb87f1ea17e6f982fa968ffefcc07b79de6ecc548fc00242868da6,6
K142945,3e3c481ba7dc31946dc662e39323181754aa01770652ef5df34df54bcfe96c98,8574
K142948,4d41e386c175e9af4a2e9fdbe9212154db7f7267cab88f40a9a3acca54482104,10832
K142957,9c864872eb414d9b4e4026efd831e18a7926ede830bb6d14299163011da6aacc,9547
K142996,4c697d628ddb98c4ee69b6f7206e5bf241fcd6afd45beb126fa539c31236de92,9326
K143002,8e8a3acbf72aa0cccf51e3fe36d311aad1b7b43263f9f9aa67629dab90a1f2f3,11678
K143006,6800adb7899ef1bcb495a30792c1fef77d5e02b5dabf314768a48a2fe037c0a3,9963
K143009,3e6bb4384bf6e977ffe719e0dd8141e6204580597d3c942883141deedd145d97,12323
K143013,7527811e8581a82d6a1ac98b6d3e443b846ee0fb9b9303faf031ba887ac2fae1,13193
K143019,b30b1d2ddb7cc2637f41b371aa8fec5a0a24d2445b219071051f5fbbb8c3ea93,18507
K143023,a86384f349b53b793b32c20af9a5d5e22501f3e63c70ef6ed9e6b24de3dfb46a,10001
K143025,3d8b9fa080dbc9614032a121b56a07c5201453f760d52eabee25efc573a6ff94,10171
K143028,40900b3c6124210bb8966f857bbac5b84a25ee0e92e63926bc2493ce250bf626,10332
K143037,0822efa95938c52ea6eb215e0e561179374b52c8ec9c494aa7a17eb47fcb2171,10459
K143039,72aa6b6dd0e6b5532bf3c9c895e62092b438f4cd8f40476157f38a6d1e4787f0,7233
K143047,40ed74734858ec59dc71a0978ead65564265054ba39f1ad32c01f6a229706ced,10947
K143049,a80c4e1e9cf33562eb78cc3a4f0720caf8a8518febc125c4f0c68185fbce0d7d,9812
K143050,42641357b22eefbb0730452dceea1e39f13fda51736fbb6bff1b7754af51eff6,5384
K143061,4d50e3474d9b809bfba3e6b56c8fb05d92986b2d607929864178c80a2f5dbb90,7646
K143063,6c2083ff4e167759e6648f93f3fa8c2fff7c93dbf186a248e8a4973f4e2897dc,14891
K143065,6209966e445bf2452a15663504de5abf9652e3b77c3958661b7dfab9037c42a6,9425
K143066,8fd7720b3ed050311e32e20c14e307fb354ddf9b9f8e67145fc2ec9421a00e07,10451
K143085,dd1d77be290b44f06de03e7175bd0529a7ec1a1f86678bcc6efcbc4bec87be8f,21002
K143092,ce63594b8989d7eab7d2793b7a56b37c293696b5bc3cbd14de793cdff0879edc,10905
K143096,8baa532d7ec8dec264e2fe3475a29597538c08d0725eb380d626ebe6628bda4d,14696
K143100,31fca376f6e917e0254220cf7935f7b0b162c1b02a6d6aa268395584d789bc64,12165
K143106,485c81de7ebc74347707c87d45d594cf3301f0220c8dcde5ab480dc970fb03dc,9820
K143110,daa168aafee8ca316709f5f44362d96abd9a88b06771ff2ce2a306d7dd5fe1a1,9736
K143113,3cdfcccaffd71294f79b8a015d4a734eab37f8f794d0bf96e5b3b9a259a7aa3a,9725
K143125,e21c3b5574120b4039baf40f9af12eb8a1a249c46e7d0881c8e50dd24df329b5,10274
K143126,ac3e573d0cfdde3698a32b6783e454099ef12a9a39510ff0d6a85ef7fba33f4c,9613
K143134,1e8e975b373a3682fb636c53ea2f6db97fc3e0cd4af49933fc7fee5bc3624913,13194
K143138,4905e867268c8edb1c0b05e4ab3b17def45a50adc6f55c5d17108da9bb5adc2b,10609
K143139,32f5dbff70ab5aa8f85ab428d598f695eab41d96a2041859cd425105b1369155,8289
K143141,b06d36e8af5c8cb6324ca7667c20ddee8bbac3ee15b439aeb1aa3968c53dc8d5,11857
K143143,1c25cfceb029a72fcf6f6f4c9b7b9b6014d238250f1d64061d6e4374bec7ecbd,6815
K143146,b772cb8254fa385d253596b2363e19f9630faffbc91f0f25e0e41f158fd42113,4348
K143149,7d220ad28985c48bdb0bd151e05fa092f0ab438bb48a5564ae1b690f399cba22,9056
K143163,1b8288f00e412a4c2fffc62c9895d355f4f12e51eacda5caf99da7ce03b69a30,45023
K143165,53778ee99642d26e0e22df1f43532592d40d8d82ceaf6f98d78eab0db7dbde55,10976
K143172,e754af8b8b8241b65e0f77628f60d9a35b366b07af8d3ee294fe8ee595793f99,8169
K143179,0f24ba70536d623f006341f879427f4db49d7f88fb84e956fc74ed12fcc232fd,14100
K143184,b8db2f8486409dd986122f19974299b3057f96e92315b0a9ef648ed7a93ac3bc,7932
K143188,2618a83a90dde11ae3803915ffe9260b44275157ef9e943b1bf8ec1cc645c155,10882
K143192,142dfd74507ed6fb3e9634726afa3466ea1beee35d45acf836588e7e3b3bb1f5,11657
K143200,9902495d49c7bdac6766019ab52449a9d050226832ce8fb80e1a290e5d74d982,9061
K143204,65f8c6b9a32f57a3aee36210fbf5eb2d9b135e5dff334eff7c11e4453e649d08,7567
K143214,0f2b93765e78c96dadd0c1a4c7e41de07541d534bf5374f6a3a665157af57f03,10481
K143220,f823d72ac3df24e18f73cb09622ab357309ae40b4bbca1cdafadce58a204488c,8378
K143222,eb4340170fc97ab94597b27381ea208ecca9669a8033d7b8332bcd8484e8d5e6,10916
K143226,de7aa12a84292fd6145771562af3f77b85eacfbb35c8ff11b71042fc88d74835,10242
K143228,ef030ac06179aba6c73b81e43c3dd84e0f85c42e69f76708d39ad012613b5647,11433
K143229,0ae29b52f9c2e50c25c93c2bbb0e43a66e481ff5c4c3648afe5c95d695d397f3,4365
K143230,b8155b31c8f9c2d93553b1dbf01f8c47f174e895543f80dc5c2925a1986e5e1e,8952
K143242,bfdc094c0b826def51633c13be8258ff0248e8aca315250018c01c25e54c9c22,8506
K143245,ec2dcd379078b51755d1ef899feed2031c0b3d387c0a59b6bf4874721323af56,14875
K143248,71d70319e5ffc1f5e7b51ad37046bfd28388a2579263b68cd45a87856a06b438,12954
K143249,01dd046ec0f246030496a65281b1a07b538785209ae982b346b548a2e49eeaee,9369
K143256,95dd5bfd61423a76c7b7644b419b919649c382eee4eb204942e0a4d18dba6aae,8958
K143258,3be60f6a9149b23aec712aadb39c2b77e518a071257c395e786dcfe16a501c09,9241
K143271,a84ebd9bd128670a7bba010d9f4f9d0ce1b5ec7cc85665f90bffb9cc7e18e53e,5476
K143276,fc8af29ba2451aee025a8664c8f19b33db959471295c34bdc3e54979f1a937ee,8363
K143278,558db3f42b0b2952d1e716c3a25b9fbbb42e6d02342f3a08599141884fcca85b,11788
K143279,004819d300705e2fcc94bb1955484ef3159af4e70be580e83277449380abaf2a,8926
K143297,85201fc4d1fae600ce7c09859db82c6bfc67758f26ffbb674aa48809c0a8f5de,23478
K143314,c54bd31764b51f10487159582db0934d54000bbae44db1eb121f3348e8023d94,11809
K143321,269a578480b8936964917d56f2d51a29709e8ec676cf29e008bff3f3eed32366,8811
K143323,dc3c845c06f2f533970ccf67dc8ad53b05c2e12136e9186dd36d175609ca4b1c,12980
K143331,cb0c36f06f5839ae221b4c785f603c5d45f5dec51f2d6cc40ed8f5f905d2bb66,7412
K143334,baced3b20708f6f4089a2bf99b38e0dbaeeb8da84a1b652722dd5a5e7aa3cf16,9701
K143350,3495e1fc1da638dc64bd8ca3c3b3ffab6663c0ecc1bafe3dff24dcc4246ef534,7345
K143355,a7921cb73aed5357328c0755e920a91f26179e88b5232b2c742ea177b0240e35,12718
K143360,0787a58b6586572ba5e365950815433107a880de55c029a61be367d94f737d7e,10130
K143363,86c6b2092e5deed9eb7f838de2c990bf08f6b1d416dea189c1de54afcbbd768a,14955
K143365,a78d683f383d8b4c9ca4075ac62fe2da047fa66f657202914938eee674ddc9c0,9795
K143366,989d6491855ec8c3ab49783e2e8a005d248e9fa3b39b618a1904992e38120ea0,8112
K143374,762d00b7a656302435c8d4b2656dccf315bd43823be5a38b57bd106c613207eb,18965
K143375,38d9431adae3447f30f686a73f4887fc18fbff38d83832fd7341a436a9f22f74,24475
K143377,e0d89de4023b4cdf84aa20f116dd03a94e9be6044c1ad38804cea50555d48dcb,10116
K143385,66777e5cda560d97e814d1dc5c3f87efd48d98cb5836461a73ee8ca559c77230,8284
K143388,d54aef73d502c01a11494cf00485b28a970d5d1d81a12744ae1f7fe948966c66,9507
K143392,053aa4b72b1d460592eae92959c6ed6b80a9b80249e632ae8993448ab7183287,9776
K143393,fddd2f28fc2096e838372e17b4aaefbca18f2f563310520e05277971f23c4189,16820
K143394,ea46f57ff5e3c98f7d41e01bc2f2a5ff3bb1813cba1950025c022db3254c5ea0,9703
K143402,ded9a46f44362778e8f45da32eaf46bb84f5031c9ada0cf707e304f0e3bf16b6,6128
K143403,37721c3bd49cf4a6833cbc3ce5c0e039333ca9218b82ed6dd9b0ed318b19f857,6834
K143407,b559007bcb49cd3cdab5e2d2cd5191837934a13ff8c35f337619b94bc8f0296e,7776
K143417,f6a846cc00e0b51624413d230a728d4a69fef81d3113845e652b7bf05e815173,7804
K143443,71cfa27fba5740b13a6e7725ecbe37361d4d1e33e47d83f58fdf7f2595e84dd4,11387
K143450,e7dc0a16e50889be9708034888f4aadea96a841722622a4ba92ddd27ee5413b5,11887
K143453,f6dfaa2c9ba23b4783c8e3fd578a978d944084418ecdef0d252731af4a1f5000,10202
K143460,9ce74b3cd72b9020ecc30ff9bc734508b556fc100c25dd62848b6ab118c59936,8679
K143471,0a81fbfedba789e6976d4b042764d2cc398546d8c69674a3404b3d7e8ef7a63d,8940
K143473,8588c53020ad1693122f4ee27dc802c874b658041eefdb1a250c244b18e39425,12622
K143479,ad958108861b3e282be8480468aa9d91c3f5afcc954f2bec2dc45cc9ff0dc1a2,14349
K143490,c4803c677fc852288ecb1c03d93e12e7dbe699035a7a3cf5042a9507a65d355e,9758
K143496,6b821025aa288de75ead408558811f077e2bba02e748e667e6d2b212dd132acb,7092
K143509,bcfa6447b312b9cb21dc14ebe4dfed607aae902dca44997db152e87356eac0c0,11022
K143518,0af1bbc9d34b8249d2bc5ab0b35154731788dc110367f8c05ab52d1cbb80e257,12379
K143523,43245c42a2b095e1c0d51167439d8cd9daea120271b3ea9d7c66a4a879f5889d,4196
K143533,8b7866f4665eef1ba3709090743b0a4046f27de28ad91a937919c9a769178340,13162
K143543,1e616e82bd7de615ac1c470e1a275560153861b24c7c470550ec8eb7ea5bf8d2,9406
K143547,f988479938f88adc9c2a6a524f5b300262b14ee8a1cbbd2ae42985fdf4c28541,9418
K143549,6f50994272b9372429b9e855bd76489d74d324679a9286571ef9378b65036dca,9051
K143552,919b191d1ccd4e8873c9919962db5c7e0c5bae473123bfbbbd9410e100f28e5b,16861
K143569,06529b5ebf360a21374fc4cc5eea343b138172ba908ee899dc5db69d0cc2309f,12523
K143572,8d01f9afaf03749a0659c289e0f15d93289ab764f669c2765a8f8147dbad057c,11680
K143576,2c20d13653ed8ccd3303491c707eeba0a738f50e3327163831f2153dd4f40ecd,9144
K143578,6b930b0607b57e23013ae8ea8b6d4e7e23e332e48cc02493ff5230b9e7d18072,37536
K143595,c6f62dac49e97036ee235ebf86ff33d3881e9200448235dd090134d6ea19a0b9,8144
K143596,c36c26e6b05a2c5145d5f2c5b822d8247e04245d53d9d92d6741c963948c15d3,11148
K143614,bd70fd242484eb150bc424fabb9c300d5fbd0fefb4f05eb7b7315b56e8f4f1b7,9675
K143616,89eb8acbd510f8a9cd27eadda6cf30ed113c8df9d51677d3177c714110724815,6573
K143618,cae800c656160f13518374bc2bc77d0c310f722f96474e68d648827876be5e7e,8423
K143622,089878da470bccc2d158d6eada32e4780c799594e2e4c06c340e9797641623c0,6673
K143624,511a693d76ad7b6b8620f59bc5c410b442a6fdd5a9a55f2a3e88c173b4d77283,7711
K143626,4941c1b6d409991016207109c1270fced1f632c140022d53bb4ed0ba1ee7ccd4,32250
K143631,370eb6885c91038d5cdc7362eec9ab38e7010f8385dadcc45bd5477e2e4b6678,10441
K143633,9cca213575d295199dc5c3cd6639729fde0bd56378e765915fe7865034cc30a3,15244
K143635,ddddbee08acb950d5a2e26586a775ae24ec1d4a406442e8fe1fe0f65f40f9950,8987
K143647,b41ebeb9d86c682d07cb0808d1b0dfa823c685ec81f3194679eb2d8cccdf05a1,9800
K143659,fd0424eb6168385941580cb84f79e70bdec9933d20a0c4b60f075af9d1cc8c8d,14114
K143660,bca5fea2a38e751436d166c97d4bdaaa24c85a1b598c5297ebde301bacdf91c3,12240
K143683,1125f4c0baa708aa517de70b60f7be206f148d42de0765597236cc6c3b78a189,13302
K143684,da36fc5c25e236778e9738bc09d4b17154609c808b4323696b8b0fe519d5cb5b,12867
K143685,8f5f0ce700db536307b0f1cf4f4cfdb83b9239aaec3baf023671a44e6e603016,8604
K143688,60462aa3d4369a4b7bda076aa6a0a7980ccf9c427800a0a57f45ce0a7d6a244a,11009
K143692,52e4c9b2ec31eed49ce811dd73a99c67750b7229ac1e4f1f74ebc9ee861c117b,10860
K143697,25bff0ff215fda87fe188c34575600f924c4bec73014acb83f09eead912cc447,11134
K143702,920a0607548518a5a50dec115915a519409f113c96fef05abfa27bc1e9148ed1,8742
K143706,c044a65dd93139552db9377384a86c498e5e860b1d53d0d58c8e115466135980,9160
K143716,366984c958fe1107972b1517a96a8e210a4f051a5467ae728459480374050eff,10506
K143717,8594af26f7f97a6a154895ebcdc5ab6f4038e78e8fbd72a211317198526d4b66,11344
K143721,862f93469a7ac2d8c5b53f960d9a732d104e1f561bc946f5529c302d44b0e03a,7618
K143725,fa5c4f687609b431c757432141fc8c1c0537852a3acedcc8c384cfc761f21169,8742
K143731,6d61c718878d39dd9d18eb0ecdb3f2d7cf6326aea981f4ae08e9ad7ef22621c4,11950
K143739,44a1176a1c6d9e9406555a287d93700f2978fb95937b7d70ae868ed8e369e561,9588
K143740,3c34bd22ba174c699920ddf4703027b92fd8e6814ac1a1752fc5d91e7bf4f8f1,7827
K143745,6dad4c7ef151feba2b39aa9aa925fb88a86bd5f142e8af31611282b4bf8e9e4f,13313
K143749,a59fc97dd287bf4e3c118f7a875ad6b3905d6baad828ffb81c336866e99a749e,7089
K143759,b27ac79122970f24da71acd61c2d8e19d9b19ed99af077809ca85e8109f99cf8,11105
K150007,1d4c479f4f8fef9b554fc42ff2ba7f7577e2f3e447ce355982102561977edee6,11464
K150009,25cb6af84de7a88b6aacb8c0ffc8258095ba2897050b40031e3b40a3e6e30ae5,9286
K150017,396ca992ff6bd0a3434e46f8b19fa82e96ceb48057a7c6778a72ef7ffd6744fd,8219
K150028,5e2160f777459aec40b710e055af6960ac4cf882f512218a96c0a1e6756a86e3,10667
K150036,d22fa916795683aa8842abf4c5a6500208f078b80877e219f6f875f98a6c9843,9545
K150049,64648e6c8f86ab6aa78b58a48de800a7e254e2a9b344b77f6df5553db1623a32,11856
K150053,7c370d9536d7d0d6a0f7cd7f9826692acd93e4fb05ba46f7b630b879740343d3,5
K150061,5f114b205cc5ba2c899af77c3de90a767040563f9f45466819cb0852fc86868c,11830
K150062,8891dcd7b5fb5fd323e425a70f98e70864dcbf8837428466a4ce4424ffd04b94,8160
K150064,38a929392165eb14469eb85743071ab5c6dea8c23f7e8a3609e1acf3366232bb,9541
K150066,d540729fb99c6adfdf620d653902aae89f80a5cf51db14fe341075ef45ba8acc,9541
K150073,9df17f2083279c72f22312354557e865ee413cc60c1c14ef7cda4094af8a0da6,9565
K150090,4429c153dd02f847a0485e35d23096a07e670af85c2df84b16403b38fd0984e8,12375
K150092,2d0bb3972add4ecfa40cc2beb14145b4383c7cc99cbaac6628c5f21e873bd0e4,6974
K150099,ec3643116ef1f1fc2ca1051dfa471ffa380fe85b1c195e7b5848089aa799e305,10398
K150105,ccc152874be0a1df46655cc34a032090396682ecc1017431b1c3801575d6ef09,6646
K150119,993bd090e9692c09a19e599c3d5ad4b02149512fc2d4ca3189d754e1e6daef8c,9541
K150121,2fcdb42ad4b52b79558d9f471cddf464185f81f947f98a2ec23060695cc3e552,9813
K150125,90effc19842a22c509c38be8fbadc23699163b7ac8d5259d9ff526bc81a40f3d,10979
K150126,7f87f20abb4f86d7c8505b878c3e877f2cc657e38de45ba1a2dc20534e43b763,9655
K150130,e1d0fc31fca9c4022a18918f5efb396b2153301fa7302fc6fae66ab17bbc8516,8915
K150133,824b4820956b0ecc070f4aa9e29fd072a31353f2ede06a651928a7c54616678d,8420
K150135,a1af594d40405732e28d70fe2005a0ec2ae33fcf2da27ba23f1ecc3bae43d507,19046
K150152,b6444f43b9272e0af4735e74db005a562fbe5f7ba408fe578fc384fc11f9b9e6,10467
K150166,d391f0920c7efe018dde263e63716003eb804b68446a7ceb5626ca1886b856c3,6921
K150178,2d6c990d41786fc7f895db1f3307a72e6f6ffaef16fd2280bcb23ef1414d350d,12993
K150184,b8bf25c3fc8abb50e3735a3f67033157760d15660ff1ec66509ba87369390dba,10407
K150185,2df7cddcc323ea79da8fb65c43ebf9aa921b8c9d7ecf36b510085d701b926c4f,6574
K150188,e15d59f15570ee08f6e94ebac8266f25b7d5c2ac12738a3da6784f0d76aacacd,7632
K150200,4cbdd5d3679187959853cdb280c834ca5f3643d8874cd94bd1b2cfff3b0c1b16,11920
K150206,2653d151ef191976cf911d9d8ba986aa6d224b33afada49a7619edb34796213c,8440
K150211,eac2c5340fea905fa3bbf7dcedde2a8a96141716707b136efae23d0b4d47c179,8081
K150213,545c38b0922de19734fbffde62792c37c2aef6a3216cfa472449173165220f7d,4
K150229,70bb7a7dc68032fdd31659b3fb7f001d8334d26abef90f21c47e4c533b2d3381,9270
K150241,dc96e2f6d3bbde69df3988b13fcd27d5d23c6db5c2f53fc41968703e1ceae684,10077
K150252,28bb1df696b363f0c84e530c16b2a46c4e7830add3d44947a05cc244b5836324,8754
K150254,af49e72558134766e435c98688f993121c2c1ab14ccbfac8ecc5cd6fdf1925c9,10818
K150283,03dc7cbc1d1c1045e76f760e425791ce927fb5dfe812ec6a4de8b79f1419ea1c,10290
K150285,d236ea8e41150b0e4fb04209e1d5ed3585f2f7673f6a95f0c7ae7a222f7d93a4,9359
K150294,8b992939b79569270592267229a69967cc88f11ae9753a07c834a52ac386c9f8,10083
K150302,bf568ee1e6860aba5914e433e163907d0b2dc753a00608544ab4392cd2753617,10942
K150307,2b64c41be4aa92b9918bab79682a3ed7183fca4e2ff36e60852f3e968d37746e,10978
K150309,9af112c4e3377400480199d57fea852de79123b268f81b98bb5c0efd2799aff2,5972
K150321,dfc37054a50868200de7f48eae8a193201ce1b686681ae800eb1f8a394d9e9dc,11496
K150322,9e9a6b0206b163bb94f3fe711ed663913f2bde31dc4fe2b11e7673340758eb39,10263
K150325,34dc3269002085a3e5fa2f17a093001f568565792438cae4580f0a6bc6f3b410,7231
K150359,72643e0c611c45ea64741236f0ec487fe6dd67db03563299f579a64f0952c7c5,9897
K150362,0b9ee8691edd3f8376396dd4dbd47547e37f8f20c7d691ed2e76838c5330d26f,11359
K150368,ce8fc205cf53d6d4955113933987deccec1244a8e15a50088cd3ba4412b672dd,8800
K150376,65deec81b8cce5d9073353c4d533b3116f0b4ef3b545a27ede1f24703074b2df,8212
K150380,a51351931767de5877b046327a55ab9a63ad944b2031973f764a590e757f290e,9448
K150390,690eaddafabeeb34b97fc17dab7ad23720185b91bf34edb3cf0f08e4e8e1b5f9,9657
K150394,bfb64ac390fdb635de76040a9a741dd46f7fb8ca3144206754df0793b399109b,10450
K150395,98efcae1ca1eb42964520a9403744e173a078cc29f498b59265abb2fa50c8707,9624
K150408,30b5125af1d8f491c95ab74cbc397709c00d23bab2254f2ec36ccedb2bf3386f,11656
K150410,5e637604f4f62696adc379b4a6a85058e2d35c7abc8351faa0c8df0bd5dd07ec,11541
K150416,858bf9be46e1b8238383b89967135782eeff993fa832ea75984e88b4cbc7b923,7414
K150417,a43665fc7f21dcbd23335e09b1d03d4bf3c17cccb99fe599c68528a7ec11ea98,9465
K150424,1f8936a2604c86b98e464a8ce094cd1b8ce0706145780b74d59ada6465b53cf3,9469
K150443,3ba53831584fd29752b985f0f44074facca0059c448a63d93bedccf2f7cc48eb,6323
K150449,662578ca3ef0edc951c793fac547bf0e975e52085003bcd9ecf7644887001b5c,11040
K150455,70fb81636988482da3c9940daabddddbc3182072c21d89aa4824d65f29aea6b6,8219
K150456,3da3a8b0eeb9da68057f37630ca3ae6b3d67c539d33dccdb723bf95e3e34cec9,13497
K150458,7a606e8e77b6bdff2d87a032010381e37e0ca0a5403c8431d235231001e4cd2d,8790
K150460,9d166615b2cc68460819297d10e69d1ccf027ae9b4ea6540062f6efd1410662c,7415
K150463,751a6def2928ea38de7a3d17eef8e92c90c659f2c378acd7f5720b61ff40b687,9269
K150469,08eed3e5ba5092df3dbf8a7766aeb45d18bba6d1ed4b4b9a37ac27e190459d25,10445
K150471,7c370d9536d7d0d6a0f7cd7f9826692acd93e4fb05ba46f7b630b879740343d3,5
K150474,7f5c208b39269fef712fd6514fae72ab53b01f3596076e6dee071533ba833396,11814
K150481,7f7622ec0e07067e575751d62e95fa01fa14f1af705789d018876a56946836a5,7421
K150488,f4828c0f443d729af260efd8bedef34adaf1b82980aa6130c0980a1daf929464,8946
K150496,f5ac31b6ddc15862262a198ebdbdf49377941adfd4af067b06745a4378924d36,7424
K150500,6529aa3e7b25bb615d8bccbf847199c13423ded65c530fa500bd6c9be56a92ea,11629
K150501,df147c054370cc97fb2ea6068862d02dd9bac975993d66f2c37f6658412bd380,8627
K150503,df289c6e38c2203d63baeab8e92eda638592320d41115a9adb97f60e34538f95,10560
K150507,71cfad0953f202e5a507cd17b7bd2e0b4922a5e0d84a52cfeef8b43b9c2065ae,9344
K150520,50a813ab73dbf9ea9108d7e6d9fc48c6a859a2cdfd80cced304e3f18b1dcc6b8,8991
K150521,e7c7b1c5e18c6418e736cfb1f9ed1ed2257f44e7aad709c50bdc36b04b279464,10786
K150522,5f9946198f409ea6dc6a1fb7e864e8fa697fd7bfa4822a641a1b533d274301df,12737
K150539,af0692e3104ea71c17f3fef2579bf9e1059979fbcb8935b68c4bf916e3476534,10288
K150544,a4458428a2fc4baa41bc00c23ec0a113256b55173cb005b9d1442d133d8d79d9,8143
K150552,f75bbee9d503bf193314b65d0724fb88de70c96ef6507ca2c9232dae2f154427,11339
K150561,4f864ca1feafad5c84eab54ba77fb020806fbdbf81aaef650bedc57a1bc412e7,23037
K150568,f5b1d778c1ef0603e069fb1c256287721c761212850994e9bd637060c74a4f4c,12103
K150570,9ca3a72abc8a9a3beec779f2bb3beb412955c3171acd1d952ca596128ca10754,11942
K150576,6f02c16cb555717b20cb37a3da077153c7aeb7ff6fc01394e44e5d14eb18fce8,10141
K150579,07d9854d9d42acba93c032ef23eae4d014e911a337da912ce2998edeafbc09e0,9591
K150581,ff9e09b6f535a2b9a3e1d6316cbc4b3401d8da77104fd9aa409f18dc41444036,9168
K150582,ae32b867b27082975b20e68da2a8421d7c560257e883cab0f7b1b103977cbf0e,14265
K150583,7c370d9536d7d0d6a0f7cd7f9826692acd93e4fb05ba46f7b630b879740343d3,5
K150600,c025bd9e30b0362ac8c5a4ab00554ee100a129f0e9dd75460a53caf9b867e22c,12414
K150607,84ca7c2f4574ab7c909794e0906235b1caae052b065e556bc93a9e795943fd5c,8861
K150619,6b54f2ab06e2adf03f5cd63512f5e3e32a766a70310799f0415b77c03c1fb7ee,16328
K150621,86c0fbdcad79bed57beaeac34a3965e5e24625fb1ae9787504fb162d3a691cc5,9149
K150626,e2c9f02e064828492360fd50b8c6cca3b36ffb48c2bc3674d6f7e526e720f371,5755
K150640,2f1130eb9b43f5996ea082553ea42304f1e5a1d03b3ff13e38a04d8031825343,8502
K150643,fdabe645c43b4c86dd57e2f801d7d638b83228cc1aaa1f3a9eee36c52b2159a5,11412
K150647,f9028a9a702884c33551603a81f5b74761f57acb60acede9a0e8206238a9289e,11182
K150648,55dcacb4fced6924e8d98f4e47cd87a2fe9bcc9760d6357f8f3175c76b179880,4157
K150649,6711b472eec4ee232a7b9a0a4898d22b1a2f3ef9a2abe00ca29fe765f312cc6b,9536
K150650,831e5a5c3767e03131ede0fe6d48a944a054841a2fa45412c543b45cb6bf891d,9710
K150655,82c2392be31c83a171882c3ea8003ddbf8314732d0387df4c3d3dae18c086260,6918
K150656,f33465b8673875ef7fe590b3122eaa2b5a03768a8758e254bb6aa4f9eb0ceb0a,9710
K150666,1cddac9c2919255d956fccb517a631c107649c231561105d4fcd5fe4278246d4,8463
K150673,92d9281864c95a4c80960b173eafcd0fa956370b96e4ff12c3e8700457f84f30,9487
K150675,c30936b6a5e78cd0fb18c3f697d7ae5cccdacf22c964df480b6d71f5a1180fed,6944
K150680,7888d6ba3b2eaa0153cd77699b944bbfaee872e160597947d960b76cb81ba024,12224
K150684,cb4339cdd998168ac641be87f5e97c1b00216605f98e0f0a1cb9920dc4f98827,12098
K150693,32f66c55d349d30c967cdf114e69611a94fb42ede820e6f386e6379d3e04e67d,11863
K150700,16040705d78467eb550e4b5f25feafe70a77b7f6902dd9c201554bc584199577,11465
K150714,474a66a7d820e1f767375ed210374f22726dde9373e0f1d907b69274a6367c7d,6960
K150715,4cd1dbbe3428d492068cca35d31522de1929e3cfdf1caf7f5950b926563595db,10821
K150730,a9a4508c43c71082a0e773bb5c05ae8164602bd5d04cd4c3a62080d6e31124db,12519
K150753,2037693e943b901b209d52239c74d614e114783d44c145d27e3418ddf112e3f4,10484
K150759,3868f3fc36c8e85af200350c6ec9af8f6fc59d467cf2a974601b2c8481e5321e,10463
K150765,0090677357470a1c2d553ab72703986bd39a8c832bc2ef4f6271bd527b09f782,10445
K150768,7e5c196e871f94703a8d61d70cf87aacded9e7f87c03178cd2d0b0952db5258d,13371
K150769,787264fd3225d622353976b20960e3965b0d1ab62bccd2256bc8b4854acb1af9,8082
K150772,eda4675a031d604ff65b9cc740e4eb11db6bab7a7a38bbcbf5387e01b9425f99,7288
K150783,337820cc94995e304e0392c5479ac08136e6c95b9da4edde32ae407479c457f6,12155
K150788,90378e1367882d873eaf0b7b7e38e5704cfa5a6180417dd57e8090b53d70f99b,21086
K150790,3dc1a2bbcf02e454b9fce6a9c263765eb8bca5a6de5f4548bbcb34d8beb5959a,11392
K150812,7ec47367d14948aec4f49daafc7bc3472cb618d363a6dc8bda9d922d92ce550f,9528
K150818,9f36e5a3aa12dc2bd965331f4ccac99db2ece26848702c6603d7a17c02ccaa9e,14545
K150822,2c424ed18142d9d1c25972e4a33012c1ef0e32aa7efed53933295300a032f3f5,11032
K150829,5c54481c5bb29485da739d84141a5ea7d7afbf89088b6bcc4e1f7bf68b493f56,9454
K150832,23ac1f15d61e2efeb02505351f9f4bcba73cb580272e7ba1504eb2886ae57885,8607
K150834,e76bfad0b07a361cd82be68b56302d5c80c74586e728851b8ce1b12fc1ccbbc3,10290
K150847,9c186a36ae3589745f7f758fcb74b1a868dbbf7adb0701fd971cfc582be1e9e3,8161
K150850,fb7248f738a17273411693524d3cf750bda15ab1a86ef087412aa5fcf029ed5c,10205
K150851,78c749d3142df200759647232aa033095677179243545deb78f577ac756ce07b,9682
K150855,c2aedc06fdde4265488837587ac88931dc415f3972427418e5f134968312c4fe,16390
K150856,bc8fe01380cf0df9c135471680414bec432389f489961d7cfd97af11829b5520,11744
K150862,918ae7af71b12f4120949b5e74a4473b45dc150e87b2a21989dd91a1bd5062b4,10482
K150867,2e02936e19890497df9fed5cf85fb6a50cf8499e154eb0f59fab549051f40f65,10320
K150871,604804df6567ce4469d0bae7a68d89c7addbcefdde92b7fc4193449a060c00c8,7495
K150875,c6cce8efa0ca9c70d719edc12557271ae6031a2e06836a9cdeb083b71aaafe59,6821
K150885,1c1d4e53eaabb39076bbd8b8a4a6f1caeba35c69b0d4717dcda5b7b6896b9b44,14933
K150889,93dfdfc89298f12211c30cc91c029aa1d81e7186d1f5cc1b1d1170864f4dfc4c,8005
K150890,973dc2c26074bb593ccb241f812dd26f3eb603b3352ac4ccda46b3e39e217b37,8618
K150896,3a44953eac93e98a37c3c75a4874856805e8edf17cb584775cf2d91a806595b4,13971
K150913,c52a59fa447593bcf04e3499a75d99cd1e354c64285e2a241367d9b3450dadf3,10715
K150918,c2c4fc5be482f8ee6a6ee1a723d5db8fab727b15142ccec4139792cf8b7557a0,13676
K150928,33b9e56edcb8acb624109d8a84a5ee9a365562b862ecbc2f8d00635d60cdb1ce,12340
K150954,ee5789ee4fd3280e10375f61d3a5f2dd8a773703a9575a10096185f83382e537,9541
K150974,2f47e9c7fd515a40a332bca40c65229696bed2fc94e07e114dc452191778201a,11057
K150981,1526df27f5687d2cfdbc7c842596005d6fb776d7760f80540d2824f786d262e9,9811
K150983,19c59e688e496ab696f1447c15c12bc827bb39221cbe137430da841a6aad0efb,8617
K150994,74625302b8d8920c0bd7fabd6c0be2f4e1a40892332159f82aa4026347ccab89,12756
K151004,44dcb7b0dd7a51b18c8c0b261b70a4dfa56b9de67a595895d7cdc3f914aab570,6302
K151008,fd9e1f63f567c79cfe14796788e67e974c7804d9feb0cc543911df4dbccea426,12777
K151010,7fa1d3792d3aad77d7af65b1db0169d867258f52fd38350de0634dbaec93b220,9172
K151019,eff8ec92c560378ea5e4dc11fdfca37bf0a3add734f6fe5edf90f919b2a2d77f,10651
K151020,fdf1359ba1d36637e47df3b00b831fc5f8dbc0550f7edd9cad3ac02956d25126,7339
K151021,b5e03feede798c24208396c2c9f8e01eafccb39542093ff1fba024e51adeeb53,9075
K151031,a574f711742bc6eb13bf943f1cb46fafa4139be479ed3b36a8487a2d7fa73b6c,12529
K151037,3bcbf065288da5517e37bbc4a3a67ad7bc3a967a91f2e2341d7eb0f9509590f6,7373
K151056,d6ad6020371bfaa2417c161bc483080f9029fb3321052afe77f653d512ebb581,11937
K151057,8c1425e7ae6792ae3bc6e28d52d3cf031f5afbaca010d3b86bcf3c81f6eb7c0b,9755
K151062,f96e5c84056cf63f2de86c6faf574add0bcc6bc39aa035e0f0c9a312c17ce4ca,8980
K151064,adb9db54cfc34bc1f0b9ff8bf96be888a23dedaef7c90edab1f4078656b9f07a,18635
K151068,5d9480e4e7136b762ee5783fc532cf540732b49b7bd3fcaed1a08fe0a69815a7,4221
K151078,cba3639dc0f6d1223aacbad9557836a2f1bef6da322f99e551eec18eee425745,6832
K151092,ef20e13103b92f8bf244a8bb509e41b8589d60e45cda9b635400a3c5201fac59,6449
K151105,265d827126d2a014c2b59b69754a49a96573cd5cd7e5bcb2547a53036a935a94,26674
K151116,b6bd80882969f5858850796a8d1b60f5c4f62d989ffe2787440df8102d963a30,10626
K151118,9626c14ab8c0676d266f78b96dce0bd28194d329c549cbfba4de1d5c4f986e1a,9678
K151128,58c66d92be6325250509e18db480790491963682e7e663ec86306480337b8734,11791
K151131,d6ebfc63b73d48e1eb44dd636760f3340c37ea6e26f3422f94d8b668fe91a36c,8248
K151140,32db847c65fd75338dd425c3e6d7d930b5cd11945a4d9bb2c8aa695d77c7ff44,11276
K151146,51d317a5c3b671378bedf2af3b48f3e744a19d1cffe184e5bb5b8f1e9a963b5e,5937
K151154,4e086109ba70cffb6b1c95f9e4f3293304a6cb617058037598d692bce07f189d,14009
K151160,d01bfba441c07c1ba2acb25647c3e82c5b71e6de00fdfe537dde75a0eff84567,6723
K151167,0692bcd15d0f8da8a908f2cae52db97b4cb48eef3ee6cce7b52b1d8a48d4d489,10037
K151172,799e4c2712456ec0d1f85b5e472ded50acc2f3f2175d77ffb52f57fd02c87d2d,11326
K151173,d6fce0ac0a0c2bc943a33eaf0620a5c9242ad796a3ff56c57cbfc46bf5f844db,9490
K151178,2b74dc4a4115799ddab42dd096087219f352c6ca5a411e72cd1bb6ba20894fac,7588
K151184,95adff984255ca97e72c4ae840a3b25f546130ecadc0a81f986921d989a5b3f8,8680
K151196,a761ffa75f877c3e4ad1dbe59c174389099072cc5951eb540073c20ee39ee816,11254
K151198,f807ff46b589bba4a6ec43994029cb7bcf7b19339b320f8fb556c3f91700454b,9900
K151201,e674427b5229d0225da181ab3e266d464ad880bfd10d877accadb9229a7917bf,12455
K151214,9cbc2be7506192c2981ce815b8a2a8f29aa670ffd2785d7d9c94f31a1f59ed11,8790
K151215,8654b3684057b6c6f50e9c684efe4305b9424d35ba2d7c8ac6f7dea71f153a11,7575
K151216,c00e79893bb200cf9d0f67aa480e703d75eaa51a2aecb8975cbf4484b2fddab1,9995
K151220,27b3f6d2ba572b699e9992f1fe1cf50f6f18ff5ce8ebe1adf43dc12fe2c01694,9353
K151224,9da901a5595012b5b2c84b12d273db368a648b7f531aa7f5841a7930924f3276,10761
K151227,5ead987283f93a3a5f206111c183e9d3e2c190beb8591cfb9709105a6e239c27,8730
K151230,10e205a23ce329269f861b5ac83dd71839c2c38f49cc75fe72c5eda3efe3560d,8615
K151235,41f853acb07bbab197eb1faf9083bb1a46f56ffab6a21333a697828b42418bdc,11447
K151241,432fa983a359db5c9ed8845eae77b3064fa32bd24b545500b2efa3ed71938f88,10360
K151256,1a6b7c04be840169a71cccdac684f0dcef4723240f1755da43358c2a995656c0,7174
K151264,936bff2f0b915792515fa0fb2f123fdc35e18e41e6fb2ad20f4bbf3f774c6d5d,10372
K151266,eecbb1b7aad6747fac406f30cdd8fe0a351dcffd3b719638e375abbfacf5054a,10132
K151270,5d47f9b2209123277a98c52736243adba8abb5d9667cfb8da6466e36d0dec04c,7774
K151271,2ff1fb92eb79e7e9ca5c3cba0442c75f493bb751e8162fcd2828aa6f52deb9f5,9299
K151276,dd56914d1abebcc5996adbf45993b4c2eadba388ecc2f303c7158077b634a9ae,4039
K151277,46e4e831dc1ac43b6f65652dc6b52577c37bb8444b23c6ba6a656ac30558c6b6,4333
K151293,9cfdc80dd0af8264eb0d26a97948ac72236c19234c39e4f85a0655d08fbb71ac,21487
K151307,0989980cddff74b0007fb128e488e397525afaa1f7781a174935ad028ea2bcc9,9141
K151310,1884050c934d9705298e2b8490c50c77d8efc78aa2be8d157e81d9f79ccf0ef5,10119
K151312,ccf93e70373f1c9f838e86ca0905a254a67435b88f51ca7dbfd6ab1b46a2ec46,9740
K151314,3fa0464c2c329fe8c60daab591c52862d15fcc14b89b93d4e3478bc38c88d542,4053
K151316,9c4157f532ef8423d3d616b97849bfcfc173ec472ccbc045e9cc1f1547801428,9622
K151322,36d5894ac2af2af913623e422c934757352c3823fb619e7aeee26869691131cf,11638
K151342,5f026b2f002b78b1ce1295afc815fe0bc37f59cf75f6ac54649d38c25910907a,7241
K151346,b992fd077ec0155da00896e9ac10a38881880b524e1e0b408cc6e65a65585090,9270
K151352,4341e5df7d6072d1507d4b42b86e6983faeb01e07a9dafc239d58d5e24afbe58,12590
K151360,ca37d3233dbddb7eae4074df91b7fe7227b417d64a480a186ba8c5d4584d0e81,11991
K151362,5e31840c8c96b98fa8965d6a484d8cc2cfa7fe447cc86e624505f9efd991dda4,12361
K151374,65374cd1810770b96f01a5975b115e57bff057a8068211a44892e0488dc82c2c,14249
K151379,11c4b2e822f147a7dbe235bfd471a8f970f6c0f58ae01e579d8abb78602167d7,7952
K151406,fdb8a873e413ccb4a506949bf43623e27562145288fe690e5fa5d2d9616cecf6,10176
K151407,5736746fe17314f4e585938544b2c15b0e7773079011388c94470d875a4dea12,10785
K151408,ec1d8f7d79bcbb7814827b35947576ec5087bf990e7d21732ce0567bf8a39acf,16294
K151418,dea0eddc80c5d9b66837fe3a94f17465833400f73938f4bd3957941868a99624,7563
K151422,de727629392933e30246934875afd7e6b5113c995ed7714e06fe5154f9f560e8,13280
K151424,0e655a4d25877f75c36ce886a848c8e3a8c6741ed8f4385a4481d9f2dace1fde,9535
K151440,87b9f33fae33697231ebf4837d7cda39ab209aa4d18c4483fbaa35b4db79ffde,7026
K151442,7b3b3c30ba3a0dfd622fde1f9665c1210889584748c05bceafe4018ba8f8acf5,9259
K151448,bbb38f13f9272c2ca1cdd8af68abace3a7fa342e810d07707abe5e3fdf88e82e,9825
K151456,e1382c008492f154f1e263fa29924570ce4991a7a03453f010309d239c08bb13,8068
K151458,f5363a43dfdb79482fb41d4beb387409489e97564bc70f3b5a4ba8d52667ee78,9853
K151459,b910c9c6ad9190aa5aa4b8fdb664b4a123836f493d8b501100d5df14fe00c3f1,12451
K151462,fcd1d16167497f2b73bc7153240c0aeb68fe6278b47c3af8cd907b9ee042becb,8322
K151468,587e8d5ab3591876f4e8db0f2e227121e26cd4c97ffaaacf2327bbf1dd1951e9,12451
K151472,f57714bab274b3672f33655fa617e7c44a3eb1025c943d32a9ac690ff1f3fa1c,8041
K151481,66c3f50bf5333be2975781793f6c2104d9a327244404cae530bbaf861a22c53f,9243
K151483,0f574f58e206664dd9bee4703f441f5e5d664fcba40d6a43ce0942c46ae3ac3d,12121
K151488,2eca10d0391fedf2a9ebaec33b8c6683856e1fa50832c2f1c3b4ce7dd4492830,12152
K151496,323705dc6671a38adafc4653ee1052e7c7960df3efffa1e2ff525690a2ef73e6,10419
K151500,d0b2083315f1b6115ae2650de6dc4396fc85d6becc79facaba739854dae5c0f7,11110
K151508,801d4fff904a750b1e0f133e7fabe3d3177e750a76092a0eb2bf3dd06c1657ee,13501
K151527,86ddbb47e453d3a0182cd1aa2a83083ea5210ac09f9ba83fa6d7c5e5dff1dc54,8471
K151531,7407030dac761a4a3cb2d0e8d3687979ed30a90cdf85cfe6227f6b4bb3030a54,8577
K151538,fc6c20371ceff2397d0f336b42e9326e100d1fbc8c6fba2a30f8674b29c81980,10172
K151553,9ceeb14cb5253073e5a2e89b8aba5c18662187a29f6a69880cf038c3d2ef3760,9499
K151580,db8fc2112384f84dca802427427becd0533395383cdb8ba53b7ac90edbe7fd86,8345
K151581,a536ce558d2b3a69fcf8f7aef614087743756371ec59fdbab9274142cfbf5053,9650
K151584,4c07e7c6bc49efef49266bdab9e831f9ea9291aaae08c5ef7ff797f2507abd03,10127
K151592,7309cdadbf9fb2ac41da939d4a4153ab272c2beee0f88719ab8694ec061f2e71,9629
K151596,85d6871eeeb10fcba9c8f70f680b58ada3ccc2fa5705597469b95cf943c4bc40,9227
K151601,d1b8007af7848f3a5c91d72e45693d2f8a33f669eaa8aadda83c9711ddf10b25,7606
K151603,cb2a88890be498ee711ed49ec955e96a766d7207aed27b3d072ea89f0e8ad992,11477
K151615,3680df1cfcf106daefe69c61c3e48be4f666b334bd068c3fc69c639493cd0f7f,9480
K151648,098e1229a850f816cfc6b1bc94144a210e3e9b4a03ae80820c9a8bef52f5c4f3,11724
K151651,c8de88d0f9cf193ff71f4c7f0d8136c93b11e530ac43521df5fe143176c9b14d,11442
K151654,1b17bba4f75eb3a977f3e1f89f7cf1f509fb7dcc55d5d60d2ff240f27aac3770,7777
K151660,84b94b3efe3d81246492fb3b03ebf7bfe625f99f81d32eb677e6fca7d40ef350,8579
K151665,8b76b94d0cb196f081e02f1d7c693d8c1bb3d38b45fffc064c469d13478b9416,10227
K151677,9e63cf23776242a3323e9abb614fcd15f98e880296e1e4c2dffedd2ff6bd64cc,11206
K151695,c1619e4ababe0413bcc298c9020385235a0d3618d0b4b6a9d7817d0f254746ed,10194
K151701,4e46ca3f147f98234c15d9e6b849d4d19300f6a9d0bbc54f79df0b88cf7d4278,8595
K151704,e0a9de6c023cbe55d47cd55dfb78556a4ff1d69b415a29b877c20adb2951660a,11377
K151705,d549444c0e18bc5346c7069c36357eb58a0eeb1f2d147f7850ea2c47eda8b579,11029
K151708,a03e4fbe5319b98d1f0a5b0eeab7a55307d1c91e735c108f66c3ff0e471be27c,9336
K151716,dd08d03001cd58b54958f5f7631f0e9fd4633abb532e7cb6d07f6cd6b3d46602,9555
K151718,a2b3f772f2ab5e90998aa5f8eed17ae1d5b9a6e9d36bda3d4d5f88ec4ee22a0a,8399
K151726,337f1ced4ea0e34160f9a71cbcb7cf89470a1cb6b8bdca4d5e71e15cd3647c31,30845
K151727,da80bdb6df305a6e38359d5e13f2544be9e3f450ed02521de1928981b658b126,7563
K151732,309972ba06e9702255bbca9a95ed022e56380f59725008e179421c6d5610c198,8544
K151735,23e911643fac00bd2c2cce6414740c42a96096290daedc4d35624cc165ce0fba,15841
K151739,2cc2bc7843208b25294eb36bdd3c5ba3e7df93b2d4d031fba68dceb792478ef9,9779
K151740,674251c3781bb8b9f185b071421da8366848b2456760371332ab9770314c461d,9837
K151741,6e0fd9839e0a33f5c8a1d7545ac917d81ea3568abe4522711f1f759ebccf653e,9954
K151747,027979f4220c99991bf1bc199aef25d1a2e11cfee761dfb32451f062b865114d,9024
K151755,e3964263e5dab3bf017e53871aac48a96c578208c96ae531080e261adb3e1fee,10384
K151756,e11e5b8f196a8264e1f052098e39c68196ac0ddabebaed920b4959b775daabcc,10049
K151762,60ff9ae1aec77d34c9f1e909fe598a261a79013d85b17488cf54e2b120e3611b,10807
K151769,c71b914768e27989305c5aee057bda4fcaf9aa56c649c6d98323aa129210ccee,9583
K151770,772bd274b6f70fcc692c7c87232a1ee2fb3fa9b40d3382058d61694e6ddb6c52,9127
K151773,b2219e88e1b371c7abc73c922c03ab5a92da601a81977a434e657a89a86086e8,12664
K151785,395bbbb5ccf1a68f6c977ba99f0880ca22c29f6e25d0b5ca88ccac27a5d551c3,11157
K151813,9eb445eacd101a5981df3663938e7e98980437b6d36fae14e892d40bdce0d9e3,11068
K151818,58188e9d090ff057f3cfe1b0b394e7e9a701e6cd9dacee90407d002fdca9665b,6530
K151819,4f0330a54417044681cb6d427b4adcc3f8a868e2bc09aa5e9dc6b426c2251c37,11174
K151838,3ca3e93403a14aee8ccb24c5df9a665a804d005cc68a415e2e73e834fec3e0fc,7485
K151848,03ea68decec8d505d10cb00411aa1648f376fee272ebf8dfed1c269c17459b69,11366
K151849,ef08bc012c0a629d88471ef5a84ec8a03aabd0bbac45cb3552b5777c80f0f312,8829
K151863,768387600b7457d831ad053c16f2683214abbc04c6be59c320737cf8e844c217,10242
K151876,14aae3fd1c2c6ffde308fd158fcefa2243280017174eca1ae902896007362d2e,7490
K151879,b2f36f1dbe3d0baae03f2c5a85597a346cf906b074b57f1a110d728842a260f1,7560
K151881,813bc7f8f7b048456ef41328d64bb2a607162f336a779a01cfe6c98c40d5163e,11298
K151885,a9b196f1e748de5dc3ce4381eb6602d29584d07a18b71a8d1b8542ec6d06c2f7,8579
K151886,9cb5d00b5ae92f85a849290e2b950000bcd23dca3f485a074288b075501267ae,9790
K151888,1a9ba702fce9e209ae23cc1e57fe0245c2f1ea54ab21ee1a431741ddb8000497,8592
K151897,feb33bae59e69d4056f5fe04b84403f217e4a73c1be4ab9ef2c066fa2903078a,8506
K151900,e08cd321ca9a6ac70b1cd676de2cd7e8cdf6d4a106e6d3045655411bba361bac,10973
K151902,31aa200e33cd95990d6d0ae112e0e8313cbe6efaeddc0b2657a159f7c4a376df,11010
K151907,ac9a6a8658c9e5e47dba21d7133926cefaf3702a34b8bb13bc47af6308a4c6b2,4203
K151921,1ebe53dcf8fa4d93d6ca3f375515180033951bb56f91dda6a3175fb0eb6f85ee,9164
K151934,167067fc4de752486e2db1f7b7ad8e542a25db0f3cc814a731b39baba8e5ffb2,11401
K151938,a88bd10251d76e62ea79b5521ef2f663419aed4cb8853348993d6ab223c904f2,12463
K151939,aa6ade03be9c9db86dba94d4717640989fcdad20dcad60560d564f5586696983,14014
K151974,a190b4e4cd0f85cbc4134e62a00ec56ec23e2abe9abcc3f0b490261702d862e9,13949
K151977,3a572fb7ed80b0b1a9de0a139b6e7ebc391f73df2149ef62d9c4587a9e36c93d,8915
K151983,9ff10c2cab9b82eccb2c942b774470e19b3a0c38d2a355944de0a03da3dbe6c2,11783
K151992,86c214cd31a139d30f1964fe53ea8fc1cb3ebb10eaa4f1ba94663008f752778d,12640
K152000,a34050c4695743fdce68d379fcd3e6bf88e8732f39d26df3ef50e9c5680f70a7,9436
K152008,82bc7b3ce998ad735730dff3580d2b2ee71b18fa06e69ea926c37ef4da99e1bf,10858
K152011,9733c03a98593dc4f9777f6763f42ed99dc3df74605139c1f116d6f0e6ab9f04,10738
K152015,58909b2d4d351f3788cc16cda6c897d4396ef4c5b0b4ae758560784b7d5dc3e2,4035
K152022,d4aceaa70ade755c227b0d6bc4ccfa3bba179274ab13ecde21f4bd4c5f0c3776,56211
K152039,e7c7b9322eac2319a7b8e266a323cf4210061afdf31487560ba9a06181d60ba8,10595
K152045,23cf4b4494e88992093a29e3d0223bd66343ac790ef3d9b799b05bfb5cca6897,13642
K152047,b540862344d8c98f4351c97b6bb1e44caa0427cccaeb3138c28ffebf3e437cfc,9075
K152062,e0f29310a90e49d1fbdeb268c5b13ef8ea215fc5c29fa04aa6c037f66b445d67,8620
K152071,edcd0e9b0fcaed1ae30cd807dd97814918645ffe4959f239d654cf2197bc0d3a,13012
K152072,e42ac0c57e1268218ba0e8dcc80981b261c10a9295cfad4bb72f0eb96753a55c,8261
K152077,f3d7f6a18fe7c374facdc67ac06783934032e20fa08983a065d13b4a63275fa2,9157
K152084,0a5f260ab963cba2f55ebc01e992a7070defe84cad4a872d514fb06d6bf0b457,17964
K152098,6b92360bc03e133a0fbcb29fc0e357569e02e4ef22361cab993f988fd81acd2e,9869
K152099,83f7fffba4efb04636487885c09ff3572ee30aa929892272c80c9793fd0bdb6a,11357
K152131,cc36e23bebcefe324137f88071d06e194d04481bc153213a0aeada240b815efb,12736
K152132,6283658f492a869064c1f8ca2520497e2e07bc97f983d10d7fc6dfd667e101dc,15220
K152142,9a1a5ef82a5a800ef46966bd1171e57db14703aa62a957f9e804ec7d032e1383,12467
K152145,78d12d034db249fbe63f93faffb91578d0fa8165dc9891b1671072a5c6b7d373,10341
K152148,9781cf7a542633e877964fd78d0d0d420f4e3ff78d771d361c452e776d2372e4,8715
K152158,43627488af10f8a21c37e2e69bf82f531cd6ef2568dd1fd5a3b15c934a3c9fbd,4151
K152169,f828d5e507a8cfd2e172297346bd78ea7ec5fdf4adedda6cf18d516f15f1fef4,11093
K152170,a6800508f61ccb75ed9cbb52c4db01839b7720b2584f53f947259a1d521bff50,9754
K152171,c0cba455e19149a122ee71b3886c928df69b1165099139d2ca4061ba73b759b8,10626
K152174,8010ad84d41df47e69945778026188118a94c012b52fbef59df107bdb68c4f2b,10933
K152187,a0d84a6a398d0d74cb9f471748a593b701ca6b958fd141d6b9667462ce5ca681,14826
K152193,fe29e1265531cecf82b1570fadceac79493c886359fee1c107388bbe67ab049c,9390
K152200,eeea77726e4295c9026726046c1199dfa7a4a20f5b823b8a8d4ad50d126c8767,9344
K152211,076c3177eadfb4d4bdd752aa8813b37ca9b9cff27c0af6e72e3ee492b664e434,10064
K152217,79c979dc518a60143dcd18a006062bce481bd5ecd7524bb5163972d61b03fb27,9242
K152236,31461b2fb8b0475f3025b11ecadc74801bb4444edd9c08770a3d559bbf2b01a6,8248
K152237,67ed44990a112b2b7787e05d61f330478e2e5f78ef4383bd9924ffc80c86ce1d,8467
K152239,0d8f2b7a7a1681d70668a3e92de7db51e8f43701f5d6efb4f468e968268d4433,8071
K152242,618d5bb1de1bde1ebe6f6394a91a2baf6b0ed5f3dd0076971b05ed0a60c521ff,10372
K152248,a73afb3624a9781a0fc6faf0423cc61849a13abd51ae232d383c67205c1f451c,17480
K152252,15c16ddef356e14678b1234894b6090833bd73ad74beff3896488caea5d03e43,8969
K152253,c16fd991b4e1d21539a603dbc3d88a570b2070b03c4f62ba604387c85ddcc6ce,7956
K152255,af59c6cd6ed7ff02edbd36fbcd85d5e32e4cc04e5c9dade04c9adf15f7054464,10255
K152256,688737ccdef5b3227502455c34130656be862bb46c24e4632a30deecbcdbb3a1,15350
K152259,3eaef1e6281998dd13616b7e288580257dad9516a624f21c08e8fad358e8ddd0,8757
K152262,9203ab3a88484bc213c6b4d3325f5bbaf67163e8bf69435b0249c4b3c5b7df21,9470
K152267,c203e2086b609d82a52f989b8e84b54851aca39e45fe4af9b66b5b7d06b2c6df,15190
K152277,4452477cafc26f39258b4833260cb7dd9f7be28d5ef79822c02c4b41a38f6b26,17508
K152281,ac5d301f333e1e82c00391b3a0229a3183fd92cf20462a02f1eeb6960ecbd515,8572
K152282,2b41ce05fad147a364c55d66315bc4855f4e4f5bc02e539dedbbf49d4fa72386,9145
K152289,6519e7c5f20843820c7e8938c30efee7f150d432f6ca414e3a200a087cbddd67,7547
K152295,68e0b92c6bf8c66425babd1a0cc6264adae2a3db48e21768a266ae2e48da1471,4083
K152298,5ed4660f058c206ac0cbf2bdd1c8d782a6e6c300ddde4c3b7bb212bbbaaa9434,13691
K152304,8411241b05316d715de6795dc05450be88ea6623f73ad7b03aa8f90643365918,12143
K152306,4eaa1c133c2c6c5c2973de35154ce73f87cf299ae1ba60fffa71fcc212f2cb62,9062
K152312,675e206fa0dbed75c4563e98a64358e0c21cabc8c34e59ba828e82345e1ef21f,14977
K152315,5cf434b51ef5d1aadca4fda315a81951ffbedba822c77717fc4b1d0f201cb0a9,9507
K152324,60389f4c9547eb5cdcb8166ed5295003ee817ec9a5f754ddc9d39d2d57b08d6c,11469
K152338,9eb232ecdc79af34f612148912c1965b9d1653d7a0e5ca809ae4f915cb65a8cc,16614
K152355,28be0a3a0d29fb69bdd059765f0a1a9109d94764502faa71b443a15bc064f2d3,7499
K152370,1e229039efad5fa3342bcd89ce22380b038d002259c18ee539e135f7218beb6a,10050
K152382,6f54f1ca878ef497f2b2e9c352b99fb8bd0117ea94b11d72f5ea04bae8353d1a,4105
K152430,8e129bb7f674ba0b46515f1c5fd203934bb4d9db7c69aec680aa9a36a68bddf1,9166
K152431,6d6c83c28b7714c150080f97580eb0d55a0991bd0a4483f1a3a535d42c1cfc6f,14766
K152439,0ca4c7ac23b8ac1d06be60d6584b6f115dfc0751e18d366dc8d280b0df185693,9935
K152454,567e212ccacc19f12e7e9c45008564c9a0bba4daad5e3c6978020a5ac5cfc22d,8559
K152455,b3e53e67418e5b266c92f0079d982ffcb5035772059cc949a6a10d4dfe1a1487,8624
K152457,25c01633c831f6594440eb670c77ff484ab0d797f60db2bcb76c2d790a22bd5e,18818
K152460,82b2bc2582f09b9b462541c67897f63a4db7989d1c6b5bd79e55c034bf3ecf06,10101
K152475,529c34b7f8d48519d739263c8bb3f08163dd287506eec6dc2b68a4afe3108ac3,10339
K152484,5122c03527ed76b7c1738b7aeccf41c1a80db39af597f7b1d6ea55cdfff37222,9893
K152494,5f1976edff6f701cbe27cb995ea673ba19b0c5a9ac050afe0326cd524ced3cf0,12233
K152501,762275db65808fe68ec98ebd02d744d8fa246e17496871d66189e382b06fc6e8,9725
K152512,4eee8ce23e0e758ba17393f4714602b8429969a6cf646c01f2e986b6212cd1b6,8630
K152515,69423e6ea6cf75811839540578953be337a42b4adff6d52abc485cb926edf7f6,10776
K152527,49bd84cf6909adb9651792a22e0b41084cbc323359b7c8a2036933d0131284f9,6512
K152530,39da83679f985c311a5527da73978792eb121f8d2fdad680d446e26aec35e3e0,10162
K152532,50f353be95798ba3317dc185a05b9a523e49bc5db824f7ed640c5afc79b65df3,10968
K152539,1f8a1401b75a40a81533d1865cb5abb41e474f522816d26f971a318ed8daa971,10659
K152548,cc389f7fa8c5a16a462b897ca0b4ba9a8182bb1d77174b0807103681a98e95d8,8359
K152557,cbf8a6f9f68c80111ee7a9d4f1b6ac534a331a8e110bf11b7b35dc9c5d42ffa8,11985
K152566,a74d4d4abb4df75502c78b951c8161d7cef4daaeb98aff6cb9a86970338ccee6,24512
K152568,afbbb9267a186d9ea6658639e7f9cb0ef9e897e082b07e6a9657830ac22ffc28,15361
K152589,be330863b2281d63f249a6b76c364fc42af819e5397c444229798ccb7e8533aa,8653
K152604,5a8c4353b0c197e064d3aeb4c86e879d85a1485f32b557be00fa8ec9ad2354b0,10658
K152620,bfd99de66d1fdc61857a40a9f861aacb00d1279e767eaa0bef3f4f999e2681b2,10981
K152621,989279b94e8b5861580378371c1e2c1793ce2256a426df1ba5443590dc13f0ac,10542
K152622,7e0c6918872c1fc921eac1f53388222aab039dc417dbc57b18414104b19812f0,11232
K152623,930b3997f1c587bfffe88e2da81fe114be13eaa50f45bb577bd1a4117e8e5aaa,11429
K152627,287bdcdfefcf8a1008833d09b3e9794392052bf63e1285db509ba1338c09a169,10205
K152631,8b70134e96de991e2110ce47a76a8e4f2b7cbfbf823520bfddf5869159468ad0,12724
K152632,36c6da5b4c0a4d26af8bfb1203018d0bebb340c966b898c3c0907694dcb75a61,15327
K152651,b95c587d25dac2254a440fbef9389341540a90c1ad277b3b172d62bf82ffc0d7,10397
K152662,a413a8d9181e71c2ffc50f426543deb06373a8efdb1c3e679d828b3145a92b0b,6749
K152681,000fd6178cad0aba8784f16f8d7b5398f94e717604bd53416028cf17be40cfd1,7261
K152686,d7da1d95fa8a5ff5536e559f52be4927b5b528a9db58f5b15d0debdb7384694a,8930
K152704,b0992cd3a421495727524fa355d1848b1b3438bf82bb81f20eb2e37ab5e9de48,18116
K152710,692a1cf55ffa292d679da546ec5e8ffda8be5483136faf5b0ec83f45b851dd99,7581
K152711,975d06086af0347ec413aa1d2a8db53d7e93085e84f767e0ee14bc6d87f5fac8,6462
K152726,87db4ee604a744a9eb37fafbda054bd5224cfb53c1c53a51fbe66ba289483c48,7675
K152732,e18893d30db6f1545d1429e4a56f47265f6505b7ceaf47f8b75e3b6a52503534,6360
K152754,b9d4e3ab353b82ecec94ea0f1fe840936e5894048110de22ee087a02a0b0c9ac,12417
K152755,db62c110516dfa13f7686f7762439cf1aed1e630c44cb89aa11695c7485d2f37,10686
K152757,9ebf9783e9ec26b9b363c2826d3983a2eba84fb1e63198a5136ee2196c0dbe7b,9577
K152781,6f08210a9a1ec1fb1bf685c0f5be259ecb7c60928e157219471b3e0aabed7dc8,10707
K152793,eed696478d49704818fc14a3560ee7b3b34b819cc7c8c815e37d67e24eae5cad,10622
K152825,ad8ea7e444f3e3020d091a9ad24728b407404d18df14f0795fd26416aad6fbbe,10682
K152841,83d7a21df6f3e0815f7293f5fda311f4e1458e6046691194c56f41dc6a85585a,10481
K152893,246cb0b0d270e248a57f89bda690f306b5bde64883499d52c0caaa6caf3d0aa7,10547
K152903,4bbc155536e65c7a16086edada9495d0814f63ad1c87e2ae8120d1bf67ec9fcf,9674
K152919,9252ffbfa82f50c5bbe58b784878a03de668f1eb5a3faa421a592f3387c9efe3,9891
K152920,5d2943fbfc9673c86ff527aebd087ab42820819e383c4434b7a8210177c32c33,10574
K152943,8f4ef4eb9e3194c0ead5d9683e79dd56c9d86ba8d1502dbc1591a6715fc72ac2,8660
K152966,290ac5520b9116d32feb07326d427170c9d582edee0fccc4ab37335d9ab64637,14594
K152968,4a241bfc750fe2057420abed4ffa3c7c23892983a7b2db2317e9ac1a22cfa880,10778
K152972,e378ac7082dc96ed16430298a80f9d0900b78eec182a6064eb19ba888ed40059,8833
K152974,7e73a23d8c77f2b742b7d35d9deafb03b53b6db44900bd5a914ad905fcea8d85,9518
K152976,f2030693fe3c991c8dd28198475d8fb2be197c413ed96d2c5db697b22e9dc281,8375
K153008,9077b94b71d2abaf9b851f38fec71d6b1744099e7ed7b9978a3640ebbf76c0ec,9911
K153031,47427cf7a2458d2dcc3452f2963baa2d0ee99eeb5352ddbbfddc506bf74efa14,4049
K153034,d3983c57847c33caf8e2cad15cb7efc7720b98de7f82420786483fdfd1829669,9994
K153042,37da54244e3d23beefadfb92e3b2c0576bf82c84af4f8983b5129402c8a60751,4114
K153057,3643ca7eb0fdd1623dd81385701e19bb152d568fd8caf6d434790905e128d896,7341
K153065,30f2731777bfb658160cda681bee9b17fe4e9e1b0ec437f7ca34e524acad01a9,7909
K153075,c81b9a89c93fb7b8d57c145943e50c0920b6e1b2f62edaaa25fa6006760008e6,8784
K153082,d6225cf1d341c4bc3b6adbce734c562dedb3d569330a17fa50b0214b6a77d289,4048
K153097,7e7cc38f87a9e5a2c2c6c4b1d902ff18cf96758c7077aac5d3103b0898bebd83,9190
K153105,89716e69eab3443f99a323a76ef18ad35a91bb1ec6e8b6535396640821ac11c3,11161
K153107,26fcad4b53a9de0c78369a71e8ae7ad0e07e094fd87707c25fda96a29298e915,14991
K153115,e3a9b8545250265d827f2b6e1f846684a08f4cdf17dc5db8cb0c86ccc1e9f658,8712
K153122,834c0cd3682161fd3806eb76e35a1839d55d5a0051820941b4aa9ffe0f22edea,9455
K153123,6202e82664b8e8db1faeadf56ee7812aeae21fb2c9a97b76f48637879ca0cfc3,8398
K153129,57af85eeb54c9e3be2050e3e9bca582aa0d86a69ad6e3f178c81be3d516540dd,6545
K153131,21c394745e68fe09cfeb00d01f689d7882eda652ea722218cd73bf7144a2f203,12540
K153152,96503ff60f581bff3d77902c82c804e40c147627d37d3c932191273689e1379b,11189
K153169,d4610ec2448c0cc3da6b50217d1fbc10610ed67ae98a6a9803926763b190da67,9843
K153180,13ca151b6fbde54b12a4d6d51d70c924f66f3c3c5b8656c585d4498293cbc3d5,6487
K153182,3a2ed10df75bbe6e51ae207fdc676c1291bc7d4fa286cf019c06d1a250aa18d6,7722
K153186,414dcedf5364cd381b23bde66481cc5450ecd2c6492ff7320eaaceaa2584d0af,10328
K153204,4f155429abd23f4268b98414f6dcc6b08be2429d4cd2690aa9a48f81ca5c34eb,9846
K153207,bc2c4ce24e0c5e15b6cd9f2f2d654330c6ddbeb9f70b4d4c357ad16da09944c2,11374
K153208,105170d1374eca9dd61ef711a6d51789cb396c0daf800abb33de7fd21866be41,11586
K153211,a1570561279c562eeb2d8675710c5321fb28b200569a8303d2cc1efe5093a628,8203
K153215,5c940b73bba7f30ed0b685f6ff83fa59662a883db35e2f10b3b2b8c8d53db0a8,11948
K153216,07a730d705ccaf38d5f159215d68ca7c0b9dfac0228fb426cd9a5d826e9f0794,11767
K153217,9b206c22a5e826ba07bdf212b26de14d0c686a69ac0ff9701379972d0d00b582,11991
K153222,ff34b9344edd62e506207fdfbb10cb8fe144f82c1c663311edad9e8774f92327,10318
K153233,7735d6882218046f11b5ea0b738eaff9e84db948a9a980189466f6e5c36b9db1,11107
K153242,6f203e504139c3f5794db872fe2cc8d13c538f44f5e0ce5bd657219baa5793de,6839
K153250,bc4e61e72d3d1cd292309b26fa7f3e30fc01047af82cfa0ebfa12d44f6fd8b5e,14612
K153273,86a8a1ec693ee8555b07cc8723e1d0ac558b4971488893882062cf00e8a3d9dd,11341
K153296,7f6c67aaf0a99d32b645e333ba58e6a66c9522873accd00a2b388b090bd7ec2a,16032
K153302,673a9ae6728c364f6d5142b4663eb095d056627c28656342e970f2ef60e691d0,9082
K153310,7756a45299148d03afd454f23336a4d4c924efed7f17ac60e9cc4bd4142b62c5,9193
K153313,490cf432b01919f1994ea3bf7a59cf00e622e863cdf0d9dc717952247571e99a,9058
K153323,5f9b53d463eb38964cf6ffa4cbe26b83e07377abc79d634f2f48207141544b4c,9301
K153326,af0c2903492825f4a3136aa98316dd1fff08d73b4655ec38a879059d3e83e5d7,10613
K153333,705091ca85de8cf23c036a0de6b73455c39b578ba7e5c8c475fb7086840cc063,6320
K153336,5928aa3e4c55a8ae307907ed93a487ab7d10e23badb8783883a00a4802840393,8767
K153338,de24ce4e4fd29580d0d9e48d660992e8bd183af2d76447ea7a6fa8c6127a05ea,7076
K153340,f3c8ef03f7f1c962bd802579996e8c87864ef369f0cd82eabc61e44b31e38e6b,6292
K153345,d5fbc1a14fb59a52d7a944ba68eb8539d50f660b0061a33175dd8a4b7ca66632,67613
K153348,b62b0de15989ba8c51ef2038a7aaee81051266dd100ab1afad5a30ee2ecb2c57,11103
K153352,f0ebc7dfc8ee02b13c8c0f3a3c560f5991a88d9bf37b6c5bc86c34f442ecbe31,15327
K153356,15f33ef605523579034eabfc46721c63bf3010c36ccedbe4df3ae2bc384e17ca,8269
K153370,2050f92e12e51fbdaa9dbf8f0c68c2f2fda5628db031b0d4732286d149a58f32,7661
K153373,5e95d70740a318420dd0744c6933d92f1b0bf3511cbd03282521a867d775d4c7,22200
K153374,102edd456ad8085b3085be4022fce333a4c6ff26da71193dae012810ec0e5987,23289
K153377,e6378b615249b0c5e4ab813eb7ddaed8d688fbc23a0cddab4d5fcfac99098a63,12060
K153378,fc10d9638255c2cac8787e3d33cb56027da44240a92e3c93f17031fb5628827d,7424
K153379,b7a639d0a17a1b1b90d24cc83eb89c93f74ad59fd5a7b7b6e3c8b9768ecb63e9,9501
K153381,a99401d09e7d82202c4c43c4768d024245f270af7c9719a51294aeb368a1660b,7999
K153386,2dd70c6edf0ba8bb695b666b5c6048eeb004742a86c84b73e259070380f57e59,12358
K153395,2d5296051a6667749f41a007cf5b41cf084fa701d8dc9ab9026a70facefe0d96,11184
K153398,23aa1b97fe5209b8a21aa69f2391eeb71e9743a6338618117cb210bd1cd2ef74,11544
K153400,f745ae83307a18369d0260902591f9f0b41a7bef294c62bff0684a9fe792304f,9524
K153404,3b0c9e8a5e1414c7c3a0051308a1fc83c10ab6e2646896f70cf3002c4072a1d1,10170
K153413,f9be67c800c826ca0e0b37530135916b8f32736151b774a516a7486aa1ed5ef9,13611
K153415,3ccddddb3d77950564104f0d438e14fbb20e0cc855a5a5758b2f4aadbd626d9d,10720
K153419,f07218802ddeafa7479f8999b0b6d086cbd71b4298205911dc2448f5d5198b2b,11526
K153428,dd1c49316fb903234968097b5186f96a1d3849a89c79edf0e6ceb6651651711d,15238
K153436,2d52924f344b6d621140587f4a4a73756f35333f0cacf03088923aea0b3cb416,8647
K153437,14bd7a02ed40d980e89a5ee51c8b5144b178e7e6b63805b7f1a5e0c6333c4452,9601
K153438,5abff790843082288e1c4f79b2ce1fb1e0ef50dd33e7ce2503331f1f7662e35e,11876
K153439,98c23d9b757bfac05d0e829303dd64d3db0c9252f5cfd17a8c4869b27c27ec6d,9871
K153442,057d29ce5392378acba7344cd8365fc03ba73bdbb640ecec97dee5f9210aafb6,31710
K153446,afef9d1db26569188d2f893726c80783db9afd2e90eaa40419a4d2a9692f5730,10834
K153452,9d106de83fef6ea48500120f8faadb2583d554f63dc4d5998f0cb34ab75fac89,4126
K153453,698b22c37590aef57e276feb2987498e1e972695dd190d6898de20e79879640f,10661
K153463,8203d01d1fc65b7b0ad296e58a5c0945ccab0ed0f73cb82ccab71a05c05f1e1c,17505
K153482,9f43714dd9ab05321ce3c88187f3a9d8356b7bf1da18a13e6815066ab61e738b,10612
K153495,61a31331b83c04f37de098290e475817b41188b521e96b16c2aab064d45cd467,23549
K153517,f6e3b47ff1f2b3a5305974cba5d9a921687ad3f5db4ef3c90eaa3dc70794a207,10777
K153525,14f6611ab4a104f0f7edbd48afb49aa6f279340f0b3c54cd3030d2fd28bf29dd,9358
K153526,1e58d65b665ed8f35d0d9d7712bceebeb5e97034a3554fa5bb6589c652e357d0,6530
K153531,c1d64a9bf821d6800dd449cc0f608c71172fcffe23759dee7e5203019e4c9288,10652
K153536,20b0c13c5054924a445f76f1cede564200135bbb6a90d99f20655a00af54da1b,8949
K153558,ca3616e51b4abab0d5c447405cb1615abae51a687120ff3ff43bd048ea75ddfd,11778
K153573,748b838c51890118afa70df622eb28104322d71c53c56a8d85587af317f359a9,11381
K153575,3b850b9173bd7a5cda4a090805dfeb941b2e04af70b753589abb6732f43e52c6,8447
K153585,238d42cb51dab070af6c0ca9508aafbd317face7288e9a6f4b0903e5f6edd5a7,9360
K153586,a10bb65d17c4da050301151d71f4712595cadb0fdf146382ee542fadbcacef69,8462
K153589,f69ed119bf5987a41f0b78489c8570eccc258a5ee3780025149b3b05ce9e1062,15957
K153595,18dcd843160691bf309284ae4b3bc46ffae0073654d9f35db34081fbade68e73,7186
K153602,bae0ab5551bf5e2e5fb96c39385ae1652753715f62562d39bbb90db4b0a88cf6,13272
K153608,e36b2ee7b63491dddafcf60deee70fa3b2c0d8cb9befa76df7f33699e0e816e7,10055
K153609,08ec8df3e775a004e6aac361e01489e50069f004955c68d14cefecb36874c240,6773
K153615,ef147dee06baadc1cb9d5a93532397ba693e7e3b5fd40c7cb033bb71c8f3531f,10106
K153621,fbfa6e33f75589f496ea442004fb5bdcd4a0ebd9e2c732804fae4a0836ccf82f,11251
K153622,6a0e95f2046d5385c3ae687d6988841647187202c593e295d9cfe75a5842b35a,9337
K153627,b655313b15c1c5a2bbbad3763fe299d4a09b4e3a3283c3112b1ba9af747cacfe,9555
K153629,8b9033ca01e52a374bec566713eddb2f9cc1fb3bc4d4fe06b17b258ba572fb9e,10534
K153631,40f0af3f92b9db31e32eebfc36ebdd0f73645a041c01debf6a8ef3014d9b4a98,12742
K153635,57f5cd395d5e83d2d12d64d9f4eb1e7aa432ab4138b53c61a94941899f2a28dc,13651
K153638,ba89b77edced3f67e43c1c97341f46bba538d25af1d52553055362d867040cc5,9213
K153649,eb106cbc97599dbdd7705a8d9a401511478b014485d4fd3bbb93de5e2e28b19e,10482
K153656,447cd40b1894f495ac63eccd50700972cc230349a73137d9450c9b21ee6e495e,9704
K153657,04f2a91b63d2211931b558887bad012f004b1cfecd8675c5bee7696bd32c92c1,9871
K153664,272aa72aab5ceedfd18456292d5fbac0228c643c99b8eecc8337c1959206c0d3,8509
K153665,876268aa3f2181406d25450c692197abd499dcfacf04f37c4c434069148b4d2f,10349
K153667,6fe2c001273dbdfe7ff2ab638a2f4d59825a42b94d4cac3ce7a10d0c40efca7c,9126
K153669,05e54a8133601ec64a3e0cc5acf8d73835f44a02ecbcd8b9a3b27d97ea4ee186,9616
K153695,9ddaea5308d7c958c32bba7cdb84836bbb8596c2cfb3cb7ad0aaa306a2eeb7d3,12268
K153716,3ed97f56653ab8a66d3e3cec686347a47f62d167469e53ee6d14196fde301342,19766
K153720,da16fbba8d217594bb73230380b4203e433a280b3ec8f271b9946b0fb89e172a,10140
K153721,780cccb489824c997757c20ba0fefa82fb52f3e10916cb654bab2f19d40eeb3d,12129
K153722,0e1b5a5bb736158edb162b4a29672e827fbf75149639ad40d15c417f18e53c11,10607
K153725,e5c48508c621c6fd2eacfbe49bac6c8ebbc396a5ffff710b2bf3e04e5ccbde41,8386
K153735,3deb0360453fe947b2f2f30e6b72ef439c5d57d0b85ee3b0a11c72850887870e,8686
K153737,f78cc23aea97aa317b559b568f58a6421a81c9de1f533a1c6cc464c0686a0e8f,9428
K153759,2cf7584f27beaad866105c2a7cca805c6017c3d86079fba850f5807082d97921,8049
K153770,ee85ed9e1683efce013044fe5390b8395781186b4a929268dc61ba767436da71,9430
K153772,4dfe212772f926082646059cfa280dae1bc1117bed7d34bfbf420f7fd63c4467,7523
K153776,550b0679dba8bc296bd828c4c4306a672f36c4146fd83f86f08d2ed01a41fa87,10819
K153782,f2fec40a164f120b1c7a3ad64116497cc4e1db6e18d59c77a91d828e3b27a11c,15923
K153783,31c8402b19da6ff6cb5743b0baef9aab19acc24c5abf1b8ee4c8cb68a9d85fb5,11044
K153786,4346f7f917f2137451d3032bf6397bf4a4dffca8e8360da84e4cd1b2104b9898,9319
K160002,d9f5e1b0c3c6f1a9592d06bc713694e647c6393e052816bc42f5d0bec046ea63,8142
K160003,db157e89c8246a32e48589f9363a845017eba1de99c22b63657fc74ac20539cd,11665
K160011,c17784a572ff1817bff787181694a009421af75036014040c49ecf76d9b71b0e,10472
K160020,d0b57bd9563519fb35beccd49f94fd71a969eacb0133ad1488a2887a78fa0ee4,11299
K160025,73e1b35ce8f057255a38d406084f1f5a7bd17fdf86c773efa226b3e40c109a61,17409
K160051,e4786a747806f7e896a81daea799a2e020fecf51d657ed7ffe197e99c2f74461,13379
K160058,55845c317b2b12cdbc9bbee74cb77d86902437af3a52b2274b1de7baa1ae5727,10851
K160066,9eaea3312f705b4ba9cadf38f810661f09c10a4fd4570cc6bdfcd212410d9f4a,9732
K160069,c22db315b5c99786e108fc6eb79ca46ffbd87d81758ab9576720c97f8440db27,8227
K160071,73ce1c5f244a415b2708a60002b019093ff52f92406dd6d016daaf6158dde78e,12013
K160074,a4b3d98ba5593ab8aa521ba89ba48a828c0b3532b9a1973a2dd58b64ebcb5db0,10811
K160076,fed60b90423ff745104b65ebbbbe154b94521da9fe78686355b42eeb10582fb6,11195
K160085,d5fa4827800a52bbf0018fb7bbd0a75dc555fea84e2a73862e221356c05817a4,15999
K160114,180d6cd1d743836eeab36ac6cfb0c807ae5cc46be4222458376d39c4a95198e3,11274
K160118,325e259eb6cf3802d081fe17c2666f4adba6e2efe64a515ec24d290c3dabdc82,10564
K160124,edb45d23fa66ea2d229b33940ac97761f9319dffc2e13d01a11c93c4e1574788,9119
K160125,abe6d2a29473290762a7e41aaf81e143cb7052113a88f65884e2d1679c1d89f0,11218
K160154,c634e9e445da40bac0f499f2e578c311e43359ef2e0e23e2d6b7172256168bca,8803
K160157,fd5c40d32051e9dc1a89457ab8b4c3ee638d8b1404a869869c997e23b352146a,17250
K160159,c7d76ffd54dac86a10149b7426f60de66fedc8487ab2e2da0a872bdc728514ce,9070
K160167,8a0646769a81b72c63ef5e1171f68a8f48f84486e852cbe027feb7cd0817a587,9703
K160169,2d93f9492135547efcc31f9bc6d084da1b38ca1f692d3fab252a9358eb9f780c,8428
K160174,6491a1eb92fe9050c9e9f55c93083a249c865cd2e253468d2f34cb8c4e8da97d,13407
K160177,70e608d5a3bb30ddc62963cb0410fa375784bc80675aedcbeb7dc9eb8da90df4,7877
K160191,a892b96f6e2fd12a2f038190e8c28e7395e29a44b6bf6b89fa6946477829d306,6696
K160194,b1c0a3fa38536d59520e223d3ae85f5f2bb0444a322cf404546475fc301594de,7709
K160208,284fc3d7a317741e0419eed36c3c62acad41ec3dc474e3bd274f1c6894a35884,9870
K160216,4911d94e3bd741247ad7d5489a575e14fda15827e97ff030a8b74a14b50ac7f6,12711
K160222,24240e2d9eb7e4ca374bd9cd6c449b18d8be3e6000ff010c260c675e0e48aea9,7021
K160226,ddca3648f854cfb40866d60200f3ffc35a72815727278ccd9ba4da5db875187c,14834
K160264,f57eab73529ca7c312e40ba404afbc8dbef936385696ac2558fcfbbcf25fc511,6937
K160266,601dec38d13a719ec82f69b69f09e66906336a0576c2fabf5b4c253c12438de5,9523
K160289,dfd877be7ebb05f47f0c0a5193f2ca3bbcd022baeafeb09f19895e023d8a0fa3,8974
K160291,7342cc2ab5e4763b1f7c38a7d2bcc09ad4a786730231d11d95f4ef7b6142476a,9320
K160300,7683085a28c46e174681697a24b87300447f8fec4d5da835c6a01ac82631b99a,9909
K160304,b4286dba70b5c6202b720b07f514d61f0abe1fc6078d603274e730993b8d370e,8554
K160319,390a0b4cf625811397dfc3cafe332886b9d8dc2641d9ba02451bdc325c9c7425,4087
K160320,f7aad86b12b07de6ee7d86c835dcfc48efcfe5e8c6f785762ebfb0b727dd1523,11734
K160324,54fca550ce5ff3d6fe40c392a743dbfb5470099faa414c4943d465908058156f,9561
K160325,ec778ea7d90204bdb93fd4800c32b23b861dbd9c31dc8fa182d4d55a124d3a11,9705
K160342,f41488e46e1a85f2ec5bc8fcc8acfece38a09e77369c9f168f88483afc239e99,7312
K160352,d8549e4a86b9e33a824e06ae0d17f5f8f191c7fc015d27ec6d21afd6473c4727,14610
K160362,fcdb21dcc52238a8cce6c8e79a8f6575e55c3bb86af50b8892e1446fd5aee267,9289
K160409,4e12e42df85a2a2f73b8d0493d8cfdbaddc62dd93c14ff50a0f5f3ec7aa74a69,6220
K160418,72fdb5716d052e0ac20dd8e4863380992071c2164844028fc70e50eadfbe0aee,9286
K160427,d3b411f24b255964ca10fb38900bb9560c49c89d2256607a0430f868956d409d,7551
K160428,8fbba67719329e1c6a54b03c9b5c2923cfcd6ef97171f7a1e40c43cccfc5250c,11054
K160446,c37e1ac525c73f3a2268162351d208beb0aebc5ec25a3020fdbc8c6bd355db19,12529
K160461,7ac2ef8f6ab790317a36c10d384f983590b8a51c49edad450687b8a6bd2ee995,8857
K160463,5cf222d836b64ade3c0a9eaebdb1b0391e18e2a03cfbdcfa0610dc2ed513f021,7029
K160464,73b83130176b105dbd25ed406044aa6c23f96b957abcb79fd9a84c014b5d768d,10601
K160465,388bfd1bdf332fbe5437f2be178e9750db9a2e74c99dcc77330a0aab07f3e41c,10330
K160466,24f29ad3a575da7b11da034f24fcbe219c23501be181628ea0a87eae14b541ef,12309
K160484,44235b886225ddc8b95ca25fd9205026ea6d22511fe2c253370e891b000695ba,7491
K160500,e1189950a14b8d50c9318e3b1f15cb93123cfb6287e658863b5f29266e0149ae,12880
K160515,afb80e0b5fc38c8a7fba08233768f9a48426c8cf9f7cb65588794baf1db8a5b5,13835
K160522,02860e0d4158bdfd22229e0a947bfa4823ad7ef1d9e0b69d088b5c0e013e2ce7,9923
K160528,70803abcb07c14f871cc03b363afbe37b6932565b41de4a8a7c7102538d81e38,7625
K160545,5579ccb5f7d498733bdee2b79af808d97809f0305a424c51ed5eeb8d6e283685,7962
K160547,ea74a5c15525bb7c49c093cfd75304bc72e0e14a967cd29b5ad6666411be890d,7050
K160548,b1db600c450247389019eb08060e4e43dbfd4f8a20303af4ecc14f6d5f35ce4a,9434
K160553,25d0c20c118e4997ea62e224a5dbfa85143bbca6d9a074e97db98ee492ec8df1,255840
K160555,a33b3ef2a0ad0f3ec2954e8c4c06401f8b8e2a0b1ec477715ef06f353094a1c3,16375
K160566,bf81f7e4e814ada8eb504438d0e0ca89e6d2c680c78e521f97ed6717f91b21e4,13627
K160568,79bc2211d4647e2792ee0e99dc88f1e952390d6fdf4c80b3fd885d5e77d4e488,10898
K160597,d935b776c6014cfa2391b3ade138f4d114711951c32caddc422b20685e070faa,8490
K160603,ed0046607f9e90b3827a066dc482bf331666f005d7d2d2c29eb994d0ebea77ca,7353
K160604,1f236aad56e2be291922807b141da66ef5ed53a20a0633b992b7e0e883d7f897,10115
K160605,5f6053fb8361c5bfca7efd5ae1beacd3abbc8ef1aa2d72a247cd1fca7c13bbb5,10646
K160617,5eb459e496920d5533e3d4903150348a12125598370168356f4e5c19dea047b5,7407
K160631,ede23431ee029abb5645235927d706d8cf483f05e2ee51917f982c6d1231dff8,11521
K160633,d17855c93608f5b6b271590a7fe264551deba34da404a052fdc186d6d40b96bc,10104
K160640,537976077360a60acf09772c70fed65cf16029b376ade5e7dd8accd88399bcf5,10892
K160646,5f783aade126b4b7734462ac7c4bcd32e664c240782588df927181fddc2207d8,11242
K160652,4937ddc3a3c01516ebf2c6164d7c310503d69dfca223fe652a186c643518a8aa,8793
K160655,5b6fdf198f125e011ca5676fb26b3c6ff918764e13fc0d4cbfc4b08ebdc0bde6,8149
K160663,ea3519c5455649e935ebc7e76009fd5e0fdf0edfe12f87ca45f21a62f49fc1ea,10031
K160697,10d2c1658b2466a4a12737828c126f907cd7355faee39e2841e08d9bfd9d160f,15926
K160698,a70a99d9198f5f279019113e17423314cca3a83eb4fb63533a657b083a4d4199,7588
K160699,992845780064b9cf69d2b7c15e5acead56ed575f3f502f56641ac76d3c29b9bc,9971
K160700,d8fc7d3aaa383a12c97fbe2cdf04617386799da3bf6c9693a885ba47f6b36969,16087
K160702,75a4fa2cad68a1540b4c504b1c599e2e928bb93966af8c525d308e5171ebd788,7596
K160715,6629fcbc95415199572be247cc7ec57f8158b29007d83eaea854f5e2c61a0ca2,10527
K160722,fb44b4064649c3f4c3fe414b2a193f0dc5580c51ccade6f92256adc92059d4a3,9636
K160731,203544f62b8bdc675746fb1853c9ee5b8d2655c9ceba88c7402069d929f38ed8,7758
K160738,9522be2df524f0ef4a9982199c1bde4168aeb0272ce3e239fff9f72cbeb8e6ca,9205
K160756,c217d2a461da621243bd1afdf6a27661895e93d555419d9b3b3769c0194d6c31,13377
K160771,986abaff35fcce5711a9c272f710166d8565752b15bb47eb17706959f3a08803,12272
K160775,e34f746fcc79db203c2ed07d174a92b7dbb50744abc406d86fd3a2020b4f61b9,11702
K160791,e425604cfb542f73538c46c3670b8dd5d888bd3acde2f5830549ada036a6f402,11266
K160804,4732c7ce04c504ce5e0433594abd05e4ca1d923c2f6ed61e32e45919e509fbe6,9577
K160813,83cd970cec67598c3cdb502b984e1a9512125b03013bf29dc0ead43c93a6d267,8860
K160820,9780dcf412efd837abe132aebd9b9d94c16ca3f2548c564a2b26716283ea12d9,9193
K160830,b9276499b346673605a725b5eefbcb76a163a05a54a3edb80a00e1b7e0ba710c,11141
K160856,75926cee1e34696da7c9f9d1011136e659c37cc068eddcaeb5f82945d2361ffc,10929
K160874,34ca85eabaa90f4a4ee1579a8ae0dc4678ab4c1218a420ba53c6db261737d23a,11380
K160879,85666cde3e0f469482c2eaa9381501d8f29a1d47bb5e51dadd6a5ff2bc4b47cb,15104
K160895,1e93f47ea6bebabfab5e47db83f6a6348cf3203807c5271c2e2fbb534e5c1a9f,14192
K160902,bf300695cb5589beaff71af995e577961c397fb12c3d3831b138e083b688db6f,10909
K160904,d2b075224391630c82095c7034641bc000ac8a72383c61c1de44239c53a51618,13540
K160906,a432c1495405fa3e267c09a0e73a18898ee08d5351c4359289733709da08ff26,11058
K160907,7714c04252a1a690a4389a7ba3ec909f39ab86d7e8b2d950b567e544e2526a68,10247
K160916,7681eaf2a70ac944d05182d4ebfa96f2b4a3b5bc2cfe02c5f331d9ad5c45c7d8,10491
K160923,f91d2ad1551514ba0997236ee1976178cb4dc234cc9114346b2a1b0bb5012c2e,10662
K160924,4ce96f7b254aef51a5e2775583c8252a52fa06c0c2536a26f27ace5f298cded0,11423
K160926,95bbf69449478c6235a3caaf43dc0f3c74a06e78e0749a9e4ee0a64abea6e174,12694
K160946,d6aa17d115ed80c47b242ce9f981aafd3267e991b1e524acb76a6beeefd1eabb,9442
K160955,3693b43205f5aa5f5d57abbd31c87f46ff2e45b517ffe3b70552ca5732596e1e,10829
K160958,4f8875eff862033134be419248c956225848b430e94427ace60abbe2c2f7ecf6,8219
K160959,ba30da6a1729dc99e7d4ff77d3ddfe8153ccf5388446add658fbff701f9f4f62,13201
K160972,3878f841f4224541ff8a0e3b75fe8ea878dca20f74073b5ae34032a2b35c0296,16276
K160975,9a11a794387bbebbf17e825334095055cf08570890a442d37362a1d9584b603e,9693
K160976,aae4c45c200e17200f02b894ace8b11c05e7815b53ba34de95035f967ea68b65,10375
K160980,3c4032526c9f6f791d9a1ab409a36209cc6723828f8c93239b281f0db1625b6e,9833
K160982,6803732717e1593057f416e369e17d31ef878218aa9846e6e364647f6e67bf19,10453
K160983,d34cd26466f53bf8dd75ffb658feb7703b3b5004560a4afe22399a54ce610d83,7269
K160989,73ed6046d5cf6a37a95c757bef297019b8ac62790ca415cc694cd6bcfa24de9e,9469
K160995,d6146122b37057856c9f0615186a00a0a6727603c23bf9dde2edb9e8250c12dc,9788
K160996,1614a433d54feeb2ec6f10c78004bc16df9ad93a40bedcedd14dc282932c7c0b,7583
K161001,78fd7522c9163e4b4a0e22be9eb7e3f2f7430be0c58735e3fd3afd0064c8eac0,9685
K161014,285cf95e7a79bd0cf5a605cb8243d8143772b39609cdee12f01631f487b1006e,8913
K161016,1a83c6091453eaa2758ea8936f4bf84fad277b2378c98c6236a0f46e481014fb,8339
K161028,9d181a2f2326e6630fae22a8be8ba042d0e0a23f2f2bb82dc15be27b4ed666a4,10127
K161032,b77e3d0cfefcc09ae2dca58cc09b2401b5fb0b52ca6303f094ecacd38344e609,10292
K161033,439b0eab0c860a90b32dc8247d81055b4bef6f08c1c98dd75e2e775c871aa2f8,4037
K161037,bdd1eef74f957541393c723a44ed72907d47795d51ea4b76dc6d3b4c34a73040,9316
K161041,6b3c1704a060bb65fc52f259c7901f99e074763678f82509275211a12d3d1255,8617
K161048,b3c06f1be66ad4e109985c10916a3af80e17d686aa1cc1b70c5fef92f849ea42,6599
K161058,fa1f726c6980ccc030a25ef0ebc1cf9b3a0897af36748fe3531b3dc15748b14c,8519
K161060,891911033081a91c8efb0be567572f7d47d1800db410d5cd8840bae2745981de,7023
K161073,f58190e37d13e49eceb55c2c7e3269c769a0eefe89e6a135f61049777d5b8560,7720
K161080,3122b38fad4f5f73e68f19571aac50e9e04596cbf16db06636e916d4dbd191f1,10372
K161081,a4b0c60fd9275a6a4de378541ec829de7b5ba42157298f6b18ff08927912d952,11996
K161108,69360ae6b01c0dcc68f1f0e788ff1959967addfb084912c9eb5398fd3c5ac2b5,6641
K161114,a15d74330ee46e439355893fdf5eaba3905af9b25a577fafa74324d5967efc89,9588
K161120,e2a625153147a5bde3d5d06e7cf5a4d484106da7f88d898a34f16a9c20a71495,10214
K161127,4b8cd5692cc97a0b2c14a1abf737815fddd51cc6afed0f67bcfb0997b1b61163,8784
K161129,01b26d3a1b8169835b810f0665cc9fed8782897706e519116218573ec7359141,11387
K161149,98e0787fcb6e694eb43ff953177c01d71d8e18a6bf6dbd55042047af1ca463e4,13172
K161151,7b983c4545f6296fe9d7947b18cf6b5de3659ab1967cf2b2922e1ab930e22d47,13169
K161155,9ac1d24778121d6f811335df87acf158e543e1f3b4f4aaa0acde6ed631a369be,10926
K161166,dbf0720154000a721fca9ae3095d60be4e6d108ab509f900a6337c3e90e77822,12432
K161173,095b67e7eaf961c743f98ea76e1158794201e1ae43d5a37ac061294e63fc5b56,11383
K161174,34fdf7ee2d31226d902cd25485a91c30a71cd1c443b43bc43a11e68cc2465153,8323
K161184,56efc5e16b0c0d9273e4167de85cee46d940ceb5af40815e454afaeb3e1f3a9a,10465
K161189,2a7fd5574b8dfc8df7b96ada7e59c14b210988f2c3b213be603282997bae6cb3,8541
K161190,2be4a60986a9830fc31d0ba36af868bf58cc40a2d70fbac80a3d7ce2b1ef6381,11862
K161192,5af7031d7165eb5a90eee7270e91f98984960db3b384b126eafbe998bc083804,10569
K161210,6bb7ecbb1af7da66524a41a6f5e1738434beed27e04c791559704da9be66ba23,13419
K161223,aff874d6275b2eaa8c20e84f6e58fe9ac33259e79be6ef5447b79cb67f9df094,16444
K161225,cde1e12a7006241f690751234b72e612585221c29244db4fe4e5a6d792eb5b1f,12784
K161226,9e964ebf8cb7cb5fd383750dd2b9671591dc8d7bca3190a6786ca723e9371752,10008
K161230,f27f850ed463f42fc869e550528249c97f8234b33d6baa77d01ca360da3b6e69,19399
K161231,bb43f69402fa3725cce9d476e94f0ce2e6617b160e791d5c0658ffc4d361985d,8445
K161233,65d2c6f35295bf5d03bd61d07326f72150f38734064a5ce20ba66fad978fde71,14553
K161254,4fe1215673c60166ef329692b688f1b2c5308d9d891a9626d88470f7080ba41d,7451
K161259,4ffdfe2be1594cb0ec20b069fb7b29c6dd2710c205698e971c1100ead8467f3f,10735
K161264,c5d9e74a59c5d63a1053f5ba792e8b09e130e9c37d05d77c70135ad44615955d,10647
K161265,8ad8afc3db3bc679d7eed18740b78f738ac7941ac261b915b87b269d2a0e0c2e,7779
K161267,61497c5aa161ae2561f2b80f31554c78b3481bc13ba1e46c18b11b4091ff19a7,11117
K161273,9aebab814751c32252fcd3f19f1cb37010635e9f8f270285cf1f2584752e2525,10368
K161279,b280c7f2258c0389d7dda657f8f5c684173baad90663cbe114c88c6e1a738990,8613
K161280,6138f8e109069d5613a01c92a289a4a11b652b2ef73365c5a76b5e9e59eef1c6,9832
K161292,ec0b9582cda4c7a8497f5cda4311d73fe4a1e86cff238afc0f5fa72ffc11e78e,9178
K161303,4fc4c8db4575d79d2cda66b5dac5a4fab5e70b7fb243443a7596fb4ca25e9968,7462
K161327,35e88f09623860ed489fd730be8a0237d8e4f75717ee2d147ec142c60cff1c06,9262
K161332,4cada8bb890a595e6d29062224ce198081b7fccf2753a355a1f095c091f9be39,9810
K161334,b3f8266f0842db1c7c50825909ea2059d9325f69c5b984105060cae923fe6981,8442
K161351,3cec6cdca4afa11a5155fce36d0c4f69a16f190ee7e4f7ff0d926c7f4eeb9632,11001
K161360,0eb199a2b33cac7439ff7b74a437963fe36c635f88ccfa8c06bf951eabe74c03,11272
K161363,e385edfcbf9fbe1d2575a882aecbeab56d439543ce6cee14502c2feeffb501ab,10209
K161366,fdd3e5824bd724bf763798340e09684d8f10d103732ff4104dd9922b673c2085,11722
K161369,31586f2131daabc7d0ebfb71fb6077c033f7dc9a5673ddc3a704acb92c36c1ab,9849
K161371,0a8051970ea94a7d480e946e20bd860d4666e58c62eeabfa61760c9eb16573e9,9203
K161379,22208e627093b77a6aab3802130dfccbd0184587b0110167c066e8040249cc2a,10094
K161387,908bfdb4d86db4ba5002cba2f00384d91afde1956ea120285e0242cce68ee8d1,12259
K161404,575fc0941ac1b927a99f5c6e65810fa74464ba1469a71efe58fe9ac9d28de526,10126
K161405,6f3dbb566955249e649c57b7463b286b61ac4784e2893aabb008a481e9c6e5b7,10758
K161407,5873ff7263a1a6cd4edca41cd09aeb0e6dfd2bd8eb699efdd476c22ef6b11082,10467
K161414,0f688b4340d885805a9b38620d65b81e9b7a2559ef6c9aa8154a43fde4ade3bd,14712
K161417,e37c1c41aff3aebd5a2136e1b3aed168f2f417ce870217b62d51fa6a376336fd,10803
K161426,2b355d1fa7da129ba4f239f5db5cbc1ee64b1be8ad16b51046b4eaecf42e4ed3,6749
K161438,55ef3d3d53d038835207d08e6e82f1a77768ae27c3a4cd4dd317e2abd60a47b5,10012
K161442,6d8c3f5cc00038b9d53b784d31aa40c7c0ac2d9e781e6c30363f91ed29ad9e69,10655
K161447,adb7d99cb0175546ffae292bc407234d01ed40a87dfe19492b999afcf292668b,9920
K161448,71eda432a8e9bae07c5fdff5c19c3cafa3719c57f8f25c56947d3850ba846bd3,9178
K161449,6c09738937b0bb08e161827ca94a2ee5155eea1fbc9ce205006646583e22ed10,6958
K161466,66d3e8b129b278e7edd82f401ff5ccda8ae64b9430712e33819b12def5623a58,11790
K161476,3532c5cf1fc4756576831f353933f72a0a298fc5277cb3eef46aed597dcd9c09,17479
K161485,147f894aa3dd179e1f215ef67cdade320de54c7ca47cdcc8e1dcd3b945e5c249,14550
K161489,e0514b62cbabaa143e9000ffb85f4b1973ec3717075a683cacc8e3c8b08a737e,4084
K161498,efe9eaef616239e34c18c15adb7bd00b52f2ec6c35dafa195a95b35f5c183421,11577
K161499,e54d35dc8cf4c259c0b0e127e9cc0eb72db45eb5fff3a6a37eeb11aa713fd9dc,9775
K161516,32b471bc96bc08a75e7bcd3b41d8af2afe2a0970cf7523c5f0bf946cebd8ae60,9454
K161520,4ae365a7e824491a4e22e0a2435fe1214eb0a646dced286a4460c0cb23e52061,13985
K161524,becaa1ad5af6cebf1e563bc805fc92569d2ce5ea899712c18f61cdefcf3cfe93,10588
K161535,7ad4069e854278f7f30bf4b116e6172b36f8669d68b094a5f146f48ec2306116,10234
K161539,805840c337eb664012d5d0461d9ad3d4c550794629320b47a625988ae52e450f,7537
K161569,24e48631c1a5f8d7fbea3bed588c0496c97b0ece726f29f271414d0fbe030840,12874
K161587,085f068241499066e45bcc8f0395e3d84329432091f54cdb0bdcb2c1194ee049,9552
K161590,28c9b32c6520bf1100aa6ff014019b41b7f12ef59478b38062cd1fdecb1bcf17,14399
K161591,df1c1b6e9e29e71ccf6190bd2c7d60c4a6914b6f89cdbf3dcf6a0296faeeb097,9482
K161592,1a6c1ecb4c0c9ca40e125a6670559cf9114a0e0113d9dc8f0301d836a3e30650,14169
K161597,6fc64e5af47ddc666bab6ae8712097eadc80ab922fb97b3048c376da11c5560f,7265
K161608,c352202270a397a01af6170528db62f9282dd240e34a18d251ca60ad01fbf663,6211
K161610,4859f3edcb998fe459a41911d8c163bd81b443d25cfa34c8802f9f28286d6b00,6624
K161616,b5660f2fe0535a00721b68fbfbdef9e1fe2545e08d84a467cf0491e3df090e2e,36934
K161620,d15e5a815437c9307922b9dccb92d6c6488ec4454abf8a781aad2ae273b130fc,11252
K161627,3c80be803560406d3ca88db1f74a057fd3375ca88f076b6dc603e24cf41eed65,17152
K161635,e052e3e0f548a8d26733c6af127e376e2bc11246087c1774e389d3dfefcbb869,11998
K161637,ae33e1832879fe5a4487b738d683371ea2ff41da5efcddf814f10e896d8a2d95,9730
K161641,d51cf40614e7c7b02e87f764b471e9e401a48152228202b1ed09761e5d314853,13275
K161642,2f8bd153c6ad436ad235a9c66d8c503a13c6f8a50b0a2452797b7a1e248802e4,11381
K161649,5c5bf7cf0b69f1cc553462ab88a854d4c99326e8159aa0a45cd4b7e6798e7edd,10173
K161665,7a71f310462a4363889c24bb364d461043950ce9622e2fea3fdfbe262e138a23,9184
K161668,fe659fa6e9a1c6efa4f9a5e2a1205dab60821dece1660e29d65bde849b07dd5c,11111
K161694,eb489b9d055fc88b41dcdf33c54ae65f457bd352ef7c8d4690f0c84bd10ef66e,10277
K161696,507b9093bb83d3efa6671a57807ce3544c486ccf9fbab3c6d26a7369c90c530a,11917
K161703,29e7c085aeed5f7a96a097c90cf6ea7c1bafac517c9adb00f0f57afe584318dd,11569
K161705,144d19c3f54b8f15ba8bcc80186bf4ef0bc15ba743ac5a26eb8e71c494ccd28d,7147
K161710,c3ddf97ba0dedd897c7c82d4ce1d6b798896af392d17bbf13340e9dd386c1b02,15547
K161741,a79271ccb2298d2d3f5c711c88ee8131e0f0541230f07eb6d82033f48bbf17ff,12268
K161742,5b55189eef517d700922b040522524c2b4742ce048a4e08587d81b92af8d39cb,12220
K161746,8825081f2ba1a034c5e38394f4003956414ce9ab4583e99dd5225e11d8400310,9837
K161747,93e83c771ec9be660202f78e34dbea2389c5de3de53f8c97756b507ff10f2bac,12977
K161751,d0142d2d3e970092e061970e652778c4d2883251d3c4b9ac15dbf3cc71abdd72,13559
K161753,26f3ea56e65a721d114d8b1093a81faa6e0ba60fec2b4b48544c3d3709720cfb,10335
K161755,c6f068a9eb4a38e22fd230294bf92fcee2fee655acfe7e0071ce7a288ee290e4,10486
K161766,65f84eaea441f3bb12e55414b8df5a46acaba2982b91b4a7386a7a5792204b05,9154
K161778,cd20969d8053978be3376c3d625dacb396b8e25675e4b6f2ec95f54d6f989953,5870
K161782,17c5c9c0e0c657b7f1dcc708d51694efb959f583a09388662f2c99ca5d5ea762,7420
K161789,3a879a4ee58e59f06eb34bd41b3dc80be1e61a9debe396830878f5b0f3c9202b,18749
K161809,e14ae8f64cd8efd26b9db1a47ac7f423b56a312f9505ec1b421d971734e1ca5e,11456
K161830,49378bb2644e93d8994333cbbe615ac9b604dd2f4b040560371977c4a3182a9a,7692
K161840,2fd8da0fd9bcde1c97e5b648bf2164fd8e08a4af510a26c9aa078ac75103f071,9204
K161842,14f6ed707055600e128d771ae11e80b5020dca838a7072ebbaa2ff6d7af5ee7b,10976
K161859,555089a1571424307f3d7c03d3a6eef5b4a83155a1e8b18074c7cab72510383d,9191
K161861,4777da98cb492fdd7e23cceda54f3696ec063ba8e170ff98b70ef9accfd20103,13493
K161863,847cdf7e2eb6a4e9cdc173332293d3f9addef113c0b05bb05250da4dc33a8cdd,27791
K161864,dd1df5311104e2df2fd7119f7c83bd7538a90f8e6296f69b7b887159412e0a8c,11895
K161876,73ce9b781f077387e146496f23b2ee3e96e7a483e88faf92047bb5aee7908148,9278
K161888,e5c118b67ee12f526b034a7bf63031a3a414577a0875c2985e7a8fcd278171d6,9836
K161894,5fbc4407070f8ae7f3da8f8fa6ee8597288abdb9203cc62b694bba666c8f4c48,12221
K161896,749f4d26a257d931d720e344eb6966393e270c4d146cc60909434bd2dfd0e99d,8500
K161904,ff86afab45f2912e4a251cafcbd3abb9efb232e8cf898ad34901e2c5cb6e1714,6985
K161913,ce6002aea1df81e9adc81141f3bc34e022a01888b617f5b4ef37f3cc727960d5,9162
K161914,78b98f127aebe32f4a2eb98b98082a6a18c1328a7ab3a766713ee82bc1882cc6,7463
K161945,b7999a6cf8124a5603ffabd53a815a3b46b7bf0ce652bf5d207808118754802f,7189
K161993,6b8a9d4f978d186d1ffe7c77dc1ff5106f27137e3dad7700b208e309331407f0,7898
K161996,b30a73acbc3642814e32f92502b7584f8eb4f3ed3c82d9b89ca28894100b19aa,12925
K162003,db31d02890ccba529ce4dc97fe06dc0e0864451fa6080705196ea6abee5a8f71,10148
K162024,3388df83c0d25e6bf60bb2654441fd14c64a083f7ec436d88ac6d40b07901ce8,12384
K162026,8382cd40d0ad6cb9722f42bd48efa39182405b27ff7d3ce52c0ee45494d01b03,11554
K162032,549a4885cd3d90f94285c455321c4fc20175aeaa91fca698f640c09ebb074f04,9401
K162033,a24fb0c0eac889c69e7cced3b74932752fe0f01dac7e12789f1d9f19de391320,13061
K162035,b34a7cd56f7c62219bbe754948f29bfad460c2a677b2f747a5f2d2d561d57286,14680
K162061,5115a6c795c51dd3b694038a2f6d042350e29e19d21f246fbea98140374ca7a4,13516
K162066,0db72b74211aa570ac0ab39fa324ceecae665323c0e415d9d033820709840615,12756
K162068,de2ec535bd08849b10d7bdc7b9a478e42b11557f09ef9ec094ce72eb74bfa556,12785
K162078,640aedca7701e85fcffab9f3bc1dbeba2f0914b853a56ce00ad7945972ef733c,9889
K162084,c6838c92ae2a3be09320cd8df8a7c1bafbf051e06195b6728b9edb07afbcf70e,12981
K162087,9bb8035cb1e5ac9f1c5837077d37e1b39478415d630e81c09670f713e8ca4a35,16775
K162103,054ccc1e5626f49ccc7adc22cda290e0094ac18eb92490657f145c6634924788,14921
K162121,3bd6924a7dd1e17607f2f374509266d946be5ff6104d7eaf2d5809ac770540cb,10107
K162124,890da8dff50cbf5571aa11cb39baf5c367193fe57c42cdda0a8ab80876f22e8f,8853
K162125,64f05d171308a29ded2a3d9b904bed5cf8b6007fd9e016372625543bfd7ccb6f,7225
K162127,c1713a51d57557cd6133dc65f287392017148fbb2134e8fcafcf32fb39e85e1e,17716
K162133,1dfa6454494c939735dd883169138d56fcbc1f75613202b6802bd2d165dfd531,9518
K162134,60543157c6d9220ccd5fe2c06ff3a4c5351ca74274f2825f9b66136b549963bb,10471
K162136,b32479d2326b06c49d053891d08cdf5f5987c34114662d05777e842f3176f531,19235
K162138,9f5c3139a7d05764ff09d68c79cd6f0f38aab2296a845728d56daf2af35e2c84,11369
K162143,aa6a96b6c64b7d9f183c29498ad41dcc791e0f10fd896509ded2b55530a3e445,12442
K162153,39720f2c4e11a0f1cebfe45f8eaaca18fe3aaa3ce098d403528d19b10a26df20,7731
K162154,fb0ca726588eecc108cfa55cb4322a760d94b2d8b9ffbc465dbbfe20a45781e6,8446
K162160,3dac1263308a53f7d37f8e099e7ca243c80b95130a869cc1001db5371305ee22,11312
K162171,270785f446940f27bffc6f8e22a96ae67863425c86699191cab73113981f2b72,7923
K162179,ab44ef1ebdbf1bc5cf56efe535b9331400bad3cd9a7f604db397a49b9bbaf844,9700
K162189,7eff73da801c699b2d6de55e1c53ea7960d29e0b53d04d6d9f8bc279a4be7d32,10545
K162194,d1ff7ee65642fb82c50dbe4a44e87c8abb40215d1ee932bb86a8677ac6d973b5,12983
K162198,5606b3fb0209cdc4d6466192768a426e091d2e86fa3461cae41fb281772dc04d,6591
K162206,aaa8b928876230e344ba6f766ce80a9db509d0c8efbdbe037ba6a928f7af96d0,11842
K162211,2d76f9b0fd1ccf89e5be2272db4235e34cbf3d01a8b68160c47781ef4b28ade3,9785
K162212,9310e63f5e5a3e0160ebc2950655ad457399c69b46cfd5c7776a3dbd68661c00,12378
K162220,69a201ce4a809d85085643ebd6ef3ac499bb5373db33eb3ab6de2154dbaf7805,9080
K162222,d6c51749be007a3064ae7d6e62ed3b58965be73a0bacf6d0de5d39559e052030,6660
K162232,0413517fa87110879824ef41aa6638d93e493d3f1c022a81bc7a6a0c58d6bb47,9236
K162236,eb1c5e8476f0bd43130ae5f6ecd34e98be672866eae1e22d3958aa7dcecab557,11565
K162241,fdd937fc584f48dee6d50671c0e09d066572418efaf81bd2ccb8dca15f9a6627,8341
K162250,2ee1e2ff13f62897acf77ecdc9df4756c843690c0fc02442ae0e64d5c1d3c392,8940
K162256,64ee94d69452a36b516bf994385bf0e01cd1075db5ab68a616f0e30231aafef6,10638
K162262,12a0f13ceb08d83eb2e0f022022689885b65e38a476dbc35eefdfead7d8b83f3,11175
K162264,4c240c78ccadba339fce09c44b90ac29a6037ad512f67848cd6fb63327b37fff,7950
K162266,89307d9fe3e36ab2538ebd20b8964d8a40d5b6c33c36a60d984c4ab288e82e1f,9808
K162273,faab18deaf24cf76d756ac2f453f1f9ba85fc55ce7802221f823ed0da65a25ea,13322
K162283,82b02faf5711665095ab666c4a338e3f323d95959e7c1188d069cc9597fa4cbe,16659
K162300,9867150cb7bfea9b1b5886dff86348fabb1c9800b45d40a05e5274a7b075c687,10901
K162303,3059b95895a4de86e002d9d8f7a256d52016ad471f49c4d2506fed803a22caa8,11670
K162307,ed4903594ec31b7618594aa09e8e590b3f88b52a2ff485ffd5a55b1d820bf77b,10437
K162315,0d7aa912f24ffd61e46dc91222e798cd8526fe6e1886e4512f5e8225e13349c5,9001
K162321,8087f4389e714f46a87c27639c43790d9a66e3de4b677c620ceb9edcf9be3c9e,6945
K162325,642450b02d9e101cc1ae35f32da017b9ec294003a30638215760f49222fa7959,10523
K162327,d38b19cab6fc27b2a69eccf972a6a65f61b0defc0dbae5f828976629a3317dac,16312
K162351,f069bc1cc6503cd457db25aeb2e8353162aaadbca6beec49f5d5f66ba709db26,14798
K162353,6dff54eeee137f17fdb570d26d410cc43153e233984bfac33b95cb56b9c6b340,8373
K162354,112fdb1187bee2d741c3f29f4de66aa01a522bb913584bc3f94cc47b5d03ae13,7738
K162358,d0961bd990b97b35d7b46aeaaf8a3f316789c659642b0c3035c20e9b65f6ef5b,12950
K162367,4287c8d699a8106edbea6ade558274b31dc5fc5fa930ff2000bc4b058fccd2ed,9781
K162379,ac3b648e1bb91127723a4282264ea965b3a79f50f21354d9e9aa1480c7016c0a,16175
K162380,3b3110daf5fc8fe0bd86a588d459fa046a364ba3c87e4baf06d243295f23634a,11850
K162386,6cb447c39c94a8a47117df0d7c0a2a285a748238dcdda2b916bac6c982edbaf7,8757
K162391,43e2dcc4a4f0f78b4002897f48f71b92a4cf4b301d383d19dd87b7fd85ac211c,7944
K162402,889d77915ae611b2cfc9baf640ba56f29c5b2ddb0e170691fb85c603b1c6e2a8,11233
K162422,c10f0d654569b120de0b2b67029c5a311dfbc4e3c7ada805280fc8bf44806f08,7095
K162424,7dc5e6b86376ad09df644fdf2fe2e3b6749ebb91f04b7accce562b5b6dbab893,11381
K162426,7addf208e2565606c8df3d191e3ebeeb362369f5fd24da178717a6a7d09c9c8f,13540
K162429,274ee1ad5728d7bdd18d95ca62e28222c136694472631b91f6295bdc7ac8093a,12836
K162431,e148a9a457e4a65e47c6469bf325e1c994d1293d2b49a8f77a608e45c9d9a5b8,11487
K162439,c42eabc1908243f642929598f609076a7753fcda75a6bf4d4470fb29468047a8,14113
K162446,775e0afe70d07e313e2e2308073826c9a6dabf1be52fa14d7ddcd35cb99a5e73,32645
K162453,c3248a12633370f02eb6cc33bceb493deaaa1281f05bee7d263166aeca800fcd,11257
K162455,b105aed5acf364371518f56f742e17b012807de0a6068c78ad991fdaddd5f0e4,14311
K162494,2ffb8939bdadaa19e4df5b66cd445c975ed07614b7425f2385dbafc7da466df2,14637
K162496,0f4485f7f7a4979ee77a3070347e8f95fb2f6b1176f7bc4bd2b99c984489303a,11691
K162507,5232d2cf0089be8c5654082b584a8a68699ea7e439513dc2e1e757adde201bc3,9392
K162531,857d2c14a6ebaeb8e883d97b9f45fc77b43180d8d7cf7447dddbbb965da41d14,7897
K162575,0386e55923858d0d05aff18a0377d47f0dc82eb249648f52b86e1ffcbb91b583,9338
K162576,f0355b5c264c4ba7ae65b31ce2057d3777c4173e13d5c205dcf70e8e5b4c570b,10819
K162587,2eb56076896ffec3a891437c4adebbdff5d637cac2d0e53f96c522688379e34e,14341
K162618,8c62ef33a86cbed800f44285432796104282f9210123c35ef2d49e1c4c2f02ae,9067
K162635,fe48aa15be8481bd05247e50143cb546f0f0415f979eaa1a49611f411579bc0a,9003
K162638,aa8f6d12707a9481bf2b16e29a80760bbf83aa42f2e8208bf6114ccb5a6fbe5e,8107
K162639,df3df95942214a65d99ddb89a8316e0093e67a93eb67ea823a2d3b634505797f,10331
K162641,86351133c1d070637c509136865086ef847bebe4075870036566748754000be4,14189
K162664,55e8883e7614b33585f3e87a258cd56ec145abe0abdc593a11885301b026b9a7,6577
K162674,1e50f69f8eaec4732f8d2411773e8e9c560be8cc742f6d5c199ba07bb5e70bd1,15914
K162680,e9c5840e527741af53bb60708b115c2a2c404d1e4f72a8f8765d9558128969bf,11094
K162682,7c58cd2ade76939d802c10e69a5cdcde04ad0bf5705380a11befb846d8e170ad,10134
K162685,6897ca909116e813809c233b75a72edb05ad156335ea0690faea2cfa1cd57741,7941
K162693,b197547bdc7bda5e36836df8d7655deb661ff81d9f7492342d5edb51492ed444,10109
K162694,dff66a0b143c708d85336e531a029559841aa4190c6cf7e58477cfd02cb939bb,10327
K162697,777412574a843d2e0c9b21888f3a7c5ca49ef25f7e49c89d06e76e0eacecb4ab,10235
K162715,963182aedb8ac14a78a0d14183761526e9d1f5f53e17eabe236aa294fa74bd24,15217
K162719,a7534e96dc0a722c8756c24605fbfe9d8e95401d66a1f0ce7cef3c290f74ab4d,15942
K162726,7c0f6322399908870e29522e6ff47eb231748d32e39c9c891d84b45744cf5ac2,12480
K162732,b8558ed6aa74693d2a2ab81dcfe1a854e974cd95d4645648005665d7eafd9f73,9405
K162733,dd87e075c42f446571a999150588ec2f0d1c92f763b9940a096ab38f4c334603,8741
K162750,b4de01e117af80bd3bd559262e95333e8ae607bb893d4c0bc7c198929766c4a2,8817
K162760,883162ace0229671bf3b6635a8611438883f6602760755791bd63a9eb90710b9,10194
K162764,e10d898b0b701034fdecbfa4beb8586a729cdf5e400576ff0807df29f02b9838,10443
K162775,7b5eae35eac7874af6d37ca1e079a01b5353b90de202ca25bb686652b0b7c115,10669
K162786,e2d798d9e9446cf074d71a6c487884b2f9b7215a8db642cb2426c9ae30d17c41,15181
K162795,436bd8509c37e41e868af16b9bb9bf9b673b6cfabd6aabb96be05d748afdd886,9655
K162800,937d1dd1782b3b94c6bfbdd39b8be3b71d63e17363f17bb52ccb943a4d341632,16317
K162801,a328da567ac1ab39da625ce22aebb417b3dbb66a345d87458ef917b5aec089b4,9575
K162805,bbc9683c975e3c66ac1f76024c5747c7be5da12ea0392fe839f5fcd33cf7546c,8045
K162824,03b823206baceb77fe07bc0b975ef12e2c74b9e63de3c364d7236878cefd7f04,9467
K162825,838d9a9f6b69ba584c3c93fd8767aace6c312fe6940650fed984e0498dfacd70,9120
K162829,afcaf997a09df8e84e29e1d4f3cf7d81e19c948de98c4991c658052e96ab73ce,11518
K162841,f7bd4f20557de37692d4cf994508165c25054f6bb9de13d1ad9a06326a644a75,9793
K162849,b607cd966f9c41befce1dcf80aa9d5604e96286fa9d28dfba984060f18141ee4,12398
K162860,73743d9d7ebad250b5331645cda7b18c57f7c2bfd30bc28af03eae72d6123708,11625
K162874,ee44e7e85bfa2ab3d3a78e06250eb6570453397d68620f47d0d1e0318b7248df,12292
K162879,431f00bb93a8fadaf8978c00a1e71dc448bedb34f2acf1978c4f7cbf7ab0bea5,10316
K162898,639bced06cb36dc8ad61f6271607a8f982857ceeb28710d8ed369d5096314da8,9248
K162903,61e8856157929370dd51417d3ded4e41161fbf0285fe68469fe3ad1a8bcca60e,11622
K162912,0ac5124b118172c13ab576720cac184adeda4be6ca78ad5d8737578a99076f10,12557
K162918,06708f9e32a4ad2296816681bfb6059cb74fc1f28eb96c61c1ee93b2eb920c42,10865
K162927,f6258e42a8e7db32d296348826a7acfcbd2e3fed6e73519759e3c522e8465521,12185
K162942,b0a4f8e78791cca9637a3474246aa37981b3006f3cef7dc9595bea4cf3af2591,7942
K162944,ddb857596020406a3cbd51f6db5dd88b4579544d651b55d789892f243021cb50,15841
K162957,c8b2f0530cef578e1740f0487e7a0d37cc3c7ee25ece605292bf279e37d6ce00,11634
K162974,5844c0aece911ab38c21a81ce7f1abd0b4194a4e400a6a69baa5b1ab04cc158b,8208
K162986,93317b1e70edcab6f4b2c58cb3111d5ba4826d7d03d0738ce43c506c5f4a7656,10045
K162995,ccf4d9591c7f3fede7e436178d385a7affda3e67ff0a51845edb4adf90777b64,10003
K162996,5ba322e6b193fda569453dd1b44f48a12b89e640a2fdfc67765e87698f200d78,9762
K163003,940604d681fffccd3b29b3a8ab3d092fb8f5c8bf7015bf8829ca152b9b4a14e7,10443
K163007,140411381bb8fdf94bc30162e509169cd6c42919623f1e5b5dfcc1d1d59de988,9053
K163011,7260c68c28733a749120a8a8a6063ff02b2b9989d53b18f329164909dcd984e3,8798
K163014,b2f7dbbb654a66575e65e8e21a0995470f0f53d3f3282238b1357e2e3248e0e2,7120
K163028,8b3fff59940830e1ebf31e825866436953ae5265517b4e47ec271bf155c96e13,24355
K163032,39a997170e24a22143727501996e349ba5022704769d78e150a5e7f3650e0de6,10675
K163034,32249d33b69a0240470059a6bda32434af483bc095bd4fe3d7aabee1d3af98dc,9463
K163038,e13927989ee785883add03a6805801bd4c82427b8af96eca905d533dfe29a749,6328
K163039,b5cab3d733ecd0df085b28e0dcef7d587d284739ddcca50890604a5f58151b8f,7715
K163044,dad6c290e77656f6b0185eb207fe035f89518d64a09539669fc3b6f2836aa619,9796
K163046,0ee76ae6f90d45d97840fff0d7a84c8b14591bf5ed53bfe5902447aa18fab689,11287
K163056,bf924304ed360dbe7954f8bc867ca59880b6efb2f60cae9e86f63a6c5d84187b,13579
K163061,f4b0d0e6f88354d6d64a5341e15a94c432f5334576093c78a6f5602072cf5df6,9176
K163081,664b5829f1a26ac7103e1416cf7c1ab43b7257586f7b8c88f64231dc5febfd72,9557
K163086,284520dd82c697a9a70c306394db85f65d6b69525b31ba6bfb9d19ae24ce5778,9874
K163096,b13b671f5a8d1f3211ddcb0f344a9ec2808db2349ea29d81ea667e6efa70b539,15969
K163104,7d17c34cc22b2a09e69161fde28813f21621330c5ca4a015d5329d33edf8d0e2,9304
K163148,5ea2ab63b708c184927f7d50ed63f99f9471a2ab120955eb3ccbadc4b8138853,9468
K163167,fb688fcd63df9b9443b7644babc0d7a542d65e08b71799c2e7df482c38973577,13417
K163180,611794eabcf3d53cc5850af56ab5b9dcc35c98eedeb157e6c84f633da9c8aca1,9888
K163181,965c7d0603325be6a091382b868b4902df348e33964dbb4349a10341993ab82a,14100
K163193,9700030e86fa98c9b7417ba699e0e31e34e9feaf75d3fc3ce831d3ff839ba0e1,10050
K163226,ee8f7798967b2493461d4566186345a1266eee1c7e2e217489c32c08b1aa0c10,6501
K163230,f3bd3bab4e1a6d3a8d59b11c98c931997a22cff41bf0fb0baa360373fab777b7,12402
K163246,c5501451d542c70cd37c3309224de85b04299eb9d1739892b12ec63262ad112a,7581
K163258,12a6c2b4612c73a1b40ad058ecf1ba608398d3ee13f3c0d182861813f09ac577,16037
K163265,7f5156c0d28cc02b1b622ca038dcccaa93bb21a8e804c39135f18bc84ac406a5,10024
K163269,a374d291557a63240d799d570d446c7dcfa9b84992a58f21cbb775a1beaa34f2,12421
K163293,8c87753b5a57fe479a15744761edfc91372e56b59d743387bf4278fc3102188e,8551
K163301,472e625319bf6dc95dc4bf3cb51e833f556fb4c6957cc8d7aed8d58a68abe237,15522
K163303,a4e877c05709a40336685096f0f32eae46e961cbc181c1f0d304563e65685ce1,13615
K163310,a1704e5baa206a9ee7952ba0e1c8ea3b69e1b0c38414fce62a1f7a3d29ee8bf5,8393
K163311,3b3be31f1d93a5dc59a80f714de9185074d2c5d07a4c1232125de1d7fd01d258,17511
K163327,301aa235ef937996161274ac733e401f16eb702de79658b4ca9fff5e386a812f,6415
K163332,4ad256c96b58146a6e7388bfe123704261bf8a35aa24776879e891496f5b65bc,7934
K163361,e42197e273719a7ab80d52b9fee0d3b42daf2fde6d4fe9d888915c0b6d776c4e,8092
K163363,c7d683628ed5bb9efe6d61ee7131eac035f53a0f57d326a42ebd216e60c95ea1,9178
K163364,8fc15390c39e3c17d0a1fa82a37ff56a151f25ec588d828ce41a2b96f3ede001,9623
K163366,acbd1105d5798984c1f523ec65e5469851b613d5d92c929f49a16e920fd1b373,12604
K163368,af52e860c5d2f958cd189f74537b4932ba6bddfb8ac1a293459dc0c575d6af1f,13642
K163375,f7efe87365aefb21a3bb06f3922356429d6cf9f59b3dda45e0621f5e82b77772,13667
K163383,43724aae4ed69bb923994599655b9661d056a4bd186aa07e2d6e51c42b432517,22714
K163386,66e3c44b6a869b13e428b13b12c5e309047275efa256164c28a596e053f738b3,15174
K163397,af70ac8d2bfb32c37886a549738de8feb4dd9f898a60eb63bb8d96a0835d184c,13040
K163409,cc95e5c8ec2a1699c62dd4f2dd8c218b6079e6d46ed41825fb266d6f6229d84b,10546
K163422,8b7b6286eaf70bb919ed895bee11b9d118d1b77a1370eb0f142b4a1bbbe12eee,16700
K163425,4cc251fe62f4fd191f53471f2ba39746b53f7f30952c2463435c8631a152e4b9,11738
K163428,f87303c899f07192573679628d61f9cef2aa98e2cefa99954f0a7e4bc1d7b8a2,10383
K163440,e594c70a85c89061aecc27f7d038153fd57e20b4f28912fb146e19ab8c0ae5f4,9759
K163441,14442b2b38782b27bce43593da0547cf8edcfbe942b6ecf4abbc55b1f7e61feb,11460
K163471,82c863a089bdd0a2e85c52a9b29d1350673a3f089f1264d368f65ea8c39144f9,9656
K163474,22445fce5e519d5c079d3d11bbeccd0f7884a54a104d01b31a68965116400501,9500
K163481,22756a1339b1ac150b1140e21459c8b58fd29c960ad444b8c2837d27ccd2d1b0,4025
K163487,60e4f880da51982054ed140b69960cbd8241aa8dd3e83963f148460568e277a3,8216
K163488,07e3175b8e810dc9854c9b946c6cadd18ac8ca057fee62490b6a3aa8d6c4b129,9321
K163489,ce84496a20e66ddf55ee348a57934090d8ca0f16586ccd270ce3cfdcc945d250,13674
K163491,ca528dfff05f0951b99fc4f0342e1853de220bfe0a5b0f26eea952014b090b3a,11270
K163494,064cc53b36839a0c3c21d7d6109e82a40cc964f398bf2088bc74dba7f8d3a069,7292
K163497,d1e35cc6fc8014a88e61a532d523d5ee78aaeeba31e3cbe64eaa6af440d9cac2,6897
K163506,055f89b14cf2d2d1783884be411a8295fb775946e5c372c6229c0735f62ff1cb,10257
K163543,a16bcaa9023a1182b07538d3b50daf6a09d87dd2a4b66ac7c17b7db6a6624d1c,17391
K163566,581b0749ea8d30396277fa81c9fcbab3bf12403092116008a28e2d693c14754c,10054
K163577,c6a8d0b57a2adf0a5aef9c278d0452cc19b4ba32448140c77e305c9ad158a468,11462
K163585,9301c270943fab835afb931d8534c27d210f76008af6ff96c85f932c7884f4a1,11056
K163589,da16f6c73eb31658d923210ff237222ba6cbd43d33dd5d99b34f350dda6b8e19,11864
K163593,f2edcbda012cbfd9b3f96275afab38ff60b7e693db3ddc3e9b64f341b93fd6b7,11989
K163595,7c30e46196ea2955918dd11a2ce22953e3143cbb8ff7365055ff7bffea135146,9859
K163602,d90acd83d96d34f43cbc3eca5b104bf3e9a3dea46783460f92673fd12674d36d,10002
K163604,ce62c2aa6a57a5641664723bbfd44c0e0297713935bf1465fa23832855340f00,11927
K163621,75cdd6f4c000ee1999178a90a6c6576ef0bb38aa7d39f631d8c087a22623b670,10461
K163625,17792f5de07c08623a1255677d9bb082c5ccd1a3cfd6a68c65de6b0fb6b36067,9475
K163627,432510a739e5072bc6ac2a20a7c51a4961a3439b45b7d6f3362bcf0ff87e7fb5,9629
K163650,c77ff04a570aa01c1000df43b4a83bf63c135ce4be5873eb52a5f75449547e02,8705
K163653,79169d14e57eca0cf6d9c99abff09f93a2ed79fd1ca89a6e62ac3a6311ab073f,10988
K163656,1a747df2e2b3601ffe2a4e61a16c49634995f27215fd050b2f3fdf57495b2a5c,10602
K163669,e62cb1cddeb84af48e6b4a51f22767a2612d1528643f3eee1888e0850f9cc005,16197
K163670,eefa51ea78a906c3a4c4d537681a4d781525ab761192666482e55613aa2654aa,10552
K163672,60b1c8345a5d3be005665d65b59517f9c364220e639bb059e9628db2d19d07f6,17873
K163673,a8a4f0080cd66b7922ecfd10bd3368c93ce0596efa8600bbc7c92254a45f3416,11562
K163700,b9acef2743df867e79cdac4535f49c64ee61a0f6e2cdc27d93f7f59530ef3581,15353
K163707,c94cd40c43f68cda0d826553223b0cfc0ea01313361e84fbb180c5663b2576a4,11955
K163710,d76d6ecbaeb80916106a05b2427d254756fe4557cfd351c69b45c122aaf6e8b0,8735
K170012,72453e4fd690774a0a19e44383869ddc854d3e39b7ab841792c372c122cc2886,8595
K170021,f93d910cbabd17446cd4e00405d35fcf745a748f1b44f7a4d88d90941c94629d,8955
K170038,f08c50fecc6453a425745f3fb648187753ab38fe08be971f3ed28ad06b588048,14765
K170040,4b8a3064dc3c7ecd039b00fbeda9096365c1a637b7989185d01eca9ecc55a6bd,9326
K170055,e17c2ee3b68ae3df4b5056ae5fbfef04b4ad6f597723b114eae973ac64bf97fb,9017
K170056,8874bee882e350c66f1ec22e487fd5e03bff7bd0bbf59a7443ae4382db2c0330,9851
K170061,81140ae6e820e977b14c165f68f51622ded6653fae8737a0402af799af4674d7,12772
K170072,0a3bc9fb43e59098cb90f4e0ae9501f388970d5a3f0d62cde6899f77cc6ae93c,11242
K170074,64e978e15b697a348aa9a49dfa58ed88f4330fe0d0bca2a8bb02a04b31a60ff3,8506
K170089,800936e03bbb461137234dce1ddebfcc4d87e3672621d9c3dc771dff658b956a,7496
K170098,0d5a8cf45d45a7e31b7a27ea3fcdab0365f77576f2cf94f87e55643376047563,8805
K170106,cc5bbf1c6dfb205b866a694b57f64179075b79a803f1c21602e1804cb428b07b,13332
K170108,0c643ca3b6c5b46b541cc4a104fe59661593ed8001c9f42bb58941f28db418cd,9358
K170119,88ed9c0e36bee5465f1f56e58e3cfebfbd5f3b87d8769d06191a5b1935cf92b3,18234
K170124,742b1b8424515da04bf097fef36ebf3e5e018b97471b6535d0b28fb3a7a5c3d1,10707
K170126,14a76ecfcac1bfb6e7b6f7624ab13cc2ffbd1d2ce39b218f5c2ba343133cfe4f,18270
K170146,5c7e4e665a80138b0716da3bf6468163d733427adfa641a9a0e0303017a81f3b,11014
K170149,4d94c1fa691bf2dd67c901e9b9570f5390ba529b27149123e8c8f5c3b1c59db7,14211
K170157,84de902ecb8a07a67690cf064b8123516140747c599013699a51ea41441bee0b,10456
K170163,c20de33a93b51166f7a9976881b39cac2db7c9b637ff91d8fbbe91a14d13f3b8,11241
K170165,68c24bb255d4a675220bf456d5d2632d80e252e176f97d0ca59253271941a108,13368
K170169,35cb51d7023297a395b3946dc359c22cd74d5ef401da26b6edbf93ebfa896f1d,11822
K170206,c309e96bf61c2118ffb22080cbf7179d50edeed809fcc2cd674cbf05cde45870,9563
K170214,d4d439d2ee2577b7da116915fe5de7495f602c6324c07439163e687ff460b761,11803
K170224,a3b2b874520e544ad5bf24faea34f9867ce9363a2596027f66a42f1a1d662b9d,11460
K170235,01c2a4c404d0302e24307be5236f85f402b8685f1a93a84a5b02c2a9d77faf61,10782
K170240,e47141b09aefe0878edd06bc12af019cc9b75f877a43a8088f457b3c3c8da3e2,8710
K170243,62809cab2d32d83ff808638f11d3f889b8d4e8080f525487c70ea6cdcfb6fd07,14600
K170249,7388e2eeccd85daccb2ad1fffb3fbfbaa31ce6936840bb4c9957120adba8c9c1,8400
K170251,fcf6846d4c8e0fc95160fc662f84b62a81c4e3b6c95d2989b0a9e4061bcf6d34,12480
K170255,d1bb068055185f37f41ffff6b594a7aea62ef08bdbc3b314316b94dd4e6ec270,12788
K170265,a4f57706ddcf0046c2c41bf91ca83ae7378e60f56f34a2b7053e1e5936f8b013,11633
K170266,cb2f87b461e31725dc956b44269e66747b5863be494d690ac5f82fa587cf077c,12511
K170268,225d70908b11c75fa7a526e4fc536907629060bbb2db9f489af29ef8645869c5,12477
K170271,b414043cb886aa09c631c4f2fe9869ec0e0665be271771ba84db749483b1d720,10484
K170282,e007f5300a0e7e52be100a98eac8a243699c822eeb23a07bdc6d06e64e009b7e,7845
K170288,323999a1042ead12071bba4e1716ba9caae00c19b312afb0653aaa473be4bffe,13848
K170297,0226f1357c2e2be543bde4b704ac2c4326ec86d9d56769c77fea07b28d69c9fc,10421
K170306,a33d62b17306055ef526d692fba9fa9212e754293ecb616a6e270df6774e690e,14300
K170310,9ca8500501bf971cb3dcfaf882c332654cb27924178fd1efefbed567e759af04,7554
K170313,7e0e8747ea8b6f3b3c1d22bb63cff6fe9c6110d85322788abb74990693267f5d,12351
K170318,5af0f61bab563183efd647beb583da6f809f0943635e92ec8eda6f28bfaf895a,12309
K170326,57935124063cf5ec761c5d56a50d7dbf81c04763f53d52cd5ae499a418dfc5d8,13509
K170327,2e424931ef190cf244dba056bfa3078145993a38d969e6cb8379210a2a33ea27,7528
K170339,e89c795d8b1f028ef825c52fb7da6a591ff8c68b3238fc4c5408068b6b981789,14006
K170341,619dc226c861b5232f23e8d9e523c9f59dbffc4a853709a3b3b12a4356008fb3,9855
K170342,591f28780b0e59999bcf16b00bcbe60005903c80616ec04d028ae6c3fd96a394,7978
K170344,7a9f0c3ea4fe5e058e1d6faa09b8c2557e4b17d65ea63298d59b4bed3d2fed35,8025
K170346,2caf197f9778e52d2be3904caa94a2b6c5c5d88b149f5642dd2c031f4fdaa2bd,7658
K170347,47475a16a0f1bfea0c6988dcc2d3d5bf56e572fb3094b8975de43057e2dcc9ec,10969
K170350,927007d0b57706be680d38bc18d8cffe35755c963f4064185b1c999b8de5e9ff,8835
K170359,4eb3a9c1bab58d1cb01fe6f680471c45ec73d4b78aee10d35634cf7448aaa619,9837
K170382,a58315d68b222c4e7daa99b035f5a5d29bd5f3baf64d365eb0663c5cd3bcc8c7,8678
K170388,d1a3e4804378257f3cd141ba32b68adc1f0dbc7d98a40b4467701e125c9ff90b,11597
K170389,958a30e61743eaecf441502749efdb749b3e22d2c9ae00e11298baba941beff5,8734
K170395,ba385090a93b2e5825ea3a0945122de90949195e773170001924083185dfe23c,12071
K170399,98c259a57db79ed57cee5657bc2c7df0268464f8a984b34b9b1c524206d9be9b,11662
K170401,8d30b912f718b2ef459b626baf7d8ecee04e1f77aa31444dddfe0c8fc525afce,8851
K170414,b1fcd815ee0c47e95b4165cb23b4fbb84e4a9d61385ead59b34210fc4cc20758,9246
K170418,663aee1ad8e8f5b215b42529e08be184fdfeed272d5200aa6a124e22a95a6c3d,8930
K170440,4f621d159aba03bc6aaab25d8d553b8a57e14450e01c99022857e2993c100cd2,8615
K170444,0459f7e254aee5dd4486c707357daa749f6f002a3f321c11e12995b50cfebbe4,17953
K170452,8f35bca7145fdd1c62165eb9b4394b09b0bf07ebc3e8ff2dd5d732aa5ff5c372,17296
K170455,d1690d6d192e8672ef36de40ecabceee98f875013b73e6819cdcba036e7c5088,13172
K170457,a4f7f68854077e9d59ca2659cc3f6e48ec3774874883b41682e84094f30e5893,11224
K170473,acf3bbe06e66faa36159be60845300b2c95319c63dde9841a784a8c6e9242b9d,12078
K170475,15e18ad600bf422f5f6b972a991103aceb84119db96284ff3fb1f0132cd58db1,7993
K170496,05ec65bec0dc618b2c2623556931b34418e262c0c099dad7448a7992a7948523,25827
K170501,963daf694d37fa6bf8f4f1c79837c30f42dfca284d7d321115b2f14d6567c709,11316
K170503,38ba3a28b3a181618b0e28825ba355067608b2a4df34047225d55231973e70d1,15892
K170511,aad19c9b0ecb938e827b3fcc35162148c7502426fb06054d9b1ae45b77130fc5,6374
K170512,aaa3066b4faf5bb27ea47c93a9c34926b760869bfddccd26076c4af0a495b040,9758
K170518,86d420d59223a508c73078602c3dcffc06809fd26c50ffd832028a2e117b23e9,9255
K170528,c3c19a2d33518c8fa56bf70f21abdc6bb90fbd13c97dd1fefdaf3cbb0690552e,9813
K170530,978b078a648c66f90fa2f220cdf7d4118b344fa1e0fafde4b0d61e980c7f7dea,11657
K170534,d7e1ed5aa4d06625af8044aba43f4a09a23584066bc9ca7c75747654d053f63e,29261
K170543,5f410b8fa6b41fb11ed2390345f2174abf9280c0bbc8cd88a6e6f60a8e22492d,13800
K170547,6483f2591822e67add122c021b1085342deb9fa7507dd3ce06cc364b9444cb37,10780
K170550,2cc9ce0e998e89e038cbe7605094ad543fafcd027c1f9857e612c86dab211f58,8166
K170553,0fb0205bf310451d8f6c53b1aa67201dace7ea3ef0bf7dd859049407624103b6,10222
K170569,24b4eeac0a2ead1988ae1ad7e57367f99f1ee34dfbbe33835dda093ec2046b6e,11546
K170571,ccae9bdda7a8ab1cd875a26c9b24b064748e8a95ec8b5139710586c3cbb5d25f,6872
K170572,60e9539ebecdd48fb9d63bdcdcf10d6c57eb51cff6409ad5a2b539d9ca95ac85,4780
K170573,e5f7087fb42c00b024acaa2a72651075c7f3689f1de7f407d185bf631898932a,10761
K170592,25c094f593532f5709ea59164e9d38bda8122098297311edca4f5a1ccd451221,12735
K170594,a0be25ae400a0d8a26fcccc815f428e2ad58f112f55a64ce7fec00b76da3ec64,12594
K170613,aaa8a27900685cf7c1ad3469af5c0c7435b410f712d5872e2ca10fdef6a5f16a,11025
K170620,3608850ebe539a9bc431bb857b6bc9350ab4a59e00c7fefdb6a85b44c116b379,17446
K170624,0cd3afb7e4bbbc2c78a5e1af35f0ff5a299f28b865b425d0703c598488508fbc,7127
K170639,fa9f264bc93b04a40df90ec446973bf09ff5363c38a50e65a4fb7bdc9fed33de,11349
K170643,95cefae67bf9ffdadbf7d074340a72cc54f6db0cd0dad6fc336c16f9f0b87bb0,18988
K170647,b5156d987ea1f17eb5a9b147e7bdfc23a4a24b2aec38b0931eb0fba688f52e6a,15380
K170648,39ec094e5c6bae05907c309ee3560545a4f6ffcd08e82aad3ee28d823c0afd55,9315
K170650,088b98f2591c05141fce3e5d1ec7ca7a8c3392dabd0f53e806b6a82163938e44,8848
K170654,f24491398cb2a06daa5f11d556eec6d6348110bbd4e6e748d92fbecdcfefa6af,9559
K170676,18de69242eb073a05e174ded731cb448b1fb920648f7173771b28db7fef5ebb3,9866
K170679,c3ffd8282ab566c490ad1156af811c5a00f334889064e10ded399b421aceeb3d,17877
K170687,75e0a6cd5dd677b52b8c1a211f16b0d2c91181974620ecb1252fc4825034a4cc,8796
K170688,9d7120d42f9f1b3d9b30857e8142cd017b8d052465f138cd6442bc7909ed0465,10252
K170690,8a91fe816f373c759724de3a323a497f6b170dd7cf18ddf53995ae4cac56bd35,11727
K170693,7d345044da600cbef4f609b906b19f50487e14faccee3c34bd980f3904fbaf81,8276
K170698,a90c1e40e43721e8de615c6cd81ea5413def2672825f6c82ada2541888966f86,7201
K170704,1cb6eb08fd631d445f4d7cab574ae8c23afb2228e97663cfb0b04929299100a2,11377
K170705,df60f4b45e51644461f493008330adc647ef282eff4b33488dc8c0f73470b86c,10714
K170711,f65e47a8a8fb642181deea5297435218d70bd9f58739ad23d16acb01a01418f7,20294
K170727,432d6bdc46d4463cc68fff313179cfd491221324bea355117b99e2b5286f6b8f,9351
K170730,aff4ca65e453266051c421177f4b283ea6baa6ed20ad7233344a3351eb695cd7,9551
K170748,b41b5742f107c971fa24564322e0cfce1de7c1ae596424486a32cc3fe42267b9,17394
K170753,eb667cea0ae145d9a46244c5282c1522d76b64ed9de07a3a6826a70952b9ef64,11452
K170771,79651f2cd8c7f57d04e6f4c19cdb2774b749b84f1d749a39e0ef56925662c3dd,4031
K170780,45f0362d79cc14ff6d7e2d1343bf8eef506477c29e380d22fec9b55780fc7cc7,10693
K170782,da5d24889f1d3ab12f10fb0b70cceb65c53f87e986905d103b79340b09afa117,8864
K170802,8fd4c2460b703d598c17543f23c288e5a485395bc09d1068bd0d722a942d521c,10904
K170804,c196c6926c48bce261a8896ea6da2d2b2b112655ed3861ba5b1a6c8cc2f70ef0,9468
K170806,da028ba58d08539678826d1f7ec6ac1ed6600488c1e73ef1a1978b4ba70c47c0,11056
K170808,85e5ed7a929512790d5583b52b0efe88b62979af3a38832a154d6613d3c946b4,8808
K170821,4b6267c73d05c462b1dc7c49084b502619210bd804e4553fb60b4860189ce751,9016
K170830,a52dc160e16502c9306c21472e62d3125d200ed75b1b08da9604ab005c28e633,10837
K170843,51ba8bbdad329e7cb494ffda7d7dfcee6618414d165e7107009bc67563b13f28,7644
K170844,95e0a5f2b91afb7325734625203c35bae6ece31497dd1ad6fa4e3351efe7f89c,7719
K170845,b21e34597626704c51c163dab5f958d635660f6820f9cce2b4b28153efe9403a,13243
K170851,f177ba2c777b675c787e764442cf783d005a76d2e1dd1fa408368a87d0d24ba7,9288
K170855,aa52bd300b4074570e1bf4afca570365ae4d8337183f1c765402d16b10f2ee51,13162
K170861,244320e30d1748ed4810986bd951268f01ccc89bc6326bcb00c3cb2433f77a61,9765
K170868,32a8642604c2fdfa081b550364bd3fefbbdb000b3246dbec9472444781bf22ca,11982
K170877,9c54fcccd52c20275b326000b9ac17575f87307e3e23d793e23e43f5438ad4a0,4078
K170887,88868c9aa3d435b8d71ea5de2b1dc54e1c1eec0d21596a37c3a640a2d53a344a,9004
K170888,510e8c855c47491a28dc416e31d02b4b5a7a50aa2afb300d4567788542ac50d8,10018
K170889,b64064cabe7afebbd395b2ef19a142becbf6251a1bd6ac89cd378269c3b1ef8e,9144
K170890,36f5fbbd44c1acd405abe6c701494a2b3728d6e6bf3a7c1f1ce1ad1f63a2e620,11352
K170893,404c7df7ab2607172859f5dd87c9f4358df0845dee9d008482fe7815ab4d32a5,13230
K170910,7dc7926ef8a1393ed053f0b73803d2bb66f00b21cee39044b5998ba5d9acad2b,14878
K170917,1597cd2a12db6478448f07f33c54cf9145ba876d74d06aebfe4ea642c4f2a62e,12157
K170919,4b8c35eb523199ac189f580705f1cde5d258ffb7d1d19d08256ab624645cd42a,8917
K170923,82310b453a8126e957c22e60c38b28ce50582c46486b9d04c3853dbee12f5667,8459
K170942,401d90b9edb94cbdbfff949bcfd3bb92c9adacca3477e9c6a8b028a24a1715e2,11763
K170953,4ee4caca937ea62be253e98ee291481676ae70aa1f1717639585cd18d3d34690,4011
K170961,e2f4bc1bf7f8485dab22f5b434c4588867ccf25a8b539468cacaff25a2b716eb,10428
K170962,3debf777848ebfedec3ba4c19365d0a321b9c0ea37e815f2cf82395cb9c4bbdd,9078
K170964,7ddf33729c937600600a9030106206e5c7da6c9399546bdedb925ec22533dc41,8908
K170968,cf54a7fb7086b6b540a59e3bcfab3f4980d690a7b28160d0101ccc20e06c9331,11297
K170972,b2d186d2bc89ff887a16fb2f969b86d1b37cb347cb2da565ec8da61a2ada25d8,8288
K170979,5ffb77a63a7dcd28ca93414e6f8281b0972e80bfd909364a37ffd1c4005721c4,10980
K170989,de0ba23b44f75471e928a8a277957ce3608a9655438964d1a30d95503310e992,8614
K171004,4ebf3841e4687dbda3c6739cc754388f2f0588eba0bbdab965346f3296355d20,17202
K171010,410a2f5500fd6615d36d3f370628e330756ec65c1979e0845445e82c849a69c8,10007
K171018,e492954648d20e490ea2d364c043ec771059ff53914aee2f02f4d37386d2a543,10289
K171020,a7780e5ac3de80c9ef2580e6e5b5112a0e6521904e7cdb05674873105b3c180b,7188
K171031,bd229a8d731637d7311e3e536ff2422eaf0427c5fcc11f11adbe48c349de6ba3,11479
K171045,dd0da474110341bd3ea1e5a46a8abe2081515d356a15569e56a3bbba423fe7ea,10559
K171046,56df0fad575e9f78f83d3b0aec97921df862d1fbce3698e4da40067002a7e577,13898
K171054,2f80f0c191286a6b226695237934854639f075975da573de1e2cbb4bb7676307,11816
K171058,e42c6408489b663f78176c17bce08e4c3d524ca149a65db09cbcfc1d3c60dade,14262
K171060,d157df51d0af1cfc60e24b0c18d0e730c42348fb721358944071a516bb773b5d,8103
K171067,e1521a5e9f0747fa0ea899cb960c6fc8f478726ae0f7d987f63aceba3b8b273a,9546
K171073,f971336787058478e11e4337e63f06b7563436c53eeede53a2a5e5db30b74b9d,13195
K171075,89f293afa4cc6fb4440f24adc4edf82656291d14fe6e7cafdddd5d01238119fc,13095
K171082,3aa221a25313359b620e35e905932922cfc84a6225fceaa5e8c94bd750a45fda,14552
K171097,2ba9ee8acf59ad46023686d28d692bbabcca47255d25b30dca1c0ec805eac3d8,9784
K171107,6c65ff84ca2ef2b7b9601b8219512e0c9f524471dd5584ccf5b01dc6f6fff729,18948
K171108,a32dfb9e59f3ba60d2d04d721630be0942aeb5cc76c90df23708863b93bb6cc5,9452
K171112,a515e5610422ea1a2a92a277e8b241018232a193a2874d99e2a0970e7f88f590,9692
K171114,9204af4b8d3e04b6d85187503fd9d22eb31c92392716a404ad6c341e5b1da8b9,11759
K171140,0edbfcddc85275a4d331010a2fee571ac997e59b3f5c672bbc09fe717aa27449,12664
K171141,027d8ea327f572a0625b30340a2a6cda8e4297edaed0d8469e2a3a401f9bc39e,9773
K171151,6dfd46b606c3c82262553d2930cc8b46301af6f228d662597929035a15758689,10383
K171156,100406439e78862267813fceba89c384bf906bd19de9f96d303d27d0f408e6c5,10328
K171161,c4543f351a0c96728644905adfcc8884c3bd63696440229b80c86b183935a3b4,9640
K171170,30560d88f4dda8fc35de02c832d920a7f37313a97d8f9e6918ca87e4cb68ece9,17657
K171173,81ec0dc4e4d89b58859fc894a9937bd07123ba5506ad9c4e9eef84eba275d049,10939
K171181,408f6aca7a85371a64691309927809ca8884075da2316f728f0f35931cc80dfd,15672
K171211,aba69ecf90834540480bda6257ea389a9289f64d7e6691747d3d0fc846a6f5eb,6927
K171228,25a9d0ff14a246eb47e901bdc7d39f6170633d095c3f4e826ebff3c01a3055c9,11625
K171249,b86542d76d7b588f3fe60dc387dc9c8b5325137ab4c7c72464c2a467983a50ba,10084
K171250,e4e55a899a99b86bf686db50f0eeae77e5e2beda405c1f08038bde625c7ac89e,12007
K171269,6155ab92f6ba41ce8b38ddd22d224ab3b041071ecc8151c8360ac373ebf6add8,15493
K171273,7d050d71f7fdf513469c8f074b2a81ba8fd7b8ad312899a992957594008e4445,11216
K171284,1876ea124022f5c5125f2ea0c193dc2d868fce9dd6a05491da53b0f628cf23b2,11861
K171285,7e9e5dd774a4e79ef9eea0f61f93a962abb08b8857a5f9ca45ebab8687ac236f,11020
K171293,b8d7780a9be26d3af84a8b5f592490a24b78f1fe9c52a47ab0d8412f8f923b6c,9181
K171299,1c0f44c6f6ff5f0cd90cdc138b5e8dc58cfdd2b9a6c3dbb9aeb8aef4cfe7fdd6,17387
K171312,5e464d3ad1685cabe4c9c4bc0f20ca4cb0c2e350c4dd4e99e7fcba76555a7151,9893
K171320,e08bca81d0b0a43e4893335f24bcc4582dc7f5fe22b7da34050d22f87040e458,26846
K171327,7d95a40631be683ba0452c885f42ef503a06b553667c8a0e8b5e1926d8e1b8ac,8028
K171329,43521fdca63afaeb4b9cb44173a7e96c704c6b853a14c953d8cc29296758c72b,9571
K171351,e680830f7a87cb38b025e3e981dc9d8c94338b311b4ce1899f988ebd5aa27741,9301
K171365,f4b4cede7f0212e2d9562e168b50599656564ea998d69744f1f8157a0cdf5bd8,17911
K171369,e4421cdc530338a01f5448eff6c8ed1cb89829a99e74adcc84b457eff5436f36,21217
K171372,fc88024b41241cdf3da99c5bc703e9eb8c8df05dfd5abbca87eeda1722022a2a,9025
K171376,044b1afd3266a90ca39498b80aecfbbd6cecbe9e5d017e7edc1a91e68d504dff,10396
K171389,b24f3c34dac708929a30c86cac1d12fd416598f5892a11aaa35bafb1097993bd,14092
K171407,8d288dbeed734f56111e9b1e0492138c70eea2dd49faeb7cfb98bed7a8425e11,7281
K171413,65b09c3a27eb7c87ac5f9dddc3692baccdee8f67aebcfaf418d436186cb9cba0,11569
K171421,d3a43d90e20b3ba80711bd65826a4c339dc933332b2aa5319453a1374f122465,14635
K171425,e40ebb2de75b37caf13948d39e68402ae521db305e506f6150e7c37a97bc7f12,10640
K171434,eee9bd2ab25794815ef85fd6b55a090d7051a24a443bf33430efcbcde9a69466,12512
K171438,d5cc93b6a8399bf6c6d8e4d4ddbe600f39033719c9139701dba25cd61f6d884d,10177
K171439,950eab0476fe93cb87c5e2345d665e3cc8a0a6ce61b4913aafbb6f510d51ff91,18565
K171444,e2efb2bfa5155c9914efe1ba40e4ba799fc500cf181e0c5c6bbbb8e863ce3a33,7647
K171448,67bfa2a4965c8ca6c14a7182bc8cbbd62db86c583636328c4a82025e873d61d2,8018
K171456,419d2c68a4b7067630924eee89fb2db10d762975866481a2fa3b0721e120f9c9,13555
K171465,22ff2d471af74743fc22c2ec53b3e33034f94b892a9871b26c83dd343f7d00dd,10179
K171468,939e22ca48b0a307ba608978664e72bb9b5be358d8153c483cec22fabdc656cd,8984
K171473,ff353a252e9902c5eaa41a89911a0b0eedb1dd2c62bfba97e9a8340eed02c302,8425
K171489,2b4147108db4c1ce79a6b9f847db7b4c9bd2872b778c4e00167f8ca00f2758cb,9703
K171495,bf0a6c64f34c625006bad8f2ac30b89bc3942b720e231b0848bb1756512ef90e,11877
K171496,e7f5b8518eb2c5bfb3b72bb7a8978dcca033db8ec507058d6724e07ad9822296,12798
K171497,42fbb8001e46edd2e68070925c756ad48fdeea6c9ded5e89c69234c8e6deef50,11676
K171509,8a8f4fe13ce659f3bd4518d1c6331ac7886ec7e83b86829c9bbc6a6dde1da040,9722
K171510,9d46ade99c5628ebeeb3b3f5eae979fb1ef921749be115adaa4701fa19d3b4c6,9162
K171519,2b6f25044ee0bf6f475d4c010eb15f3b8fee29b5da1dc38badaa149cc79eae5e,10192
K171526,362fb1098906b1d38332d374e2e175e51153a617c7b11bdc293af3bfec56b3ec,10368
K171538,0b9ca458e2bc703568212b0ba7055e099efe4dfa9f83624b0734bca23c6a5035,10242
K171540,7c373e77cf6c8a0fdc35a019142ef42f7b99dce288098813613ba466835ad812,7798
K171543,be6d84479cfe1984cfacaab6aeee5c831d1daa750e3a483b8c43a8fcda1ea9c9,10241
K171558,8b61b17e01d17c1bf5158b4b730d244effc391b9b84b8c7c3e4e039c452ce7b0,10401
K171563,510fda3550f89cc526998414feb1a78e2341ad07180421d8298621db5b1a2684,10959
K171567,0f288748eb88bb4d1a51a985592cd24dbf7830df3a61307be5728a622d1e74bd,12496
K171568,c8c0d85d206905488f412d6cfbe73dddbbbc54052038552acf623fc43076cc26,9865
K171570,201ae90ad3ff5ba9c5895b0943467eb79c53cb172ee64b5e31b57b6412603cf7,13889
K171582,caa7492746a83042af639bf5ff7cad041ee4f86c77175aff366f11a02d0a2948,10971
K171590,7702bc8ee1f250a0ed7b6ee699932fbbaf16c8b3c1b45cee96cff28ca9178920,8731
K171592,fff30a1c3a77adcde3d9b374b9e02eddfb5a15248b3f7030f71d851665dd3b5a,10761
K171595,181b6803ea32f459e9bc3a06a5d9893e4c445c78c8b41e30b126a0a8f30e7c6a,16742
K171606,5fb1e5005706de09a153b694355a71641792e0e9a9f66bff638742c6e63751b8,6838
K171624,92bab8ac16fdd86092c3db9b73e28a83d78f6e281736c08c4e796766e542e415,8320
K171628,edebb51a9e247ffb67c609e00be56a79a92ebc8eb273ea05f6b11fc0f1cbf36b,11347
K171629,4a27cebe1491a08aab956f9ba7f6889487d6119ac69a3382c68ebf13857c8faf,9113
K171630,7032c0e7b29bfb007bdf5a324aacbf5a82b94f766a53175925aa4b4d760c20e1,7161
K171633,8749d7176e75cc1280f85624728c516a472b8d6290d0dd973aa21369362b9b7e,11064
K171640,d6fdf155816bd4cf70fb3916649e847f3afa03ad8b8135bea7a2ac0723b39330,14767
K171656,422a95fad8539d3e962776772a529c75d8089ea8bab94629de3254809d55ce46,9774
K171657,db248bd3dba6d3d2fe88ff634beaa6ff4d661bc0d01dcb8dd2c8321add12a0e8,11889
K171660,2c4644b7efd1359175db760e84620753df13baac4558b0de7ac51eaeee520247,10730
K171686,b2e4c566c4b3c2967bed236099d15fe65f107aae33436385904e9a6aae780cc4,10384
K171689,fe3439bcb27f0f76d4ab741a59493c16f5bd118772f0236356fda9ad036e9eba,20321
K171690,68f4595a04e30709a1a7fdabe513bf17109a2f506e6b37428a686a35d3d05272,11481
K171703,20238e33fe028b1d7e976d0e4d3e0403a316508a582842967d82e1afec4c956c,11264
K171704,7deb4351244c4be1f6e220689f8330c488d96a59369de7a82c2df18b8b497bae,7083
K171715,3248eed025c5c5cb62457ed7f0c469af178b8b032ce60bb81d75d2fedd0d4c70,9555
K171724,d7c83fa0231b19d57b735cef10a7efa8e8719436aabb5d053a1a2b4b5763beaa,10170
K171725,6e06b295f7aa661d0c66b105ee9b7ffdf49e11f7d97876e78e316c6676462e1f,13709
K171749,25d0416a16562d0aa77a531c57fc692a6162b93a6cf445fe0cb583a6fb21b9d7,8751
K171758,4313e433d5b0a9ec1fb132432c40810b6d3d56acb63a403ffeb27208a2ed3b12,11112
K171768,12feccd62752d7e96549606bd2697982a5ed4b9d66ee14bd8ff1f4446289b2fe,14779
K171789,26576352e24d769bb953b00c5feb85fc67689384b14ff96f2988ac85c7ee6327,11534
K171791,038d1640e90b8d802b2fb0c72919bc0dc1442603a4a85d3720026b2c25135a43,10121
K171797,9841dde2812d883101e037078d8da720c88b129697551cf57085639954b52e73,8429
K171808,3dbf8b881c5fd0c68f9a4c6109122e859e70fb95862bc800f7592fd37e7112d5,10047
K171813,80768ac624aba47b7089ed6aaf2bd620a9f42da97aa3286456354ef63e4ed617,15839
K171832,f39f4f039f4276dff06ade8e338c325851b2d733bc539443e7af214340265b1e,9900
K171834,8be7af7d6629370573d9088b7a0179918563e30a6c14a45c4b795d2c8360b559,10122
K171838,16fd26a353d70dcf31f51c2f62d19700c5416aba352b0a099f061cb7ca84c754,10354
K171841,8622e9ebd0429a875c5c81e014f79a49a4a0a0cea57ed2cb416d1b7a2a5cd4ea,21838
K171848,ab73c8df8b96eda79b337080f22bfa4656d47ca907faffbc15997a614648ac07,30599
K171852,4a09f4fe63dd33a085b951317639f89144160a884e9036b8e54cd08dc06f39b0,7990
K171858,1c251a1b47d6a84a4e6f18c16bded6d104c4eb49cc1156476bb3b4951753e8e3,19979
K171863,61cfc4ac3e8f02bf1b26b3139eaa6f1db2cc4a1b577fcf9d293d683be8e4ece0,11948
K171881,b89cf763776f621cfc1903d2c02ae2eb29f2be45ad29146e6c630d79024541d2,9946
K171893,d0c2f50b789689618358fe0bc63b36a4566b0de216d584b9a10b5943d0014f50,12336
K171894,da0e9d97ec009d4388315efbf06cc6b4b71e2caa94c9926fef453b982fa5dbeb,9330
K171904,fc691e06aaa1486959016f4e3258f300dbf35f685f62db76ffb6d5ba34a20ac3,10803
K171907,1372f35a6e5b99245dcc51f8aee5c07ce1e812868a94d947cca08e16f08e14a6,13863
K171911,673bc19baa6413ba021b3cb4f417b35cdd6d991a7c1fd300f914df052f1cb1a7,15033
K171914,f05694a400136d54a7433e19ca01c28345e5d524530795f565d23e6d5181d12f,9376
K171934,8fa3905f84b0c5eb8e8eccb19455143f989088dca71ab8d697b47495f39cc3a3,12581
K171938,72996119f1d3f4a10f501848f57446d200f5659ed13b6616fa9662ec259b8cb2,18756
K171962,f7988fe68cc5427d5663678ba980851b31486f4234e8ec962e3e0bafd5c2bc4c,6930
K171964,04ae4c2397963fdad0cb83e1e8039ef44b400966a8c4aaee2b2a0f913e96de0a,10497
K171966,a3e774bc86dc17ea599f73c5d1d4bc7e2316f59c4a405a6ff839093daec46b86,15566
K171991,c778bb77dd1616a3f952dfddade4f22aa6c41e3c7002f8f539417d0ffde436ec,10795
K172008,d107e3c8c85b321f632c7ef9612e45821d2fd3eded6caa7c64852019dddca9f9,11201
K172009,bffa4185b1e8744982bac04f3f3252623ba936ed5554911677f05b2ef7617803,8066
K172019,bdddd183717f228d0b2ed863778e744fd2985cdabfdefd3186c567799370194d,11007
K172020,3a9a34e756aabbb7ded5ee721572cd5abfaf768890769cd361572b47e7492dfe,9638
K172021,06faeda537fe91ef350aa61ee1a2d5a40102420e749cdb3f95d788f489b19bf7,10443
K172032,03f5b36817333896c92b29a59d2be4de3acc387b8233d491a8307b41f2e74e33,12114
K172052,a7cf2487e0570a20b51fba9d4eb8c137e16fb841c47c515018929e8dc8007aec,6491
K172054,1f1a84fceddb95103f1cc218b880a3828509a909d040ca36a1dcf119fd73f4ab,11709
K172061,067f60a4ef12b98e92d6242d88c07928feb181b1ca7e8b1ce2ffc39eb1ba9c6d,118
K172064,3d8b9f22ebdeda1b0eea1334b41565e8ececaa0e035737074d3f5f60fb059850,10547
K172065,b936eb85758b5448f11172d42176347ffddd47d787fd5e94ad5cd9f2bd6d33d9,11095
K172083,b0e5122e15b9fb48f297765a44a4e20115cfe90274f6b6cf8064246bbb0d4205,12055
K172086,d08956083fecfdaf40a8c3f20c89ad21104ded82e2e99a66870561c025607fef,10167
K172101,977a6b155eae7b0e1eddfa17df285da04d1cc93ac09c19ef15fb308647cee6a2,10996
K172104,5dfc8d9fbf5d283d6b83fc0e2671acd15f4925952fd27172601049c87c91040c,8874
K172105,a864f172a954080bab54d64e5ae40e637025995035b8a6d669ab1ac37df0c12d,9020
K172107,0c06d555cf447bb3e8bf56d0e11c346f59eae96ec69b19a9d16cf76fe147e8bb,14744
K172114,a8ec15f32d48d6e0aa721e8d6d0570ce70ff034f16c7d1a2bc70b0c3992a2361,8866
K172123,5ba4ce49ca51249105b224461382de152f75446d86be8133dc429bf6a831f5db,12669
K172130,1ac64b7bddbd5eaae46d36e5541e7d0d27b7eaa4d13d8248dface0dae44854be,10938
K172131,e439660cd185e49fc00c874af7474db620e582c1024074bf8f90e205188b7a9a,9175
K172139,5d907b33875972d1ba93036df34701b6eba0c16303c94991189b1727f778d883,10987
K172148,977f032b4cd7c7aadbefdcb3781b2df011d0e4a04554a8cc628e6738ffb17f89,8507
K172157,c3954aedd42777609d1148e5d41614a83f1588cccde826cef37e0262edd17e73,6929
K172165,4abf5633f18cfeafc57f57a49409f993192cb3dcf67c6a2a8e52eaa0b183e61f,10128
K172170,512860a19a844816aabe209a4ce097db5c27e67fbc47a5b7d4ff356bf84df00d,13647
K172175,e31a4cf353254912252bc00fa7f12f66cf1c46aafbca75aae8c8fbdffc943c4f,7325
K172178,1ff7184b2f9da0c3e51cb21864161e15097f82728193ba1e7b6a991fc55a1293,8582
K172183,095f5d35ce3399524a8189ff9365e45cf09b3ddda0321c64fa9480bd59bc0a31,11406
K172185,6bb1f4cf9921f4d0c532fc114b17ecd1ef50b6c5fdd5ec495577320bcb4e05a2,8567
K172186,227c9e90bb35192494dc18734b11ab6151b3ec70efc1bbcef1f2bab90d1450d6,8550
K172189,6c0ef25e1daa6cba3b327e45d8f098b95f71643843447bcb7d6c45f7b57749a4,14665
K172194,87fdb998ff36814835a2a4b19ef914485db9c80d5658ede0620c7021d80d538a,15177
K172199,6c4686e94078576216bf43a4b1676b9b23f27e60f0aa0d642176b115f0fedc01,25491
K172205,5683ab6c3060376c951490e128ea65c06bc03c380ed89683d2d509894aaab6ea,8134
K172206,f252989c59903db6c4ff3691f353a01920aedc54775a120fec6aa4a8f0dd65e2,11034
K172210,5d709b36bb73465ee7ce11ebd8ead423a9c0e4412d2b87f1f47ebe3f6cb8f87f,26562
K172212,e8dc099fdd9ae275bf66742145d5ce6986309203aa893d2746a7a1ca34d341e8,10470
K172213,77a37a808db894de2d784ba7e8b4bc4fbd696348c845c4463a008831792c0844,8521
K172214,9cefc86ea85c0ce36e6bfa3bd6356268a383318d709b36994701acffd327c021,9103
K172235,148271f5e3a5a30165847e6d9f7f14a6efc4b641473a540ec2ff46d11475a227,17313
K172237,adbaf1c8da9b1519d971bf81ec2dc7d1d9e977c7b328eba415d95a1da74df2c8,8110
K172251,4003ba9f7c01171c70085cb718c00612f7c0f64c90ed39b34323f3f81b432082,10961
K172253,fa3b53cd8c5c836d54b24fb52e118e61359c420cdbeacaa764eac7896fd23b6b,7602
K172260,e66001d4e254266abf4e9db821ed5aecfdfea01e93b273b5072d12efbe947aa0,7498
K172262,3c396f411f3a4c3f9ebffd0962e63e0278db0f57c0a8085d2ec4d21e73315fbe,8196
K172267,a5b708e97f2fbad95c4690152764bf269ec7f25851aa4aede30d3719134ab321,9528
K172269,c3af1b621d2cef8dec3beca2d4daddbca11f31966d91ed5bf7795e6cda0399e4,26808
K172275,a9096e51cb1c979767750acac60ec77925863d514007298398d598da9cd52e1d,24148
K172279,a6bdadcdaf64cd6b46e9513149ce9a4143ae48f15dbc50152554502040601825,10921
K172294,d7368814ddb721e7e5688415e8335f4b13a1bd4ecb9326566d9cc66141786627,8970
K172300,1bce428e027a4784aab3affd487af7173be37f775f89611c3c7953ecf15dedb3,8452
K172320,abae4e8def1e41d5713b4e1c0ec7cc44457510d5e3210ad37d6af3ce20eba6f8,9850
K172323,bb304e5c890946b8e2743d433f7624c931bf424a81f2f3dddbebcc2000404746,6521
K172326,f3538be350b2676daabbff7a651155947d12582757b080d77dbb3ea42eca7169,23179
K172328,20c05099b7c571255d7a7b0e7fe998a93738f386e6a983ef3850f7f6ed1c6158,14218
K172330,aef2987ff9df7448bfd1d1f670898334da65a8a14ac70dccac2569c31f80d942,9355
K172336,05071b9f3bad137c1f358f1b0d10911d6d1616f5e005f5557c74bea9212ccf05,7875
K172341,5fbf845a6d2139987dbd912ac042057fef22296ff4eb914c35300e6900576ac3,12026
K172343,4b35ebf6d18d969f052902f4f6d9587e17f429a8289f6e428dc68a4df1f3ecd3,9012
K172347,9b7883a0eee3bef40acea4bb254d84dcf6c739f766af8bafd051c5704439a3a9,18033
K172349,f2921c530347854b0536a39ed573745fc32191912dc7331728e1e38617869545,10338
K172350,84a1850e8d060c855fb8d0567a083ee2b4ff0bdbb55bc87565cc099ef9217960,11636
K172351,4fdc8c30d80c0c40b4839b7acf193cb77da961f32889b7710ef6e64293c7d93f,9597
K172371,515129b66a13263160c5cecb2aef5245bd44c5d3dac9d2bb8fd12342ee158ad7,12521
K172383,7675b5f034911336cc5844d4f8e05d8905e2a3e5173b6a7996c76244a339dc5c,9426
K172392,8b1b07140167a04505f1132c63fe31e54c4fd305daa13f780e8b936df7a1cf69,9278
K172405,52235b63bb5786856d50f148e32e2e81ea8b4b9b9c5fa231464f7055c7a3289c,7937
K172408,d52d6d202bad31d10f651bd74c229d9ea23152bd98f438884e03230b2543451b,7686
K172417,00bd787aed341bc751c63d5ee52ecd138acb96ff1b214376d0c17a5b559c3683,7381
K172419,86e1b57b4f532c933b553e6d89096bdaaf1f8067dbf7943ce01c5a79a16738e9,11121
K172424,0d94d9625170abba32ecd2e9d5e06a594a9ab4c8574d11a28112606d1a58480d,11358
K172425,598ceb81fa1b154e5e615ca323c5a45fe231963687b766e6aedda8f7f80476e0,10811
K172437,551bc8ab8477bc62f2826c46294830d9ad70326389b355bedf80416f1be36463,16559
K172438,6995fbf80ad6688a68ba21b993d85efeb05e125a828832561336eff457e4cd69,9888
K172441,65d37e1952515c3914b4c48cef08ba5cef9c5614fb9e3ffedbc5fa23116f1964,8827
K172446,e235c091f2410bdf81e2a0ce7d67ce5f6e21336465fab34974a1cbfb9c02b4f9,10013
K172456,daaa4e09175c31403d8a56dfa3457ea85386260e17cd757920e3e859f6571fbc,20500
K172465,1ccc02845c31d8133f2d9a1502a7d28874aa61b71b760501c063532f08087d73,10643
K172467,785eda6528a8f5ddd1e11b535649a4ad5322536f0cddc6c1c43b581a7b1ec834,8076
K172469,fbb897050ead90f23941ce224560c9726eb5caf956fe4e389f929b7613ce9553,12940
K172480,3851bb6a6fd3fe44c7c73df97f1aa2859ed3a992ae0d5c1b6a764363ec0a1abd,8837
K172484,f0f846880d1c5676ef3675065a00653f6ffdcf62e7523a4b11355afe9f2ded19,9568
K172485,861214f0ed097371fb5600aacdb4e521abbad0bd5b2b6eccb1241b90aecdcd81,8452
K172489,cdfed24a01b16ea04f65f905a75ce64b3047e2059d23f50da8892b8ea9ade027,7672
K172491,35880c6176e6735a1cb597af3277ff3bea24959c43565e7c1bd8d0e6939a9194,11716
K172495,94e4ed3dd9fd46d487562ef5942dbb92167e20411244d4faebf41946cbe7dea0,10479
K172497,a01cb4de6af487a5e3e3aa0495528c402ae288f48d0bd2fa4aed36916cf864a1,10518
K172501,55e78a6db767540ffda28ee2500b2ea05f232704d728cb0c9676d75afa08c9c9,10253
K172502,f7ef0e453b75a261f6d6968e98993fe1fa7773e7f082e7b9cc7ed23329ccc55a,9226
K172524,934641ec23761410acf82a38acc9ef26d9fb3e218754ee45f078602332530fe9,11575
K172546,9c2f9beddcc558a773776d5dcd290d9d20b496305a193e5f2dc9668d1e5a5eeb,9110
K172548,58c19cba22c98481ae92adad6111e110879b11719cc94a7638727b71f492a177,8921
K172551,486e3939de694607dc716a2e97f0bcfff52027a7cc93bfc19529c4b5a30c29f4,8941
K172568,6a2ca9516972c6afe64079a8e340ecc4e15e0109e7b66336326f4d92680d86e6,9726
K172573,c22006fe1b22b5d8d52d58e8e5961b5162502d553544e8cf9929105f7a8b5257,18312
K172583,875e0bfc31b069d0b2f9aca0858607738b4b6f71b691aa35f762ca7246a698a2,11342
K172585,f62c90dc2be8c5101f9084cd5140ec7e40df5ce39ad9eba8b36306cbfd4fff24,8037
K172587,f210ce41a37a93cadfe54f37f406e8e93c3909e0a22eb12457c7d4590a42afef,15449
K172594,fd48dc2da919647711a75b69354f8a12b8c773d5eb9b3638a0fdbbf20bff81eb,10293
K172596,7dc5b2e12ea6b0c75f56e16acb53bdf8d3edbafc350a1ead4ebfa2c8580a5387,9146
K172612,f301f67a271c5663af537a5283eea5e0630ba80017c851d3163ca68a9d007af1,6960
K172617,9cbf33da1695a4b48c6ae6500715b5fc5296fb14404c0e6fae378edc90f9b1cf,10262
K172620,0da7c8238f5bd26609d1628859e33ea3be477b2be26bd21d9930f11d51dee48c,7674
K172628,2ec591e7f69e8a3ecd7f44189777ad1357b4ca321e0a8e85d7473019532daad4,10882
K172633,839e6bd6bf7db381be3a9eae81a94c3e8d5f19cc5832e76e2ecc86ddadf01c7b,9598
K172634,1efb540717cfea2130b7cd407861fae51ba6e4ca073646ace8cc0568948009e9,13437
K172650,d880358b3f311d6bba6ab833ab801d3aa6662f4b0df268eddc0ebc6a2cbbe191,11932
K172651,4bb800eb63c9cdaf784ee178f07bfb3c03091b9e8624f9dd8b32d0f24d127c4c,6938
K172676,6b9d5ea51f6bfd734441d4c36b96112e09663ce4f55b7ba56735ede469cd925d,10802
K172684,da52fe74328b9a554d38f3a758e551b5c3ef5fdf6ebbd3fa6ee00245cd54c4db,10426
K172688,cdaf0cedcd7807f927007fe2fd106686ccaad5d4267e60277e293a170bbf8df3,6863
K172696,49f205a309fb6e7b5e91b2981c1742dc86b947d5eb20efcc859a1984b75ae72b,9968
K172698,7e6e2c8927ec4718fb36a481d92a9105a4de665df50c75ffaf66e1b5c1b68838,8825
K172699,06496fb9b84a0208c74624c923371891409cf3f3fb76391210bf61f86579df90,10628
K172724,32b613378a2a275b5e09e09b27a8bf4d86e22948b585233ac57017e4eba348b6,14871
K172756,d77e39a37248012508ed522ad57d2930a4a286adcd12d684915003dead4171ff,9522
K172767,babcfada9ba05bb9b755a755b5607bd314d91d9d9c758561869a2487196a8f98,12728
K172774,d98ec5aaec3320ec999052b60c4ffaaab207ea5551a4cd8b68024f44e1ebe177,16825
K172785,fc0d88c876056eff56df3394b932640940c7cff8ea62531983394c2a1936437d,4064
K172786,3c394b4eb1f29f3e32e3c9871fab57e66252d408b4932582f9beea17143955a2,8478
K172788,4af297fa1e6643e8b6f785e4f4493d5ad0bcf8012d86d78f40407a81c86fa165,10105
K172806,d692b4cadb82ee5bc7deb64277d47cca27370ce25f811c9e3f40e22b41b99eca,15191
K172808,57d4592c61fd3456248849d4bc3874f63be788a8a2ae2b420740b40177a67a94,10190
K172816,4e3f07d09a5db247d852936a8086e7cbadfa9a77b6ab404720c1d6fb523ef684,10018
K172826,ca7ffb77c9592abddddc1438a59f481dca89be6c39cee03eb74c1d4f07249a6c,11053
K172828,1aaffce0b021d97456969d5b30facc89983bd0ed836ab8bbc829c496f28453c7,9190
K172830,4095581224750b561007d2ec89e72d72492a7012e1fae782a4ee8f73530b259d,11761
K172833,74c20075a9686e0f4f59260dcac5776d5239ca637c9a2461076c3015126502d9,14746
K172857,cbc7dbed3d14d5aae6669141f3b5fc0d67b616f278bae5170d8e174a80b0422a,19842
K172871,0e9ba972836f4922b73651ee876e3ae06dac7afdc69d3802d8130e3049fdbabd,13939
K172872,12e829041cef11b1f7dd3d232df96f350286b40ed4fc7de0b401cad1c55bfa6a,10925
K172886,8176bf25ee1b44dea70a124d5bf19c486c33dc19f4907e2b1233217464f70ec9,9214
K172888,8845e4071fce23e84c6a90ab06dcd2238a1fe5fc302e1ab202925b85615044be,16210
K172906,214db5ae9ce0043c24592569b484a65836708f087ab9a88ffb495dcc219182f9,24956
K172921,7250eb657ae785ab24cd956d8fcfa007ce59c653d8e4d3386ca4cb7628d0fadb,7886
K172926,8c180546761ade813ce4ede9f97138d0ca9f0e608e2716f67b39f0f1a622bb26,16571
K172936,71d3ec2e55081f0bf5b276ecbbf9b3ed832babd6c3dfb8122ffea11ca7f6e28f,8545
K172941,02ae823237f628cea98190c41f6a3ecdc6db5edb89542d41585d30addcd67388,11682
K172943,7a571c2dad98a3997271f7bf400e5637f4721ddba1f8424cb5f06eb83c7d9437,7776
K172947,f418815ce93169aaa951e0b7cf05c9b9bfd229738cbbc8abbde01f8fe28b84ba,7655
K172967,08a0045b93734b8aeea6dffb2ec36484098a054b4114c0daef0d5b4474b03244,10331
K172973,37e541ec7d81d3219136e4b2a36a761b32ff7962af51d4d813f5fd87f98df72d,8767
K172975,88fc76fdb4eb8156922237df1b8adf95737501f028e8db01c2731bad2699f82f,16176
K172979,282cbd442625221fe53be1f7142bc7edd6e475bedfb535bee2fcc35c6a7362e7,10267
K173008,62b41f0d7866275747490fd4df247d52a0f071b248a54063d6c26b1f021e9fc2,13704
K173022,299b50cde5b7405bbbf2565afddd1128139900d2ef55caaa75770cea9b468f1d,9909
K173025,98f27dbe3f274a327a51c64b8e506020cd94ccc8e45216b9f4fdb251307c35de,14809
K173030,9228eed1904a664311b94a4038e83f30c99de21dffd46130e10757c6342ba93c,11058
K173047,337fec9d192e42329ecfe50f61aebb17878a446ba8a82ab9bcab517ae56b9697,9872
K173051,5b146f19a6e750a364c3e74e7e447d9a3c7ae0e37c2700cde094e15a1cdacd09,10101
K173057,719e5b7f5ab3265b7ecfe0873bfb181e8a09fde9b640a088e58ce0446f4eff79,51577
K173073,e17c30ae11e32a8ea1da5b3c603b233278b8bb7af4bb30e38e862f55284d7cbc,7351
K173074,b66abe02d4e1f24f4b77e3af68c1194fc394f4ffbb2040a4eb3f2e8bc2b31fbe,13717
K173077,1949e59a6b47ebf7518e505e7d38b669cd7e5c56b4015d9f94cf30636689dd91,9791
K173080,0539d6bd445fc7e6dc64ee6c0be4141392ca06519da17c5efcfa32e2727e892a,7512
K173082,f02dcc6d40b48d02850e6f620780c50085d586c12a9a1bc1e87d488383373d03,10791
K173091,53d065bf0a330f221901828942a0c6ebfde255ebfefa6b70321d75652357dcf5,10308
K173095,2a5b337cbd312f86065bf0d4d859295b3612a41dab278eddf3d677dfc142e193,13162
K173099,470715797d40d0d63bc9a7a41c33f2c0eec1c4daec9fc0661588bfdda4647902,7518
K173102,c9fecf85f5168cddb7cc7bb3387165f2ab847123cdbf0eea37badd6fb6b341b1,9023
K173104,3c0b92889af1d6df32c6d1dd2f93ad2258732b24b103116e76b75f5ebf30f103,10385
K173115,64b3bc247c608c262d066ec08d34114a746f9e3c01adc33a893301ab27fda553,13462
K173117,47f87194fac919ad311750a4729976f74d5effb9f4383586c61bed369ef1fc03,9852
K173121,3f9fec1fe6a35601900e738e5caf519e12979f080f2d5bc9c28a4104d18699a1,10572
K173125,d7b7a2d7123f09de9ac19c7bbd1fd9cbf1f16f11c8d7ef6e7599eb3d995870ee,11461
K173126,1d09c45773614ea9f9437af739f1e852b9a8d0075e6dfcfde0c55b03fa68909b,9272
K173128,a80be4a77a5bd6e67a7453e32d3aebf3e970ab4a4407fbeaf7487ccee75932b3,10596
K173129,903ce73002c8720608b2dcf4317145a2c6e517d2ec61ddf33b0b44ab729882bc,10523
K173130,210e0abca588999ce25d77250bce6cbf144c6de3479f1305aa6b8d9975602e5d,9312
K173131,321209e0de91882ccb3bb88bbd27af58ab597a5fd85d2c9acfe129337c8ac324,8755
K173135,b053cf6b064169ea18622514c75b3308f38d3ea106e04c78915cf1fb96396439,6727
K173148,eb5875387c84a2fa232a26a14b0bc4175289676f768796e6e9e55c942775de8d,8032
K173153,62ad449a5a4ee5b5d2a780bc531c2cf58f54ebf30ca0a10df715625d7b13c6d2,11475
K173159,bc206829501ec97cfb9a97e82e80a5d70d8d835dd7d64d04591191ee0aa3b7d8,9121
K173166,6b0536f8a8428e602d2139aa0b61d09c9ea6ce35e9c1cc249165f0e4470107b4,7489
K173175,9e2636dbe5dc759fa26e71aa3567a4bece141f470de7bc9233d249c263094017,10314
K173180,9956b73eb12e6a1e07f8d61eae6ecd2c5267f999e7557e0c1b34e11c423f5275,8580
K173182,145b4a7c6ade623d7288fe0ef09c937c20b6e9fc5d6c817cb0c0a3577e4ed388,9809
K173185,8f11660ecde170f2d17308ee7c2c716b55a9fe24b4845b032bd54ddb5d39c7ad,11390
K173189,35f2a7041a25511de18ad905fa8c6fc78a1a87121b3ce5c9e5b0dd83b8454234,9688
K173201,69c394b314bfca4b74cc33ea85be1538c0e8e53d5b0cbabf9a0d70f7ebc87f01,10220
K173215,bc6ad5d4699deadd2416c5c2d15d78fb03101b988a6787a4d0a14c6e596ce9bc,9183
K173240,6918b9df22b8a34c79961ca4c803100be35ea472862ac86dccb0ffecb044411c,11854
K173249,ded5e1359fd739f6ffffe01b3f77dd00241c8ca046a9fd72c71f94ad4b84b028,12328
K173255,95fe8614c091b37016bd50724f7ed330f31e3d261fb548898c07bc31eb032e7c,8722
K173260,84d609783a86e23867655faa91d5f555a955bc5e365511c81a4dcfbd2074210e,21729
K173267,39baa8aa9c8a38c6c9587991db9f482501d69b1658febccc15f2a29be3b247d8,11819
K173269,d460e4eff2e09234c90ce9b0b36d505ffd192e6bcc287753cf9d5c29b224aa06,8743
K173278,3d0be54cd0e3015ab9675ac14cb9c2ab1d1521c16de9d9714ab86b2a13c8e5e2,11600
K173283,1928756b034ce6c9e26ed6e859242d2b4a3f6cdf709b2b17220a7db29599af25,10475
K173286,4cec52f693c081ff22e10d813b394f0f33757e87a8207352df9804a002fd8560,9628
K173293,cd32d454f8ebc3c7404bbc2efdbfd61e2c7aafd9d5b2da7939e822e317173f86,9301
K173301,f233025e948a91baff71eaf693e1c22bdceedb6fa340bebb49283bbf576f73b0,14390
K173306,0c2053eff8695708da7150a689b8da9b4e8e24e4b6b17e5c9d96bc811e5c4cbe,6378
K173324,bf653d51a94745b9804282a7e8f0f567a8b4c8107519dfce7f36f2ed32f7dcc5,9689
K173331,65893438f56dfa7db2b22f6740364695ca8d9124f276e4de92e2d1f8aaafaf8b,10217
K173334,e7a9a72b58c75798378b9dc0b54cd89da55e22bf2ac673a9a33961df0df0535c,11071
K173347,a2692f4fb44feeba7bb572744bac7ed239a97e53b2d2af5f7c11c855abbdb48f,35368
K173362,522946694bbb546c5515c51b6ea8afa71286db368ebf1b9392ec4d4e33119626,12397
K173375,45ea961227fa29c3e9b867b065fec42899d27b59b94866484eecc652405abea0,11685
K173380,3e90f8aa1907f7d39c76426f27dd7363e5137d59184a308f3dc13049744ed50b,12226
K173388,1cd3a7028f9f5c81435fea0f75fb43341b8cd324470d4a4386378cf44f0cb0c2,11671
K173411,f351b3a4a5ea73b30020f62ef71a8048a584c859ca5b195f5ccc1118aa8af74c,13062
K173417,a7363f253b613c6a54a147a4bbabbf2c9276501007460c5d44bb53d42178fcb1,9770
K173424,01d77e5d8305e8e96c1d2ccd163accfc286c269a241f9b6a14df4a077b19be2a,12819
K173432,81d800bb1a292d08336e99f8372be184f973e165239eaa4c689c5d98a83fcb60,10457
K173445,3af11ea30f899d75f4c0d6c5ee77b6c2a0a0f648b37b1ebe5b2a315f37fd24c2,14976
K173453,e631878c345ae9115d20543ef2dffc0ed8446dc874c95af29547a601c970fe0a,10398
K173455,d8be39c4bf716331add29fef34ab84ba62ef22ea9968a4f765f27e9f2bf31e37,9490
K173458,ba2048526eeef19f68660be6a8b882ae936b7e5e7113478cb48ac813b4cd38e3,10578
K173476,0f1412c41fecdc36c7fd3c85ec2074ee53cc9f1d36eb68946f942d6809aed4f3,17404
K173484,32df480e323c4bc06c66596dc985d06c7f22a1cc8ecf7e1e406cf49e6c2c9dbb,7865
K173487,e8888a239c44b0a70b2d1ab0f64c53615caa15f810fb3c087cf2f3a63f9fe8c0,8684
K173491,a992add94e17097c8cddf2af0ab339f9730b4927bcf1e87760bad56725c5134d,9099
K173494,8de2cd980975bea010ef1cd38c20b4d96ca576090e945f2ca21bce5c3e0f358f,9421
K173499,893b91199c8427fdb67b1eabe3ef7e48a3cc2c44435750fc34a1b4f397c4a4b9,8204
K173506,ebb0b2d4fcf141ec6102200f59944975124872480a70b788c53f2c91371c1dd9,11104
K173508,f1237984c26d6eff3cc7922da5e4a79dd5fa97479e1afa29daa2f26d6b7f507a,3980
K173518,ef1bef65e1cfe055f8fb50fb21189ad97d421410c2940cae0f681fdc3081b478,11012
K173521,456add63c82235d8c9592c4e3f31adc3867487ac817b5ba5011db8c36e6d4e84,8981
K173522,79f0d7fd9bbbe92129f6ec098a040a2d84c6895ba22ac0dd1fc7f8af4650e798,9691
K173524,46ce8a9f866a44f0f416db3d7c097ea92554ee6b686bc5d17bd9bb5d7b38277b,10211
K173525,30a70e80633cd4b25686e6ab2c6fd09800363e763be32146b6027c5180c0c6cf,17712
K173535,44a8edfe9fab5ec419daa5f4177c2d676e700cd50fd83dce0eb4e23344aeeee3,15145
K173537,1556181ddc83fce062d4cf68d6e6dc00d2da49879ac93f11940d2c81fb431eb2,9935
K173550,a4ffd5d2f24f6147b4d85a4811a5891f355296a032bd034562f4c709b5006767,8657
K173556,6e23471fda2847d4f9876a889766b7be5e8ab991a86a64a760ad7b233b9e03a2,7562
K173572,6ef2eec10cd9603211e52b4c9eb36540ba41ac85462a2d735c39e5157394727f,13082
K173579,c5d70630f4da9863d3804e8b905efe3babcd2297b18b34fe077c3830122a6304,9869
K173583,ae2f5ade5b173e27e4b1f059c4b25a02d2b0fabba52d858dab2ce727489c0ea4,9772
K173606,b50a98e3a668946061d725a5a8a5e66a0e221758f8c733047650c66ac0326301,21367
K173616,23eb30f321d5612689f30fc656c98666949e321d80b539382b0e6680f82306f7,9675
K173641,43a6916bf0063028cc6fe4c64b66d5b630a719cbcd1b1ab0a570e415196ae3ca,9137
K173645,aa202a5a848cfddab9d2a38ecca83495b2890357bd868c80ea313db6b048db4f,11080
K173652,554c662abddb219800a4ebd528fb6fa03cc6f0a89d634a6c8682680171859d1b,9145
K173656,1c5fc863a99a3d7cb24be9193607e53c51817ab3f82b5fad5b5f1aed527d09cb,8126
K173693,fd575662e9f353892d8c34bbf4cd50b43247438c36f1a68ad821dc2b3dbda5ad,9842
K173702,e2556831e3fba324991814c85647e65d3e661b95415febcee285b39c6df6e9ed,8336
K173710,70f761f22533e3061ced0c900080940fb8eaaa70349d9ec667c9d32d0a90270e,9221
K173717,e3cd203a6c57d93ba191e5b1cdd19ef1c63b0cbf18e1ce1f9af3f2b4464b1990,10668
K173722,98f076283ace7e6c93435e775efc04db46890f4472c019ce26057ed4f6783f94,15115
K173723,9d47e4824bd5a4f44c92acd459cadb8280b65de2f4a5aa3b131002d4bb3f63b7,10210
K173746,3f4af8b0f21f031efea742e7510f4f0cfedce237d090064a69e841fd2a6e4b6b,8910
K173752,536b244d72e1128866d9e929c72e19dd2545ce55c5a2ba3db158d43766ec8437,7290
K173767,2e432f1354e97f3a5073d769dd4ff4acf77b10d3b7121e94413f9ad9eec26bbf,7600
K173775,be0ff0640cb03b3e1b70320930cdce51aedecd0c4e5cae5adbdce5e8c84e9ede,8839
K173776,954845522c6a76a9a839f5df8424d274953665b5e85e0b9c3a9bb4e19a5854f6,13283
K173782,ba4d5ff7108e32002153881a6086d6389a078e6643bcff769c4c289d1f8b61f5,10311
K173787,0caeb650a74821f3dad8acc93eb16fdafeff41170fcb510f3b6c655a6f989ba6,23232
K173788,da3883d19bd839539c38cdfc388e408c2fc1ac0ebf5628e679e9d6601df5b9ad,9377
K173794,df6bab4f286a23918116feee8f02c88e0ba9b6d0febef4392a510de597d8eaca,12898
K173800,c8fe55cf282d98328f90b67e4d786d494d7c24d22a67626426baa18888be9977,10082
K173811,701c5d0f439d5bb5846030e972a10fac92c702388083d09618721fde64f903d1,10926
K173812,1916a5f94b4beacf4740f26c3b9bc489453106cebacc4ecf1dd5ab1845375cb4,9243
K173814,3d2e8a07ed250bf48524bdc64e02b2bf45de0a6044b95d8872d81325f628f7c8,10753
K173824,42e04b1324782b1d0c32f260f4d13dff194dd61b191ddbdb53111323f16c2254,11247
K173826,20c5e59cf86ee5fcb4a6e87576f04bb200b3fa463d722a6b1e6f80eb251d16d1,9038
K173832,50bcaed19bad8d0a12910b40e8a1f49d158528e9e1b0635c691eb49bc6abf36f,12302
K173845,f745605ec967526265e48ca29970310e6225b23bea85651d120b7b33f4f0e9e7,10168
K173849,ea396bb9b1bee1e2d3d423d270a3fa72ab4c553e96a7bbe274d56c1afae4988f,15998
K173859,45e28bba0c4a0b104c9b671ae854aeea153ef59e17ad3ae58d3070be837f4d28,8754
K173864,fb4cf32d2dc6a23267434e5d881f07a6ae00cafea9ab7e4a11e2ac55c9ea7ea2,10128
K173867,48b6e6ca7fa5ec9234c7e812f4b7d3ed5da078f921864ea99cbb231a5e77635c,9968
K173875,3e1865867b08dc401559e8d3a4f2f85790d1e0a38af2ff99dffb33ce8cd8c17f,8884
K173880,80e62d31516054f6e3f1c783fabc975a133a19c54be09fd0c4a64f949cb5cb27,7986
K173882,75f46a3290d59921da5182d7a5ea3fb5b9f755226473b1e122eefe927e084562,10684
K173883,24c9f183cec40179b4521969441a0f92c42c00aa08d3a8a744a235f831795433,12488
K173884,cc5a2754e563d8b79b4b222306e5fd280ce28a91655c3bd1c1a6d4fae7565598,9243
K173885,dd749eebd234609b4a3d45676422b9ba9e33a666a6b4b961d18e10aaf188f597,7325
K173890,c1dd6bbf61f24a7da936177b8fd51cf4bc71871498fb6d095e2f77d22df55509,13987
K173892,b8570611cabcf8ef2198af3154534a142a35a4403d214be7b6fb5bb200f4b8d1,12174
K173893,6bf93ee4e495b5ec84ff12d198f2edf0ed16b62a64057009eda888962730e440,9174
K173898,205552fa62d0546c162f237ed9e8ab17b8d9dda18ffc06f0924865f472f088c2,74200
K173900,ceb7a2e5b0f6463f5bd55ca151112cfa1adb431a74f621cb90c24c81029df90d,7761
K173910,ef63bb70eb10da89bd6fa63c252922c589e2a25286c2dd02ebcfa6cb84d79c28,9514
K173930,6b296888cfdc94389841b9b164a34a1f355e7ac4d5727bffdc65694f203af21b,12943
K173933,3ff83a6f52ae8740ce4d48daa9b445d5e63df6ee9243320b940104250503500c,13710
K173935,83e4c02954218f7e7006e6b7fa05347a0ab423e258df8ed0d78c7dd4d6f9e9a3,11484
K173947,722ea3654bfc35c542d6c96722a34e7778de76369a3ebb6d87d47c4486704e6f,9387
K173951,034e4b514c85de379ab9078d4aef94cd07765ff5040755297b4f6bd67f3d69b3,9463
K173960,8e74ede6b49c668936c55bbe4b582f0a1ea08721a2657e0232d574c465f540fc,12537
K173964,5003904ae99ced7ef6246198c0788a920d63b37c58cb77d71368617e90e56fa0,8578
K173967,fdb39f7a1e38eebd21ab8ec3d9ed1bd95f2cdf243672d5807350a0b240afbc45,14783
K173970,3683e71922601bed633213537b4d9371d12f63c9d1aff15c713507134ae93a9e,12587
K173982,905d94ee9a4f4fcd6010a6208b7d99ad00eabe03723f0ce7b8ef419a6e7c570c,9313
K180002,3fd274645834edaa97e23405ae43e5d8f10c924759745ec01519743458c165a4,11968
K180022,545b19c1676e8f0f162a6d804654993192ac5284c66e383e987b52ee47e22f1f,8758
K180024,d6f0081e7feee8306e5d18dd6604a23eae61e0ed159506c76a093946a2e00bbd,9047
K180025,4f1accffe718b62b4ddd527e04cd4dfcd7dc822d7d851c5b89e4676aaeb527f9,10223
K180050,1005e75211ba2db304d493ba6d0d87dd16ec5363842d239af71546a0d9843dcd,7891
K180056,31990024deb0f4ac4abe104719518d6b4698fc6435beba9696bb8302a171c3fd,11833
K180071,14380a346b95b6f5cc882aa31d1f7b02a9003b02e375702eba4f39ba671d6a15,9549
K180076,8ce90b0bb73171f069b21303cb0bcafa1d715adb1bffd6837cc9eff1550bc0af,10358
K180078,3d4c8092861e529baf495f9dd9e8262e2266e85f4334c5be773974a41e51a0a1,12121
K180080,078b1ac3b33c46558e929bab8343f6d3b5e5b435f16c3852a3d47bf41f9473a3,13250
K180089,f0b66c1e671d6252e9dd36660ff904332f7b17ab4c552a8621d8867af7ca0683,14172
K180090,af0bbf7188832ed6370e9475a8834d69cb302f6ffb3b786cc8d5141fe20c208e,10063
K180101,b6064e90304121ce296b821097af5ae122658a1550398c031a780b1bad9c1a18,9524
K180118,d5c3dd38e29d423a6eea6269b5e9714b742a5177f13b72a493b8c15c31e556a8,9573
K180121,b513ee5517c241abbe59b1624046ca0adb5d4ad6728851cc30bef2787f0d977e,14464
K180130,3911841d30ea025877684fddcd09eebf1c8ea580a95c25a1fe38ae2ceda589d7,8834
K180153,b77e0cc09d468667feb973cb942152f3529122c9fae0c4e69ec586fa228439ef,9365
K180156,64a69106d47c57cee9e883efc2a83fb1e7237d99c8d8e5690ff526837961641f,12102
K180159,28623fff4bba3524dce03fb5c8411e0c2a7d250d13ecc0c4264f4f84d3428179,9665
K180166,fecd3f4053490c11b1cb723e152c48e6ffa0ce241b5d46e645fd5c2a886e04ab,10482
K180176,0cd1f5675e31b9bf70cb34bde1848ba4430c2fc3b8e3304d6954479794788b09,11428
K180179,d389a3b510b806d821f059e0f250a21b2463b508247799244597abe0efe0a825,14873
K180198,16d6461a5c9519d304ccd20edf003c3fc09962417bcb38ca2662ed4a374aeef4,11234
K180210,adbd1acd809bee0c07ca9c1a7ff79abeaeb3db17341e10aa35315c21fdae0cec,13549
K180213,24417a1894b02d11ef11862bcf8a57d0985f74926fc6fa0b93498a56d5b204c1,10520
K180215,7feddac88cbb5f241ca713a32f7601e23ffd30cb62c0c3efde10adc38a302dd1,10669
K180220,46accde04688876f1511daadacef64bf6cf781b3abb248f143da5e6374233fec,8904
K180226,6b32871ca954274c2cbff24ca760b718a804b9880aa1324c1dbc282cb5c2b5d9,11565
K180227,b6ccd984bd54c45d4fe13e1d435d5dcf2fc1dd5eb6770adc61d832e8a3715ef5,11304
K180228,512b1c4cbc28876e1e2ac34be96737acc96bccb57d10429429d2ce60302835bd,7769
K180230,485b52eb1dbccc5e406bfd4ba6281477dfe71da31781a91db722480dc902fa9a,10342
K180239,ba029d01d75ac70997bee5f2d20dc6049bf9e353131cd721108085f8d41da507,10288
K180243,f89331294ae55bd01e5b6eb5dd8e59550ba07278a7861a661470eb79c1ed88e4,8445
K180257,872353b82e962729b35f9fd453be93a23cd66e17aad91965aa62c8fdec9502b8,8482
K180263,e473b9eb8c861915472746f791aa7a66bc3d4767f5bfb519a0f0e49c7a5e9ddf,9179
K180274,665bc726e9d2d70c17b5e31438d82974b0f3e1202db1c425a103fe9d74cb3f63,10128
K180301,7eef36e5538b0d65a1db0e4b7e6d7622ea5ec5dc120fc0e9dc7cd7e5826f501b,10134
K180310,1842a2db7c1e7c2061dce895712f0a5b14678a9696454b352c409e5475abfb3c,135812
K180317,c3021aac74eff4159d6918f4c7061c082ec6a70ae80fe631d50fc230366d8aad,12892
K180324,5bc764340fb53d993cdac8a6e8286caf331223b8aee6dc865bb3fe5ba7fb39a8,7825
K180334,a65c1fc8a6e0f1df61c66cf85354e49659ae6d891c092ab9349ec4fe052e100c,15858
K180337,b0ae17126e1a3e44161916a152829b3bc172c60152ef884c3c48b0048cfb3033,9964
K180347,5faf7c84656669c8c3f4a8ef9f51f4b77dfa0e5ae3981e791adb8b6c91c3c113,9890
K180348,73f3f0cd86b022314e607ff73ae2c24e83a9e43ddca6baf9c31f813a3379ef8a,11261
K180361,208b328effb5eba1e0d9a8c387db39311cfced8d688903c8be7fc3b29655bc78,9786
K180364,d27a03098edc362729dfc914ce82b8d0e8c92b0ac86858ca7caa6b93a4348054,9612
K180373,12b7858e788d83a312d6a6d40ecedd63868e4b1ff0a3750b65b5612fdd649b2e,9053
K180376,7878a9e246e36d53b3cbaded696b7084e0ed1f514817c100a9e0c70914e9d2c7,6492
K180377,8a551134ea6aa1e24c3d96f58064e7be5ecd4eae973f094be2c4222718fce3c4,11484
K180401,3c9d3ab47bc5779eb0f385f6f4b0330d297ea03d57f48752b3c4b1c3336f744d,8507
K180431,4b59daf592919d100df8b5111b9654f97ef1d69658b8e66908f3d4a8722f3de7,9336
K180433,8d2aa77b5d5965a48b60bf3c88c77bca36a74d44e3403649adc9afc6f5a33f4f,10254
K180436,0380162e9475b1f7b79692adf55138d20f37b08fb6c85febd288d401a9ecea4f,22681
K180437,403214dcd5be178e9ab649b3c962608f6f71080e2774851f0df15943c4d177d2,9678
K180446,1037ae46adc83b565bdb3fa69206c870ab1038477ac34934627477ab7152892c,13244
K180458,ef0089412e14460d973d9bb069832b0516c922e7c5c4cad6be7ff53637ea1e4d,10221
K180464,d76df0c8c7c93dde1a6dedc0b3735b90766dc5f1ab10db364a3561f74cbcc080,10325
K180475,c6d92deb97d1fd4e6c82a3734ff9120b8e7d592ffa8867320d74c31bc43f2d16,10924
K180480,d4949d38762fa762d6722b4bface17513b39a500c78e093a49afba6644525b2c,15766
K180493,ac600e840b2734768fb586471109a1457e63c52fa1b8865e12da48b28876c175,11289
K180498,cd763c2ac8bec44d6b02b64fc4001cce0ec153776015d78b6f7e24353966b6a4,12860
K180500,5484fafda6f0a097f659fc635c376e3772944b28307e1c7f3eb49d367c89388d,6684
K180502,20ace9c2811a75a88e9b18d9aa720e643b5e26ebd01f8f85a37c648b02701ac0,13139
K180503,1b81aea2fd46977707ef15d8f8cb231faed927ac160bf13805d173a8ed6dc83b,10210
K180519,e709b7a353dd2470c06389ff198aa3ee24b2626842faecbc85abf6c6e57a40d4,11206
K180537,7d2d3b263f39488ca00de089641cce935d137ab409baa77b2b639cb183aa0f9f,7561
K180539,eb14827335d3e91ba1c06c7283ce95b92cf7d01f765eb3e6ee51c951721f97a9,17575
K180541,d20a8e11920e515090a13b65c290ab2283e6a52ed9426f78eb6a3495bed2a356,11376
K180544,7c70797b3ef0058a063c577f7475d5d615837d5ca1f3c02c6d1dc3cb758f6800,7062
K180550,df638693cbd6cb538d07b7efc71b71798c59229ec6326807e291dbe105d2ce9d,13444
K180554,ed3c21f01b28e63013f6b837729c8b0fdb0416f681d34753e3d45d8b09efe657,8474
K180556,d98cc19b89c09fac8d5923cf7f7e73a8695639ac5ff8d72fd0f54f7024e491ab,12736
K180573,6917687c9a4ed6ecb5b21994727837c0c5a13df66617b814b87a2e1e38f99962,12151
K180580,9cab1252bcf6679b70ee2edf7b4310d4d62b7cdda5e8c2ef19f7240392c71093,19347
K180582,a9e5eff2f8381056d29123f522baf9eed39b331ee01dfc7e5f47d440c8b7d80a,8222
K180590,f7516b4c69ca0cd1057697d579435241c8cc91060de06a194167d47beba0e513,12132
K180594,04f5046972ea29d81eaef0628a352613beab172a8503ee577726e691f7913009,10235
K180612,8b37881bee0e096200fcb4c1caea80b6819fe7c0a50a1cbfa439e5d858aeda70,14130
K180624,610e345549728f8da6c16e54ef68f773ac881ee85da6993f65ab079ad79ad718,8557
K180632,cd5e5f492542541bf94f9364178c262539cfe86b21cd352edf8b1a38022bc8c9,9880
K180642,f37ab16809b9669087c06daa5bf5252d286e9838243bed71324ecc24f52f6dea,9597
K180655,1669b07a56439e8b0170c9aa7d42947c5246d053958e375bed09bc27734716e6,10278
K180662,2c947b783e2512688b76f0444ed291cb37a0b094b67a1cea4881b1cc8c78fcee,10685
K180665,188bf8c69c01e462133da19eb150c04d816e1285ed27d7c88de137b02933787c,11052
K180670,b36b4abb6eec8f0f771e7477009ad1b01b20429c984e27d9da5b0d9507a62486,12842
K180673,bebdee1b6a97a8e48b71f3c83709b4fa6aee56ed460289f3dcf2bd6fcfd18847,7380
K180674,c3b98965759052e62e0d7de7f84916b20a1be6c42be43ce5bd78650d48faa22b,11098
K180675,516a19bceb5723f9ba200048e0d9ca46a167d2e4ccaa6b8858d9236a2cb4ed10,10170
K180686,02ad7a7b3d130e85d39a9e030037d5cc9a57cc51a02f4756d1379e8ca4206e1a,12918
K180687,eb800310c9b90007f7336a1e9751e8ad0b63c00cbc7ffc1c36446dadd21e0e2b,10966
K180695,7d3302e31f3c909bf8a17eb6354519ad0c398c94f9fdca274013d3657608ddfd,12007
K180700,acb5f6dabd194f1deaa98bf8bd3e12cae4ccc86bcad8335140ce8be47956d06e,8395
K180724,d2053b351af781f4f68c39880380fd4a861134af8ce8f55d177b2420aa74636d,9508
K180728,ffbcc3541cb294c95b9c41de2283d14080e2ff0867dbafff43b91cde8250bb9d,11323
K180730,c83fe68957c886addb67a38cad64c0dd6c4d44061788f872739a70bf6b10be12,9881
K180743,a3dfa19b34049cb313a418d9324d3cfb1b2fac3097db3ae1b78e01f43d6f463a,8765
K180744,ebd424273609b23fde6895b43605dd68e78419751eb81d0e65932b6d4043cdc6,8725
K180749,3b7f30a4de3d3438385cc354e575d1195ed31e90cedc5c4d1eb6134c124e319f,8325
K180750,4a3f7686b82abe8fae7bf7ebe30409c654221b1bd04703615ced61952e501769,9621
K180753,067f60a4ef12b98e92d6242d88c07928feb181b1ca7e8b1ce2ffc39eb1ba9c6d,118
K180754,46716a6691b8a7fe1ebeac90ecfe30366b3a7780df2f2b178061cd6dff8b25cd,12313
K180755,1f28b2063f705ae07ef02b258ffd7d1b65f30151799154ec2ab2ee97f7fff9f5,8768
K180758,2cbf23fd1d425834f727558deaa9d5222cb2bd1ed41763c8ca5a6d941019fc04,10895
K180759,5ac26542a06c16f3fe56ddfe6dc9645314ec9b7ea138f0048842bfb674435698,11162
K180763,e91b0c62e7fb8f65884184c2c714864607bd9a4d7b7ae982ebcd8bc0ef6a8cb3,13341
K180768,dac118abedc75a73f87aebfd23ad8d9f7bddbdf9e2225c63f09fa30d7d1110dc,10736
K180772,3c4ac23cafe5e64b99223a82ddd502aa28757fd641cddd449f6df41cb7052407,8714
K180777,2087830696ad6c13f1ba313b290cfb432e3b9470747de4ef616bbb31741f1df3,4539
K180798,cd58a32280eb1648994fac1ad73bf32e39c60b22e1ced650e87f4326b6fcfaa3,17468
K180808,bddccc43be8f17f2fd9254f7b786e30ddc58c7b389097a61824034a5703055b2,6833
K180814,6e08191679b5ed5aebe360ae5f451a26a2228f25c6386254008d20147ba766e6,11986
K180817,067f60a4ef12b98e92d6242d88c07928feb181b1ca7e8b1ce2ffc39eb1ba9c6d,118
K180818,b19a15aed9412cec178d620f6a5fae76feceacdad747796b9394f5d9bfa767bf,9004
K180821,1a3f7a957822c92e94c2eb135c20330eb6716ac76cfe4b6ba1be4da0bfbe4c12,13476
K180822,4dbb2f6d10f096892c2abb9bd46762c98638cb600806507c336a4aba4b6ab347,18720
K180832,c95ef831d3b1dd48e084ad270cf7634497b768b0a24ea297178b1eca985360f1,13882
K180851,eeacf5d44375267fb01cd5c188583caf62ae0a44f15c04642643ef71e2d335ec,11246
K180853,1b638ef9fd1a1dfc4cc39549963ab9ee15e9d13a65a43aa34f143ab5d6989a6a,13102
K180891,ad90280e33c43a5e544aaf10b538cfb62e04d7da752f9049560843ef043f6105,18261
K180906,9063f798b06f4099efc5a6ab2d8c1c2e1cf64810c28450c7f39a9b0856013903,13627
K180909,fddd1ebcd202d04ee003f92239dccf737943c48c32bac8f012dd668afdce887f,11728
K180929,d0d676f8eb1a45448565af713dbf09bb6944031afcd0e55b6c3bd1e952b49425,7430
K180930,282c900e2c20201e48599e85ecc045ae3705d76595093e94984d78eb947ce511,10408
K180932,534e580c1119e0ab8f1d0878dc0a9e5156c11daef435b08cf32fbe42d6ade554,8569
K180951,ae8ac5054301fa78c7bc2244b36d46e7e1207c3531e86d3653879230a776c6e8,12731
K180960,91cff0e02126218cd3a06e6c29fa0f09000ba1ed92326dbd2d84c368870c6efb,11480
K180963,b1de0cff2087466140a09529103c4093481e88ae856c850ab49c77c013755242,11130
K180972,1f2d519b5829209fdbad9fb6e56aff75092cfd90d96af6e25edfad8d26a610b4,11534
K180973,472067938dd9d42127e90183c972a44fdd879793b0b35259d73c57323a5e640b,12940
K180980,914b0b0614acc74e00e6c6ef1bfab6fcbccc72f9096ff5f386a1759ecc3e2a88,13298
K180990,9902796d300013f9c70c0ebe57c6758c6741ded80557ec29778352c978169d8f,8346
K181009,b80892cd37a19c3e0943e99d214b78dbe3e0bcbcc55c16162f28c01cf472b1ff,14433
K181014,c515cd53a51d40fe9bb7517754a762506536126c65a25a60a6d9da7c4697d3d3,10471
K181026,38c46348c8510867937cb7800127fd120f344ceee8920bee9a27b81ec744a7aa,11066
K181030,c59c2a2f9e90c283a3135a78048390efd4e14720c6966744995b1d922e803d0b,11461
K181035,8bb095ec90564e8eaea13af3f95430bfc1d30f8ab4402c057fe7e83281be3103,9814
K181048,c8dec140360cf57db16a6f84e80722aeea5f93e7da4f3d91af84a61813618cac,11526
K181061,91d7c7dd3e5d7bdd2d5414905f6b6a08f2eeabf9f86776d38e23958f82676b04,10468
K181063,5ddada129ff8313f4aac5f820f5233817bd26ce4635d56a0085a61ab19bf6a40,8423
K181067,0c6fff880ede4173ebb94412f92fc91192cb6485e5bfd8a4ca41d46286869e04,6389
K181068,ff8a90e6afcb6d709f653e98faee9aeb2a775087e5b46967f83a4483b1687bf8,9306
K181076,9415fd2eacaf6dbf9afb9b3fda89fdcc281246bf48080e37d159a4e9dc4fef41,9186
K181079,d5d4129bf0746255510e24e7a16e1cf0ed5eadc2d1f25f909fdd13be3ea37d5b,11213
K181083,caf54e4f0a9d25b57b8a8ea29d84006990d63b8fb1bf68b18b04915dcd0d5dd6,8622
K181086,4639ffbf6b647691f2a0bb0254267815173070e10bb2e1a64ca479a42ed6cc62,12702
K181091,a6ad337a1b91648f3d255d3225291ddba647682a0050e2c95c490b13a8f02fe1,10742
K181096,aaa1e1747809031c217ea7532a19b6edc5190d28d4dd0f2cf88466ac8e04db76,13445
K181113,df304b6b29734f4578f9b7e4a95f24ca07e7b49424ad0e0f1efaff2899a5e8d2,8697
K181115,e19f893c6fbdfe8ed9525eeea48275e9936ffda61c8991da94155d467a59d115,10574
K181118,dc39b7ac23691dfac1d8b0722c3178bed41234fbc7fa0592cd9d098ea8a85547,9953
K181119,340510adf09a1f7cd556d4e1dae1bef7b7a40fc5c47123e960d4dd79f5cbc55a,7162
K181120,6114138e746aff73efce0221c2cba4d01cc00fbdd2c8c9881f36da3aede501bf,11838
K181139,d6e3be52e612a9663aeb61201434ccf37df355ee2cecd45d5a338514d45a10bb,10810
K181140,6f3fd7da0c9b630cf045211d14f86b83412f66cb5839326287a04ac5e8a676a2,10163
K181146,61e1c2027a9bb950bc25bc351bf10a2693bf19d0e925c901d46d06a9d5289d02,10742
K181171,7f6fc228cbe575d47578a9ec9a2270f0a7b17e705c2cd290a3120af7734b9ddc,9165
K181180,3e29de47004bf73972d459090a677be8913450fc0f1786d4b9618e5052fbedc2,9703
K181184,f36dd13aa8215509a12bd9c91c15c576daa26103e6e140d2d721d03f1c33c95e,7010
K181188,a296cec6d76625e24386eee6ff492e65da7ddbd71f558ec87a7477616dededd0,8649
K181190,c9b32a2147d21813bf3bf64e23d0db075f6d90d361a9021d2b2bdc7580b9298b,12158
K181192,7fe9e6cc5a27dfcc230d15a96ee7db6f4708f938b9f68368603639c584a4b7f2,15486
K181203,c626c8b93e80dc298b37c77147d8c6a60703cd337415a4f6f16263df36b775af,10630
K181225,7ec99be03d502f662079dee39d53a76155a7ea8454e2887ab9c124a98ee81f83,18120
K181229,8bda4b86693117576a6ac80e30dc2063cb41742c1d4c4a33659a19aa9a98e8ec,8433
K181231,25e6505c3cd416ca45627a9efff81e12d611313df2359ed7329ed7fa0cb33a23,11465
K181244,26166087caab94e9901aa80fe6cbb1de4b12f62f6d1450ff7838ef30d1f558a8,8287
K181246,c68fdf123ca3b48f3e62d726dfef7a1f304796a4d51e9d969d6a529226e30bd6,10271
K181254,ce114fd76f18f9e5f1a8e1918686bc9b482e024fe147069c4a33c5c84dd5f9d2,12954
K181255,faa0a92d21ca9b682d6400acb2894a448075d3b001444c5a9862acff2915b387,13452
K181261,81c9fd1b8ed80affc589232696551544c42bd3069d5a9927fa3b749b11bcdff5,9931
K181262,c9c30807e0979a5686b466c0103258d74fa45982b99f1fbd7e794b75d90779bf,20949
K181280,b4dfb9e00522f8fcb1f5b18bfb981b462db8ad270169e42101f1180e78521e3d,7985
K181281,1e84962eed185e8ef3a147e6647d69bc2513b85969fc0107c6291990c163ae46,10625
K181282,e37cc7af7af0b4d637f3986c82ecfd46a7ba5f5bd53b359ccf7aab24b197e816,4497
K181287,7c35bdc855abd44bbcf5d550bcc18ea83e7454142431f27a229944ebc97b7765,9108
K181295,d63ebf2498d05b08cf20ae045c5d95960659970043e185b17556b0757ba65691,12083
K181296,49f0837bf0a0702cc98f6e3009aaaa48a83a375b96b61645f007dc5ba4afd4c8,14076
K181302,24e3aac8a88cc81b145da3a5649263852c10d90f1ac06222cda093fe5c8d51b7,10816
K181306,4d19a55d78a79f2d345aedf798ae398f848dee6ef46eadd06007ab2d38cede2f,14487
K181307,49467cc901ea2bbd269325139527096a708dc5d6401e6c9267d3cc421c914569,12112
K181328,71d6f69d376856ba9e1b6b01766c578a7972f93fe65e8f9fe6ae26a1173642c8,16052
K181337,c2c4032efa1b0f9948cf452a01b7f5b57b52539b7245e04ab7592fe6d7bac975,9987
K181338,1c1cc9201eee23c9870f3d83163358f21c11f59fd05c7f0e24989712d45c38d7,10644
K181339,ed6ae1d036c1020292611ae44048913173a3f6bb1e077c97705486f28d8c88fe,10602
K181340,3dbf6379a1c68d6b16c47aa9ffa9651787217fccf500f51a3b4fdfc0ed1cd19b,12324
K181347,14a5795aa4c849ddb7aaefb6420225097ba00b16ac4cecfcf9b8e852348e95df,10772
K181350,deb6506c0e8e29e7c572e8933ba5b3e9c7292c16b8129a55584adab992a5d0f6,12242
K181357,66bd8f5955e8237162f5c44ca82c24769a58dd0d8e0931ca59af8dd97a62f9dd,12714
K181362,4853567a76e7d162f980195347e543548489ed27e0a29923950cb9b194343d0e,12598
K181366,eb32bda79dbcd6319a43dbbe1484cc6c6729c81ee38b100beba79c5f43188570,12673
K181375,a7a162cb529adb9e1e99ac0b9e285326f7dc0c5667ea2d4274b9017e9071bdf1,8697
K181377,4cd4e793c482a004946d8548340d8ecc90379955a86f777d45afb0de4d02d943,7630
K181380,38fc0bd16312545262129f2abbc579837b8d2b80b24e525c1c37e79faf5be2d0,13578
K181386,6ac605fb50cc189ea7e7391579bea4bde8af300f15fd1d8e38dd2a5961c7f6cd,11547
K181390,8045f9892e925e68c7f5075293a458df3c62a2292401540fc7e402bf2c8d879f,10939
K181397,277b77ec1dc2865304ab4b7b27e91a576bb17dfb12dd3065d30e49d986af8ed1,15866
K181410,9f9eee365025fe821e3e8441e313ef3fa98b2e1f8804117af926641007fefd6a,9288
K181420,e2da06a6f9b4c2c107883572cf8544c2db90388815a56c1f4eb6b73b544997ef,18944
K181425,6b31a29cc88989bb2e3c6ba6e8319f8dab2d5dc105c0d0e22b0bba62a6ea7dc3,16782
K181435,7c46d6d1c384c8a41cf680ff64ed3e8854d5bef54f5ae017fbf2993bfcac02f2,10845
K181440,488ceeb4d334d60409b9ceb3dd370cfda68c2e6881e0554774ce62c35966e2a3,7892
K181453,f732de6f133e1179bad4cd6313cfabe991ca5ac23397dd633421642eede43e87,10951
K181471,c51a976e41a421e25b79092508c7d4824d4df84181681555f08f521f4729f6b7,13364
K181483,09db73783b0bc1423e075430850d01f871ca3eb7cf64c230e0a32e9266eb6d1c,15538
K181491,98fc1c05ce1949622711c211e4dbe8286b5d3a4e43838a894b76695566de8dbe,11294
K181495,74e1270fcb35ad772173af71c0270972aec773b8863a7beac74703807665044e,11695
K181513,2d06d713dcf434c61fa7699071984d80edcfff6b487b2585f021460e2fb8e843,10496
K181528,e4ba7bc55b821fd9b81dce0962433a6439f00d9aa73ad7a0bc0cb7dd7aae2f02,10859
K181530,a20d71c2efbb31ca0658c662f5c6d1b3046783f468d1f9ab72d44e58298101d3,12084
K181531,fec1f196805e153faf88d5330c708a14d48a0dca4fe7d797e7e9f0ab2a595d75,10950
K181532,0566f4c7eb44156fa9b831a8c050afff721f357ac929734d05c06d261fa1d942,10660
K181533,b5eea0fc97ace13838538b967594b1ef3b8c64705fc8eed34db0ea8ac9f7ebe1,10714
K181543,48a2d112c6530eaf6329ca946133e35032a7481aa6830290d35146eecb9fa6f3,10873
K181548,8d363e8a5ca5291b8e360d15956f28d99895442d88caaa9d16f0b688019c26e6,9537
K181549,320c8e4b8259eb8d158965af97e5a92c56399a1e7a3d767be5f172f36fac3c36,10300
K181554,9e0eb7a703020940e4dc6e7d7df6d6dc9bf6de6b5095f1760552acaa94fe2052,8800
K181555,0ca1f281c7a866b3918d34ced3da313f8029c812a3657f41af1fa3220e334be9,9847
K181557,b18ac958c61bd3828db178558a9fdd6a9b938220260c1b9a1638c80bafe3eeac,9998
K181562,65e0d4d73c8937d3c805303e06b1c3fdc45eeb2cfcea630aa574a29adbd262c4,9509
K181569,af25599c6e2be274c3b7f168f78de38e3795f6cdcca17670ce398d2fe98173e9,13485
K181587,9c3ee36f5ab50b2e9ad2395db706e0335671325671e67ad46a99dd30c736678e,9174
K181589,ee4c1e0a7877e2feaaa5f5928e88232ddf9ecedd71d3703c2b3b0195393d9d34,11411
K181590,c1209e662df57e10f1b0f3cd9611009abdd60577a06f3b3f9bb6069378c09aac,10208
K181591,60224906f73153f0405720aa42506b499c2e41b53f24f363cb20856c92c38df3,11326
K181598,69617d45b3fdc838232794452829689abca40c4ae8d29e81ee4faf335b8ffa26,17164
K181600,719ae6c7a75b9ea2570d15ce1b4bc9df1420880a2457433a48c1144932c72c7d,8658
K181603,475282fc970758cbe7b1d1306a7032297d10ef7ee51d6841a1089a58be7083d2,22831
K181607,6592cbcb075e44d921aecdad3eed7a9644293a3f2c385aa347fa7a1bf8c3d3bf,9452
K181610,0504363f1ff730dc43be877a4d72a9e88282a714d90cb9cdad0b32fdb238a22e,8882
K181611,325d3ae15a2247192363ff46f788f6670968d44a48c15dcb1e78c6bbf7fa6877,13852
K181621,a84fbabc2a3df136a788da631c5fd6e954e9d04cb58475b3edcfddebabc39de7,8087
K181625,6c18f5dcc6170ad42dd40d99f609cb119d49e5be258369895e7042e96ce0a3d7,10353
K181630,6e90755a0f17649e8df37461e003b69c1a29df52dd4acc016ea67ed9b7bce5a1,11458
K181635,daebc9d89395f55a1ed6e4a69dbc4250e553b44332206ffee45d123050cd3865,12893
K181639,98318f4f4d6ade9edf249f7ccfca637219349416d8191da28e05e9a6aab4f677,11970
K181640,551ac480b10f187ecdad330c01438e3b56b0373d0e885c93573abe7d302a7cac,21017
K181644,2517552f87e74575a4483664080bd5767e9f96f412f51eab7c389759025ad16c,12106
K181655,6359e195e1caee81c77bfb2d982ff300ced955bcb00042f2f1448e94c1391f79,13978
K181677,4966314fac2dece6a0575cd7464f4fcf11da472490b3bfab6e559a9d122b052f,9052
K181680,5d26b58556b8746831cbd05337e22009210185f5c9e3166b46affd9c186349d2,9224
K181693,91cc0c3072b7e4fd4987276a897e4aca0bbca6b224ff84e242d8c09cf7cf8345,13291
K181702,25833e7b5b20925e243f7ee78d390bde6fa6a9d2fbb48d5848274422a37553b9,8197
K181717,bd2b2b9ea5d94177821b7b0a6901babd716fccc1e8da08617df767844774fbae,8618
K181721,4ccf0863a7cfb7fec073730956b37bc3ffc263486444fa1e24274014fc532f86,16810
K181732,e931c2687b8c4d079636ad20fcca70186aede8065c8611ad973faf9db0ca4510,26586
K181742,575ccdd79bd1ab02ac5aa60559f76a0912ebf82c9f59a74a358978c42533b63b,27449
K181744,fea3866e43f2b303d0d77827dbdeee20181b6646eeac5d7b56ba475d5a3ae2b2,11556
K181746,03ab007f5adb33ccddf143b45a65ded0d24f3d4a8c9ac3670ad9f37484277902,10143
K181749,252342d5a3130c2856bafe037bb79e54c77c157a6638cbe8f0f65d25204b3afa,12424
K181761,2316ef2825c41bdb33708ac27c7fb1d88bf3208dc968d813da992011ef8e8a1d,9675
K181769,ad58fca49a512a965f2aa15c8f259b29528dbb65e787419c0aa863f3a80498ac,7870
K181778,fed9eba187f13fb82479728c20b4756214128800656b696f2e007f9ae42e057a,10229
K181781,bb5540c02046d2c5be5bdbd1a1aa92e1df34d31826d8c0cf7551ed23aca49667,8249
K181792,48968a305b7f3ec5043bb4228ce9f2a9f051d3f1fe70f8d789639501a61af708,10131
K181794,bfb3c86b444ab7c4ed5ce4db5f040c54e787930860700ba78faadac6a27fac0c,8308
K181799,2d33bfd41acc7d3c04b86db5f96e21619e59484cdc37368a65b364e55faf125e,11237
K181806,75c698d0a39acf1fe0eb28994b7b311e00f59c9b927f62e497fe35d10603ff27,10518
K181809,d6be0747bdf6299d546260175dcf7924b0f0aa4d6daa4fc9520a0e6b744ed65f,12436
K181815,32d58da19a00a34083c7a9fba61c5c448fda9ddf1a229a1b41942f4dad0c7f30,7592
K181818,084f77bc1be170e60b540c439ba4ca734d65967f545220a560200b649e56a98d,12577
K181820,f170d3529d4d5a7a50c6e48f5eaaa0c2681bb1ad04b9f44d18ce43ce851ff2b5,12880
K181821,f2040892068723fa7e501f105584b03bb88a81b3d15ebee8834f536ad7cfa12c,7934
K181824,f684d035092917090031d2eb9f17d13ae87885c2bb07713a23fa8cf74309c7d7,10729
K181826,067f60a4ef12b98e92d6242d88c07928feb181b1ca7e8b1ce2ffc39eb1ba9c6d,118
K181827,392aacf29d5f53e3fb0160c9b9525cfc60faf1153c3788439e365806f3373b31,13392
K181829,8c52b357268a609089d2a3fb78079f62d40fa67987c3d9e75be063708c1736f1,8815
K181837,0c1465ae3872d019b1f317397ae49a4ed136e6e6e8faeab91dfb9fca194b0970,15141
K181843,0976d199111146273171398b9d916f8d57ca80026c37229bffc2db44f41ceadb,10934
K181846,f6a8e3280c3b1f8167145289f8eaae90acd99b2425e5ae06bb4633b0099e3fea,14583
K181860,8690e11e25027a4221bf2c156f5f9b9cd629980d5eb0aa7d2a4b30aa44d0f5f8,12482
K181866,5788ff1c95b1874b8f4fbaf03041ff1a37ada625857061e4b3ce10548b4836e9,9933
K181872,1ea5d2cc1cc883ae8f434d950bcc36d3ecbce551e35a7e6aa401bc01175f3725,8670
K181881,9f91816feae24508321b96e3d97e73a4a203008f379c73c25c13f43bacee9ac4,9742
K181898,d7e8e3f367cc0e7fdfb3d962e631dc181ea49377a3b9de9c6bcd4bcc1065dec0,11443
K181899,516681d77c1aacdb9a1e1ed92b61be05b03c18dbfee7bc91682454bda8eaba17,9755
K181921,939e897ae232e2bbd71f51a724988bf65caf580f0d04dc54087c7e6c64a2680c,9065
K181947,749f6502c2340494b1846e0564823e4da855d764bfa006fb169ed8cb4ddded62,14864
K181949,a9b27ad77279f784c19b4cafc112f52782d444c042262fb59a796d61f73b52ca,12491
K181958,bd817ee328cc045e19e2cc926e7a835de648354575b0874a5673996304c45f67,11000
K181963,b72d9d7e80e40cad06a613b3ae36e5e1b23d7c5115a366b1292ec0ceaf1d5148,11540
K181970,4fc894738bb90a7bbbd857f61b5c83b4c1a7ed6ca1d95f34c4bdd8e5c9eb08ae,13826
K181978,1443fc3034186ce284343f01d03a93ef6d0f5bc4c64a6b1ce3fc7f85eb0e370e,10040
K181980,daf51539ba27370369894633016a2607c54a875a599cd780401ec44e37db3ab2,9883
K181995,0233a9646407e79d3a4486525ba6378630a89230e998312dd1965f95d708c187,9766
K181999,50dfb8c7d8b604d10337df72394496dd32ba18ab8a462345ddd0358a73e697c3,11970
K182007,3f5014344e97230ca374dd32e8d72219b112a3dc9d7499b5c642ca55b6e99ebf,16844
K182015,1e7eda7cbd8b8fc86629b6f29e6b40de3fd4d96f1d158cd9eee6e03b5cf56737,9283
K182039,6980e15622a22932a26b875eab326430c8fc999698c218d52c02ead94040a9f0,17678
K182048,8d11e5410986280796221a046aff2f75dcaacc5a3f255724cfe37f29f31b1885,12573
K182055,9d78b3cecbb202deec8f4b8b189e3af2cc5f6aa22f9ae294a301600507395eea,10138
K182059,63746074246998bd0e1c846ed9db06dd776b8c0a488788a02aa5ba909a293ccf,9717
K182074,fde830a37b4d36eb3b894019d2df3b4e58c727b1adcf986ad5d384769c3d3365,12399
K182085,0f7d64ce21929330641bb6b9136d88d8f0ff1a567271436d30ffd6c3dfe954d4,13958
K182099,d770fde48066327a8832d6b78bcb0cbee8cbd508c7c42df7125f62e84c92f646,12890
K182107,2f5cbaa2951a7da2cab1b85b8296a79c3209ff56d0b3a0636c925d98a32f1fec,8530
K182109,29d06fd573ef9523d7cafbb6a080490dd79199317baa7b74cc324724eb88d4a9,14425
K182114,75cbd54f88ce75daa7294dbc8c42578a4abc8dac60e69b9d2d69c535fde5652e,12822
K182119,ecd981683a3450115b86775a08ab1c1a22cff564266933fdda497208283088d0,16722
K182125,61fb41c347183ce4710e828bcee147a988fa11cdb278cc7e04c543a09beea647,13423
K182139,380d5fe5bea474501fa558ff494f969a31a752ebb5c1c7a506548a99503f7055,12501
K182148,ee924cea5c236fb24cfa406ff07655d16d7f695a606e9f565c46f9e207f0ec93,10475
K182151,0dbb60957983c4c08dc36fe33b08fdaf0f044888adcde1ac11517b40b01b7756,12773
K182154,cd5db1e94f3079c9b662f87c19e154bcff80daa3a545178c8d799d8c57e6ad2f,7962
K182158,9f0b7886f8280348888965e34a591ef6d45ff99dd3da7e5c609105802774f4f9,12412
K182170,5a4a16852f9325cd37499485d9079f9fa9b6ba165090e32519e6974a2084d361,13400
K182171,9311a3019c8285565f71c994714273536684273c13849671c4813c06ff04144b,8412
K182179,2e058243f2cfb9c2ffc692dac3fc7296dcf33d2619604732e13f7254e02d9503,8606
K182182,a85c6691a914c07d8a993df502ff4248b0782d928a08287a63a65891b474405d,10225
K182195,567773dc15f07818febdab72c0006c6b75ef461fc31f5e1588bf49b58cb80b6f,10868
K182201,c22cd5a8e2584caba7a3c0d381492d6af6b6b6bef821cf999123811a97319c23,10118
K182210,dabc3379dff21487df79cb5b619b1d2bd0a4c3c286067db5e7fe809de6309b15,9898
K182212,ac167d32f40a452a086bcf3dc0c51bed4ad0e578ed56282e1549b687260bfbab,8890
K182221,a8a7f6dfe078a1b9bd5a30ff12da385b27f97adc7de527b1494746e95a50eef2,13431
K182239,009e5975682dc6acb4814ba28711adaadb15791a4c151256e13481172f42ae21,13318
K182240,8b9a7efd376b50091faefdb17631dc7671ad112ea93e063584cca4b5a54f970e,13295
K182251,546420ffb0f2da65678cb78e3d02a536fcfd0ec79350b0d99aa02cc363f60c51,11138
K182260,90659c5a30deef51992d89131b896e5e8c3d6f4427b03eb29d98a45c6db228ac,9597
K182264,eb2f68fe1aaa5637b4d1656e0a2edbb668e88bbf049f1e6d25b508ed6562f6ca,10486
K182283,c2f6bff27f97b8ce243c2504ab437e9184d516579eb994b2e1f958e090ce6875,8698
K182284,739106fd04691c64bbb66443833ce2d0789eba8f4a1339c0c97fefba68c7078a,10972
K182285,224146fa2452c3c47753d98b947669a3451704fd94c2fd862a20910c33c0dd9e,11796
K182301,a62b4c5722fdeea2ac9d27dbd9563bedbea4730417f4c908a5d3c1660e68ea9e,13928
K182307,b08d59163e6f998814240e42eb1183b19081f38b1b06550162e9962d0168fd2b,17945
K182321,07a9ecf10ff73e7db2ceb285e5caff92bd10b4e70186889c8e2dbc5e1f17fc5d,12675
K182322,fa9929734b80d983e45eb4c352b15767e8f2ca575a90e571db4d95be319277f9,6672
K182339,5357e5005dc86fa15a6922c713bfd4c1ddedff999b645a467f5f8dbf40bdca66,10154
K182342,4cbeaf64eeb75b8c179e8cd1c14a9f06c23560fa57a6aa0ac417fbaf48ece492,9153
K182346,70dd471c609ebc8c6b198caa7e2a464eedf13f29a58b0079d46fa551888e1df3,13920
K182349,c69e57517de52cfc24177a92e1ad651c541c492fdd1269fdb3a2e6e2d3b329c0,10846
K182352,320b5a5337a76877f986f229fe94df4462ef4e7985cda44324ec1bf0e4fc9775,6518
K182361,0b6532e42864ad4667afbf196d44a0596315fbbadc5f29bed81e291fbbdb9e69,10716
K182370,fac715c1bb028c5e7077e24ca1b07e63145bb38d4b8893785a5d9444fba209eb,10678
K182375,067f60a4ef12b98e92d6242d88c07928feb181b1ca7e8b1ce2ffc39eb1ba9c6d,118
K182377,aea4935d870ff8c94cc257ca575285510c884cd3c3a4469a0b15539282a4a8eb,9208
K182402,452ed1cc9898c36b953e2506bb9b4e3f1e7cbb5ba1154f2afc6d1cc4e4ee5236,9765
K182406,678f92b88e48135c0d52dacc3de185202e91e628826b4e8b328bc30e2a6e3dcc,10206
K182416,487d9281fa5dc2467e2b5f2bbf6c060808d20a4e27d90fbf193c2c00afd6be23,9517
K182439,e638bbc14ed7a28e7d3e2f165315230c6a750d1546048d04431ef8a4cfd87543,14975
K182446,b2cec6acb69236551a95758c05b6b1851f62a39d5e000f16cf88808299a227fd,10330
K182461,66696979b06c87d012f2500b4fd9903546e9fed4a0a6a0f5fe13c073b5e60795,10666
K182462,7517df5328add3c2d23416291d12236516897ddabfd47560f0523664664878cf,12506
K182466,380d726d1a9cfc740356025a66f4dc58fbd0ed5f82f3c7a5c021907d2af5b7c8,4646
K182468,894adb38ab988b5ab738fc8f3a02d1a4b0bb4c46e2e11522753adb4de38c5c2c,17302
K182470,b9abb1cae159d8c2fa772da4c7d8f95d5b6704845b28f966a77519dcecaf8b5c,10276
K182473,acd2c961d801783b61dd5aa71fd96a1de04d15e55e79f1accab8a5c60d2d693d,17017
K182477,165518c3ead3178bbb411bd64b90102e94d5e7dea5507cb8e2ec408df34adcc1,11501
K182478,7d8b5207884009f9430012d41aeb731330c7f51824d285ef983739fb70ff70d0,8085
K182489,126f475cbd86ba1b0ca4c31c51108480a25db867f0a9b8bf627b653950aa934f,11423
K182492,9dbbf9731c9c6502ec0738da6755e443292d4a9831dc548b1a299d2682bd688d,9037
K182500,0aa43e33015303ec91d46cda4f047d8a680f2e9a4cc478b576a167684bcce15b,10209
K182502,60dd4939127452c70eaeb3344a2061bf98884d238855236b5a0abe4bb62f1756,11921
K182507,7db4326987bbe11b0ac9cb1d3901cd6c7d7da3a27fe4925876240b1f73d5ed84,11503
K182508,ac1d07b36bb8283e7f1072e65e160c5743fd17dff971757aeb9f8baad3065674,11088
K182516,cd82e7d4de9b9278d20f8ecd4fcb8ee1b9a8ffec54f1c25a55cfb40816de6a65,18739
K182535,d8c0a6d2c3a622f621253ca59653b66e3f7c8fe885b46ccf7dbf494cb0a3791c,13241
K182536,b2ff46b51685f6b03c3adadcc85d946a338c7f5c8f9a1ea21b6ea195710dc87e,10526
K182544,336b9979fceefbdf27c8e4495aea38342030aa1808cfb89b7c36475638b2ea22,8384
K182584,d3f53aabd61c31e34b1893c20a55660573860c8c328c444cdc3ce3cd3e66822c,12797
K182598,06bdb28b2f1ce2769028c854042323e5fc2127ca8d0b7ac4ce2f2aac4a80c51a,10421
K182608,6f8cbe9b0232ae79cc50cc89ec088fbbbfb02d5e16ca88c04812ff1ba5788fe8,10416
K182621,74d1970b552c76c4ab0004b30c1380b4891f6241b1f65e8f4653a56989074941,11408
K182650,4f02bdcfe02078564a26f9f72eb2d445dced7db4ba326eff03528be5a6a424fa,9554
K182670,753d17e25999588c0835b6029ad692c83c84425ef885ccfb562c6983fb3a7573,12809
K182677,b5edd266a374def377eb4b09eebec89b9f32e59233f053338cd54d828fec9e7c,10317
K182678,6c75a3567fa2d4dc008940de3cc25465814d0d1ec18340cd2bebde5e1ad0cd1d,11512
K182684,5afca0fa3a18e3b450d73ba4417e69b1729dfa85cca4cfce460e86064411ad90,8843
K182704,7fd9ec80ce730b6f8803153d27b93410e0e81da6dd8f503df2f0b2102409385d,11339
K182705,75c5bab384b0d09a63660c8bb5933fe8f5f4662a3a498d3f30aa97c33c36b334,8977
K182718,58156017d4ea6b9a6d098691d43d3c5f105a014425807f4c0f10d32604166ad7,10475
K182736,2d2329e345afe24301357c309c583fa125aeed99913c3bdc58c8d15d2fb54e8f,8456
K182746,ecd0a4206dedec983b58ace56a2ddf5d872fda7cfad9688a3b9742afa383df63,13003
K182771,b38c79de5b8cbac1bf3ad8aecab1e6ac1aaba19f7b02b3201c8b3794e298bbd0,13906
K182783,acc6a9a4311b29e0b7473b8515ad6015d282a78f7a70b2aba6eeadcef103f022,142156
K182785,08bd90d271d4cf0efc746b1e7e185e2c52de2c6beb56da6599d7711ea806c593,21238
K182799,88e697fb02f79471720fb6c046ae945633323dd4b22e8ba9ab4e7b93c89a2c9c,10582
K182808,bf1e866cca327205a184550fbbd42fc158ed8f56db38ce7c4688c2f040b1d19c,10416
K182810,2b9589ee30c530664470190bb24f99d23e9626742078b4f3ce7b3c5593d296be,9839
K182818,3e83db717546d0be2ac3bf422609e74681258b31004b9a6e295f6b83bd5926f2,10094
K182823,8edd7dce189a4ac74db50560f3c37b7d89a67280294666c63012129323a23fd6,11688
K182837,643bc565cc21d51f5752053f1da0ef16263a11c49b7ac47c1a6b869d63baeb0d,15729
K182872,496ac94fa2bb90684c98df7ef07be8d5f8163292ebc5dc3c40f12844e7a8f0b1,9709
K182877,da6f4f220495956a943585f5ada0f18fd823213a8dc7907c21308ceb75d7356f,10065
K182878,e9a4f85c5db9721023b411a984670c0d5aa3ebbebe9a1fd443f4fc67be754d53,9695
K182885,b25236f995e594c659bd3be200df5bb7babe5473711a94ed9c16f039f89a80a2,27244
K182898,380d98cbad334aabf717aeffb4eeaa8f1738eb11f54645adbde4a8cb01aef68d,8019
K182919,b1e0fa80bf169ac70c85b68ac707bb65a0fd135260edd546f08031d9c040cef8,8456
K182920,20a4b567802f359cc95409fbcbfdcc3113c261dafb34ae208f131640d5ebe0d9,12536
K182928,e6594cc63e83c9b0e4f3a904c0075db8fdb4a17129ad5a9a8901542dd51a276a,17424
K182941,c9b2929fd12101e3edad2c42d8c9d5c33662dfe17fdef1544f42a62fa9f0ea1d,9331
K182943,31d152e4cb23945669e187a7dadc3bc4e3f900bbf8fa79e33da1d1ca43295007,9835
K182949,5ccd327191c95d0ea50e7908e1a24d0dbe89723d8970f5a07211a529985670ab,10324
K182954,43eadee80166291fd064ccc8e62f7485560f63a242b2e2de82c4b1a45314ee1f,9256
K182955,141de2b2e4a4419e8030b050a05dd47c70e532ad6eea4c50aac153780103fd67,9391
K182968,ee1cfdcef4992760f13d0411fe53680599ca26f587f3a529428d809073f69032,10968
K182970,17707f360a19ca0d95058a3f10f4599b4996a2479eadfa906d58e76eeedd5ee2,9428
K182974,00495b4cb7df4077e438cfc0b874074cd6e774e72d03e601c2dece6cd3ba81b8,12852
K182983,6fd517708c27e19ab2d757a30ba2aa7f745c7e0ba0ecbd9cbb77976509e7ac38,8702
K182987,10206a879924e28ea3f9cbc2535c065999f9e9c890ce33d12baebe0b3704e4fa,8024
K182989,08c8b9e2e860a870567af6d320b33ac5aaa23879d7b57d43a6bde69355244d5d,8945
K182991,06a61c3050a24070df24aca2465d8d016c54d2e9cbc822780379073c20c1a567,10247
K183010,ba15f1213d601d858be5fcca81932af85a210f9340a3c03dfeee1391ce29449e,9145
K183011,bb3a91ed18cd2d0c0f84289cbb0eb2041f17733b87755c107571a88039ad9390,9267
K183017,5e9ceb5ddc527236e7f14fd61450d4e77019b22be834b7ce4a18bb7e8775d3a2,25566
K183025,98b8c2ba32877609f3c2027228a23afe0af468b24e51a4dc794e12eb51fd0eb0,10129
K183026,b8668537b86c057fe1d5d1ffccf8b51ff7428eaf3fca83f6274b0046f5cf6210,9180
K183029,4e5530d575ab7410e73982e5e1e2bde548d90b1a0415ce6f6b8fafed0f55b7bc,15406
K183039,15023259f51917dfe06e36b3458710e09a69538651a8d4896dc0c20a2426ada5,31135
K183042,723c60c6daf3610d866703e8a2045a4a097a01c565acef79decc8306b42e46de,12974
K183049,91d0357ff4a60d29cb4db6300aabbf9ef5ccb0b83b5cf859543bab38c57e7249,10091
K183054,b185cb90d8e6a7e2a55d3206217c1f43ecbbc0a03925afbcb3b845177f45c8be,9669
K183055,644b9ff5675ef82bda0b7c45e2bd86c9a4cbc4bba15d88e194a14cf15edff44f,11051
K183056,067f60a4ef12b98e92d6242d88c07928feb181b1ca7e8b1ce2ffc39eb1ba9c6d,118
K183060,c5878f01ca39d15860681143274b857850fcc40316dad9e8f59680cc15b3dbf4,8803
K183064,e9d5946ec8f18c07bb73573bcce40444a981ee341bdaeb5f82bfd64a17b4c1fc,11635
K183071,c28ca3a46ec4290f69f382629df347aa28cf2620efc8f07cff487f5189e8a97c,12657
K183073,f726926d4c9c67b2d4340e060348b9fdd8b3e37f9991920754043f8d9928f1e7,10159
K183077,cedc73deee7f23221f0268773af1ff26e7b0e5c3adb93d74554aed734ef5df3a,12961
K183080,54635dc1f2a455b003d10e00fca84f2d834445fc1e04d6f12babcaa4823c86a1,10108
K183083,d0eecc4a370d5a5b6df8e54cfcbbe6f248c089c3724747f6ad7c688d2e4c367b,9815
K183084,aa0542638ca8671f269e4bb02b8a1cd6b6b23a485de087db3d33c1089c89adb1,9690
K183091,55cc8c595f22459348abd35870a9f559073a71ccb6c2542a93ccfb6d03d71204,14793
K183092,16d59ffa8ec938dc01f2a2d0abf0ecfa390d92f29aacd9cff7768e36c3886ea0,11298
K183094,39721066514323752e758dbf6fe71cc43237c44046a0e42a2283c85534ec1288,10440
K183104,7069af502c14e695f4ea38f6aaa2ec1272f65d2dc8b7c02e98db4a54b5e26b82,7613
K183114,6156e9590d8ca7b28ac5bdebc7057018fc48098f78658e9427851dd8ba9c6a05,8722
K183117,21f614b4030cb90855823c41b5ee142b8d0cc530c1557b4107411c83d6379506,8224
K183119,54a104d5e45fa68d28eb2ee26b87cd0d3b08ec4a60b1c2f508f48f964eff63c7,9942
K183129,7c402f7c5d4601da3d5f2255d231f9888276d4ab020521b9549d2b0632e86345,10627
K183136,45aea18c9433f2ddd5c67f905a8d261e87ddb485acc23a2e140002b355ba306a,12018
K183141,d8a7beb0a9e51f3981288ace05e3135578aff675e4587ec36364310b60ed9873,8155
K183145,779f49d8c9df37290eb179813071b8c269e1443d66864b84c846345af70e437f,8908
K183162,86813f376ec14a15c31edefb2dc9dae247b0ac98a4b437550fdaffe20f24fa96,7466
K183168,bee415ea3df2e7822bd77591528e53ef1119cda9a6b0286322d53c5ccc4a132e,16398
K183172,5973bee98e8bf9ad668b5420ce22ed6505dc4bb6bcf8c3222586dfde74e631f4,13199
K183184,e2c0965fbb25ca1840416b1e90c531f079f3d10f6de66f1e122ba3f066fad03d,12926
K183194,5d346dcea678cf8b50ad2909794a76ea44e9ec29f31cf449e05d8214af5f3e77,21633
K183197,60de4230bd4b948bf02309fc57a0f2a3909a54046130c537d7d2a6f3b619a139,11448
K183214,fb14cc9c2cd8c0b6ea70202ea2e3bca04a64c7f3de2445751a3cd4c52e22de4e,11147
K183225,89c5dd697ed5c43caf0e6c403717ede73afd36ceefde5690ab594b7da1f893e8,10953
K183228,ca93c3f0194748dbe71bd683f4e3de7d4a7d6e46b3913339280afa6b84ed46a9,8465
K183232,6afaadfa105e29c6677a4dd7ad852c1967bfd980b3121761d3ce642304053070,12430
K183236,4aad9b6aeed57d1b2b8dfd6905ce6c1408157de72037a711e2f0826aa0bd6a4e,10578
K183239,9f2acba627d6a751c54a7fa976e7f8d2afb5612c207bca9c46fd650fd6f82060,6961
K183243,dd6a219906ef7b29a6396b40116f4ab83674e0556026a8fbeb81c8b67d981db5,11205
K183249,448cc2daf5808e8bfc569eba43ad848076d7d0c6482d92b55278860cc7e40a54,12603
K183259,ec51f4659024999421237c34b927877a19946fbc34df7341189f99144e704ff8,13196
K183279,3f00f866a7c6e4eec663cc8c4a2f528f519b0697a7e6bb452588421eb8cd41f7,10796
K183312,c35cfd2af355cdba1ea15bf2c0e5ab2821ab12e9ee21115924347763e85d6478,11358
K183317,167ab67d14d8ee00a83dcd9528e6b9a0dd21ef342b24b81595ef2aa61e161685,11102
K183321,6c818aaee734139a56e1e2c4d0bf42739b660186fec3655179a0e3b03578fe7d,13384
K183331,9a15e9cbdfe20fa16999cedbba778b1bb3fe9fc28d33f40368b4ee5f7f9f30a4,8742
K183342,b3dad287b60be43b8e38c460ff24a2a37b13e9964369f86273b5d61a3324e634,10369
K183343,ea0e6452d51b6e4c500fcdb50c0bac30346225783e64be4f2b1e0a1c82506c24,8702
K183344,94af802d1f4d9a56f62df7641894019186a31f86c1e49be11d2684efbb35b2b6,11215
K183363,e0d49663e62f93c2c1ed3addea18f1a2c721e3a633651be31a8b527211ca899a,14551
K183383,05273d3337a767891b80ec777cb20db8f4f49316ba715e0a040e66cc6c5c4129,11599
K183395,067f60a4ef12b98e92d6242d88c07928feb181b1ca7e8b1ce2ffc39eb1ba9c6d,118
K183397,20b92a6acc24eca5ddbfbf70576502e342af1af827aa5f4cd0dc6071769be863,10812
K183407,e6550f39d0ecc1403e989f956385db34ec45fcb74df4ba4b8e5d9fbdd5928fc9,8228
K183409,5374676586ecdef1917fbc4fda1ffbb3afb52b325722d84d2d1377f592557623,10473
K183426,e129b7e4bbd5952931f5c5ed2cfccbd971771f2be9bd8aadcf3def68697fc3f0,12737
K183430,ba5f95ec52622afc69c7bdf7e3c08e851966bfc2effa0c626699cb9df0b96b40,11393
K183447,01907faa76f2b2e0bb65413e6e20734043e12b90a6b267a0d56abe060f3b9043,11441
K183457,ab158a30624a1fee08eaf4aac88b1dcb725ef5b11e79cf48817a66314a41d99a,11857
K183501,4b554af47dd6164918049817b35572d9091f3f35d8d2d68258648bb007106f5e,11712
K183506,e9a4c4b4321a5d3ba4e68f11b420bf1af31f87c5e61bdcbd5025caeede293e0f,9722
K183510,f8f13a08d8890cec5750bef222b8e17fd05e1a3f449cbfa1d9a94cb799dc2207,15121
K183532,df44e1290f57b678d3f1996f7e977a80529e87b66b5d440ca6ec54be5c67b441,15097
K183533,0fc6fbdd350fd9f33f4364d272da2645c58b9797ecbbd620bb30ca901a68c18f,12470
K183550,067f60a4ef12b98e92d6242d88c07928feb181b1ca7e8b1ce2ffc39eb1ba9c6d,118
K183553,4b6aacbd880e19d543ec35198215f85f36c7d1375195f2ff667249173bce7d27,16239
K183557,b99bde7d089be26d73f892c74a31b7f66792eddb52e374b28abaa94bc17b95ea,35410
K183560,aca25d13c9e8b3b1445c99929ecd84321a5c5ab9089a13b27feba5de7eb49d39,10795
K183582,37240aa754c92b7677275fee884fa98cc9e44823f1f3f746288eed9cb0247a64,10568
K183583,3e07f4e5968c38f856c238474a913f8b0ad341c670b8ba5ec6464ef1f06f702f,11797
K183588,18ddf79941ba5b0bfee49cd6e49bac55d77222e34d01469cce989fb8a7a000d0,13012
K183596,fbae84025987f0d970c9eba7546b99f7a132d454d5c327c6ebf8abacdb79e7d4,10414
K183603,0ca74b006cddc9d57a18ec1c551396845d9f42815d7d784771d5e229cff41091,8759
K183618,20ba8870bfda4d928c55e84f404f11f1f0f373e82ad105a110b16453f7a26bfd,9555
K183620,e4ff1f76e4d6ac33515b3b9534eb093e067e37751497ee3348516ea27fab0926,9854
K183628,553ab757f5673e5eab432bae4c1d02d2d3ee1c2d0ad1916c82edc2954f7e0f59,9902
K183639,14597e8c7f49398c819c850d2e8385b231428eee29047b7219349b3efa236d76,9513
K183659,7aed1acbe9d97746da2e0d83b0e1b4a5d8151994524c7456c0d30b506a02d184,9198
K183682,067f60a4ef12b98e92d6242d88c07928feb181b1ca7e8b1ce2ffc39eb1ba9c6d,118
K183684,08d5c7e37d49fb7a208d3592f5ad7aa7840e52b6e09808486443c8bde1e67b6b,12363
K183690,0ae119047c84d91b175aadd3ad01672d9d2285d92d3bd177b3427bbaa2d8adbf,9097
K183696,aff635f3c94ac261462d6073a5bb54b923de8aff65dbee89aa127b285472ad59,11686
K183705,8e048831d56e757a6f1275ee5707eae54446898553717027e4709055a9e7949e,13792
K190016,e50088cda343a497d596b9cc60f8541b55b27a2df6c8aceb8f15565cbf11912a,11403
K190025,eedde6891aa494ff9e63292d7cbc2d6accac74b15d1ab2949b0a4a15368b203a,10190
K190035,960dd62e349017bdf493e33ebbafae158c35fe155b9c65a46d3d103f909e331b,10739
K190053,ef686ca7fbdb44898f575532c2e41d5258f107a0a5f9f974c359b27644b61d00,8130
K190055,feff5a88bfca8022e3b5fd3bdc026947d363aaf7ce18ecb4fce8a3c31738f1dd,10781
K190057,1c49a61ff83e6558843c3b90d9b6812ce27802d78b09fbe22270e7442d5a2bd0,10202
K190067,8c7014c8bd24cba96f401368831d10306ea40c0c92230fa31acc8807c0fe25b9,11286
K190068,2e39be4a9c09d90dadfd8752993fed017d0ce2bb845748f9e0c715b0e643d8cc,12046
K190069,58e69979f0bc6d1f703a7a8f80f2a7d7ebfcb06b6c1a41fe13656767b995f7fa,14460
K190071,0a5cbffa7e41d54fba31bd58dce9de41bc62f2372d4d743da0f8b66832ce13d3,12533
K190085,1538e964921ec31c3360b898afb952c1ebd7251838ff953c963d8aa5fc4e43f7,13534
K190092,4df26c5fcf4970148751a3a514b136a4ea4de59ef861d821f802d8b6a292cebf,11920
K190100,ce5327f0387bb14489c716c1948323a829ab710714f15fb704f073b8d6b17661,15008
K190110,b6ed5167a28b7811596c48d5c56155a3239177030e770c1829b7bb8a44385d77,14824
K190122,f5292797935562df688ffe951b5747d05133fe4903b0a9523adee8d6fff95394,16712
K190123,67d6ab43c94f8d129dabe88ecb1a32f5dceccb6f1d2e612572120b6e151ef414,14549
K190125,3f2789ddf9c7e68b6811abc7a15f6fa1a0ad543d5483b0e1a6af5029b76a5783,10422
K190136,4f233fbb494fe57c59af3d4ab76285c53aaa7630a1a1e07f61024683fe462654,15112
K190143,933e096987c9cb083c05778d7c03e5a74bc039036049a5bdbe75b6a719ac93e3,7741
K190147,38942ff835ce245951414861b725a4e0723a0a8454a4bfa3dbb40907e16fa102,13089
K190165,f7535e860b57c09133af05fe075238bc30827ed94a8b83721347c841eb49610c,15409
K190166,3fcf1fe59fe355a82d78a1dd3e00a67275d25abb0f9a04bf7cb7f77f05fdbd8e,7979
K190170,28ba80727d97f26e5a3e1e5692c8d5e82539ac89d49cf2ce6b8dffe27546dcec,9736
K190179,f584d0399e0a75f297b258faa3107da21888f3fbb984a9296e2e726db8fae450,13667
K190181,a9ea9fcddc95ac2b9a4bfbbc9649bf208c1544fc7cfbf4c728931f03e12a0384,13014
K190193,8c2302ba4e72d8728433632ac63b817b90c78f6d96d9e5228a1d20acd1552e16,10963
K190216,0fbdf087abb1c5ff1c9d7bb25d528b71e4b52ffb2a5a3e71b5cf291fed04527e,11053
K190227,adb8bd7e4bc77a3f26bedaee0ebd326046afad7308c895180174a943cb1d721c,9803
K190230,1e746e1a305e2ebbd5a664376280d0609eb2d28e52edc3c0e71d4849c79201db,7253
K190231,bbb7ab1fc1e628c9fed3a61a8f3ba38523f9d8a8030a49fbd3626e9aa6944d74,7994
K190253,8c638cadc1b991e23a3a99bc15e4c22fdc511f2bbccff6a9b392d184f45f74cf,9334
K190261,6e8511adb4306e190dd8158144c83f86c230fc5c8b9adea044ca2a51b90a03cb,8452
K190276,e0cba0f9f4d4a180180252378e471c6306f584caa84d27100e8e814ac4a19807,9294
K190280,6923f9b0c03d913ac7b759a4b1a9e591d9c62fdedb0767a09380d86bd592842a,7698
K190283,7f56533a14d406e0e1f14fd405d357eb6172da2f382be44cff321d53f25638f9,12354
K190284,48d681323a446ff2b6bb230762946bb08f1f4232a665dc0431de83708094df32,13988
K190286,e6e8c16b1d65cf47897394cfe6de333f3e2ee184ba0e894ba1927d773939177a,21897
K190287,04fb175feb1a579e1a5eb76886851ddb5cb0fb315e63824907b4702e9a96ead3,8865
K190288,5e1866a97b8206880ab96b3c48f5b2989795f534e231273ceac21c923a448557,9947
K190289,7dd9540363681fd3cbe39b920deda823136abc7133e6309e10531d102b4a3b92,10844
K190290,a52f926e647125a4813c3f1aa0e2c96829fbeb9941f96c78eea2ccf9515ab6b3,14971
K190291,d19027716c6c55257ffa0ff535933b7cd8b1beef2581740b766b68b9bfbf1861,10759
K190317,067f60a4ef12b98e92d6242d88c07928feb181b1ca7e8b1ce2ffc39eb1ba9c6d,118
K190321,6a2b61ef7f3387a24b1d9af0e11f8101631c39047cd50198fedf024675c925c9,13545
K190322,1b19f3a60d66879d63bb1b2b58e91ac2a5fa322cf9ccd2c68999ff8934430f88,11158
K190324,694c1b602bd3a5ec1ee2164b61c6f89ad1ad29920c6c91275f0c2a7153ff94f6,17835
K190333,f172da8fa2412d35485b45e4625c0972abd642e6f8d715687106e689d4ff8935,10213
K190344,ebebd094b5a5f5a854c2d605c596785f01444a6232e50276b3c133913fd1f75e,12782
K190349,97153ea5e2eb32c57acb5584251be54ad36797fa1e72d80f20be6faee523a82b,10598
K190355,9992a0c5b01d3664c7e9090ac0b754eaf54c37f48a03fc693da5ad455bc54df5,10995
K190360,55befe7e7ddf36519d528029f475e9d9de28482185945f26edcb4680326a5347,11356
K190361,b07f5df571b2852dfc6350ea7cfa8ff1391e5fdb16ce85cc3225753c7ce5e5bc,7582
K190363,eb3a527fa00b6cdf6a520fcec530587850694835f7979412007e6629025b3586,12602
K190364,067f60a4ef12b98e92d6242d88c07928feb181b1ca7e8b1ce2ffc39eb1ba9c6d,118
K190365,067f60a4ef12b98e92d6242d88c07928feb181b1ca7e8b1ce2ffc39eb1ba9c6d,118
K190371,616a4879a36bb2222f0d44028dc0e92f28994f0d08454ec9c70532eefc09c7c0,11443
K190375,067f60a4ef12b98e92d6242d88c07928feb181b1ca7e8b1ce2ffc39eb1ba9c6d,118
K190376,f38fd15f060d806f58c7cba6386bd9885a3e79682df9bd1a18b3fe7768821cea,12593
K190380,82946733eb5e55b97b9b68969d42b85ef1f3083f1ea20fc31614f14b1051222a,10874
K190385,941f08d0cdad06560db43c730ddace50be3f85f6f82ffb7b6d2beb9c137cb03b,19250
K190388,0941bda9682b6fc50deb63c8955d08eccaf941944766a7ec8798a159e0ce0a04,10397
K190391,29480de3d257004de59f38dd8d7a2637ce0ceabcdd55b5fdbd5e67c6718454aa,9517
K190398,5cd0c4ad549192b836efb7e4a7d04287019339201022bdc160b0e9a97f99c128,11729
K190402,3b77933c0994912ee59e93b3969657b490e364c2379d4dd8922f07b2535df44c,19481
K190408,9685f590583ed6264f5a3a7ba55725e76748b404f87f0ea655143bd72e4e4d08,12611
K190409,cc54b7b5931742f820f4682f480f1fae59197794f26d77206f4b5abc3c77d6e0,14449
K190415,067f60a4ef12b98e92d6242d88c07928feb181b1ca7e8b1ce2ffc39eb1ba9c6d,118
K190418,a06bb9f6958a1b184ed1e021852325e90a46bd1dd845108869eacd1e6bb77a22,10096
K190425,e284b9e4773a10e460ee7dc0453833a8dd25f9b1d1252a7229be5d1640491d45,10090
K190426,7f5d59745544999bd2ff80d7b5cb40a015e39ab9d087c6a32c157c3b6be62266,10872
K190430,bd7e946c65a2cc2e6a6cc6d6a2dc0ef09abd055f100450c2fd1c25754a252513,11124
K190439,0b54b86328b48fddeb5e3377c3cb575200fe226b901105aa0463a6c23f53c869,12615
K190446,80044ffddb74ce1f63f2d59a3c2a455fc61699196fac05fa5b1b34e0bccdfc35,8551
K190471,da97123727ebd99f4e3888a890cf2403c5e87d29e8a1af1692213ab9e7757203,10914
K190474,e5c13c8d498dc66ac192f1ab4ec0f8700accf0fceee3a864d1fd019c5eaa72b1,13656
K190482,c2b1a971139b72be939644177e3bd38bb6c70fef971427194760c582d289e36d,9552
K190483,97abfe0ad0317a999f4edd1b1aa546557c8ac885e379c01d078246044a06ca01,12873
K190486,9d02cda30601c8406c215be1b1e85126a1a397cf39624f83404156cb44f9d1f8,10375
K190488,5744e624089f8e6a05e940693ff0c03b92291f3e7c97cc97afb05020ad4b3c42,10883
K190498,4e143a4d772606267a61d66357b0c14890835c65a571373baf671f4bec95c3f5,12691
K190516,a37bf97d469cbe5d012694d5c9146256581369e18edc6638330b7ce415c5225b,14159
K190521,6c229a4698ded8dc3d882133a11eb8bd764e3424785360ee11a9b68a5be54af8,5225
K190526,aedd90555405cad0d8fd6c51a9fac6b4f6fc33e8c23e58cb8f1531ce902fa248,15376
K190535,edf332649a700950fd06ccab2a3b0a70f661e171711603e8b9b17d10c7b23bdc,11698
K190543,534a5192e38346d5270e6b9d4fc569479be79f5f9c3cc232079cf85916796567,10667
K190544,ce4ffd4203b748d2de07fdea5c6dfdf028354464d903ce3a1be7db00a039d3f0,12262
K190545,c6a42884e7e8341482c315c823f74b5f5a15181f22c1f50508e2273b1b139a6b,10693
K190546,ba2aeb2e3f98c53647af736f3e0a614a72cdccbbc11974d618c0601f6e173e01,11309
K190562,d2114d77c7f7bd338d01ef6d3e57630f973c81d8299afd6c6b137fc3475593c7,14044
K190563,696a79bb1a6c9fd72db6f00c18e15921c782c6aa361f860a7701d9c45d78f680,11257
K190565,9b0cc4a7fe28b265af506702b7e0abb53d5c41b52a765cb888e808be9f1e3c82,10412
K190567,d5dd01a0703c76927d7824432c8a713c3b983b016653fc8ce39617f55ed1e8ac,15001
K190577,17d15782ba7541594cc74e40dc205b9ad58c480c69f6325b686769427558797c,10240
K190580,85fcdfb48487097dd2b04d66d7230c23e6e3172ca4ac11ed81748de0a3ffc0a8,9161
K190582,a3f01f2ceb35cfd7dea634c002b88510262868c7f66322fec79d9219da43da53,14205
K190584,5258c67ea414b05579f8d5b9428f64fdcdc3e1b899892c77e7c71b2669f7b16c,8687
K190586,66617ce634d5ba57944706c1b09bc05ca05b9e4bccef29f9081a083b32f297a1,10102
K190588,a1207300cccdbb6dcd9393677f9eb90ca40431edc50b0c7636eba8f27fa95c4d,9582
K190595,5fb3211e264fddb6639cfcfd267f8d3db145a624039566aaeaf0c06b0779dfe7,15033
K190599,d187afeb148b338508d9c41756f2ec9584a200360ac5a7fa1cf8971f2e66feb3,9799
K190600,b942e217c2fa206e3a3d6f6e5a48ede0c5a4a354e2362635d246dc3a29269312,7722
K190618,9db6bb2b810fc4306c2f1e137d481e21f113bc0bc4772fda96306c0141b1f0c5,10220
K190631,067f60a4ef12b98e92d6242d88c07928feb181b1ca7e8b1ce2ffc39eb1ba9c6d,118
K190633,8d07431331bb00274ba9776108e3e16dab5a74e5d27e78386d1d5343675d73dc,9001
K190636,4f81ffbd1f8c856ee402663edfa93e809ee43a77c22642795d1bb315841e98be,9725
K190652,6528e11599dff721dda3d0e3ac596e89a3585fc84fcae8f6ad14c07231c5aa73,11906
K190655,e4cb155de4afed56a9b80464aa077cc3f5f7886ed4724b2abef83d5e98fd4967,9983
K190656,e17f84cac25116425d25d61eaef3b0ca127751502c3781250c2cd889e5e55499,11954
K190658,a40ed3d4aef83dc1655dc9ce7e7411032663d9de850bbb63f10b604d39b1a9aa,12454
K190660,8d52797752e1d5858087ecba9fd5c8c9ab7c4cb19e45c0444145185f5d910c20,10158
K190666,202295e3e57b457812f46c310b45cc2abc4326a59d2b093f1ec95432129d30e5,9784
K190670,43720384f7a6667b9f0ab50b33a8cd5dae31a00a2ef2e6e8ecb25dd28e59dc85,9306
K190680,15e2ee3bed4134eaa8ee908c6aa52e4fc1d72327f3fb27ee12664d897edc4003,13000
K190684,a237e360eab96ca4c1e2281ce26571e6d96b3c84428ef7c87dc07b55dc8b3f8a,10420
K190704,b296d920c5f3b30df4ac0d309ef7c4b344341979a489b03c62523e1335fa4e9a,12739
K190708,cbbc33d0fea246e785c5d29a43bd0abbd3cfe05378f7504033618187b4ad61c2,12409
K190721,89a44da8ab2a4ba433f0b8bcfff57e6cb6e50bd85aca1109b6ceea322eda4024,10481
K190722,fac5679f24972b417633d24cb25ece5daf4e74677cde2cb6f665b2cadb1b629b,8306
K190728,faeecdf3bfc59149c5333a29e7aba33a08041925773d965454433d03332e376a,10499
K190738,6f21aa2722c692c772a50e451d256143ca143ab4b442ad523d53e686fda8aa36,13432
K190750,e87bffe3f9101aa05902b55805598389aeeb9ff0b24068f9f167499080da8524,79236
K190751,b996c1faf687bfe4b576072bad04e815c105630f90fcc79308752e219e34ee44,16872
K190754,19475a67012bb6ded984ec441ab2f679e16cc290d9dfb5972f41712eab2c17e6,11080
K190762,a92bbca9fdb31c6764fc337acc2c05630ff4aee1dc040258c2998a66dff205c5,12250
K190766,592e421a92f04ed744d996f1fe80718b3ddad57273bd07a67d8d2c69884c8dd1,11579
K190774,4419f2bc47d191e1dd296b2db313566a3b29638d80cdcf5681f1998ac9a52f55,14771
K190814,2e39c4dc29c87ed8667c7dabb600bd1c941544e6a70939aaf72495619529e13d,11325
K190830,ee734aed6b3ca65bd99739d035b78015a9edaf071e23faea5cc5df48ff32e365,11836
K190834,8e3310a4fc4352c46fffe4d66f239d6a6c36700589fb4ef20d8346bf8665de18,11213
K190842,f924e6a59b19af9d777d786b4226b5e417ee3944bc16b6d94090820367481d4b,11421
K190847,e61c71cadb3043526113b59fdc96d1fcd548878f13588dc551f52dc5fd12daaf,12993
K190870,c3026bf46485739d76d535cf49f93ea682875f70521bdd34d944cc8b402f49ea,10178
K190877,477c33aa4b36536de2fa66da74cb332b14f2a649dab59166517ae494d70182a6,9857
K190885,b897e2449f2b56578acad39733916b7eaa9cab764c185fd01d0c0fe621d94cd7,13589
K190889,3d43e82bced861b709d1c89a2f00618d7e97030a379c6f427d4630926a375faa,11726
K190890,f8fcdb57e096a3f80b79e57860d87f70a8701802a0da963d49cc39f729a3d573,12313
K190892,df514fe18328a8a3802b2c1dbbcff293cc8f74f6697883d34b9a2fd1560a9585,12191
K190895,09fd5f93b0e53e622feea17a84866ebbc45eed57cc73949d7d0c35c9ba5824e1,20316
K190904,9ecc9a0d5233d0fa20ca2ee80b6243fb41395674e149907ac2e0d728a430d498,13427
K190911,fcf2e0804783612818e7a380e6f137c5f860ed45ac20bc853755871a36d94a58,20289
K190915,261b908a355754668b22622f36d2e62e45ece5534da89bd9244e4607ff2f0444,10639
K190921,6f7797c9819635850f7df5a3a98d495fa44b40620ff9c4e5126f0e384af15ca9,9225
K190926,600f6bd3479eedcbd33074446e1739645234f400286db14d97af5e0d3b02b522,9177
K190953,f08bcc7508b5ced203686892af3a3060b904791e80f240ccce40b09f2d80db3a,9749
K190956,d99ab5accfcd63f510e0ff4770f8fc098d34513558f7e919729f052016e41809,13468
K190959,26f7e9201d7b4cfbdb81484ea9c98b4f76bbc0c1e68814fd1452c26c7219f408,14644
K190963,30ea097bb9c63edd89bfca8e2df1319fea2d2e57aa0f5340a75b74f5baa5db52,17648
K190970,b987d5ff983a8e01a119eee6a6bfc78ca12876a404e1490e240355dfefffda44,9911
K190981,0c8ffbfa124e3197a7560f69b70ba5ea50c958c6db6dfc2ca930c4219e52e039,11514
K190991,190dc07aca54f8044430d0cbaede6504995944b9fdc3bbe2e80237e2d5e23818,18615
K190992,091602d047c9b3c644bb36609721677fc60f1eccda38bab00338d55aa8af7c15,12487
K191002,30aeb8953f6f6d453ad9438fc5c0706d92ba7de66b1ea8ba73db9f535c0431d7,16196
K191005,b32c84bf1a442bae89aa4ff0ecc91f75fc4a05ae05dff3f60058723381780c01,10651
K191009,dae84598ff529160bffeae9b6649cafb044e86198755af84367f83765d9e70ff,11147
K191016,64c34934cb11b0bf9bfc168a129b74aa1ce268319d067049e2bff9628ff70222,21909
K191045,7a4012cd390d5708050a4128c533052cb9843baaa868886ab163a86c8beb6627,7553
K191047,18a7ab39b37dfe7db7d4fb65e28d651259130d899f77b9024c61bb313986d5c1,7726
K191053,ab4a404d08b4338cb94e984a963ba8ab00397878b9201a772ff46a4c46cb425c,11011
K191056,357cb92e049146afa561fb18703725bc20f74e5e5457054710f98ae3ba2d4b67,10424
K191057,4ec441c2bcdbf875d9fff55e7735095629a2699d3d82fd7dcc0a5f25c7e8e912,16812
K191066,7c1ce085e2a47ea02e4c627d436d7d620361af0d81597bdc082f3c09ad668514,11162
K191074,110541b027f251dd2a3ac41f1cda9a0e329fc5a6ffecd83be0d92827e919c70e,13330
K191084,2465fe8e25a606b07db9b0fe1453ec2a276c41f83f83af7ccb0f288864282633,12499
K191091,f432cdcc19733ed68f1ff94565920041837a21d4ebfa8d758db4cab78fcee5b4,9778
K191118,b6852ce7c6b1ce764937b7fa92966348a8afeb691705f9daf04ff1ec56d83cca,10967
K191134,80bee80db79d62edcf86bdf17689afbf0e603f4766b5cb7152cb814cf1905c3b,11626
K191145,d90194f7a30e2aafd76c7de43f628a88616a4390c0b72a2af1e78d86f71023c0,11796
K191146,cfb63837fb2207f935a491cc2aac4d844843b9e8c3d1f7aa82f355564104af90,18202
K191148,fe8b1ba5c2deb4b9c93acbd0b37b8843edf2d3c0b66189f4674827c1d8b2ae68,21974
K191150,89cca5b5e3de199b8d568341eb6c845c89453acde9f9a19a8c3059e9fa559381,10876
K191169,c266dab468a76bedf935207dc321f26d6874d047adce7c4e736274aa799a90ff,9533
K191185,2829d11a7e8bab4571a78c99117051b7a18caba639aaa86679c48b8337846307,13215
K191192,c3111f9492b8a27036ea308283bde8aa7be98d127dbfa6d5f275348dead08f3a,8382
K191204,7486be34f3285507d8a11237e7679267f0b531b0a99872b4c6c47e8b165317e8,10544
K191211,e8b17d24b03fb1dd299ef2f85f27a6991ceb6619b01d17396b483d136449a439,10636
K191212,0e1c8ba0487cb6281a0672b3cc4688a401ff496e1ac6423cf0d789d9e16affaf,41617
K191217,e23480efa531cd59d3b6c21e054ebc3ea614cd7cbf99d12570f822cc9a0d41a6,12397
K191226,33f9470e6085d15b4a4d5548dc1898090c29decf25c353047b98b744ab16c6fa,11055
K191227,f6d9016e07bdbdcc72b8da1e1638e10360511ec04df8cd0540a3c7fce673f9ee,8611
K191238,08b4b766b7fb08d54d5cb70f37be724589f7a421d4dcec6fe9075e67eebe1d43,11554
K191241,3873290fa9962c4bbd7d4a104955c263f0bab5baed4a22739b45df51fe83e54e,8773
K191242,e2c856876c91729645f9d98bab16786adf99135d10a142815ffe00972552f0e3,10042
K191243,f5ff2f23580157eb6b66148960ceaaee224244bb6655285e9776ffc49d51788d,11922
K191247,48172803080107cc96c8aaa42537cf6aed9127c7b34fbb14e19798b1a60c8374,20409
K191263,0fa1fc9b85ed763687c8f8d0eca3bede6404f1c3426943aa0aabc4ae8d3371e7,13349
K191271,203fe2e8ebf6755bf43872a0d91bf95005f2e7612da1736bc570f5eec3986765,21047
K191274,a19bd7c4e3c86afc5597ef92ea40f650f68e60af324b347c4a97d21a5a513ee7,18242
K191289,609e2c692a06a71645ad703ba80399a0360ed6a5ab39200d0d991ea9ed478e67,10584
K191297,545984eb5b85af459a0abeb0ca12ddcd6f7b0c3c83721102ecbe6450b2f8811b,10563
K191300,d7c626af285f4424925193201d9bb3c147c9ceb7e0377f3d1d46cc52140ec788,12724
K191311,86a439ba80848260be1eeb0a27422124c0a8b74ea7d9fb7e63368bcf20a45948,13091
K191318,3e80a6ce7c1ea801cae6765e949e3ee9bc405c0c1ae19f13077a0a9d55dcdbdb,15556
K191319,d2bca0598bd9c45dabf42dd1395778c65ec81c17f8ce80698752a3dfdad8dd46,8065
K191325,33356bbee7f5c024652d02173ca4702a9791f879a62ed8e92c7e6ba5a272bdf5,9524
K191326,28d73544f3c0595a1bdace9b7ca0726705e70722569a4f2d31d92865b7a7c0a3,10578
K191336,9be5084c79e8fcceb6c354d2936b624cd06a83c467b89822afbcb39924b12992,11547
K191339,d4d54ee57c1efd51ea3ed458430ad540e13b46903c1337022d12912d198e7648,11252
K191342,178b22847b135b6123e8eb67dacf7c6f2b28294ced5a2b27598dad7c4413f54b,7662
K191344,f967c1d106e494d7cba879d47018b3b2ae0387d53b085c1a42d42bd4d45a840f,11034
K191353,cd0b6fe4aed31850d7ac4bd9afb71b783152a7a19b67ecdb0dc158fdde7700fb,12898
K191354,8eedc4257ed310bc7db9cafe13a6bdc814a13e946b321ee6d2a83df06aee7be0,11424
K191358,cc1431345a66288c49596d62705aa1a1d4c881bb2bd1711701ab41f3f7e6b190,11913
K191367,8f115c7a989e50856cd6001971fb8de18008b301a1beb07f3e078448febfc60e,15804
K191374,71edfc59418414c29985e6230ab5107a8f3d5fc2936889ac659fe1b7b2f60c5b,10682
K191380,b3b42e03b7f0a933ddd8078704ff9ad2a6cc7e1e677bf19d771d7cb4fa7bb3f5,10737
K191391,f99d69e326705926664ff372095c8a7255790652e27240c83d880dd311aef91b,10473
K191393,09cd53ad289eacd098d078168643f6d0274f96045bb62b69c1e123bd1c13753c,10713
K191399,de2fddc9b57be5634ddda5887d8066420be5a8d234bf09b4f415502bb27bffa7,7787
K191408,69301c7248550309f9a6f5412d88f6428798f848703902286a6f93a85bb5f8c3,10572
K191412,24fddae28b27a4b2ad94cccd5c1942a74eddb7468633db05d87b54533206f6a2,13359
K191414,c7b0db7ee0ec5d7c1f3b9604cc99c439093185af2946411da57c0a306eaf7b2a,10975
K191423,083974469434ad9e13d5e5f0bd31e8ae408dba822e944cec426316c5fa0a09e1,11095
K191424,3e55dd35454170447999e931c766cd727964373404d7847bd59630c459317615,9506
K191426,08c10090319bfd7b1c6f78353b91f710d07d86428431da53de14d62122114e43,8338
K191433,2821ade7b2f15d4ca6f157cf6128a03849934cac0ba25a36b9bf037d3b7ab10f,16764
K191449,4bb0808326d2d5daaacf6a0735bb2d64adef7477fc87ba875b985f09a5b99772,10000
K191459,f3e5cc86290a5307ee7721d50c9502dce3235cfe2489c0c2feebcb8d04edd2bd,11430
K191463,aa9531242609742481653b89c37a2194d31102d0d63ad8b02c13199cd3cc03af,12182
K191477,ee42f325b6a3be1cf96e2f327e66ff838bc8fe7f5e717786a05bb0019a86331e,10587
K191483,928a62c0a17b8dba3f7cf19fbfb009964e4d023deec78729cb98392a560a9ca4,9721
K191489,bd79801f646eecfe50d7053ab1b026f671367aa89fd7e2ed40c9e852b0225bfb,12629
K191494,161034f2b385eb86672fc3674922b2dad580cdaddb416e003a9ad471d25fba40,10641
K191500,fc65e57d4c3a1aa3672c8913ba511e560ed3dbdd87e17932e8fd016468eab1f0,10114
K191513,6d30ee1bd04fd3604a1cbd1985d200cbc21025dc3bb0d0cde10200380e08898a,15319
K191516,bdcd2305b98a911f0f634dc5d00eb29701d4f7e7ed3f80e26ff7fe91bd89977e,10766
K191525,9983ed04d74d5408ab151a38aeb192d6e2494e7b43e427d51df83a879ebf6806,9932
K191535,91a48160db61a2b46d4554b68d42252a7716d0662e18a4aa6e4f94139481eda6,9816
K191537,d54487459daf239ce6b54b49cecf845502540d6697d7e48189852537dbb53bf5,12063
K191553,efe28676d36fc78487a53c43eed29581400476121399f1fe9842d05be0a0c6de,12371
K191561,283d50b85be94389f6139dcaba83a540b6ed060f9c31e4980ab2da93f34cd6e7,13534
K191565,0bb408e4b61c870978edc6bbbaf414a78d9f86cbfac90731018a59e371484683,12211
K191569,31364df373ec7f9c65304db1157765c71a9a4eca23a5c27df24007d511c76aff,10952
K191575,43ee21ed628a154653342e461c639d3229c7d522633f698d91b49caebdaba467,11428
K191576,7a0d2ea3396e757c4b2085f0f385943f0cf7f3233e24ffab92816e13a86d6fb4,14681
K191581,8c3e1bc1f8573336544ce52fd2641d6ad11089747b03de48dc9b75656df66822,16502
K191584,2621b92bf42ba0a380013e8a48d05e7404978b7dae119160234414d541952d3c,10343
K191598,f1ddb987abb2d71efc59544820a4c0e34a7a52a4862c271c9edf2e16ccb15b4f,7929
K191617,431fb0e31f6de1e928f36eebf8f09b561b3aebe12dbe23554baad846d15f3acb,11940
K191621,3d86d6dff8975ee3e7700bbce7fd2f0648922cefb40308d2b8d697151a3c774f,36412
K191622,5187e6b6397ea6f7804ba694e7ec93ba7d086dcdc484f5e8040f34f9350d7e39,8640
K191625,9c3e3854804d1ae14628ea87147be8ac919dba31d9281a46054321be62f28264,12665
K191632,76340e67b47fb92c4a7fcf9f4a1f3ec0cd6afd82c3bfe0bc0214197151acbf37,11115
K191636,9c53a32bc46565b2e9865182116dca0a6c10ae1b47000a663f4fa3c65dc50bd5,15141
K191641,b92ed7429fe26680453d59e43deb63dc01b87ae71a7f209ee2e1372f462380de,13257
K191648,24dae0286df85136967b586279d72b3c328de6059d560dc58a7154c254129aad,16604
K191651,ffd6f41cc0ab24dffce9f0dc6e090ec2f64ff724ee8c232a82ea04a8f8794023,10287
K191655,3c7e0876de1c90cf2c45bfe9773149f9933f6cc39feda0f010ffd64ebcee154e,12982
K191670,02785c5459cb57280e629d84ce28dde2470e5f685149d2b06ec7f9b96698adf5,11389
K191677,8526f3925258c7faf075e00dd3694c5cbb50469d9ba81f631f6536f489ad3d2f,11913
K191698,c4e778041474427ffc3f608a241a43858ea418a3a98b891a48084de40a8ecc13,14540
K191708,5df2b44607740f2475bac83f43c160734139601d2ebd34277c57e2ac636846ae,11006
K191709,0643554e512618e1b1684cd8a96d5f8faf2ba9d2fa07b48128fa4932e720b2b3,13783
K191711,8805f74d1d179277f9759e9074238594cf663f5c05b7d0dffec61e5049df3ccf,9430
K191726,f6f79f3b26af5c12ee61311d0510aab476ab8549df0ad23fccfb33885554c5f5,16819
K191735,747887ecfdfaca534406b0695acf3964abf503f9f77608ab1147264f587eb609,11701
K191746,3a6b04181c7da313ad1a244e536df606b2cf85d22f3ce3472100db9a1c97537a,19848
K191748,3c7647dfe9a42047a7483dd4e96b3795823e63e8838daae84086528d70e3090d,8608
K191755,8f6b61201d2fc6f8523aba724da4e376443fea06001c85a830bf8609c79874d8,10415
K191757,61351660d2d7d7b12c2746bc4f56ee843eaee9f8e2c6cf6ca4dc95cbd4fedc32,9890
K191764,a2d43b7d5670d57206f3dcae8b8e72f38ae9f4dee991f44ee0862150346018a4,10836
K191765,ce3c9a4ea18d7bb7635aa7068816ee5e8153c83bf208561ca8ce33c024d5b610,10691
K191771,001721e6c89cfc756e02f58aab79301a55a95295f9941d864de07b52f507d931,8971
K191778,602cf8416ce1477f3aab56901553732da95fefe074185529153f8b32aea5e7d8,9938
K191779,57214b02994dc63088b7184f7ab0acaf8527a9079789878cf4f607256e209056,11675
K191781,8b87fccf803544e3ffbf1f5d63f3893e970a4df995415cfbe31fb4d6fa402004,14323
K191782,e116288dd8072b2e854449e3763493235d7f78cd4dfd0893b0f82fe2a15dbe5a,8656
K191783,4dc07612266bbafd9c75f3febfed6ab51405594a4764518edcd0a30fa8fcb7b0,9466
K191786,1927e27f95787b7c82bd745b9048fc43b31f22971f3706f1f8b352beb53dec20,11323
K191788,333f8f589f827a25fe46a6e7e5cd9fc9c78c45ae3485d637937dd6737f26cbeb,21350
K191791,e1dc634b7504709dda1a8af8fa67dca457eb6044537639d93f071e58efaead0f,11157
K191793,a06faabb1846a59e6aa1266aaeeae62c81493826988945d1570ad0e0a4fd6c28,16682
K191796,06a118fd5b245b7b931b782a3cc25471a846c679ecff9a9d7e6ce6ca83692afa,12611
K191803,4e424f77f1ac338fc4a19ae1ec4a3e4313bcf0cdfccce7f1fbf13f2e71f96f8a,12200
K191810,d7f60b77ce2b3ce7ccdd5ec5e0834845cb3614371b258f5bdbc1db2a2ee6c80e,10146
K191811,eb8ff02500128b495983871d224c27176a4e7aea5b3183bef8ba90270f15607e,10432
K191812,18bfe89eb9d513a2ebc0ee42d9154835fccd2ee939937dbb93d5334c9d74b334,10975
K191814,5451875c0d1d2eaefcdb74a34b2c1bf2ce34d88489a3b45e93b688cc42643d5e,7999
K191816,6efbdb9540d2cf0ed6245e131bed6a0ad7ddfec32a0c1e46d24100fe364ae78a,14575
K191817,0eaf7b229058763bc94de2d2a3a01b667396fcacb091ed04ab2a261e41c234cf,10250
K191822,66ee025faba7d6fc624095349d0ba3516f3260d3bd67b072fea0687227d1fc99,16547
K191826,e4f25f9fbb610dba52f8c3c88723947454ab43248351acd85ddeb8d432d1971f,11716
K191831,e86dc22d66fae1cae5172fa2ceda25cc2cb03e3be3e37d4c65ec7ea127e20432,10147
K191834,686bf4b5d9ce14ef74556e333adaaa0272778bf4ab320efdb86ad2e1e6dbc793,11650
K191835,4b8709676d41dc4f0eac07b2690aa7d8f923f946c2583936905b7ff12cfebf83,12415
K191848,005962fb78fe1d1f03264f5131fcc5c0e85c196d05a21f8284dba47d3a288d90,13079
K191867,121d6e70b92cfe3e93e20052e7ff43e720b66d349fbe21509c2fc8cf154ff9e0,9281
K191906,b5712a8c364faefa4d6e3e6eb6de6155f74d777d408fc0ac72b7dfdda5318333,10923
K191927,e858343fed1dfef3b04744599f57d02f8414db24e16d2f82d584eb05463497c3,9342
K191932,ca66993faca1f40ee06940a8edb7d6da7947f3a073d8254eb04748de0815c81e,10299
K191936,3b4032711389ff29793ab841e2b2e0a25d99ff4e6b3a6f8bdb1db1c0c8f8f176,11761
K191960,81df9a5aff18a1fbebf9ab21c1f7bc021a2e2eb1583f67fa75119b268257cbfb,11065
K191963,63b4c37f683ccd90e53f56f3049a395a05f00e11365b91a1e9543ffc9e673cf4,13110
K191966,b1bd0980d5bcc234d352e6596f9d4b5e53b688513243c0d70238701d7c7a78b7,7429
K191972,33c99482bf7e42ae874942f70bc641622475248b1fe6fc995dd03512405161b6,13114
K191974,d3a1fed8a3b90667ac2188cf9e602c1d8cd8accafe636e65a9a0609a45c6fe3d,10688
K191981,3493d78dc79104d194dbaeef7adf8dc942924cacd6046dcc60d918321cd81417,9183
K191995,f24196dd15fd9f3afa0cfb295a67a2e296914bc818f960bd4f05f9366745aa52,10469
K191996,d6e947f90613310c37768a79c2b4b255dfd20084551568ebdd82a11f5e07aeee,9900
K192003,dc8603cad2d48c5d5088ad112e978f1ce4e20879a31d4ef58fd63abc73f14799,28842
K192006,21d055ea7f4aeb71cfc81d73f1b5536c0dccee44a2d22b435e1118733c30269d,13422
K192013,d82d0b996c7f816ca6ed6c8eb68b0c0937640255409d60cb83a9dd85e3997d3a,11818
K192014,7591e19284e3561d3e7bbd9141d1fd1fcc022da45793248ee33f122690ad103a,12318
K192018,83b29626cf2fc9bcdf51240c7ff415cf5e8b35b98b438594c350ba114d3f2792,34422
K192021,16dd6bb49c5dce018ea19016c4c600f6d1951bcda1fc0a254f98e9d3ce5a83b8,9759
K192024,6c9ad3cc746438421844dd129d60a9f67b0508cbdd742c59df5df6cc560536f8,11190
K192026,e861a491b730c89903f45f848594dc5f9e3d08d1af528aaba2b209a0f872b831,11523
K192032,9e5d9911556e29ac1d0db143393b4826bd87b48ef4b4db183ab369c927aceff8,16253
K192041,2624bd4a02ef4bb88df615b807c1413ea8b0e37aa202490078ba24bbcc05bc41,9173
K192044,5f12d78c786c1a73e7294f4ce68e424bdc73b18c624cf5bd3400b601d807a789,11043
K192047,8b490838b067c77f4fee3928d894927d94ab576dd4b0dc77af94a3d32b06986b,10073
K192049,8a78bab4250e24774d7dcac6d061414a68b5daa53c3ecd0951e3d034a3228285,8600
K192054,4260d42eefb419eb8da86ffdf1120744fc42bc9a2059eff5da6b5eff71e07363,15534
K192071,36c3db41ec7dd21667a495ba0ca6d918f571ad52d73627e7a24e28b68d066506,12602
K192076,44317bc85521a82e0644a6e68db9e8d8dd021ff119fad9fd34afc21dc8e4bb1d,10521
K192084,dc56744896e082c92470af58892244754a2951d29ac06fc9add8f2c62ee4d52d,8461
K192096,e2583ad6d8fa59a30bbd24e9b0efe4ad3b0c7958b3cdee1cdd9a2879533210f4,8487
K192097,35b5d2be02da0da2ed61a466a24acd5467cb866366988f57c856454cd9debe6c,12558
K192115,87ff4481257d7b442c8ee937efa5e89354bc65d280f0682591addc22ac7ef630,7991
K192117,39ace5988c9380bea248c466b24f51c9690881be7e9dfff368e429333e89c7f2,10498
K192121,fce3ecebf49421fa37e3d073b9a3104153c65066ed8f2a3396e90d8f9c82bb0a,9753
K192126,9d7b5ebe9f440e53668384269bf9e1594413c33fcd0597792abcb4d84c356fcf,12430
K192132,74a4112068cab0fe4d03ef0fb41f4fce810b3b660cf4e61e00fe7b6b71d2ffc9,9199
K192145,4c732c7f075363d950816d8ecd0a968f920e7bdc3be12b50b8b9be8ac02c8f48,11378
K192163,5e4c2756a4b80cbf914a33b4f045758a3947fe31296794b2e7b10aa3fca6bcfc,8584
K192168,e22f862e8160b68eb8320089d35aae46143bca5353c7f3489cbfbfcb7a5a29a8,11420
K192181,e3ecb0990b38a5ad8f9f3d3dc05338ca3de7bcfb2f53f8619efd8f46dbe66a59,16444
K192189,53d52ec9a472c7e0aabac049ec936da76ccc2dd1ace28b2775c8ad02dcb2f2cf,13120
K192198,c334ddddc72668de687ac178e1fe3581ba717faf06dd8f9de35049f782152d21,13070
K192206,178b69f9041618d7a68c4f931081f21d2b4f59b1975aac524b00247dbab931fb,11024
K192208,b689736bcc13332ac5c8f030ee58df752715f3fb39df35aa6331a89935d86a30,10210
K192236,4648ad5c0708cd015238e8c124f38fe358efa8bbba40526cfbae1d2d1ffd2652,9465
K192248,c9c4e37d7456d4c4aaa060a873587edfd5167040ecef114ca90b9337ac5b17e5,10973
K192268,4b2575517ae702e298e83d07713fad07d992be844e3256630dc1e398005b7e06,10451
K192297,1e1648f2306e279ec50ed9ded1e1d35712ab9c4c683b456b97941641a3890351,20702
K192312,6eaa56f520d03c3a21f652af28cdd3371c7971c61bc3d923d58bcb8568fd58d6,11422
K192314,8a4b894c180f2c65e1f23543c09b1b89a728e881ec55055114e4c2b7e9838c91,7681
K192323,53655b1accf0f9411be9b2c7527b48c7af6a5fe5160cbaaf4a8ba65eb0804e6a,8750
K192327,56221df57316643b9089bbcdb0124b039a69adc9f4f63d7473f4efa7699ca289,8451
K192335,7c725f8b01a94a55c8ecb170080266f8dca42f20ed2a86cee2a7a7c94df2d7c3,11942
K192352,6ab96f7067a6e2720986080ff0484910019abfb265d047ff84409f1aa1970589,13110
K192354,08183f41ba6f2c9a4926565b750f4049dcbb2ac1e2b3d675a2b8a40c6f364b3a,11883
K192356,f63d799cd5c01898db5f123fba0c2521400d9e90c1ec6dd47348dc9a48c618d7,7164
K192363,b0a2b757c41088cef2bfa9cc4c608e7b14405fcfd0c8f521480e30f08ba0b67d,15386
K192365,364252d0df6de5ade5d66cdbeedfbb462c132c49bb8cbef8870fb23c9455f551,10584
K192379,470246ae848781a583bee4f0505fe0cd4ebf77b872d0dee59de0baa5e4e69d89,12343
K192394,ca4a6e7609bc865e4228c7c21b0ffea089520c9dfc8ef12e68af6b7e6a055cbe,10046
K192396,68327b087f4e136093fc2a42338d6c31e9a8a555e37c69f021189f5d62c4b4c5,12327
K192403,8428cec6ff33f39342c63a86bdeb051f1e258ca0825e83f41054a6c8c032afd5,13713
K192416,eb37727a8c4c36ce96da1221200e66fa6b35dc4203a1fed5d166cc2afd2791e8,14758
K192417,da5190e0ca4200834c825aa9bd6f36c553e034084b60e008a101b7e62338d929,10644
K192428,29de273aabff5e175e5cf05b446cd80ac54566c3daf1a449f2aefeeda7d872d9,10271
K192434,b012d03caadf00c45e3f12c476701d736e4e0aa159a8eb02666be88ea38877f0,13663
K192441,4cafff3994894c3efb3871c4fadc27af52ac2980ea0a0f28898bab6dac3b7bc3,8941
K192447,6ebb6a885fd9adbf5bee5ab20ce661acf8430bcfdcd9a83e0cdc96bcf2b77bf2,7506
K192448,788a302c5d4caec788b686f2dfe62b8849e11a26ffc2abe6aabf2ddc57c385b3,11416
K192449,1d751a39c3e62b80fd4071f3bfa328ae1a15006b3f29988ff40bd2c533663743,10490
K192450,3cbf8e4abf2e14f68581cd06b48e64c68cd994a106c126177d938426d8b8fda4,11423
K192465,c0c551452215a334503caffce796aed9e692cd4b28dd5031905c1b7e5408354e,9022
K192473,26f5f0b33751acb6a0f7e1ff6f375ec9794efacb98f21275a58aa0b008b3be82,8855
K192481,3ebf5dfb1fd0f53c78347111589ec61a29d9fab8215103cc605588babecea243,11511
K192484,fcfec985476c386175618276cfad378f507a9d0e56af3e37caec84487d8d8d5d,16085
K192492,6c7f1560a721c06495affd48911511309e01cedae445de41f46e6c95ae8fc00d,12020
K192494,2ad3192d30c1ec792a3171bd50895c1076fffefafb8b8b5c7366797fedf0ff16,10462
K192497,ef32a7358a43a4ba0a2e46624b5fd3e583823130752a529f441468be5091dfec,11478
K192502,227a547021fa4497d4ce4184360c2afc504b8561bbad9bd4d4b7aa620a021831,96667
K192504,024be963951505c7c28805cd92ec25f711a06df3f7d0727bbd830b8bc8c73f07,12292
K192507,81e99479c9a127d8a7a53d5956c9452835bcd8234f4bf0ebabd5ba018db9b8c3,15424
K192532,5bff36cc6c8161576811ed60f8c5bd730272052c53a4a9b613b7fee6e0924819,10867
K192559,ec2ce456166a0465c412622dccd986e8307eec2e11f8202e044f02b6dbd6ac46,8564
K192578,9ee5e1608bcecba515aac415a29d71b4053a9046b1dcd6df58c97bd2ea38604c,9279
K192582,b934fa567fa062d275615f17204e0343726f2beaaca8d8c428014d7c79f569eb,11250
K192592,74c45b64a313f21b227655c7665772b89df4644db7f58d9f47eda45e08653145,9580
K192619,eaabda56e33f8f743da6a3d21be17e6501041582389fd26070fdfd151c6a00dc,11499
K192645,47f74a9c5b37a9ff062357472d208ec7a6e38970dcc4ebff9d6247f7cfc3bd45,11280
K192646,c2cc6ae849690185e8bcac87b952d46a21bd28a4f2954a40a38b50381ee2a804,12679
K192660,335f520ce5175deea36d99181a157c68bca5b0db867900aa1db8050900fe8372,11687
K192675,dfcfb072520c0e67394bd3346db6f3aca48f07f4647d3524ba9e10f3d937158e,9419
K192678,0c782f9f124408df3d3930e924145f9d2d36aca6a3babd47867fe78544b2b4cc,8628
K192680,2b23404550d550e5af0cf1535d4fbf5030becf6bc4759f0d4d88ad8e2cc08994,8176
K192683,0a5d7f0d2a59fee0f4f98ce9103440b6a32ba91d283f5308ec53ce208db75a96,12878
K192687,c615aa1dde1be155f0f47c1697e28f9d7ae71beaa177dd974c454d57055de03e,11404
K192696,ffc24f9e088890a0304aa6956bdf97c110263d41688bbe1eac8d71ce2ae684ce,10985
K192709,4b5d9f0ffeaa07a7462791c4a42d4e3c5c8e3d042a99a0f72f338b97c74b5a25,12747
K192710,e737c399e554a59c3fe198412490c83da86a396ba202e8cb6ddcb038aa4f2b1d,12421
K192718,f437d0fd3e4ac10859204c295d1667fa636292a1720e4c1eacf95c159753c181,17784
K192745,6d13604a9fb7cdb95eb01a382f07229af5c1235b093a1ff8528fa0a23fd88b01,86194
K192750,fd2cfee8e9a8930defadf83cd84f6cae7f0dbb34778aca7a7df7a85ff779a969,8715
K192754,db18a0455ea8c7602fb4bc1592929185fc3377ed48ad4da525a42895fb39f02f,9532
K192760,f59f243e29ece950b222c40c40d3ad8929d7adb6199997c28401decbeb5f6322,13377
K192768,67708f4c4ae51bee5ac9331524e7c383a6d940c22de8948efcb25252e840dcd6,9687
K192778,6c0a715bb7fa997c237f69384da42f8c0dca12b1e1f5d92d935e0a283f9d1192,10675
K192792,04e6f9cdc4ceab7df2e718d4314b6551a119ab4ecd56d628acaedb71817a3272,9926
K192798,ba4aaed73a114cdf1c4b5e9b811691e3e7ddb38c4cb83ae6a348d353ed0196fc,12703
K192799,a2a41a2e4fc2d1f2451277f4edf49c2f73a3f6cd12b4385ca680a22981baa950,15308
K192800,c57a87223d2b18618c264c06a992344eefacf6a29ea33c0fa3a4acfbb5742f7d,12628
K192810,41e564a72b4b3cbd403b4ce347060409b58cb7246e992538f431a184acbd5649,10290
K192818,9b03f40f7adaa3ebcc7146cc8e39c166f04520ac9e2a1915682633315c1e197b,21257
K192824,b897382ecc8060fbae131683ed026bad8d8e8209578c92637342bd42bdf1d04f,11388
K192827,58c2864262fdafad0684344e0e6fe34fb6f1146e3d628c6e7512b83f0d137618,12253
K192855,04913edd95b74167243cb971c80ad881b739adbabbffc3d99ec77a1af0dcba32,14311
K192863,aaf2987bc143782627dad45a74c6e7d7798bf2959e0e947441fcb8557d84b8fe,13258
K192883,6cda034fd1e589bb1b265dd53f693db7581aefd50f975b88a34d6ed9920e09ec,13070
K192897,15920f7ad2e760ad2567446ed1ef0c29e43603dabb7fc7460b7c54bf96f2722d,11665
K192906,9f33920590e625e4bc9e4d69ab00605fa8b08dcc6c1db5126f206c2c47785506,12726
K192915,721efdf7dee3c809d8df5d0b96fbaf48078902b9ee0b602a1030896e824f34d2,12694
K192919,59f1910cd21f3d8268312b0319f2409639b7b0719528927a584d86c1fe3eabd8,14770
K192930,d4573ad8f3562baeb1558a3eff86752acc33367682bc36fa3e1cb9c3ed6d37f4,10584
K192938,8f4e0848afc7d38c31388628a60eb88348171f6bb135e8475824297774089e7f,11880
K192942,4242cb822300c4fe7f4d5e13a4e8ee4ed035e91b4ca15316b9717aae579a13d4,9878
K192946,e8298344f41af9c3e76d9f51578af0943ddb028bf248817a4039b958c535d16c,13486
K192949,d74365fac4c0af2f5577a84cb75cb4b1dbec6b045561bcb2ccc5fe951c16415c,30415
K192964,e26251a7a9eea3462feab4dd3bc119f53949298cfb472a8892eabb222da2527a,9742
K192967,6fab07de40ae6fde9e1846dc7197dd13bc1c3ebe9cf9c10685596db5cd10f720,15013
K192974,80a44b0546c13b9c2907aeeeda4fcd53aac003598b76bbf3665e035147df9c82,8171
K192975,902c2de33a60aa39e59be2b0f8ae6d7ae9e6ecba3001ca89ce18ece2e1372067,7789
K192984,4832b0acb7905959c15bede20ef51f9c917f387ff7e401a475b65a4cb545a530,32996
K192989,1a84de315da300926aac862d6731b5a0ed9101c60ce8075e5b379672fe78cc13,11952
K192993,3f53e73617583901f36b46964a82b0a17570b3aab2c3892b6789d016908c6fc5,14030
K192994,c615273b856f18ace9c769d9d5a0ceb10e873a20a492794e3ccafddfc719c6c4,8411
K192995,58300fbb9129ed650f7bced7a7b8bd0342d733c70ef1585911a6670dab7c88e6,12975
K193000,6e8c6cc8e2339f72f3875e295486479a1bf4716abf15b97ac803c1963492ae2b,10260
K193011,cb96b6369e92257fb8958b7a9e7366e2d9c035ecebb3619b8baacc980f6a39ee,13568
K193016,76bb28bd3abae89b07e7985ed0a1e2dcce401ebbc984f5c2a0d410773ceae58c,10718
K193029,b20acbc28a330443c8ba0ad29b0f61f6ce3932713d0447baef139b0daf677d03,11513
K193030,1903c120219e91a5d4cdbc4ba68f31a44dbe14216bd50dbfb1932d101905c050,15318
K193038,ce82b9deb53e463f1852f7ad5208a9efabd5d226bacb87b2f2fa5487eeffe96e,12289
K193040,e5cb76d585ba7d3cfdaa369b115155d5ead516c0fb7ed84d19c2ec0d47e92c83,10204
K193050,df86061aa856d2e1507968d099144d1a565c41ce38d6c59340946d9f0829a8a6,13836
K193057,39da607de5a0ba6f7c6ea11e9dd8a68fa48a42d07fe26a1efcd147b60e8c3dfd,14821
K193059,4eaa133c646316e0f1c8d2604034996e5985c8a9997cc8ea833397239522f46e,9866
K193061,59a62cf1120ac2fa722fd467ab88348980a12a235c8ad7d206bc885c24681ed5,9863
K193067,3d16a442cef399678a346aabe0e92343abe84b1bf59bba6b7494ab3dbc7f3117,11345
K193075,1e72e3be4d6d51e85f72024a54a6401eb257efa0f64df2018a0593f02459becf,21879
K193083,10cbb297746581babb57cd6d2264c7372c3919b3c32fdd71ca1d0862fb2dab2c,9720
K193092,68c2011a1da487637e1f09a577e70a6b546fc57cd985a16dc0ed2ba13a349e4a,8721
K193098,5d658dbca636a6b58e94e6dcf1bea4c3ce5c7c13c0b8a37210bbef63f11e8cd6,10796
K193099,62cc27c221560a7895d8ad1b56144228b13af238b89ecfb37fb3b1c02aeb4d71,20884
K193100,6dd17b1754d5215d94a4c886fd503d90bd226d3b7e10ba8d651a8576f91cec71,11361
K193105,d372493689efeccde3d0c17c0539ec7b737a4ad624ff666912b937c46df92ce8,11663
K193106,336e14957e877749644341e213b393ccb28f71fabb166db02e39aac708c82bd7,11786
K193108,75dc457b7bc67e316b79de77b64b536ed8ef45e5072dbce07bff5c179204501e,12868
K193122,69a17ec53e9f1168b02e28b7357521a64a6c99ac1c2f984bb9b4294c7cf1366c,10519
K193129,fc4bcde7a542a7f37b828233f846f98770aee4482020654dcb5c8e2f66862ac3,10283
K193153,809d9b0a043d8fe8533d95e3785569e1d75f54b412da478921c38647f5e67f30,13829
K193156,454ac129b60a4eccb5d9e8a5d6fcb73dd7eea094438341c81fa5e512f5706e10,9426
K193157,fde5913e9b675852b85702c94f2f6b207a2eff190a4f2bae6fa3fdf8dcbfca6d,11089
K193165,dbdda1607e7bb93a1194dc8d09a6580aaa9eba1433fc8cdc879bd316511b115d,10390
K193168,f5f8f859a37731162f49ba470bc11ae2299754f6d7207a2d205cd29593b9c9ac,11256
K193172,5edb178129e355c6bc7860edd1f7ad36cfa1220a03b0752bc1d80648377426ef,12241
K193174,96f19c73b695cebb431e0cecd699d50cb220a7bc69bdd84676d63adfbf8faf10,11965
K193175,957ac9214dbd012029c21b00e9e903ad54f31cddfd21fcb95bff9d8861c25cd6,14783
K193180,cb83ba78d7c000753eee760d7425b6e8e819a3526e12c4930edf47ad394785d1,11250
K193203,89deb953ba44635bdfb3b8581b8d9abdef9090bfcdc1a24454dbca36b4cacd8e,10249
K193211,c95ad636121a670577cfadb2c54e9eef4fc20ed18bfead2f9c6e46c9585218ee,11015
K193214,ad88159fa13623f8a1cb5421c8a911ba167008f71e9dedf482a820e9156a8c4b,19838
K193219,64afd9c2117dd0d0b5490e85b0c7ade059ebba17bbc50a6ca0e43025b804cc52,9950
K193222,00f846fbfedcda10650da67cc9db612b98f580548e3fdfd387e65235bcdb3072,15592
K193223,888657b43d6cf98bccddb5a6ef89a56c3241ef564b60e0496a3dedccba9e3d4a,13493
K193224,3f311fb36553b3a3382113f7cd51dc5a414c7f23c52089987091faf82460320d,11167
K193226,f3a9c1aeccdc763274969bf1a8a7969700ab6f6c6aeacb74e216d53506fef09d,10220
K193233,96944ae5f5c3d32ea249aef2449ce0a84d3992ce96b4fb93f3813e5ac0047c3d,12208
K193245,3b8fab1e69c387747347bb9e31a0a2c08f027df8a7dce64306e6c9a44d61e231,9556
K193247,a2543860124d64b311d47c636cfae22b788d3abd9614f5e7a423b8654dae17de,8890
K193255,d46ff0e2f0ee2d524f2f75f3715e9d14becce7efeb1246ee9f1832c8ae94a863,14672
K193256,7c4161c3437eca5b3d61bf41bc669a15b87888c9b5b3ee1f95ce067cf64c6e16,14220
K193258,cb3007f1f035a6713fc8fe42c4c2cd30d17284c714405a2843c13451def37614,10470
K193270,c868ebaefe406c47ec76746aba912b1f6116fa32870104eda18b4391eda4b3ac,11842
K193284,62b7496bd28310de736805167e1199290c14f14c99b992a6f3491fdda6e244cd,10494
K193295,e10f8332336f2a2c8c7d271584eeaf82bce5273ddfa15b09855f99d0eaac39bd,12154
K193305,427861ddd2e612561f7d975ebf1bd171eae230f59da1acb1b060aa2ca5b02fa2,9745
K193308,4ae72d7d907def2b9a1b5b5ca8a714157985c16cf54fd4b64ace2f54ed065c4d,14947
K193312,7159bd9b7f2adb67e9dd133b85b3c939dd19864e0cf791cc8e312d8237996307,15108
K193320,49e98d1e72b50ca594de1360bc46f3e38efa5a14c88ef3b91c26baa4e962dc9f,13352
K193345,e74f0d97982fbccdd2895b635ab5ecf42550f2b7008f08231b7039ec9d631b05,10073
K193359,1752da8ec894c3b3c90445afd5f06e5878566109ad3398f4a517edd7b0d14bea,10559
K193365,18c7b07b0d1c316efb3e3d73173f15ee6d7be64390a11680bc9d70a7c35a6767,11116
K193366,bd97362294261ca318909e753f121ec09f6e4562a427bcba06f84ec2dce7610d,10000
K193368,e67a6fbc8381b360dd8b05cc513f16fed7ab988f8e8d1b1348f4d81d9eee57c5,15170
K193370,3cf0a399fb94101348d4b319ea38da2f056e4a460f3eae27e6b8072ca1457e6e,10745
K193372,30d585ff0486732932a0c8c5cc370b53143727f53d030edb4970a0ac76d17b79,10623
K193373,7837e032f6a5009c9eeba7e2b416f4352fc8e5c275d6fa86fe5c28ed606fd34d,18509
K193377,f4979078bc3308a20e49057e94285a2d32ecc6aa9cf49b5103bf110528ddcd81,11093
K193378,b4c75d36020f29fa9794fb6de26a2ca80566ded7283bf47283c64bb8619ccca1,10518
K193394,9d07c1742eac9910fda8152e87c824ad18f0c3496fc5eecbee825a11ab8145dd,18178
K193396,be1bd889b936736ce6c5feac690d6092cc26dc60cdb85ec9afe0688b99376edb,11103
K193398,19fcef4d0953b1451521c9a449a0996454970bbc7512abe897c2bea65a94828b,16156
K193402,2949378a4584373f51bb68c39575f78ce4c48b272e8715170c86f08756d2501b,9953
K193412,146b2bf44f8205d0a74bc461540a249de50764fd04622a068fb85e9eee1d4a2d,11609
K193414,dbf25e10dadb9d6186633d5034150ec796a6a9041e5a439891f76396492f9366,11311
K193418,273955ed755ca958a385b5f48d4c97e6d99d8e55be19e79bfe945ed63488d5b9,10924
K193423,fac09bfaa43603de00c577d797cdf557882553160253ad2be53ffab84313d9de,10073
K193429,c83eecbbb2c856ad2d2568488a2e3e0e362e460cda7c5f0bff6acf7bbae0913f,18249
K193433,ad444afcfc979bad02b13dfbbd799bc392244cc5bfa1d5c56c2a7bcbfee130e6,9109
K193451,4daea40d511e75b09d4514ba18ffdf959e243e4e2530dd75da27af0b455edd47,9252
K193452,488d16ae81b0d7df338df54598a5a48ee020362ff03355c5acf1b6b7d24bfd84,10870
K193457,71a40237cdf3f3eca68250e8f5e64350faf72f11fae811c924df59c06640fd8a,10913
K193461,326dd916d4bc6af86a77c90f6db60e44ca4392c64da3623e7389fc67f7e081b1,9282
K193465,e47173656c3691d195838bca38227dbaf50bb6bb4510926f79d7bea8c1475eeb,8899
K193468,c2e0146b39059b189815e32c8819ed5f071020cc8c8397343ed22fa7617bf428,11333
K193472,cf18d2d4f16e41f36af47b0e6b9e48ec74fe892008e2f659979595b261399a7e,10435
K193479,e97edce0799e14e0a2aa78859364ce4226b3c7319a5d2b9dff0b6c57c1d270fc,11098
K193487,fe6e2a26f96c877085b069d942fddde8fe8a5c4e99555c8b751edc6e40dfc1ad,12315
K193491,e68b4cfb65326e432744ace9411389aa25233fb19796726161e6a17b82f64c2f,7819
K193494,1040abe561107abef4bbc6e7374c00f8e9b779021c1ff7d495cb325e04f4463a,7742
K193497,10bd8c447aa6577d402867ecae3707364fc1cc08a4c0b45cdaedec8ebbbce991,13945
K193503,f1a43e9318b7022d6d2cad43dd1fe1deb85fc30ff79321b89419f1e1f4a5a07d,11655
K193506,0498983302a50738478d33b4d1a9a9e52ed4f54675000cdbb7c91d3f459f8cb5,12203
K193513,a24c86bbdd3b8ec1a75f2fd1d4dfefe0eb10a1aa80f3b5acfa7dcda65b0d242f,9579
K193521,d5b79cf523bfa983c7cf664f4f29d28570ca2b5528f4bafe76fffb783566a15b,10645
K193524,efc94bcf4f8537f82712b0afa17dce7ad72839fba0f6562fad0282a6b0201068,10667
K193533,d0d7f2a057e9799b1b9f747855e933b0a8c807bba1b995bc11b43ba03f494bdc,9998
K193540,ed0b2405603abe55e84bc80642a5ebd7dc2cd855f39ed4474420ee5d2ab45182,12711
K193541,595604f771516ddebd9da47690b2faab46dd8afb5b5a9e93efdb1d1786c44269,12920
K193543,3d84a96632750f4f89b72d2e5c0009b2336f18be1b92d8176a43410882c45555,13014
K193545,28e141d9353a639548438bae5bfbf0d3025c20d645429e43ad3d3a67c5b6cd15,11715
K193546,a9ab38261f88233f8717042b3d851ad9ed00e63bb0514015b3da15e5621107b5,8338
K193549,838e910075e4248e4f2eebc4d50f6d64d730fe1fb13c457eec9b0b36f12f9187,13155
K193554,c4f3086ceb74568a8f59a6b38e01d05c9438033a6c4bcb998828e54f5ee8d3e4,14336
K193558,3d1ded55810ffd306e4277bb0c205d1ab3e560bcfcd582ef3fdfad341d37f78a,10998
K193593,b13387f5a83a5e181121515e2e0577b5f5dfa8c230a037f1e382bd0338142d2e,13232
K193606,79d006177fec8e64e0aa8d89c9f0860e3058d3f62158743473f1fa2a81569dfb,11036
K193614,e9f9cccec1e4c1ea4e218dca55ddd710cefe08ff0fa0c8cf7f7d4fb944f99ce7,16136
K193615,70b36a5058a42724f0c37842559be214012599d789694cc8056c3759705c696e,11578
K193616,2187de5c66cb6aed6be663ff673056c3c2c6ed4b4e079f45a1782db7c1ab7886,11435
K193617,65fa1b41f6f0140dbba2068ee532c6a432517ecce6df981299b96631b1a0226f,10840
K193633,2cf9e30878022a0b4921d6db47ed40c61cdf5bf651cc41c00dddf6204ff8f784,32056
K193636,d41d33cf5bf77458ce47608a7619debd82b460ef25e8ef95d4daab42f14f5f07,10976
K193639,fcee697b7435ace84fdb7a9744af9d9c5f73c81ff69e550a508255863a647488,16876
K193645,504b01f537b8f5155aaf3f947b879e5a6d8f64fd0233aa5ccdf0b68e4c76c7db,12185
K193660,342ced34536e95079b88748203d96fb86d04b3b9d9b8ef6609c01e4ef5026c32,11742
K200002,1002829251aed76fb885669ff6d348586de26117c148e94cbf48e1bf3077a03a,10851
K200007,84be00b4f4655002c05a8e91120e27561555e7b21fefd9173f5d51df404a442d,15400
K200011,9afc0da9356fcdcc68601756d1e077b4067b12cd433052deb5390e05b363a1e6,13913
K200028,8ed416b94093d92003abeac5034b2a96cff0947b9f36cb7480b62062029845f6,11955
K200043,4848c57fa53286158b5099bc119d2a3f65796d5acbdcfd872b9bb4e69acfc732,14291
K200045,3dc7a5f1e83e4f95fda1def98a3f27b2fe71f1d1c7d850a7ab05dcea6e03841d,7823
K200048,bbde05c4fc5b6f34632e122612edcfb267576feb8e7f0a76aad6d15efdc1edea,9303
K200052,c8cfe555aca2e8915f351415034c9684de1b1db45c35f6cf693d605a200cf3a7,17652
K200062,91b1a0f12467fba6031729b4fa3377fb7fcfaf141e52e2aaca9c4725d9d47e70,12676
K200064,f46f5b59455ff39e9e2b64266a9d7ff679630de4161f6da04d6a8f4499f306d3,10806
K200066,53ce8e399794e3e60790646d8b4aae846b7f6c5afba3e2e4653125f1f66e0e58,11388
K200068,f39a6a59d542fd3959770812d2d1362ab8694a487849265de5326795f52f9fc0,8916
K200070,a6e33405c9b26af593d8ca70df1b5190f4f051483a3d53a907b09800808713b5,11152
K200075,f610dd46edc8f803c0a3146d0f484dfcfce416946dd79b1acd6328da531bb89c,10365
K200084,4c2e9572e6637bb2ea758511c65056bb4e7937f6286ba4e6cdfda4ed257479a0,13338
K200087,77b02c506fde6584561fe70513689868d0ce9a4449c96f4decc04efe7bcaa537,11411
K200097,796b155c928dc3fba087d7ccc1e443dac0ff063b1d8b16d15dab40dbbf39ec84,14192
K200108,972e363b0382a6eadbfcfc3e0d66187a656a4ba9a4795238df7cbbf59ec43c5d,11468
K200112,b830cc073815bd954d1f41a05ad50f1e13624bc937f374e852820d451fe14cac,14016
K200113,f3c116528adfc5689e87106b0227915f314c0beb9fdf7412b51841201c6fc5f3,9167
K200115,6df793cca83e4032d0878ee12a7d7674fe14ca0427fb9cf408f057249dbe69ed,7896
K200122,35e273fc6ea839244d0aea694ad24eb918484a51c4da52c30994ab2859f6802c,11875
K200123,0c7a5d172855bb8453b64ca0914aaf3836c3f4362127ee73e651a7bf78d9be1e,11145
K200124,3b1c3306e901c6999dd200942d927dda44f0479c9e60dd6a9b984d6360529795,9324
K200127,30085a110373492fb7e88907898308985a301b67c13aafd74758d23f00e87f8d,10373
K200130,4b2aa7631a09d2765c6bc4bcb92119e3ad2edd37e26c7b2e2bf9f27bda953501,13956
K200151,d454216c875df3304d2c5fe700f5b161fa6026e5979069c1422c1084e6efbb6b,13099
K200170,c2ae2a3d8050b1ee1bb9011aa22533566d7145d36b6df3ef73e562e357ad7ff7,9323
K200171,5b3abcb554e451da1afde9872d6e46ea38f93f21466080ae262f23bd9844209e,20018
K200196,e3e7663b7046b781f6ccf7fccda7eeba3724cc83886a52bae3ab7d30ecc21bd7,11517
K200209,2d7b8fd52120c096ff70043285f6a33ed203b24a62638f37205c82b4caa2df1e,13560
K200224,1734deb7bb8afa9e6bf1afef33b391b87bb362a45206ddb987535ca4d58eb642,10918
K200226,8a6ac5b72497848fed9612b7456fcd7c817e68659848da1559c96f7e11fb3517,10808
K200227,99588a37cd1af5917ccd03ba6c16f52020e60d3ea7d91046d9ae24743af6953d,12195
K200235,0cea60249d36f7e89abcb16164927cf748346e226e596fb761a50f1693699782,14597
K200245,fcd7a6922ecc33ee108a90cfcf7e9c8645494512fdf651200a346b426ac626df,18651
K200246,24a5eea82f19288304cb86f3f3abe2cd74aebe7c8029d13a5f55ca9413b97fd3,11582
K200259,00525dde49510b57629ad5c1a882b61a9f753cbdc59bf3137dc5104184a29acb,11055
K200267,8679f95533baac4e9ca06f6db362ca38ace0a5cca93f1e84c7e4dddc52fc7d7c,15586
K200281,9f81f04a77c747efaee52d59cd311136c98ae99d246f78493ed569478a2c9fc5,10365
K200283,6be06713d06bed9c121ab38d08b30ed8cee77da37d82a87aad98f6ff18e60757,7174
K200290,4709f14e757485c16c6fdaa4158e5e40f1920c2b58acd012a6936f2f125e209c,8735
K200291,6775144f93fdca1d3522d75a6f85c2d38c36c951f3f8d16348e53c90578e18a4,8492
K200295,2421f4f58f8d2793f3dfd549c7258c1b62e3255ec3ab3861c332359d1d9aafaf,9194
K200301,dbfdf2b4b1db20410d1c67fcd5a8640ebd92500e223f0baa96e93268e32c4599,11717
K200303,db78152be8ed733da7c395fe093c6f0f00b315728714a3788c278957e18c1820,10445
K200312,dd93fd458c7fca52397710672b04bac0eae4bac37ef068cc64266381a2b2d19d,9502
K200316,8fee4a54e00f3cbbfd24c171c8526fc1fc1b372b6c3d0e8f26530e7bb262f4d4,11671
K200322,cbe2c3605c3bf491e7471f604ff87e7adf9f55cf4932014f0b1dbaf94164b5de,11089
K200328,d98b70af3184745b7f8c490db1ac56526a9397a4e443742fa3757e3fcb66275e,12652
K200332,7b7aeb3f390b1386c6e838a9aa3ab9b6faf72e89bdaafdda8e505cd3c0667ef9,14301
K200338,11bcabfea59ae176445fd5af5ef81689dbea9f58d1e1ae736536453eb6c850fe,10342
K200341,e4bd997d27f5b9c58dda1eb0e3992100d3c304ae2952acdb476782e7e8e3c92b,8782
K200343,094a88c0c3048d1bbc0abe1b0c8ac8e7edbee613b01208c5cc200782558b9a42,12877
K200352,963910d88e401c15637a994edc7ad02a5684579efaf0cc2e2bd60b9666252784,13233
K200361,58b4dd7b4f499fcec5bf97c90c914ef92e6e67f2924d41cf14e9863043086714,9370
K200367,67db04b29cb1f20a1f91cc2ec255f7fa677df5e22f4f1f3b7f8a6507573058f2,9390
K200368,e95fdad91110fa63b2cfcecb2cf61154f7e98398e7dfa5c97eed3a169394fa83,10699
K200381,330b9cf461a89c2c18ead84ad00ffa5304de105727c62bd6479abb8c3309f0c9,14409
K200391,f581bba31dc505281f549345905fb5733ab932e74273f6b398e7fa8ace26e8c7,10777
K200395,b1d9ffe321ea4abdbdb7206d74f8daae673bf7a279e0b035f076070671e30de2,13051
K200398,5cd60aa4e07b90fcd561a2902ede0531e79a9f1c3d0a50f10015adec1e611374,13392
K200407,71932c31b7cf43c316afa6c7cc05c5ceb763a809739f287dc3cc6f1d7a82584f,11689
K200428,ecb078a77f3db5eaed9ccb39e397b86f9a7849b413db18ccfcd2e6ac2e5cf0a7,13221
K200429,c950d7886d2f7de03b24d4dc670d215b92b95ea987d6f13e0f7d12f88b81af29,11155
K200430,53edb3642837b6aedfa8e0ab03d228c6eaca0a750740450b294b30b690b87b2b,16292
K200433,5c9f4663e24496f65f8b90359ceb282f7228c3f0593c93f725c693eeeaf946f1,9524
K200458,3ed52a7b2076868a425e6572fa95dcc8315c6fb0ef4aa41f6daef78dec3b52ac,10948
K200491,8003be0300c01af6d42b6c0e96aa40530cca4af5b902096b6f9dc18fd593edc1,9802
K200503,0cadd4a8436ddbc39e9fa36f2f45128381131e93af2b644ea69657c2e622e0c1,9183
K200507,9f6e178870454110339b38872e4cb02c7ed81f48989d970d5d2c4c480237ace2,12327
K200513,1c8ce6bcb465d31b7630159b8c56bfba7be516c4b22748af65181a3dc8788fdf,13171
K200518,f9705ffe5ec40323b6cff6aad9f5fdcc4605e332f5aeff422db78ea69e5389c2,12979
K200519,2cca2b7defc5048720034b489a11511aba970f5341e7cd1b5175fe29858c4c95,9791
K200523,1377b3b98a1d511394cf6fc57656b1551661724f242f852b8b06057b025839d5,7478
K200538,f0fce0e9a562192c1f0469401bff183bff1e8794ed4d454fbb3d29fedd9b2c1b,8614
K200541,28aeb5e2fc1eee9ae5a507ab4e2f104887b58564ba268fa8b506a4b6342424cb,12378
K200543,8cdb7e0d1cc3ff519271feecfc8b50a155c0cf316bc0c0991fb51f7be0068e49,11299
K200549,e0b07ef2b51a726b94e23d8be45cdcf5b886a811cd0d34e101d6416d4ea66eb4,10157
K200551,45e43a4ad899f7e1bbd4060bee2c6e68e2c0fe36feb7dc984e1980c941aa9dea,11879
K200552,aee948b05ad3ab1e6630cbd2072036075199a4261a6b593b753088da33b927ec,12957
K200571,8562b67b7e882b122018488177baca03c0dd724b877b67455d777aba2bbb484c,10289
K200575,2ce32c1119697250eed2980319442c9e05ae58641ab10ffd14f56fbd8b45d70c,9797
K200592,4e27fe4a661a83f7057dbeb679f86df54fde555e02f8ecddf344b7ef7c3347ee,11967
K200596,2a71d23d8f75f2799276c880bc3390fce36afdacd6010b5c8ab458c52626908a,16546
K200607,37ae8b934aed6e064df5b7f3fb18bd229b6f2958c5d9c43a9b7061d8a963a8e7,12242
K200613,08522a0de2edef6c19e7a250f30398c9301446bf41940ab8b6da23861d887552,11980
K200640,76e49b459c40daa14df58e51ca14df786def7fa1e6b151334a5220548d5d4e89,14623
K200653,05606065f2fd4700a89b2edb68cf027c0008a6f68b2b55e70537eb20eac46df7,8488
K200656,82a7a6ec55c263c8dcf47da8861f6df80a6a12d5bce599a929e6c81f9930f0e7,10906
K200666,15c114cc39b30062598e7e00e7dc6c3871d34dce60a04b8dc35f767ff053b3a7,18096
K200685,2dc53bc93df08437418fbeebe93e337715d7192f0b1688ee617755750f387211,10072
K200696,73cb411717264e41a27918f41e110ad6e0a20319b13541bcb0c62e668f29acb6,11886
K200701,0a53ae67a287d54db283544c6563dd398020f89109655532b59f161baa0b3b1e,7774
K200709,b935526cef2ed019e89c1199ec2f371155ca1d58be7ee8942678e822e1ad842b,11078
K200718,6b04a45abdaca8d01dadf9b7e55e2ae1543e9e61aa99c5f8c189fb002acec8aa,10063
K200725,237304d3efab03320613f5d765c354347ec4e010ffdd7b636b3d235764ee43d1,16295
K200728,0b6d537bd90e9d7a39b08ecf0d168fe1ed09a4cef11985ef5f3ee521b6e1adf5,11777
K200752,ab00a78999438696b05de850ed9d54ad36582d0a6bfd3922b92ad4cf92965903,12332
K200762,db17f32a84c7f9f193b6fe8d7519d088e898910a4a35add4a578c29d7e989eb7,10068
K200765,c29a56ceb69bebe17d024fc6e410bd34b69491cac330e004e57e60aa2ef5f7d4,13431
K200782,70dea350a18a72c88c8addf27c7f318d5ebf0d0acd5226b087a26dd00bc7d497,15767
K200785,3f2059bb301f90d437d9178824fc7519bcfa6625de98e6dc87b0cfc0e8a7fc2a,10930
K200789,3ede406a94726c9d37d43810cafde46f9a0b098a3e485acce20c28cd024b4a11,8616
K200790,e3de8977dee432c43b7a0c6374df789b9d0cfbf4cfa7360b7dc10e087168e2b8,11026
K200793,4ef446f24b89602be7579f1994cd3f9078074e91eb0dcf5492f0f4cb5a2ce412,12308
K200794,a9fccfa455be772ea30610e4794b7789e4582cc88c3e3058627fbc8e3c864f65,11079
K200814,4035c1b418de10211924d119d2ff0f33b460a608dc389d5094381153b9cf83b9,11270
K200816,e7f962de7686acd337fc32c49de010aec52c90f5c3277130fd92a25b124ac5b0,11399
K200823,f0eb0b8416185c779d0ae04739212ed6cae5e5a430d8b72941a8190f8a625341,41203
K200826,5912771536d1d10ec87090243ee3f1c0a7f3bbba06fa5bf2d014f9e884b1e339,11642
K200834,9d13819341e3ba7fb26ab904879c4ad9ca96457f8852e30418bb25b8f79c9edd,8875
K200840,5233fd448a6dc970b4743d2a2d4acbbc14350c1cdcdc6653f22fe47187eb1bf6,8478
K200846,75ad23c9f96adfd967b44775453567fd941f63f1071fb66b80a73d41c09e53c5,10546
K200854,989f6f3c09bb0141c8986697541f82d5f5e762ea7e5842c9e69675f9b25a1be6,12713
K200863,131eedd91f83d1b1609eaf3d15d5b78e061bc844a7f2598d19067aa3c60fc66d,12291
K200868,2c11b44032061a5050cddcfdcb63cbb66b12adb6fa67d7030ff9d7632d83682d,8698
K200869,93325b4bfdac90a15a9fdcb567b5ec92c6e53e77663015d02cfd209058173019,13306
K200879,8f5bf1f5464194bd0b96b21ffc21690b5ac1865b669d30592dccd39a1202434c,21462
K200880,d35b280eb8c98bad549aec222f0268b599d9ebec3b43dd72bbbee8babedb7f9d,33768
K200883,2d802a1e3a63babb556c13e2845c7d2ea2dbeab6334f14d3149073bffad30686,9491
K200885,59e99fef158f30f7a87e2911f67e64ff5d4b50a038db4b493d94fa3c72f7574d,10875
K200895,4eb9962feafc773711940236b9dccb7dfb944a9b5e03cb4ebdf0ea84c1c0a5de,8670
K200896,c53c151344c6f6b1c94e4c649342c6cf50cd70d29e2224542b04c48aada6050e,10653
K200912,9478bb53cafb7514e64e747851d7985c221fee809b0c915ef7a65266f292f659,14984
K200914,1922db9fa68164148d4710c22bcfcefc7ec54f96bcc598289efd67fdfc85f825,9912
K200919,3adf7681512734348e40c893ec68cb0a8a0dab7496fc27f2ce4bef9f074cd9b5,12915
K200920,ce6920763cacf4ca2c3b1505aae93226c2c5f633723d921e38424b9b1be54b8e,11793
K200922,7b82681b77c66850c2ca660864d4d5d2acebf852582b910b4e55cc03a570bebd,11317
K200927,c1d69825939b9a703e53f7cc68f8d6eecc12c9b3866fb6a84d0aaca1ffd73d7f,10569
K200933,6f9bfb673755301a22477c4e7dabba656a10c08d12884d8fd1bc4ef39c4dde14,11067
K200936,f592afe3e361f6c714440da6d18b3d66f7a95db07d95689bb679a0bcc79d11c6,12822
K200937,5768572000a319d4263650d0123462e90ed82f1eabb9708eb190904ec22b8046,13201
K200949,94a00d1089d9897eb738ba6e96ac5c1241bc97bf7e8d8748ee13839036cda05d,13611
K200951,032ed42569ab6aed36bd64314d1e92980daf0a730676b32fa84a16682c8105fb,10388
K200953,a49efac516735c699156e2b6d3e04ddb065a80ac4b5c378e6634719400b22680,13467
K200956,c3c9f33c2869db435fe9b8b2df518081c859a43d2dc7a888238a18d1c237fa35,11623
K200958,bf34ebf0942b511514feb4336efc5ab772e70c4e428fea525c14e92f3e327651,9493
K200959,89b363a9a2facb7fd6b30de13f2cf79fd31ff45915e77f611269f51c3cda0131,13969
K200961,ed4265f363b121fa7b7cf7a4396d0acb19d60715e814a1f362b742316ffca4fc,9803
K200969,e2b210e1eb256ab7bdf5f0b1235ee21568b0e76809d70e941787e559aaa44079,10694
K200981,708f93d38d303049baa4ada54d47fa759ecf91d66a82378997bd1ee41e62a793,10882
K200987,a1750bd4dd9fde302c431a074ad85d5026803cdf9c01a2668e0749859a49191b,7809
K200991,12425c34a68cfcc19c26d641366886dde07a46954f2254f3d0f44a52bfabd7f2,11339
K200995,5239ed18d04f633a4b9574b7006d387269d79fb0785772e78fb47e70856d8ffa,8064
K201023,dd62bdaf20a65eb3aa05240c0feeae31b176f37802c4b42ef7e6662ff3db9627,11612
K201024,a1eddab6ed806f90db837931ba4a9b74d212203b7cf03168a67790c5e4aa4afd,11252
K201029,46111c69652af4998579a1b4c4e714c3c80d9036f86b76802f8c5748ae17f7c5,14811
K201047,b1430aa746417937cdfd58cf20a1214c56d259b7f61dc08b8e433d3b37aa852d,10900
K201072,8d3302a222d5ce15b6b4910afa32221613b07c73cb14225720b28a315014f66e,8475
K201073,746865986deac88837b28787f16b28de3861f3fe06da13e847d7dc89df19bca6,8983
K201078,ece150276bb656cf245a109cda390ee49da4f9adfdf21f21a8bac65a344a8b65,11009
K201079,f6474873a8e0bd0e3d836d2c231eb0caace16c616436f779917d60ee9de98eb8,11547
K201083,3d0716b1833ef7ec573c22893fa5688f3feb9fad4773761657847c0f2bdcfe5e,13172
K201084,467520f03069c37bd9a53ae10d36fd5f3c24d0151eb0552ac65c66549b5f4415,11818
K201087,f76f68c320ef6c8b6a371745a5143dd43d3d9a8d384d2de8b3ded2fcdd78b838,11584
K201132,4a3ed31873781b372e2de93632e8e49b0e9c6f72c1870e8dd30d6068fe10508c,14287
K201136,b80c6c974be3f1cc84610d1d8dbe6ad4873106c9dca9d5910096b507bb13d5ea,9910
K201145,800ed09c0bd1dc169271ad25560172974adc37ef4ee3a4d1ad9a18f211193462,12284
K201147,7e953d65301824eeca4cfd409f0f381bf594528a7effa4e910d36701d882f2fb,8944
K201149,756983fde7708629cf2e3ea59a6a839729e257d18fe6f49b642101b9a5dbf126,8618
K201157,5f98d25b7a301a5936fa719e38b7a8fc8457c24e993d84f2eca44432f457af7a,12465
K201193,fb873c09a6e1554bffe1a2e2f862714e7c845acc7ad8432c75d23f2bd5ad6fcc,62351
K201219,ece6e1444469a8c9f4f6e171df45df921e054e8bd4e4dc35f365f99a31fd0db6,10173
K201227,b21b7c86e2ee15b64ed22a2abfadb7dcdc89641d90ace7177dec6b8457a93f41,8611
K201229,8700fba076d9914ac868c11686b101b45d5a898bad13486d314437117953cdcc,11119
K201235,70d2e2abaf5aa2152dee898d1ceb4940fdcdb67d8315762e8cf4c8a4f638773e,11586
K201240,29f1f12b41ebaaa0505802f01f2e869b7c4376470133fcb416ee73d6ddef602b,10552
K201253,ab2536e829417f3d3f08b87a978c7ea2bf280adac3bf5c2aeea56ad6ed6241d8,21129
K201259,0bb6fbb0cb4a6a0e37ad9ee8e35fb5f2835e26e7f67e2f20214726c32ec5cca1,12333
K201267,888721395bd623dc6caf34b5fde7b0bc18904cefd31785d972c95005d48927f8,17315
K201278,d74b584bdd217c6e3419deacb2570361a9f45bdd4e07287fbe10640830f27bd7,15158
K201287,8e9abe57c601f8168958eb0ce008e09178ebb4cd0e1e0285230d97be3025c951,10866
K201314,772097cfdeef49873990dbc8cfcefeb6b990de580b7098a4ebd05e16b6771629,10222
K201315,49c8883ea0849df4eb01def5b1ed388ef0928e0f312c6e8107973e6fdc9f178e,14623
K201319,bce34ab76a858c2c2c505ae2b3ad43a7b906a460184ed70d30a50ffb959e42a6,10847
K201321,d12d1207ca9415ad9ee9749c07c5137edebdc7d200e62fce8883ffcb0fd14aea,11378
K201336,238c34c61ae7155c224330e00b147700afa9a82a229e8056009661eba1c5d5ff,14794
K201343,2517be90ec6ae34d195ce743e9200bd09498c4baea65c9bee242e7532ce6461e,12318
K201346,e7a7d4064bed01fc77cc0faa59352de8a99b5336f79e817233b2382a015b15ef,12329
K201347,ad0da0dd5c7a3724d92c14181a54a1bd8c9657368de3affeb515253dd914ee30,12884
K201348,449c65153ca7c783bb63a183a84095d52f627eaa629636687af58ba2164a7143,8322
K201362,217f0166872fe6185b7ddbad72b9a11e714debe0fbaa9ee71dfa84b96a868af9,38392
K201364,3671f4810699dd82815c8fe79e02b2cbb3b9ea73d5f381b2eadd3a90d2c5984e,11490
K201367,c761972c43eaf983ee077336a738820ee23083d45131f627cdae5d4198679da1,11960
K201379,44c8ff65f89411863c01f06053f5d249d54a98e2488e68f1751b3026d4fab656,8546
K201391,fd22a574e41653c593a900d13fd83e2351382715eb775253ec1a3336284da27b,15843
K201393,33f0685c093d7f8a14c5ba9655b4d95b5eff2cd858f8a5a0030458dc73169166,10272
K201407,12804f50a6f0b2bed7c24bdb8875f80662e55bb0254d0119b55ea77f76d5f264,17601
K201414,f7fa73cc9f6ba973c2450a8b1984e80ba0743dba43f7774c75ef25629bfc2672,9074
K201420,b2ed43d0e536fc902caf1fc7702d9dc52292d805b030a87d2c53d687b7ee1382,10897
K201427,8b25d96616d8d465b5d8fa4a5bf2dcb344e1a53737b5f58b23f96db7a7df4632,10402
K201430,ab724715bd9757e968406579fde81bfa47e20037babdb44013575c9c60a2d32a,9366
K201453,28d22386f4655d280a2fae3772903ca06c234eee9937e2b644da301a9f6f6729,32677
K201457,5069305f6cf1e4135f7a47ddc30ecbb4f28ed63582377bb480f9575b296545e5,14863
K201464,7e5f240c50011ab288c46bfd87b8cfd283284cbf132e3a0ce8e37784b281b69a,14614
K201471,16b3ffde816f6690fe03b98b70ed0b041d85aaae511b576b3d929e1d7f07dd05,12370
K201481,38b9d383277a6900db1e27b9e7bff7a5a566010ef75c68e4bebb7cebd6044a0a,12352
K201497,6387a56935ce9c2d1c890f4572d9e80b6c1c446bba1d53880a5e4cac0f273719,11771
K201500,6ee76e06f5dc207f881801e35b4bcf4a9013c4c60c75b7e0e5e82583bf2343a6,10393
K201506,4c1dee26a3a461e33535a81b20a52a17a61e7e4a679182651b1cfffcad1a3465,15976
K201507,0646a579ff13b6fcf8538cdc3eedd18efa9e80a622146de75c30b41399b86d23,11053
K201510,c1b2afc0b9ac0eabe6712298636c2e4cc6ec2c5d11fa4ec8e3d68447d459e5e9,13909
K201519,b24c50b4460163220d27304725e3256160dcb1c831af5c5af99bb356d4739b4f,15699
K201521,1bf7fffb64affe790703ce32d8cb112f0cf1202cee00315321eb1f4423a95c7c,10598
K201522,1bca2f3364145ba5f0751eb000c26361c7d6159414a7eb305bf7d7169b0ce710,10887
K201527,132bb79ba9cc60e69916d0afaa7a8575a3c1b28251db3c00e976f569da12506b,10702
K201535,9857f48fb49463eacfe5d94e09354ee139b268f001a17ea93f2745a270566304,10845
K201538,4861d7bc71b0bef74c284f5f0af9ee0d6db783cdb40b8dd46607547c8855e788,10211
K201542,a379a8a417e7021f0fca776ad9ea3dcd7809f6547e9c07780cb7042e850302de,7124
K201543,6744cdfb4b17e10ed6ef755420da972090a674eb7e642764776079e6117a1bff,12838
K201556,f56b105f6f526e42e6acbcafe9411c28381a3dbe5cff32c163cc2bb196de33ca,10942
K201567,27d0fac452ff50ab02ecad7bd874dfa149307c5223e759c7ddb4ceaa502dc177,10572
K201568,ce9ffc87dfd167f19f4fc9cac050efeb09172a4c18e84fd3a90b7d03a6344656,9717
K201578,3789464ab7c363c0151d71c4c248032d598c2c8d8bb6c8a039209cd2a803f3eb,10794
K201585,26c0b4662539f7731db74acd157b14403c30830eaec02ae7788004ee27efb794,15906
K201587,62eecbac52256a7aaffffd98076d22936a49a87982361309fb7324ade91e979b,8900
K201605,b4ba75db0e099a84982d897901dc5ec1b23f86cd506b97b4f3277690f6d975e2,13491
K201611,36a229cb8b1dca26915664005bdac07dd8bbf1fc4049081f872fa2a28d6cf129,10858
K201614,defda42bfbe3d2d7ff1191d269a5fe32a92d761a42d79abcc5c21b046e4fc233,17744
K201636,9f04a79dc3dd4395db2f75d112db7fb1fdb25e052dcf19e81d58d2abb202bfe4,12731
K201643,41e328f8d2b43c98743f39fe34945370d507569abfa46f5d75b77b76472967cd,11328
K201646,389646ea75edb338e700fa01f635f59580a06836704ba7ad41753a5e5a731f89,12440
K201648,3a8bb8db3e0a002779db6cd34d426aa2a8cb897c22c00c90342a7d0ade35ee95,11768
K201656,8a5244095175c4a77635ab6da3d5c3df0f5f0a57608f6d6fcc368c8997608216,11473
K201657,bc9d5abf603a5b1e54bea0e468c8f6b9663ef3801f1cd9a2388989c36cd5a6be,57021
K201659,2164a7c2532df24e58da9de4bb2c685e24a71d41af4e12013de30c78552726d4,9558
K201660,85fdd86af83164af82cd6a47db952d7e5ac12e43384ec11b4f7a26870a573f1b,14416
K201662,92a2462f372e24a5c3bc1f88220e0794c9f85ee8ab2f961e36a2e9df5b32a568,9265
K201664,ea8a050dba3929083a1652dd58aff61c7698082872948682a3fbb938aa7b3b9d,10957
K201671,12c494d8e2735549bc96b4e8348ae5df32145c0bacb91c72048ae7319710b15a,19498
K201673,6ac1464a9574da70e32beb117987d5ab2d998e8cc8762a0b43730e52dc32a7ca,13066
K201677,35da65217f8d3ee2a2e5e4d64ee95b3a4b94e8a020ddc1409b6c65e8a7fc255b,10073
K201692,abf6e517b23ef03bdad95a524a58d3133a1b3e0741f0c2e3f8efcfaf7666766e,13002
K201701,1c4c1c2b3b9cd5965d92de05c153f76086e468dba6e6c1a27d4bf525915c855a,9452
K201704,d4d8471de2e1f9a0c23c56ed8c871a79cc10d69520b7e98471f7d1242a8a865a,8719
K201715,fdd2e58db683b3440ef0240f518301d915cd226dca6965f3c5e419d2dc118db5,10289
K201721,d7e47594b4f98c3d77bbc7631012f5927d7cc981e66dcf753d461d69b4331a7c,10080
K201728,4ca4f2bb54c3bb1cbe72ab1867ad0af100492477145dec6e742a6ecb8aac7c52,12650
K201733,fb03b41543cd09401f63de0381b77c9203dd43c7f9260e1363c0b2772ae21422,7896
K201737,cf6aff8036a1d00b711899bb8415d70cdf0f3a69a816811918718fd4ea92d061,21468
K201749,8ddbed5b143373cb7d53ca086a447493797529d30c0d3242850d5c31d8d54e69,11087
K201751,a748231a0e0f7888153bfa8bb0cb87e910d57b2fb98c357b33e868b2100f729c,9243
K201755,2568a191075d9d62237812888636b0f546f82915292f449b5504597a0440db86,11566
K201769,31de25cdda25f0febc53811076803531a98571bf4736119d7b3b2f6b96c61184,11019
K201781,c0a944296c9648fa0bedfbf2b9ddaa1e63894a396723dfa7190f4b59d253d708,11706
K201786,b9171be95bc42006c0ef6a99c24c7856b92b91de07050b06cd4c78ea4e806f6f,9701
K201788,6b2451cdd78122ef210fd479279df3559e4ef6ec2a443391994dfc245d870ecb,10691
K201793,02aa346bbc24cf7196d730c266c7b4ed5e2108ee6173ef93055fa3a0a559f83b,11656
K201803,ca9fdee8aede38b326a756ac1e6cc60a58ba549cb98a7a8f84e785eee3a8439e,10224
K201820,73097646f486d3e3becac76d37d4dc3cae011938a655f9dc950955aac01a4c0a,62185
K201830,bd9fc14a147371194693b8ba26c274bdfbecf2272560d8c7e078f549d01aa613,10736
K201831,fe48bd4771ae5a1d64b6db94906bc56983a60db66a752342978d1f0a2a71dc36,13681
K201838,514535cc6c805411f908bb65abdf61ca60a0decdf014bcd9f62b61c9bfee2c9e,16869
K201850,3d3ccad6c5e74b51c9b98e941f4a9709603b19ea2542d29c6c1b57d2e0a1f0dd,9875
K201851,65c1127e9b7da203e3f9b7ba88cc700b55c23c4073307a84a414a101fc4c4089,10523
K201883,04f792455bf89566ce9bdec8cfc4d3a837b6836583f20e7e0a6f09797112ffe7,12735
K201905,9918cc10016b9a4d3998c1a8ab6a079b430dd86d301dca3dd8e637578558c86c,17266
K201917,430a64e7e669ddb5d6aa270019c842d4fba1e517d0de26c0c6d2c2d566b4d18c,8227
K201918,9d7b9d2d0a513a363cd5021f22f8c24705750297154bde49987907a1377db415,12482
K201926,4473d0a42295f91c8de3ee7bcbe005641e6dd88f441d5ac757d7b2753c26a62a,12145
K201939,f50acb37ec237a9ab286241e3a434371f06d632a6cba49aaf433c24045bc0678,17735
K201951,03d1e35ef2b2c06dcb23b227cefd483bcd5a52363fe9e68247c717ba98022ee7,11889
K201959,df4ac662f8337c6ff84f889fda11b8260d4ed00881ad3cba201f7dc6e0fc55f2,10546
K201960,3a5085ed4db31bd40cf2b1e6efe08695308ae732c8fe66f5290cb99245ad63bb,9035
K201961,4e69b7f0928d9f277d4181cccc2e0ba51860191545fae5595587fcf9fbd3701d,8662
K201962,9624d184e415b921bc080e12d6d75bb56e6f8421c6d2e636e4b619ae6253ed49,9077
K201979,1e72d213a09f490467d7e99d3caadc357fbe0e081f62538c4e2b1595b84bae7c,9700
K202016,382494288d162a27c72a5aa89c350e2ebe807a2005714b019d64dc0ed3dfb6ae,12586
K202019,4b1686b69634c7c5eed7b4112df2eb886300b37d5001214c73831752a119e150,9071
K202022,526c2b51e0239182e673d2b16936929e3ca04e4a8e71bc70a9d2f0856d2e6556,20426
K202024,39281eb28eeabd3cf6c35474e023b02037256738a980ba7e32a8eaab3cd84abc,10490
K202032,454196c1a5f4139f76680316db6c3c4510f6de28d08d96b3cc9544329d81efaa,14174
K202034,98eb755292b7da0ee17aed34555403485c2c9b4058d442b2e2ff1ac832ceab9c,11351
K202054,011e861bef23992c9d37f131bdcca7819393a6c64271c6800a3acd5495a29906,9538
K202064,32afbf71cb954f4ffd64714543ddca4b7cf9d27313223995145e9a6047352c2c,9662
K202065,936d5b7ac845fd5cb272d4f7a736cc4f614aaf56c5dbbf01ee7f7d9fc2f63737,11616
K202098,8364c0bed457e6f2cf517237b2aa0c6f665e871bfd15fd878f6b058329230f2f,13646
K202099,6d555dd904755f786e143c191ab59dd0acb7314a014d3d1540c76a57c1a3549d,8921
K202143,64f82cfe9d0bf71784d70e18d021dc75026a416efb308426ca62f85fabd4b20c,7864
K202153,5139299abe545274d0a67b0d5a58ed783f8f0fed35b64fc26c43c10341ca6a84,9626
K202178,0a82b4e3eb1acc94f1204bc3184e4238ad0dec7b71ffa4d6274cb9d33e233ae6,10736
K202190,807ac348815ee2a6cdf18188c6dd5ac9c14fa036202c919be37f72a4c3967486,11872
K202192,1aed3af142b25ad318da6bdf797c9456f64a8194baf9c8ae91c80210d4f664f0,10911
K202193,4eafe64ea8a1a9ce774d8b865324fd71ba411c259b9de45e4dd3bebe791f2345,8622
K202194,d581238c52dc6f3511591ccb72f178b3ff83f27ba4ce461506b50844401539ee,16249
K202198,2867a091f0530996c13b607ca8b2bb88c7a190ff6b8f2085c31be1aabb6f5361,12254
K202207,1b057e353edfd4084c51c3342d5b5a5abe7cec87033679569b193555c2ec83bf,18819
K202227,e74a4aa75f5cca0611333fa020ae3359006ffd14ba5bbb9e8a6c46f049570850,9814
K202230,b871e7aa21f74a5489f446449a12270c70e9b767497fa8f070508bdc9c387ac7,11429
K202232,cc4a1153e0f6bc8962d4e542d28655e4be21d7f0e6304e85d2c97c22c082fe93,11854
K202248,03b5fe4c2e0b12679b153ad73426728ca2478b678293367c15cedfb22d13f39a,15457
K202259,06832aefb6a17b9220dc3d350f75a7dbd390d62333d59d2b99412f9cdde8d53c,14116
K202266,ea0f7d150f84ee94b6d2bda0bc3a4570b1d923d3d35dd46c47cf36c348815533,8366
K202289,3997cd82cc936b9edf92f2e51e7458ff6b0ce5c296fcd45e07089fd6f93e356b,29043
K202291,a7fc06609f2ff6b4c169629384e5bcda3189a46a9248a0f7308e1bbaa8c13f9f,4732
K202298,1a9d2dc00f1af94956fcdfcbc945c2aed309f42d36b4f343009326d5ea6f8dd9,13581
K202305,7eede01a914255a9e73306a7afe44477fdbcde2cf4d43a1665992b5b37d8d8d8,12196
K202307,784ef44d38fdb48b9da119674ab3d3499dd2b4ba67915b19e392565395365866,10812
K202309,9946c0cffb69a8aa92222e349fd87ce519496e02dbe3148b7102f7fe9bc169d3,17534
K202326,19cbfac9480fa99287a5fd16270184b713ff542e12c8a7e6945a269c68ea61b6,10040
K202327,a5d053d464db0dbdddc6154356e0d17169787bf865b42e102961277dd310c79b,10563
K202328,5a819e2d63ba75e3c42eb3f9ba6e938180c09f4b0807142656b9e1ede6da3dff,18783
K202338,3e81c94f5f20689d21f1ef3eac82945b43522122869400a82d1fd28afcf8fdd7,12749
K202348,e141f86dba71414f81ca8f46adbeccf7221d752af9432298b410cc0d08e0c725,14515
K202355,99d1e17318bb1047f898164ea50ab0a7b36e6193246a751935ec92fc0292a1ce,12554
K202373,bf533724f3d03990b71146d77dad982fb6031b574b82998831212fc9cf3c9a76,7888
K202380,5e32f995d0201418ec0476f88b703468979cd5f9fe9041eab234ace55aa1b250,15597
K202393,2dabdccd877ff4b8ebfb8cdf648cb6980c4b8eaef624d45e7a213d55ae89e9ce,11401
K202398,23827fff0489352bc713f7e1013f66b42d0befea4d169919bfef366684b95ca4,12959
K202399,c6c7f3cd8dda55cd445dc8c6fa069aa6b63b02c40dafc0ba91e54b471a4d8e91,11019
K202429,11a858cc0858fa7cfc23dc9b50ee87607868c531a0a3c48fe0c088b7feeaa2b2,13241
K202444,4bdb98f27aee4df8dab03aad061401de3098e14a30e8eb6e40d0c698988ed090,11371
K202458,d4046523ad6e8d2bfe641e8668795c897a77f59dd140c982730bb34ca2f6b720,14507
K202472,4d06d054b6404d96ccccac1c1309aa073fce22aa2e73afbc1d3d6eec1b615f30,13790
K202475,6bc97ab5d32e49c2bfd9cfad39a3e34e5156e67d489c3120f4a2c65f1054ac38,19489
K202476,b0c7b9dfcf6a7e5f36d79848ec4a92c68c890eda59b9e440ed74c3741ec9ece9,9536
K202484,a13156e5a89af81238ddf6bba000adbb5fc25e2b5d8a58b02e94e83f10475e21,12079
K202488,dc967ea70d840bbe697be7ad275d9dff4abaa273a89f593be530a9df511ff88a,10238
K202489,d42ab43c5a1c165ef6e83bec3f9afb90c5f85ad021f7aed9c0fc7677906f21ca,9476
K202495,c03d366b15f707431c7154a3eed0faed5b0bb41aeff654340d0b1d56e1f79694,12743
K202496,b76c6958dab64d2bdcecd35160331f9d988a92e909d4fb0bd833d5eb3c192b9a,11403
K202498,db9e7f92c3c016974bdd3b2d93c7fb8ff221ac50c7641d90a861d77a20e05d6e,11810
K202505,0ecafca6f36e32887ebecc6e9b44d2538802a95d5376438f9d30ecda47954cc1,13449
K202528,9b512da4987561b4794a8238569a3179c2245b3b24e8dd20ba686a0165753025,12129
K202535,6903681e6e41b2eee6091b4d59bc1b40ba012f56bbad1b841d580258940f5a8e,11966
K202568,8e35dcdfd7bed0c69610503ae2763b137709135dea73c1f226a42f90e743c015,9692
K202569,0524078b6994a036aa902105058318e5476eebad3f9d5e2087efe2cf8631a2d3,9414
K202581,eb0d6f38e514a52b6fd4d1c033877a259049baa7ef285dd643fc9c012d44f0f2,10332
K202587,546a73d7d4f83fce29de9e6ff86813a2546d8376e0c58254987ed4b4ffd07491,12763
K202589,d39af2e14499e10f8b335cff40a49bcbf190ca155a3a556c3c25c1b581baae28,13514
K202611,12fda87e86d948492c8e2111be1baf8ff7321bc959d8e926f204e37a5abefe11,10533
K202624,690058688ab0a6b312156aa9a53bf2a8b68a52beda7f926be1e72339df0a2f00,10193
K202637,4d375494603c74eef81793bf503400d2e852df61adb1f011d7cea7ab49811a60,14502
K202639,9f06a44a3a00ce9caffa8c3f54034085a3cc0dc26a8ab94eb9fbe484a5786164,12690
K202657,8d0b217e3549e09eb93fb2034b4b0ad64c1f4f2cd0680000e305d69295978f29,10905
K202662,45ec46627c7ba807928d45896fd8cea808fbabb9705f3a7560838a5a69f51db6,8738
K202663,01e147a69ec4a43793fd35806cd59751a92cf1fe64521543bd792c3aec7f7b45,10948
K202666,5a8c2004642bbc0d8bab139adf1fb64ef36104fb9ee76cbf3eeaf44b85432ee8,10463
K202680,27391f68c5bde6af35d4743170d95a0cf637a8372fde85455746cba70fa53429,12099
K202684,2eeeebe3e975beb3e2033cf0e0d005d2cdfae399904d885394dfd58505378ef8,5020
K202705,6ad9b24fe83c54eb93f01f86ec1a93b8b9180817faf554a30befea5cfaf26bd0,14389
K202716,c18ded8fb620d62d317dbd3c6206ecc3e3fef311bbf3fbeaae4cd7830ea06395,9975
K202730,219827ec7fe13c9cd47681c05b54f29d8c68790e6221f9b86377ae26c9232102,14012
K202740,de91a3cbf5f4ade5cf8d4536bd7cbf1fd9ad444f191df15936588949f663d459,7945
K202762,21950b059442fbcac6f7d197be1aaed7f9323f6ca4ec104053f11a9d656d5ae5,14284
K202763,d762ff5d87bd039f90455ae25544fb59d83867842da95e29af75195886edf09f,10989
K202764,0578abe27e71e7182b9ad20938c3acb9ca468b3970a2749b3db058624ab7145e,10329
K202768,d498f247469a32595454844f86bac614d11c70092737ae7f45c5bf5b35a2a167,12045
K202771,78cfe39d24717c607d4cd5b46ff52cf7deaf18b92548932a606c197b8e076d36,14999
K202777,97668bbe5b07682bb442e420475abf6ace5ce0d757ce7fff0a0372684534dbe3,9316
K202803,1cadf8f8fccf581072570e76a8dfb5b12fc017a798dd8626a9998d08a7ce39c6,8961
K202806,c1270a2edf430d73e238dd5daf591e269c53a5651ef5b906e17ecdc06481cf5d,15285
K202810,8d0c8c1f08997ce2843261be06bb3ab38f7c1c1b520508106a813d7d101d5d3d,10278
K202812,b22679f82cf9ae99215e748bf2efbf1c75d4067633b8acce3be6e9f78a5a7026,12279
K202815,1823e1e12f67768fb469428135902254cdf36d0a882bb52f7af6f6c37538d178,11373
K202817,2133959a66ef3f17f0814b5b95d53d387e85c4717b39c2e2320777d43a8e68b3,10097
K202820,4eb8f2a7e20bc8dd77daed0a77005c568efc9ad9f83176b7d66b87d574039513,11695
K202833,98d6dafae04560788400a1a0abdcff27d0fdaac414aa4a6bdd7e1398a527b86f,14665
K202858,d72e4d2c03c9864ada21c29d62979af32451fbadb38b20e81de1367873f09b8f,9676
K202872,f22eb7e16f74a410a4919197858a293f677f3eeb5f8f5c99771de463c060372c,8302
K202878,d76b75739ef97d2c2fbc37ece5e833bde10f19be96f332c2f762786f30f0af60,9712
K202883,26c5d8cf2eea870facccabee9b9d76d966014999fc30a89d91f0e481f1cfa86b,13902
K202887,256183c5673d0de6ef196b47a3a4e74c99ec48f67334d7e6a6e813444c224f28,11719
K202889,ea2843b73ba50848b995613a9351a8d9ccaeab243282e49ab5040765977798fa,10455
K202894,a30d29e62d840bb344b7ef0d60731aa5ac42030e40b3ce90c227cd92e4d842aa,9925
K202912,b085f8b04faece627462867a2c2ac150d388a85601024cb01e96eaa306a10650,11101
K202914,aa9b150ef644a2a9cadd1ac6d140be458d60bd303e176929be36d9d3dd64fe9d,12263
K202924,9b25dfd65ef43b846ad467590bf82dbeea6669dc8315121103969b4d8a90ec0c,12974
K202935,8d1c76536b4b92debca8d01ec199721f5ef6eb2d5b0ebbee44685fe4b57d1468,13972
K202949,d06c5c2ea315ca0bb0f623867b74a4508bec1aa65d3f66afdc75b87873297056,12493
K202959,410396bbd24297411a9a8467d7ad612a772202f274f5480cd054e6806e0bcc6d,10516
K202971,195909dda0b3f73df5f151c53d777390eb33ec49ad0289d28c4b2e07c2d7273f,9074
K202972,1560cddcaff59329d6a5b06b1de53474578e7d1477da78f1de4d8254e8fdd7ee,7386
K203002,6788e011eb18b4d54a53fea0a0b8b21d304d84b42945ff37b3790201e8136e9a,13035
K203003,1bd8df65da0a2dd6b51f439ce1aa886d6f431d15c0400ad6610b081d888ecc9f,7960
K203011,5fff7562bc18ed8e81e61f3ea418fecc3b015b05bf866152627880ee1d42a8ab,8599
K203014,734e3b68997af65fdbf7adc1ffef7667ab35c175234fc75d8ea1b4bcae41811d,11274
K203023,41e92c36b9b39fdf6010e7869133ecb279cbbfee2d439d3ed81bc774f7066ab0,13900
K203026,0b298279ee56d16514a09870b649772052c399bbddbd28bb4790bc9fcb8121ce,11017
K203029,7fb7a6fe2b23909913cb6b409f48f953cf0adb478d7d8cae26bfc44888c263bf,11953
K203038,59f19c2d597d30ac4e73d96b5f6be791688bfe2b9ecc591aa2380df7704730d0,11005
K203041,763a635de34d49c467067406fffbd1fd7d4d2a1746b04a8c3d61576bec1366f8,13875
K203056,3601118b797fbf4517c52e4881b25a7dcd83a02397113b84b86f4dd33a5db44b,11772
K203065,b7fc7655d28aec925e2e5e5618d66eddd2914f1c0886573406ae7a37c53416a2,11841
K203076,ca68fb72656e0e23b88506c422ad00ba68fbc10a19b64c65b24c5696abe4f1ad,12314
K203090,49c6034c4859af56b31e84060a42f8e4b4c0967f6a22079c3554af8a085e4989,15660
K203099,34e4d3ee6950b73de511a5b3e0b9497b5e5fdc4d25db2ad559ab5c953194e810,10811
K203100,574c188294a93b0909cf0428a938c84ecb2a881807fee72e7da6c323ae16ebbf,10902
K203105,644a7cbf266ecbecf00297b4e5cc55cd7e1a7f9b0fa150a806c32190f3e6efa1,12498
K203108,9c1da5b3001fc6b1bd0537d92425522f14e01c3b4bc2def257188a6fdd70418e,12141
K203121,1a24a732a7f9e4faa85261611458366245bb35fed0717d4306e9c10d46f303b1,10963
K203125,d5bac90f718f84021b75d57c4cc5b586bf789cf20a69298cbdb929e5912e5225,13163
K203129,5482b49d6073ec5d50a23ee63da2714ea710701e60a5d08b30f902026001001b,11263
K203138,9ba1a9e2da6ffcb44e3313aa53ef8fbf5c4f00d544c1ac08d20dc3a01ca60650,9146
K203149,0ac262dff90be7b158df699f1f693c77238566d5539d127fda35ca555a4dd8bf,17823
K203153,00fadcbcf31c943742c6634e70fff06f5bc2a88e29351dab5bfc0bcc729b101b,12669
K203154,853b3a881091d27d7f42c66ce8bfe82b9e0be5bf0b7405d6102dee0ac0f89468,10315
K203163,4878de7f089c1ed90222ee834a600441878f535bdecf1d4153cb40ea12f1e607,11452
K203167,8ef8a2f4e822490bc62ac398b1720c543d843567162055bb8f6086a1b34b0702,10034
K203175,a8c83d438aebbfbf52806918e093185c198ed92faeeabe5f512b5896374d04aa,11417
K203180,593e4e7767010847f838b00d6bb7114e7ffb8b20153a079f4580136f512e9a4b,11632
K203201,848a56e1a3accec41dce55a867af0fe04e924c0b0e4fecabea2dbfece7b880ed,64333
K203207,4c071dc446eb5e4aa0ff9a44bbf519dc35a5a5b9abacb487142ea7284012bb83,7707
K203218,22ba81a260bd9485c9882c4b4c97f6569763a645eb9f8664b6f101f833a63126,9578
K203222,185629367b15cd86d7b4b8c6c4ea06c03af6b6a64007dca1d0b37aafcf5371a6,9015
K203228,4a4a1fe5b07451c2865ea43f4d02969cd283fe3098f0121cae8f486aaee3f2d2,9136
K203230,712fd958135b9f6e6497a5461fc7946e4056cd84f9837841f716b7b9117f13be,51512
K203233,c0c9261983fce3ead42e293aea0565d05cc454cc3691cfc378853ee6b0903e79,8946
K203239,eb88b52a769191d9e5bc591c28741e3ebbff76517a8063a371abcd8d9b2b9a25,8198
K203247,c5780713ed38825635994832d984787528358c86dfbb384a227e296f97246fae,21130
K203253,acc8649a55bce48cef38393f99abb2cd7b757bbe3b027bae7ccf00d3c526066d,10289
K203254,8965bb6ac7832f4663cabf9f07d100c3cf6074daec2c45df10341463b3bff5d9,11421
K203259,3bed79c60482fc09b338ef75ddcb5161bcf97aed74281f6da1bc1dd66e186481,12425
K203268,62d1f7a5a54234b45a9feadd3bba221178aec18a04401d5ffa313b707e98097b,12284
K203278,19739c228fde7eca2ec785138d9cb6610a7443734e44fe63cbca1f4cc22ae3f8,23975
K203294,8a40d81926c1e7b46b9347d4879577efd8d902d03dd714eff933475cbe3f6f3f,10978
K203308,73ab546142fddb95b090c9af8a93c595005c093ff10114d20ad74bf12bec2005,10186
K203311,ea1abfeb704b2ea437b0ca2112b763cc2dbcd5039baf1270222608fc404500e3,10618
K203315,e010f07fc12f3e1bd742d3cf605c96840dafde4b840e79d97be5f8ff4ec85d29,13898
K203317,b3d9014fe0f38c984ffa95b5a26a21f6f7a7becd6a2bdbeb61c8013498b0dd23,8032
K203319,075f8bdadeeed44a809c62e90542b1d45589663e8c1f194c90ca9da85d4534eb,13273
K203327,1158cdb1719e33c627da6eb881c7d9039b494f067e5fff49a3b11b5669d92d01,9264
K203334,7b572167a96683fae644f90eda966c34fbed55e905784c94dee0b3c9de97e8d5,15097
K203335,9dd253127109e0e5cc72ae50424fdd35b2c8ce2beb79f325cb85204246a972a8,10591
K203341,9e5431834495782cc8c49d91e78b19b78e29b9983a4e82c5ee0aefdcaa32504a,7793
K203342,2c2ca84046043410b79950007ecaaed7a131b2b71e7096bff384314d53882b2b,10381
K203361,0630a924dcd86661f5c62e4860539c1ae2ee0112783b444571bb1b7eedbbffe7,10919
K203367,a65ddc89ee5c6e263fc42eccacaf1ca441a07aee8ce9102582476d7f0efe7d80,12240
K203373,fe625ffe0b859bb76d25545af0a29bc7c61ccf871a30fe1e7a7b6a7726d82cb1,10398
K203375,4d2b501703215ba82143c39c8dd66fbc92d0363d0e683a57f948299bbb59be3c,15126
K203381,b2f22e733b1b1814cb792a47db38a5b65d18c2df1d0d4ef6dc76a36c9888cfce,8324
K203385,23c69a603cc00525a1c739f968a9baad4788b542f76d0f264be38d78594c4e39,10534
K203399,317ee612288480c29d7381481cef89bdb33f88a7af219be6b723b43b9cdb03af,13814
K203405,39382ef56dcf86564de98d1048214e088e248710cffbda1944e799377dcb5366,10170
K203408,362a9ac25b370646ab3b4133816ed2607abaedac9fc68aaf91974183774701d0,13093
K203414,e69af8656aee7ca0ac465cad6ee0d778535cc452846d348630ca4a634f9cdf4c,10904
K203420,47b9fa836e0a0f37b17b36c417042170620f23d2085535f91c566b3cf1004b5d,12835
K203444,7008ec0ce41b5c4e1a20e3759c9ec5964b28e85259fcb5747c585149b6e36d90,10760
K203445,dfcd4b2324094f9302c292c113925d9cccf3a2d9d0bf98c5bf6e0e440d28f829,11056
K203447,be9710ac81d3dfb399dd7a877f4158065656371ba53ff9dd972e056b1bbfe1fb,18438
K203452,9d4679aac6e99ff34b98e53391023d0a3b6889a3fb9e15332e22f0e5d39b96a8,11228
K203465,06d3046ee1d099eae0ef306f9363703af8583d62fc2933bdf2418d3fea02a583,11985
K203467,56a90905ce3ca3564bc0133722a491e42884f3b512a8a72f3a8b1ad9e611bc7b,10243
K203472,5fde3a15953cba8628b3195c88982cbcc3c3b133b97d5f294dcfe689055b2a3f,11857
K203474,e9b58f04fe69de061d0bc0b013d15da1418ebbfcd7ef9e77651dcb765bd7dcd4,10714
K203475,a84e65cd1ecce3ab78e1c56f9d272ef30ddb128148f86ad9ac6577fa121667c6,8701
K203479,ce4f46da70f7d071eada90641473307dc3ad3539d04af0f1941ee8efba5b5303,13072
K203482,b4d7b8dd4bdc4e579d78a35707392d35aa35ca76c8ee8ee2ba8a8fe74794ba2d,19311
K203485,1ccd9a52dfe9212ed29cc37531a92d60c740c79a081c8526f0f452160482d67d,11076
K203493,a6d20306b1165721ddde1c0498334a0bd5679e16902d809658448d6030ef5a7e,11084
K203495,2a00649d046380f6dbad60ac5b8f3afe1fa709babe033c0020cc81f6aed38f98,12656
K203503,ef3d3c0a793d30be0f8413e4665574134d99a30ccb31fd9a70c0087fa97b3dac,10034
K203506,fc91952989d13f4845afbc2d918ae72afc9741514fec514044df0f54adce1d9d,9144
K203507,88db9388819a7c9954369956ec632bfc8a0f63b93f63dd6f588a005226943d5e,15849
K203511,6d37b763d2a53ffe8e4f070c7875d47d393e317914dbd440c988bc98dffae83c,11145
K203520,dbb10fda2f2d3870eab861940148dcd6149fb2f77e506c627552ba9c4e83afe8,15505
K203523,0d72a0a6f6daf747f6a5c765bd431ae24dc27cc91edfced72a3c892310b8c193,22762
K203531,08954d4a0f8f6ffc1393db285deeddc0c01f8bca01f84df8c21efa736cf05114,10446
K203532,6d4688ca1ee266d80460d6c53eeaf68a9579e2bb1b35dddc9f585ef80e182d12,11671
K203557,49fcd9fd8a644a947c183910c1517ba1a8b7390db1ac0dcb298b65721eff1156,10629
K203568,3949406b48e32d510de3423e3d3f5124c69c7957565ffb0833eb79390a4b71e2,11064
K203576,12e952c24485e13064aeac84e6ba6399cceab82466d5c179e5a257cc5197db83,10237
K203588,c325f5b40c6477f3487b87fed46ef0d290317116ed44a449cbfaab83323f7ab5,12753
K203595,bf11f794d9fc21fbd802c2fd5ddaccdfebbae309635f3c6ebd52b943f863e6a8,7971
K203605,2dffbdc7cee4c4bebf5f12014e03bd79bf21a571eeb9b0153e1a6266fff10b5c,8885
K203607,4e8524943aa39bf4218711b3c97a8ff5f18401b686dfe5cea381c49c46096536,13161
K203634,c599c287099878a5af3d9899e7ee88833965ca639c7b5dcb719a7134426bb8e2,10814
K203671,87c35e0376e3f306d750e66867f707c35b0efcd673f875897ea2198b35a088b6,14009
K203678,4eac70adcfccefd3b3faadb3a5b98b81be9a8bef67271c58e48e35d71b0de7ad,16008
K203683,25933ec5e9d1caede9221585ffebf08432855f34064a0fadd3596c2868f5aa84,9113
K203694,9781ebea37ff6ee260e3f9d62919e8de9e537af73ae14903744d0ddb9aa3cc71,13275
K203697,45b0cb9baac9b3adf31555dd20812b6c8b2e4c62f22dc28400dac62772eb40b8,11305
K203698,8099114c0ae34f3c15e59ec3edfcbd35bfec2c04a0f9b1c05194ccaec295a968,7932
K203714,8e2ee959f2752fc178c7142334eab51f64496d2e27b05a1b1ff343f58dcf8518,52400
K203740,0a2e900875fa21397029ce5961e7ec53e64e32865095d38b71eb8131b2970d58,11258
K203742,8cff40985fbaa7931ee01cd0a5047ab08ad9942e61313eb19e464ead5f9377e8,12492
K203755,3694654f58b33e39377006e3ef7fba3a3b97e6ec726c76d6ba1f5d6ea0cef63b,18131
K203773,0828bf6e7ab33b3ecb47fc44820cf264a23393b1dbfcf811f0e7165960d39948,7426
K203779,b3de020d6d321185588f888ed737004e16ae02d9728dea5a0e1aeaf7b23975cb,7297
K203780,e7a82e0b29f44d4ccfd2b291c89a995d2021b7056ff888dfa7f36480415c92b2,9907
K203794,d5f5b8d2c2003131989da08b347fd80787fd5b318940f047c0930bb9c5f2268c,11836
K203802,c6c9076ed78d1bcfbcdc0c589606af5de3caa584deb1b3ec4dc5c9bfaad3f07e,9608
K203811,c3ec8ca28a1c71c6d89ddccbfad23579b83a6190397884a9b1f6fc36bec9d8e5,15563
K203815,857bb1b82465c7fed003f501bf49f5d45aa7f5e845708acf6ed6927321af7595,16545
K203817,f78fc7dc04e60b3fd2a9afbf4a07b92cd88fadbe88f98095e4a0f8616edd40b9,14955
K203819,4036f06a5ce5ded564106e70410fa98a69832ad36e1d07066280766ba9114ef5,28187
K203832,4078085680a01e24cf0a6e4f59608f05199d9b46fadbdd4e97f9692d589f29c2,8724
K203834,646cf5af5b5b1b3cf88076010c6472be1c3abcf758a7c87f324639ea9b83f473,11891
K210010,e9666c5727d39ac3ec5f01e3a8fece2eff4b902068a2ab2b9ab577803b3b0493,18715
K210016,e4cfcfb14c2c4a8014960770df9999743061899f00e5edde9d017d4597d0f1c5,16663
K210035,8f4d7442ce83fa1d219db75fdbdf281dcb41c2175ff777e94fe5f8949d8656fd,19971
K210043,2fa99aeeee25d1cda26700dac6d4fc4f4bd9ed4e5a5915d8a3fbcc2bcdf04751,15109
K210044,563939ffa53b05aa5aeaab6a54571d642f2104e9502bcfef81688e70c70e56de,30009
K210050,f1907137808b7da34162103198e1721f9209750abc1257a14296a5704c05eb46,8117
K210060,3b66bdb0fbaadee5de14d6de40c3303c13f3ea4f2654bc07690d7fbdf31970b6,10338
K210061,350422a60f14a39a50de2d8542477482f4348faf50fae046682f16e63f07ab73,10780
K210078,147effc5ead13215a0be7ecf9008327f37f1a3f6263fe791d90be8918f04bf4b,12075
K210090,64c11a9619f73d920a3309d5e4563510b8cb5ae2cdb63656d08a49ff01dab1de,10964
K210120,0e0d8501da379af5786eb794e5b2f4cc12bb8f38f2b175fd0d3f3822f72c9905,14368
K210122,371713484bdcb7d17decabd12c9115f88c35cf181d5677075b76bd944279e473,15852
K210125,1924a1dc22984e1e632dc577a3d4d2a35257227011fa4b3c7f87ed07e308f463,15184
K210146,cfc0e4b9271df2abdb6f3aa6a800f9aca808ead7ee74d1797c7d21817a56c0c5,9044
K210155,23cf00a66ace93cca4be9bd2a3b7cdcf42e49787b4910d185221de7b3d9323b5,11189
K210157,8c3d96e9c67debbe95cac17341a9c2278cd9254a56cef9f65600714673c97c7a,13240
K210159,c7e8b5c036c065f060dbbd5212d6b33ca974250dc6f1bbdccda1c3479065ef3d,9422
K210167,54e9b923b1db1990e74bf6b86589c86abf2944a0837fabce7974d28524234dad,17451
K210182,a521042531d2c58e1c38e985de801ddbd82b323f35790473089d6a622e447dc0,12434
K210191,13eab5907ee3b107fdf6e0fb517c01249c203553482a7c5345a1f923a312010b,13679
K210192,95a8b1434ba8674b6b00940cb63bdaf2a5a79e8fd0b0ada1a632ce86aba4e511,8754
K210193,07490c79b89cc0ff6288be0b7a314e7d392fdfc7c618719bac424d54ccb24b0f,10793
K210198,a290ea705c475fe79ad1f92144c93456ac054f326c6ef6a5a89e632f64ccc637,13075
K210205,45b0e448822bd863844890d3918fb43abe562e9b4bcf4949f32f20632569e88b,14275
K210207,2dffa211b0fd84ecb58360c12d72f7821ef5b9db5000585aebfe8bfe374bfe30,15760
K210214,cfe83895f6b16c2894a8205129ebbbecd0292ad91a9c5a64c4df8d1e69371d96,14083
K210239,543dcfefe3b65148a105ba28697ae269407be0dc3be5c8a77128dfd1fdb4b9ac,12207
K210247,aa140cd4f356667f6802c0d65d07f4bb5c2d60be5676cb81a41e4b26d2dd556e,9910
K210252,651fe8cf70e8f0cba019e182fbf1da32d18ebbe240876e0131f361bce6fc83d4,21885
K210263,8d6a309321e82627ea2f0748bc41b5acd9f6031f1ba87d7bff91bcde438be28a,11394
K210268,1f3e839df6809f1a2f8cced2383923822f9565663fd30eeab86fb5806ae7a031,7541
K210271,049b8b75c01627e9d0111ff6dbd98e8fbf219b69d6f693e1c79d50237b687432,12870
K210275,de08657bee846cd9fd3703f1db72a7a596ef894d9ea1ac5840305f7a5e593206,13765
K210285,67c529baca3fd3bb4def3672c767515f169832d8d9c4c47c07e3d12298b868d9,11594
K210286,2db726ed3056d562bc9a036f751859430108467f189564b37a2e568660ffef38,9975
K210290,220bb70321890dc3379895fee3e239a785568cc0d747707eda5522502a503d34,12145
K210306,0a5f6c61367f0ad195b284b1fb70445db57fcb1d47160505ada3d19be9e65dde,12658
K210308,84f2a9f902c65d80c7fb7584ea4117c5ca799f40c5b475f7c1affcbff60d738d,8888
K210325,5529cab09ba07f986749c8a2c257242022c533b79594d0046e933cc4fbda93ea,10779
K210359,685897d965a63d0a308ec91ebdd41c4738d6bee68bdd1053e8ce3ea36689b4b4,9402
K210382,2b8411eb59b00597ec723a20cd7342f1c3939e39718639e2073765d5dea606af,11143
K210390,6b98a8b2288a557ea8f297a1e4cf08615e04e5f13bcf82e8509613836ae6eb6c,8099
K210402,58cbcca465dc5ca3ab001d0c3574e64fe8e71e2338ad057292266af66c680a97,9551
K210408,f4e75e34ad9d13fc9b0d7d8e24225bb61ab8704d3ef43b39206917ff806c991d,10366
K210420,94be31e34b54fec512cb1fe88549ee2f390f75c5acdb101bf57c763a509f9e78,7871
K210424,d28fdb66b1e334e25ca59c9e45c1d4eec26d2dd77fff610cae7c253076a01a9e,9457
K210425,9b6e16eb8ca4eff41933546970d00942e9f1b1795d9bb41f3592c29d8dd5c5db,14437
K210427,edf21cc01bfecde8c3416062b0c37085c42bdc422c5b0bf7b2b63f1c153e329b,14126
K210439,c505cdf8e711a8e2ad671a38a08db2e001d6975aa2c01c8930ad254edb79bc43,10829
K210449,b03e06d39d777e6ff68c5878cde9ca535e4a6b2417cf935299ef95bd3ea5e57d,20865
K210456,2404d45e263d4dc7708062656d5acc391ff48f257909a4a59f722f3ee36e150e,10494
K210470,f49b163ffbe262b99a2cf2d1a1c0d80317482eb94ace65e38fb19b4edcdfc0f4,10660
K210482,ffb3b16d0cc9af83049febf81ad8121843b29d0b10538cbaf53619f451f14aea,14424
K210483,b0cd7dcbe56780c04fadc8aadd09331879c30c04b93e106325a78936a1961b20,12201
K210490,b2d1e0adc7f0d2f0ada62a282eec5b908f195300fe935707eb09045075b9586d,10439
K210497,dc373a26b6cf23a1df88f8a58ff6f75887a71ba8b3fce8e96d7530013b7ca310,26871
K210498,fd661c9bb4fa1e8bcb157176f586b8e75d01562390d003ebd4604921ee17f725,8636
K210521,e7cbf44d8e9ba8c1802ca4a686321b4e24529a008091aa7dc89e037881337163,10451
K210533,47df7d1fdd9eb549cd288df249fc5acb4883b9282283294624c2350c67756dd9,13544
K210534,17b8d49edff9b70cb36ea28ed4296215da34e89db5d712980f2355acf82ade2d,10365
K210539,d4ec50b94ea27a12f8e7831e62b48dc6efb022d5b80791fc600a1f08eda532ed,12416
K210542,ee7d8f9119dbc1e182f1cd3e38ee00a755e13475b3fb6172711ac00ba6872eb0,11002
K210549,f30fdf301202ddb6f318094e23c5eeaca21896c44ebd17938461228075b87685,11176
K210551,8e64557ca9701ab60e56bddb8c1782db82c4773256d2a9d8a69b4d3dc1452604,9356
K210554,33eadbec450d8f81aec6ed6acdf070aed7fa8f1514c9582f7790cc2feb22e342,12570
K210566,187e7811fdda66538ad0414e710699f230318bf7807eb5953bb6552f00c0fd3e,12421
K210573,cfd3d022cd948a58f8e6f61fec79b4f83b1b230ffa235a73b0e8e3465ba109c7,9367
K210581,a0231a415a618af47ad7acfaa2d091fa51a8a4c24a3b1194d1d04ee9386175ea,15091
K210582,8e6fcf96e96d54d088456efc712f95759117dbb128e48c4459bfb72f34afe337,11386
K210583,db7cfde88e50ccd6956548ea21dec7313569c0431558868ef9104088c5903822,17294
K210590,6534ecb3c214c33f9028b14083feeb79886678a11c6560674d47511e2ac79ef0,15108
K210595,b1dfc9fc34fe550735f957a2f24e0b17f89d6f15d7f65db4ae5957af30ae57e0,14075
K210607,aecb181ab40f1c3bf7788eb54fb878dba2e8f155316623b73572bf2bae249d32,24718
K210614,14590b21ebf74550f7f7e4c25bb1a666784d2e47f76e10042dc67fe346123ef5,12742
K210637,cd49a94bc7e41603bceee6cdf609d0f4e081b6a0cbd7db9c971aed1a0c015677,26924
K210658,33536c4e44ba9c64adc14d1064a20d49f85c8140685a1e583084f1ff3bd14294,9748
K210667,972f476a564166c79f9dbc7380fa41396e85dcce1012de582ba497613cf7dd02,11179
K210678,9e6ae925ca8afd5136da0a0a97cce22b8fc96cf1612afce9f677627ed64cc5f1,10158
K210695,5a201ef8cf471651847059de1dcba763f6002651cdec73a737629fd8d6b5fbf1,15879
K210716,e3adbcb9cff16785adfcba970aaa85c4c40513852195572c0bdfe648919354b8,13767
K210717,ad822137c3ac7eb076af07f7bd52368429aa0c702d7185062e8e23edd518629d,18963
K210728,d80ac6aafc49ee7b21b1b6d49e5977c5aab84cf32ed0b4e4b46596163cc1381d,17607
K210750,292acbfbbf86f2508e9c1f5065c6246b4e371f9ebed2383a8fdd440c4553dbd4,6452
K210754,bdc5146984b1780be0f2d1d959f6948e426ed7d5bc1809cb204b9703def48e09,9940
K210784,9b06612b1d8ab9f164a6b769d354e32d5f1d4c6919c8cef58ead7fb3fdb33511,7272
K210790,89f2d7f691a91b1fb6e1a4917883f41d93983100989152badaf16b32e8d8456f,16729
K210792,fae2c14b7491c4a60b3a88cd23e192e6be8853109f35ae0faa4fef1243feefd2,32066
K210800,3e1fcd59c9cdd33de3a52104004cb4094b43222f0725897527f1eff4722562ea,10489
K210809,9b1c4a0f1fdbb4c9883a86fdb4b88f70315eb81d4f8750c8f7b46b2e28a888c5,16814
K210829,13a9c678c2773f279aabda7c67b65d0565a3eb3f50edea96bdacbde0d293b89e,8254
K210837,05edb72d56042ddcd0e717e8fccf9d238dc082c309101a9502951c08c69a7d33,18796
K210842,95b6ca2cebf5762dd12bc0bbbaecfe2f610795676e6948f7fafe09a466b7c8e2,10373
K210861,6f79a258ebd995e082b4ef2c514439cb2faee5f1e113c0df630ae01c8f1d6cf5,29095
K210869,ddcee5a57cb8bd2d525ba84c0a7555748b9bbb7ebcdb5376933930522e0ece5e,8703
K210874,51cde420d5ad12d37a3e34c8f524a7704aa1e04a5544b89905c0dc04c6311846,10480
K210887,c18c994d954ac400c982a72b9ca21b7f29b81316e30246b8a26bbaa3142d1ee6,10754
K210890,63cae0bfef48ccd3d71903d174c89ccdad3bf6d72fd93b21585574f747780cb9,9969
K210893,96c7df1afa10a623ae16169b0ae06cfc3eae97c903ebb84755e10ef2e950a347,12489
K210899,37a9978c767a5e110c22430f893bc9823393e1bf896a319b0290612ace97b17c,14450
K210935,67f8e1d9fef2c64970355a0c107533ca407a86a0e2fbf1a7721828b217cbf7a2,13173
K210953,e1ff995766bf90cb91c82291d8cbb77266875424ca93574d91bc5625a2bfb682,8361
K210961,721d149eeb4a6a2d9950920f3a3acc608b7b68f3a38918e110d9f7c420ac4f87,13783
K210963,76a5b60bbed689c6365c3cb60eee97ac710c50a647b6cdea2ce54c6681e65310,11748
K210980,832c178efcbb671e48974ecc47cee71bfab182b854123e443e115740403f9fd7,30140
K210994,1629ee7c729fec9f7e6ff41a78ed4525eb0ab37bae75fce7d01afd36139f6513,12859
K211002,cc120370599c3bb9e5aa49ffbee643864b2f0caad42c89862568d6143048e2e1,9428
K211004,776a0ebdaa2f9b9298802608c381697bf872ad898a1eb658ee033355eb5b692d,20030
K211027,a19ad98b34fea243530dfa3300cdf0e198ea7b9629bbc8e730f052d7e29dbae7,11739
K211047,956ae0003bf6e413f1c7760cd71aaf3436409b37c890578e139325b6ffaa556c,11562
K211049,6bcbd583dd926ef9e210d89e6451811c108462fb910d25ad26751ad2d2803e86,11677
K211051,1ab414efa872c73949c10252414aeb2a255b4a70b71c552013561886a4aa8a31,9252
K211057,f629c0f62d97f351b269ccf8185b91ee608f21ce3d32d7dc4cb75c5b7bd1c98e,20047
K211074,7d19c1b3e2987bacaed4ec0a45fc2b1a4d8e6e0dd45f88bfea4fdc6dfbde328b,8747
K211086,5703e058851343b0d5f0167b83c5a4060bc2817f44ec99aa1ca63aa34fcc49c3,14373
K211111,b16845a09cdaf9e645a603d9891b0be63feb417793014ba997f2e9548028abde,8715
K211112,1940f3557e64af7e66c5b71fb61cbfd4fc0165997c3d4c7de4272d90242ad261,9516
K211113,d5ad88b689d41355e8b6751f308664e926d8e88bafebc67cb214f4008b0011b7,11617
K211163,f48d9b294fe8ed184d65941990f303684326dbbf38fb37f73853751b8c47321a,21035
K211176,2286c95ce2eeb6236b35ecc66969540841c9288a1b06f1b408b4a37761a11b2d,63198
K211201,8980fdeab5c08fba77c171a6bd64e17a4029d084f4a8990fb802e80e59d2a4fc,15417
K211205,7034c1cbb9200f474ab8c2f0e7f627c78efbf0b8548523a3669e8fdf2bf511ae,10029
K211221,bd90a0943d4b6582ff01bfa4ebff61373236c467e2a488c9389af2d6865e188d,14953
K211238,57ed16f6dc758de32787c93f085f428d3febd9d402c04797388867aee619e98f,32549
K211246,6a3ccb50c720b855fc007a10d55b6d0b64f92fe22fdbfe125dccacb15d02c579,10784
K211258,34afefec42c163045f7f76b29c062f95b5279c7001f0b0701aebaccf34f81ace,49513
K211261,5903e3bf5d8df257c99ef23232e54d7b7a62a7519be3d623dd44b6ed5e513e89,9654
K211290,1756b3d54eae55fbfd88467e6108b57ffe5064d9dc077092c17a481b5743be0e,12332
K211292,6ee61679c0a537686b65464711239a124fa5127190febba15867075ed98b9034,9091
K211303,fc8f04a4698016686455f9c2a5d87331644087b3188ced18329d35129df9c8ed,9517
K211306,c304af3ba82902fb1bdc12e0f0471df4bc41cf0d96a63b65e690b052d73dbe3f,12343
K211313,ed753390576a873d32f90db952da0aced005fa02d6b9a55d4f08bbb81d73e1eb,9216
K211320,cc294818f8c24af0158354f931d18da96013ca23e2d0a18f157bb567d974f884,11391
K211322,eb48be446a80a2b5645dda37c8e2962b8b1760981a390debfc143ac9c4d06b08,9559
K211323,fce4bb97afbfe0256ee2af70db41add85175d15875496449d3ecc6d3704b129f,9673
K211324,0ba7900ec6f075a847c61ae151fa67c3f120408f39e2fbe95b430f834fe850a1,31737
K211330,6f158615eba1e35d29fc137e2b767d5bf02b9d754f174020f22ecb299e7c0d12,13500
K211359,a4f1f0caab958bf13b1328c6b70ed8e1c36fea9dc99d0d52208ce7cfe79b905a,19743
K211385,a87ec20740a3eb3051dde853b54056545e82152ffc3b7b863fcaf9906ecd8cde,10853
K211388,8717d3f8e361f49b730a70cf31debd08f7707c5e6ed000ac254f4d3db26307e8,11513
K211408,f0793262ebdd120838fe96b1453fad815f6107bd44bf0a3166796149e01d70e8,9132
K211413,682ec4b7d00f81a349aa0b695f5bb668dddc05f3a6e2286b68e0f2bca9b43f3f,8832
K211414,c81a46aa575882983d8bc38514a3302f739de82e204d2703f8a669f23dbd8156,10613
K211417,d2aaacaf5cab32b65c01f3aaf1a6d64343bbbfa565be4527eb26b71355832bec,12838
K211435,d552d730cac6b08a5ec34476160e0207d6d1d2031710612001548bb01535baa4,10072
K211439,d2e7a4029a5fb86551fd75bae9c522dfb8b6891257cacbdc9ad76ec5203395ea,10493
K211449,035ac860db185dc663e0e8be1de4e25306b54a2350d9d19ff73e1f69d6bcb0f7,9878
K211471,11f8b74be71c876df5cff86b91b9c0aff9c064967b9a80f10859f6ef5b641dc0,12455
K211474,31054a563e010fd7a1b57b6e170a5f4753a52b25fd9327f519e24e0311d11746,11587
K211496,e91d53a1b82d6c1fdc9730edae6fffdd4749ad8f000e9cea6aa0cefddd3cb16c,10147
K211501,39cacbc8f27986d304ce2e957e4a8013d99214641c80db70224a2474ef7a9f84,11410
K211502,292d81ebea600f1283fef455151ec2dfa074dde41f93ca1a337f91a928a6a57c,13743
K211505,fc55864cd08e2d99efc24c9f821e0bea9079df6385a05cdadb25c03904ab5f2f,12806
K211508,b49d67e734c8d6656262887137cce113677a7d9753e648c9e75dc8578cf6c56d,9654
K211512,38d8a9530b81fca7bf606888b9c6b6ca95ae3fb66dcdbba8babfb1fc61ca8ba5,13260
K211548,e7ed8de4b197cdcf50db4e2caeece1c39cb8c069423d10ebb655e4db0e301577,11104
K211553,6e027cfaea07178f22961fda214473fe4bd1a931f6998a4b7e56bf153cd84638,13547
K211567,a90c893197a1efe05959c1d5d42504df8e361304e90cb3d04e7b604d839496ab,10398
K211582,933d9a5f202eaeaa09a31fe2c194fcffb34bade3d560202b279a21bd2c3e92a9,21135
K211592,b92f9d772b1fa4ffb1391cfd082bb62d5333fa9817389cab5da4979749b0b703,7443
K211602,12d8cdb009d32f89ac13aa75292e592fe3e44f00d79177da42d15182965b40ec,10569
K211606,d589ba7f44d4637295f8877014e8aba4f47f7511ec6f5b295c1667a356b1c756,9200
K211609,66116378e63e0de99a70849fad22d4ec3bd5462b69bd4551dec4bbf179fad13e,12752
K211612,e69718db02702e755c267f95bea764bdca293a0206a93b34793631ddfc0e2be5,14031
K211613,97cec86e81de70d648de67bdf6355d06f0f1bda5d0955051d5360ba0bb4d0672,17216
K211628,5cf815d59293f789def8b1ed35933deb96feeba758c2abd3faa17365cdda01c6,13023
K211646,ace269d6c323b71c758821855826ff72dc470c350657091cce5f4b77b8eb1705,16345
K211650,b979dc03f84d9488a79afde7f32ef8b4abddb638bf4509c91363ab3f65e6d147,8598
K211657,6d99c286313b29a4eabdf24e43e5e425ee4c91f8eb23b4000b172c573d085d30,14287
K211664,1e7f2690d25ecca1e56cf1cd46946f4a262a73165834fb9ecae48df4ce9c9e0d,13626
K211671,3cdf5b09f071661791b41477a630fced944664c1050465ea6f27b813e805ce1a,14863
K211677,05ca910c3cee00fda0577446c2db59b6402e9c1797d0c67ae3dde1694d35ca0b,10921
K211689,c667dca8607263e9d28dfa7ed2c98fbb934ce92e4d7a4f47ef1852e733df4439,11346
K211695,f81116249cdff5bd6acb1d4b1ec92441eeeb163a6cb7e1085d4a18dcf58b1772,8651
K211703,3387c7925132ef4293f25779124cd0ebd5ef418b7bf4f9f0dc449b7b5c987da2,12458
K211704,b6d124c00ee4361d929e2c0cf0f5f8d1df693953b8fc845454e5fc050e05b2d7,41328
K211710,35059de205b93cb2a798b94bd9fa5a921994cf1050c8bc93b05830ed14ae430e,41126
K211712,89734aaa9cb8880b457aefefa6500a8460dc3f4692696bdd8e0137ed40def7d5,30781
K211718,154193846f5433beab59a618183aa0f1c2723612ade23f45c55499b8b2926ac1,10157
K211729,6920681c25352e01550ad16b486e95e07e4fcd4a3085b208ff303a7660511f98,12561
K211740,2a1452a20a3981f9535cb56950d1db1afd81874f510d2775bad3315f4c0ed774,10530
K211742,96ab6e7f9b569b9dbd6547943ea7c0312c4cbd200475a398344ddd02eba6d1a9,14439
K211768,7a70cd6a57475eb8b9194547b53de6252cf5955049c1e9f399e93106532d2afe,9987
K211769,80238491c29e26491e5c9946c8d4454913372b83f859fb1709a17884062308dd,12282
K211770,3e324e96f9e6045b29ffc841e7f24a84635cd3cdbe2b99ed9f5d3e8c67c1549f,8473
K211783,81b93fbf09003215511cb1125418c032f9143a0ce6476d985d2701e21c1eadd2,9879
K211785,05c709b7c52d84c6a14f328faca0c9dc72797084235b8541617de35bcbdd0d24,10784
K211789,444965d7bebdc48ef69e81440bc52307266b7729b66543137fb0e969aa764a11,9034
K211797,971e0064714d7d423d37f2450f5c335e3c62eee236655f90ddfd7636f4142afc,11837
K211805,30ae929f8aa7bf94cff6fc398d692fbcb75efcc189d24283cef372e74ab1fbd7,32708
K211837,bb81cc464be3aee2e99dc05808b3db43313589330749acd947d0d4372d82949a,12781
K211843,87695a823b59f2735e573d0849d520f253dab43b83a92ffadfe65ed7dcc893f5,10535
K211845,f21ef75aa77ceb7bb0fad9ac98768cd50799331e76c9d605b89459f39a6bacd6,12410
K211866,2eaf8b6e1bf01ca676ca5aa47c24574dec92bef43363dc93a33980a69652f2dc,12339
K211869,9ac0b4c8dc9acb7b8e64de59ecf49d3fda5b97187701a715add3f59f17b73631,23609
K211873,d5895e1541fe6fd1c1c453fff489da038880b00f46f92d5fc246ee756f78589b,11042
K211877,200440606ccf9e789824c20de415bd2cfccc76f98c0c1dd38d8b527e56e2f970,10208
K211880,ba637de432a737d41f357433d6f82c453f58c67df98b68d654c5a2584bcb0a03,10593
K211883,b5a2966d3688b43832d6c6c11c05ea3f4083239ea64af12cdcef321bdfc5e2fe,9885
K211891,ce2c0300078c644bbeb078b1078edbe7b6d9920f09b65228d59bc8b310ca5fae,11149
K211892,7317a807a0d69581457fb5d5e4093e825c93523495622807da48af2028cb090a,9983
K211895,68f28dae86480dd52a1fe6a4eeb888bbe29ddc35acab9139c62aa85af61931bb,11306
K211903,e26cf7a03b916976980698b869758cb332319765e0c94197971cf57c59a14c06,8497
K211932,d02d008ba8774716be75734ab14f3a2169ae086a5a7d4f15a0413a31caf584b3,9472
K211935,ea33f0faec976f6e27af5fbc8c271b2aaf375e7727a046ffcb6bf9755399b5aa,10637
K211938,61a6f1381f5bd8e55df5f7080fff2a55a6c8847359c4020654b79b51febd3cfc,13099
K211944,12dc2c9dee05d1a0ebe8032ae53c5310d851750b9a6ccf1be873d0d27f99d181,8642
K211957,4211fb702ff3e50200047269d98f7acb9bfc1be8f521c890dd6d6bf9ec9de023,14729
K211958,787be7e7765f4f1b41e66b7d6247f1e304a08d3453143ae4a513eff57ab3a737,22569
K211981,4c312f8f80b6a394b3b1af64bca27816cbe72579e5213c926cb573daaf1809c9,10691
K211991,6f06c918dea80ade5be86e3829acc28c8e34d3bad3fea89675919657e3fc2f5a,11487
K211993,13b5d8a449e24d3fa0b733312056de2b62ec5b4882fbde998eeaa18fa34ad85d,11235
K211996,cb3fb0c486480b3f218484518cda02771640b694319c36557817c0e37b7c0bbf,8218
K212030,36fb326862a0456ed1e211a8bc058091f1e54fcc4521d72dcc453439ec6dd41f,9290
K212034,19cf124ad75b2bbb6025fdcc4cfaedcbe6a10770e1c651dba7cf0a09f6e85396,10999
K212038,9ee85f15e9f9166d507918f303832d3f2ebf036130842b9bf4536accfe4ff239,11242
K212044,793aa52601286b674ef3558409575b3e5117de5ed003331b3738fbf9de30dd25,10796
K212050,40b9d2c1ed139892e4e7976f82d195a717fb942118c038e3ffdc963689d7bbca,10547
K212066,29d70ba1151fc73e36709658d4d9ef34b8325bafc6fc02c3184207557724c3c2,8214
K212069,91e0409d0b74206d73f8f700e1a4bf12b37a9f49d0bb5fac93a3ee3e7c8224c8,11782
K212070,422958bf78fe07425b8da836eda00a3c1fb4ddccda35fec8cee9b0f06832113e,13034
K212075,d608e01537850a821cf53f6f56940ab2460c5d6287074b8b09aa6a66fba95c36,11855
K212083,2b6db1150e1d49a783b5a5699efad1945696d9460c0e6a9ec1bca817386bc843,12631
K212126,3ca3b6cb9f092b0da71431ae7722ee7e44d1919b241e9c60e33e03fe15195571,12993
K212129,c57beb8995459cff5ef1efabf663fc2e3aeb5a9bd1c10312a39a3a18040693ad,12584
K212135,c34f9d53b01aafd826f6a8167e52f1895d07450577c39e615a9c4cad76895078,9408
K212139,5ef3d9b9d027294fe3b189ebdf99190f9489d726d3a3f274afd3859dd710910e,7759
K212156,06c3fcc526451e6efbd0f031e29da2dcd3e4dca6dfeb420da35a824a960db99b,10348
K212185,e8d5d0ce5590738834359ddad12214d34d45ef23770cdd6ff27b314e5f124dde,11759
K212187,6d8c3d87bd21af031c4064d44e943f199cb68f4bfe81997416909e0e1078c502,11698
K212197,2a2ae3e81feb1ff5613d017d757e2d78d222814f47cc45fe3772b0ec47bd840b,10408
K212220,bba4b61e9791a25289582b39c5b6ddad3f5cf292665321fb4e476209b8f1b749,10832
K212266,4b7be8162b492bae95651f076eca401cba23635b7b72e8dfb66da26480cab138,12593
K212297,bea89841b0ec8b2672210b92a17bb1ae26133a6577a54a4e9f6fa43059d899ff,9794
K212307,c6f2a1522b3c8a6b389183533e2e22c9e5929d164eb57065f8724e1cf4c5acad,12062
K212327,51bf382f0919a5c5b7ccb8364ffc13aa9206131aaa29d5828a5861a76bd24dac,12174
K212348,ec45d3b96c447db702e66f3f5210b7d2c645aaf839c0763b7830a716ead76192,9868
K212353,abeb6873d4ea0fe94790de11a11e4f32975476599514d1ddc5252ea2c1e7129e,16052
K212356,abbfad1508b745232758dd210413bda8d5057a298e9ed050ebf32b12543ec0bf,16021
K212358,2b103f2f7efe28ae1d7471658bc078b0bae3916621c759a977f58de47d24690c,12608
K212378,ab1116868c0256ae1bb5c4a992fb07a2e2b7a1b4dac47fb16093de3d06caddc8,12404
K212381,1c671dbb7c5fe819bf91120606ef69b27bbf081b3799d4eb8c690dd41c9d7cd5,40679
K212389,03b420410a91543adbf9109a2a9075748d67de4d3162db7eff18aaa6bb3e63f6,11033
K212405,510c63113300e342216440e8824b854a3ba9a63ad10bf3d4d8b4af6187017dbf,10026
K212411,19ce3dd0d77b2010d4e101077da33ef7b014349003705f41484b0596428c399c,13681
K212415,6732606734461ba6023cd85698f9c032614dce6623f9b642b943c4f3488d9b9c,8236
K212428,3c1e3177c3591f49000183baae8657904ce44fa4c8828f2aba6c41ca0e8de262,8807
K212431,d63d352ba6ebb1ecabb5c21f799bf8e0cf2322b33fb1633ae6077203a3ec4bae,9526
K212433,1b4a67b7e89bfc93740ea815997f273ed136bf912a5c5d243dd3a1d10e50671b,8808
K212435,ac6a2e1b30cdd8a1b5328a6c3ae88c99282911b5b595cbe18aaa9f6803013672,12323
K212446,d526f20d800c9a7ee58ca8cfb86e660ca090241c2060102d1e17536680795277,20534
K212450,e0ae2ec6b53fcb3d6e85f53fa6b41be144003c5996a5e8d15b87a6cb1f6f3adf,9098
K212477,fe59bc8217347de391c61238682c548181a5c20fa011e31a219f0e881c047cd2,10975
K212487,ebac0656fbd2ae0ff9cf87f1bca977cf078ff3bdf82c1a3287bde2be244135c9,7530
K212489,c0567482bd57cecb84a01712897f70880c367f0cd7c9fba3209633a095125476,16499
K212498,32f6a43585a5d7be5677c1482cfc798c992ef233d419324267dea5c9d7f690ef,10822
K212512,c2c8d56c623aa9eb2d30882f98149ce6d3eb78eeefe2e452721bc805ebde54ca,12218
K212520,3d73e11f214434343b9f5fbd3c28dcd2f4edfb95dd65fc86bc3005108543ecd9,10940
K212524,cb34817f77d41f80ecd6b70577a05a6bf9029406a56ac4a52848fe2e55a2c331,20905
K212527,98568d264f50c8f108c3c99182b6a2c1c8c72b5e61dee01e0d47ec9ebe8df0fe,11404
K212540,4cf5c1882b355b145e823ac004c5c4790d19c69d513fda7ce31240cc720d9cd1,8047
K212545,b1be7f3f1cbcca35e0730b4c85a99d364c52cb7d578af7c69bde8d62bbdbc114,8499
K212547,849dd6922d82617a31ea6a22c219654c32a780e36ca187f9da1f6d7245b5892f,12042
K212552,c227266df1dac74fad0e9b547df9fe4aef6287c5f93cdd63e1371c3e96d24eca,8716
K212562,01f13584a15a0c8c7fcd376535922fc06059364d48ba3fd5ee20b2ca12f69d4f,11362
K212581,6db9c3553c9ff0d11e06f3172d3f0cd98c0a9e8fba217125beb3b25583739c06,13733
K212594,3410890acd1cfde0ffbcc36567aa4ed51ccae41e4a99913d4d5b17d20b70145c,11528
K212601,04bfbafeef7db01174fc98bf5c418f64c0c104acaa9c37c66476e7557e111ddd,9079
K212608,b91f0c5156ad9eaec38d9fbc06b464998e95a15543d13fdbe9b46b131ba58695,10108
K212612,5d1b658378bf425825f1ed3b230249484070a0cbf6d813bef3400265220147b7,19193
K212640,657a70f0d3843f59c072c9c6566900a6814b485fee930adfc66a618d51d6e92a,11129
K212653,1f953f85eeb3b6bea2688c50f2b55453162f209d39993796beff6255702292b5,12115
K212683,75a7b559410bd6d9c500f9fa0a9121178df1be8f191779fc6e748818afe1e109,13290
K212692,87df3dffa0d6c92f2a5fcc836adf4fe94b019a2710e5d104bfabe424b5833bfd,11397
K212700,7b22352cae1e654caff6c4f96e78699321b588efdb1eec17ea9a4341f6a4ad07,13262
K212701,ad549566941e01475472defcbf60578fa0af28c21185f4e24c42c937e7d5554c,12096
K212710,8488010adec53985bf33d4c4ad27c1de65c886810c3a43eed0e061f853d1b678,13350
K212715,96b56d032fa64323926283fadbcccdb40daf33cbf17b161c2f1a22a5bac2f572,10606
K212721,b0d82d2da0b5a273bfe504e047b7aae6877146c116b7d0c4cfd9309be4fcc8fb,10832
K212729,4de8bfb3b875409ac2d047aed4882e76e251687829ddb447f18b5ecb53fa33c9,11769
K212737,928e7223dedb85276c940cc630b5f6561cc2ffbc1ee40858f640ed1e352239ce,18260
K212739,3730203dab5a4f27dafec84be8562e76068a530cb03f5859bc02a54ac4b1be00,13473
K212742,3eb598d16792540b9c09b3748a1fa8c41b2c556e4cbeb55387ab3c89713769f5,13114
K212746,3b4100f5d01c59bc87d7f4d55ad09e24f52bb635d12fd21e0fd4a693ac82f82a,13119
K212755,33991cbaed413ff1ef84b63fa4a7c2ec62151813fb03e0412b1c4b42d9848167,14250
K212761,9a71a713fac32ee5405567fc36bfb20a0bcd63554aaf4c6c7b1f15920fedb461,14524
K212781,cf4bb7eb400e48082667127ac0e8ae69f196943f717b070df597e199c21b033e,20408
K212782,f0a67285fc3b952600af4cd94792cbdc8a6df6f7661a88a94fe338e0192c0692,10017
K212792,4059007e0ae8b44ee504fa0d82ab33e573d7a2134817d5a1dce7f9969f57a7c0,11856
K212800,1254b80908ce07feb280bcbc544a7c2f3b59d57a6b02be3a849d683c33473158,29087
K212811,20e9a9af53d76b62fac895178652c1c7f5efa7a110d1c49592cd936946d13411,13143
K212815,17ab770ae261ce233003d67c5fd5ac552a809eadc0e50c6e0b1734708ea43bf4,12135
K212823,eab0e34ff2f1d69d2750b419da755b04e404798c86f17259426457ac49894b0f,10942
K212831,5414a328842646d64dc373467dea79b6f5563fbddc0e592c5d2032bbe242908a,11106
K212839,65ba0ac3c6000617f6c6b61a735214db54ee53538a801e71e64cc26b4f7ee82f,12218
K212841,7d666d69d31b31eee540049702f425c1ab7c35946f899d385635359ff149ddb1,10163
K212853,161727e1ffe1da3139b6ecc616586b2c15cfb3e493e1f0604fa2896c48d140ab,11339
K212870,a484a344659476146078272c5eed35b5bdcb4df4f0f94418a829b1a2edd5090d,11440
K212872,2137f59992832e442bdf02dcbe93373ad5016c47918360e31ecb448c16e161ad,7783
K212895,0cc331b4eacc95d8d01861fd821d8d5cf334095e06a66509c38ac25debcf049f,8384
K212903,3279f39a106ce195beb6e4139279b4a7f3c5281843ec309b710c0f3e1546ed6e,10143
K212904,8a221a4fa3ecfd1f897f3648676692d598e37335f41b2d8259eb9536dee9642c,12824
K212912,f3b3172a97cbcf1fd65f0dbf3f21afbf98be65051f2d75259f15b85e3b8045d4,17731
K212930,c1ce4971c1fe2102f3b2a99a9977b78fb42dbb37475b1f2baec7fc251fbe7314,10752
K212933,e916ddf5d71b5c54aa0c5391a1b61d08fc473a9e32395bf78019db419fb66fc8,15457
K212937,704d3fb66f10a85f657a2508131655aa7d14576e1129bfabdedaf9d1d9f29b92,10445
K212941,9a0cfb03edbb56315af2620fef91c3a969867514a1389175e51b3a8cdd94c438,11083
K212962,64100411e94885b43227099d56077daed411ef44d4a59f84b1e24ac5f79bccef,11148
K212967,c89d7a58a6a713835a5948c56a2f5f27c9edcb4ebc520c5a2dbb057f45f1ca5f,11569
K212979,c1ea61e50c369ba1dac345eabbc57f3e4b2b9e7363da9de4b04ec1086be06a84,10352
K212980,5a23fe2571b59ab94e6463db14018f97d807bbe8cbce545f69efd90ea4c1198e,13382
K212990,b5ff5f79eeb696060258ae28cfd16740d3d7602f916af4de2368372a210356bc,6919
K212991,6702e8226cf1c519537d701db036e0038991e563d84c6916c190436984026458,22860
K212992,f7e535b4b942276d920766d1173e55e5a9ba02a1e82610ca986fcc69652bf7cd,9669
K212996,a5eca456d84a633e48f9f7f3b6730bf76027fcd124c1c76ed9c340f38bbf936c,8574
K213005,75b99ddc8b65a162d1fb6b0740979038a4b79694e27c3f9fb9dca51498395f78,9453
K213014,e7a6087ed6194ab428fba42025ff10fbe47b74c5fd1d45633ba659930dfa19ff,20967
K213018,63d7c64bf3b8bc285488bddb9b7bd35d24e0ece5e88ba708ddcaa46d59d80e8c,24774
K213030,0015c5f8b19aa221d909c2f6ca1cbf69f64af6259bf9bbda0e5d4e1cbbef7b0b,11252
K213036,85ec00673b22cdff6e7524fce99afe713d791963e0af34403f2650cf16ded044,11698
K213059,16ce49aed54367afbdae46bf488767cba05c899b6dc74af64be3f90ae2d63c43,41309
K213069,5902a96e75aeb0cf115cf5c064e334db107dc6afee7437d069dd0043e04fd901,11495
K213071,adc142cd901d8fe8b4bdc38cca1058bd852ee5170d7a4f87bc10ed673c357f50,13207
K213104,71999533b55cbeb2ee2b07b6fa7c9f863eb7ee5f427d99b3ab1da49e86fe0a8c,27660
K213108,fd6281fadd7e7ca5fa14edfbea318c0834a5d30be351f0c9078303b5f3e86331,33178
K213109,fd28855e73ff6858fc5249bc3874c90e35a7d5c6c2a9cfad07d48cc85612d126,26013
K213110,7a4e353778f18d6983516402455468c505939fd58a857cdef3bcdcb0ab6ab45f,38512
K213111,2f81d7d7f03d28561c04f153b388f30cc1c4404fbb69cbe4986edb9a1bc2891b,13138
K213115,2b8b0f10fdacb4edf24c6003fe776b1ac1b492b106335667c53f301c9c72a9fc,8210
K213117,87eebc2fa4fae35386580498f8de22342e85c9ed14a4cd770345af77e505cd0f,13714
K213118,0fb6eca7f13190974834659f0d3c0214796004a03017bafdd494ec0b1b57d4e3,11217
K213123,a655dd4e29176e02f22cf249e8963b31aff06fa9f859643d5d92de54ffecbed9,10434
K213124,fda61e3b5d865e17a1e48c20b630cdede7a881c660fe3ae5a6846e983164b019,11255
K213126,78f40895cbfa98cb7dd80170c4200e5ce1582c4e16531815d3691f83b290c7ba,18314
K213129,c101ea2828adb2b3317379fd53935a46766b6012112905d977623ef750eaf8e0,14185
K213196,84ad8e157d754d1ecdf2891d8e556d6bacd0e92ccb73c5d48a920d3fac22ef7f,9263
K213199,c4e7567f12fd6f0c370b0cd8c2bb0a4b55d390c0bb5f32ec5d1d3fcaa7ed311a,9998
K213214,7e37164840cb341c89ce05eea89d5fe4c2836a998c9750bdf1db30f07ae655cd,11003
K213219,4e7647a280cef64f3d918e724d54f68c5f30cb8b25a5a4b7ac4c80bc9eb82e00,6747
K213266,5945353f9b63279db13335c427540f2e0996d853d16dbb7dccab9a4d0b0d4d66,10612
K213281,52c7bf39acfd27a9a73d8cfbb109b6f17b0663508b5e936eb9df71f747411b11,21333
K213287,844807ba3adb8f928e761e37744f7794321fc4fb8b4c7605e4565d2338a4700a,13131
K213301,1a1c989d137fc940ffa22538d5fec7bdd2cd50b1c1b62f87a69754c8c39cca0e,10011
K213328,0a3e73bfa3e3fcd99ccae36d931efe76aa786b0f865fde02c3422b3bff3e1ecf,21676
K213342,29e25669f901ae371d81a998131574d6802f41eb5764bdf429623ff9177f8935,8378
K213349,b03e35e5e0a7ae5dda07af3c218e7941d5358156ebcc1d4e118619f29e394071,11569
K213355,007e545a54c24a23216d0c789f1408ad7a7c964713f9c75df4a92818aac593ec,11034
K213359,da08d18d719c2e7b9326d8ded5598c0c9754510f49eaf6e27de46a89004600e7,12545
K213381,7d71d17d592e6943a7bed24e568e68f9f5e4b18ae596cf899757b1907c630a0b,12479
K213387,9018bc9eefc61a0926e7b516762cb64404c7c90a34977736cfc5eda3bb01a27b,10818
K213389,9ef1f081e711f102e72aefdba16aec03a8768de8be20c1b1476d5ba54fde1926,11549
K213394,b1726457d8c45ac59d7e8e75ef29bed5ea155756479115bd1072ced01232e0f2,10387
K213415,a085b5cbf71a64c1793897b04fb005e5c277dd4ee6d2444b872a116135c4d795,13493
K213417,ab250a2e93760791ec067e1cd6bfcec2ae9ca527289792b9462efb34421ac1f2,10492
K213420,4f2161afb66da065dfbe7b3ddb02298251f0728303401c7f696053d72e4e3e45,19445
K213421,707f5151e9d3d1c7f4f4cb53154fadab390ce2ace701503e79d16963d4afc6cc,8361
K213441,94dc4521fad9b4e9af0631b6353eb19fe7ba34f3f0b3d11157c6aaf4193e3655,10150
K213443,391f323eea3f346f7f9e87c2d264b4759110e3da1d0f013ffaad74d9ebacecc0,10136
K213456,5f1983906dd6321fdc1bdf4ad33fd54202096087b97f5f687af754333ebc96c1,10503
K213459,86402e456115d2812b64f2aa1e0c0935f64d57011f5e29227301522391040240,14918
K213460,c2cba2c8245ba0f23e3e44f411b406b1fe892413c282073cf7f1d9edb7ebb9c3,11844
K213470,fbba477dcd52d2a03b7916587615c00cd60dbeaeb209f671b521dd1d0a2a438b,9331
K213489,02b1747fc21e8ffc68231c294e24324a14cb41166d9a55841def35ce5b4fca56,10201
K213493,aab9eed79a4d3eddb07971d0f3c328f407a934e9aee4913901299289b00ecf67,22497
K213530,258645ffd4b6e3a4c5ab1b915e8a58735bcc4bc3556b00887d75bfcb27d7ea07,8060
K213563,5611933eb5478bf27985afd42aa27cb704844dd74542918eb10fac461cc6ac5a,10954
K213567,a134fe83b08605e7054e23737de5414f20ab7c09c462ee5368754ab832855386,12095
K213572,169d07811698e61e1c993ddfe566017c9610106a2e9c973354c6a707f64b381f,9511
K213580,1d939af655f5b02fe21abfa8a979c53dea8a212172538c67d4b5bcc4dc4e4072,11433
K213590,bc8ef089d6b11ba050cf56344abbdedc7b2f465644fb9f0e1acc40ba37f9d81a,9272
K213591,14576712da53ce7e129e7708d99d357ac7a1f31a06b3a99cfdbc402546434e16,9301
K213596,aea5d933b3b791ce9ec15c67cbe90587aa7fbc9268cc9048a12c012c82188ab8,11343
K213614,a699b6ff147a2669e72157cb1ac584c5c09554aa3e94c1174249b914caf9baa8,12818
K213615,6431ead07fc977f0593f47acae576efdf0dcde255776b885e1798b4feda2a0c4,12466
K213641,50bcc3c14c402c045ceee56216174d85a830390f9f8cbe559c477e4719923a60,12984
K213644,c8c1e1b813c42eb969d3d81feaaa9564cb09833a987cff0749754eaed200f76b,15451
K213653,078c9dfba660faa14ba59a80c247beedbb88e2a7beb80309666295351ffbafa3,11861
K213654,b9296a6d2b9873fc9370a064a771db06fcaf2fbefed832cc448bb351bbaf5609,11722
K213659,29aee68036679bf2b562e85b51e63e26adb4026948c462dd9907790ec4d50cb9,13254
K213667,22591bd4c64c4c96c9e737dcf5f3df490851bc6de91909acfcf8fbf9b2b0e35c,10055
K213673,c724ad98ba8e1fc9c3b22bd30a92817e7271c4e5acd5573ef5f57ce3bdfd538c,12951
K213675,6c78823e6099c6c6189a349692f9f7f71ca86121b2cda51aca43496865b98c4b,12315
K213698,0f06ffffe22fa18892470d599cc6e8afe96738adfe4e88358739bbfcb3ee3e43,9370
K213701,67a7cb966a169221b1601b53a8e3beda7bbc19b3186f2752de6277d2e06089cf,11615
K213712,20532d5de89a418b47d95f11532ed7a6d0287255e522f041325c1cd72280e51d,10460
K213750,f0e6ae76bf1e488d91bea085645a6685ce3c58252ef4d32d43ebb503a1ab4be2,13897
K213755,db1e0b2abcb47d961add191cda9b50c8d3ef1c1c4d5023c6fa64d2761de4499c,13467
K213770,be06a70901e516211d6792925dda408f87b58d45f69bb347a172eec228e7c628,10806
K213781,b5e1502c6fb7c218de785740735c7bd72200de3b94b254e29587f27c51c0cc1f,12915
K213785,73c5e3c6286ddb7b472c997f91f0b668aa68d513e1bd10b0d29e7c4ed713b97d,19259
K213791,247fe2284259f84ded4f20379ee01d4b654ed59b8801bb3027ca2a6b3f7f1d93,11032
K213793,efeba2ca951b1c9d5024f37cbcb01a2fe9ba8d6bb31ed4edb6066fba7bd407f5,11782
K213803,e336a8865552b36ceec2ac048423a2ae03eb43c03fd9d42cd56b85d14c8fcbfa,19522
K213812,0feb1022b041a462ede0ab005f4e155f77049927d1d612947859803522a6339e,12560
K213815,8301aadec333dfd1f466923c039d47a6413122178a7238668552807090a2b147,8671
K213816,5f7d37a81219cb56f38d80f94c602bc1a21b8cb23625810e8f422e04e52317a9,13266
K213817,62e098e745ff2c60fc351907f100c2df0b8dfb81740e7c44474ebd6360756aa1,13828
K213820,8a77dc6ef090f7364e7ac46909b122e6f8dee414c87ee0168b8d2fb3f86eacdf,10769
K213827,9a856d75c571dd3fa3399854a73335088522e136d25f8873dec31b5c9012bb52,21965
K213837,e1d82c8e6468b8e383a996d98b72fbc0058cfed536e163e5634983f907634821,16562
K213839,6cf5ced17a112e150fb0c99b36ff2878fe037982a78fb584508dc88af0db6c9b,11349
K213842,ada1485bd636ec5841b010ad84a7ac7b95e7783a4657df190ebf23ffb20e223b,8473
K213856,246553baaf1b3b6d8847dd9c343a20b5e1f1a97983f88466c81eba7dc9ad8d4d,14207
K213864,2211b6bde98f5096ae7b59675049b9cb4f8ecd8ad88d3dab6f44bdfc07b11ffa,14056
K213871,6171ce4b114a4004a0da2a9cf213c337e9a8d1da9daac2d7433ae25103d5312d,11836
K213874,8c241d18a7a948651afdd281e6095091b6f708bd894ea0d43b728ed520a34846,10457
K213895,a2668aaeb8d42a2cbb1f2e54e26eef1bd301132148ffdc6dde2f20119edb10f8,9682
K213901,4f715d880b2ff678918e3341b15d50ec71970e63689d2a8e47745f30737fef59,8543
K213905,63e8c8e4848193dde5c1584c9029430aabc15bcf15fb659b20fc76434b4f0705,10501
K213935,0ce322bd2b6ee981eeccbff7232e4ca03163f62744252234bc2d37a8d6190e15,20286
K213951,da36432026f8b28762a641c36aa9686f8a2a56b9d1050458be93fd5b5df44617,10597
K213958,01f2dfaca641cf17927adaae86c542e5a36556be054598e87696dcd2b170c183,11793
K213959,4c92179d69e4b66c02d114cda5035ad0f6d98dc48dcf938433f88d470d843b35,13237
K213980,a94cf552c315b41e0f17632474f5b5c16b22bd2cd2c3c864247aa688c339b0c4,13482
K213982,1967c8aa4c603e97563b645c28cd69a0c9c8bc5fc0b04f940308a2b57d3da3d9,8207
K214001,c9316775c2fc9276e8a07874f14dee5d48563e6ee3aa5bd94e721bd5e9e8b81f,30564
K214006,dedffe44089952409be61782c9a888ff8a61299ea1002eaeecfcde4e7a14ca93,9473
K214010,05e019fe535f8bde6e93f562b880db339ebca0ee257ce4b6328e1564ca27f1fc,19419
K214047,259fc905ade20cfefb9f75ca94acf57e5862df18f27fc286c4842fe9b28d2179,11996
K214123,8e8d73287d37ad3dbfa3892e1ebf171d240f4ece4cff0d46d1af1558a2a9e888,11250
K220025,208617ad9d5748c6f6f44760276096cb4663763559b64479fee9e7cccf5413ad,8769
K220049,76413703d2b92d9e3f3d859a582bf60b5f3e8adef932ed7340a6ac7d2448aca5,10014
K220096,dbcf147bab856b2d9ac8a873cf0a3f4f384880ee1ca5e5ea07d56aa37902822c,10056
K220115,6a11bf3519d55722b8843af77a6fe4ac20deca19719dca4608cf325e1496afe8,9865
K220131,f2aca4c4b6cf63dd1a2123f3aeb176f4570a295fd9a24acc6a40651c01ef4e9e,15561
K220136,fa06228454dac0928ba5f8a579fc2583cecd332eaaa3d4706f32093d584eae78,9076
K220142,b6500b81d6c6c1d1f7d29e14a75709c6cb93e495948e42d2542ff59dc00fde83,9439
K220147,e6811bea7d60b70f0d3abdb14b779322106e65f7b57c068af2b8834676a9e88a,7952
K220181,8ac803b7e32a474d7e37dc07834dbf682aadb1c71e8a5d4f1bbb32fbd52ce890,10927
K220182,c262494bbc3da1169fe8fe260c6539060bb68a21a9019969e1930458062a97a2,9917
K220190,d65e57e627babc4b1518285928e1485fdd38dd114caf585cde9197eab7424c71,10406
K220195,5790dd695c804dadda2c175b82b368dc0d81fcbc047f2c2dd07ea2f9d2371c1c,15659
K220197,ca1a1baecac51e3766c022dae752e16612fc5e71c6f3657299ae0ff5cad7850a,9836
K220199,e558a6d9c4b3879f215cec204df29ff34f0523bd6acb39fd18ebfd0faa45ce3c,13843
K220216,b6d0779c6bdb5702b3d70ac811a7e13bba4e40f685e1b1dd4f5157b3b77253f8,14691
K220234,3ffa686eb0dee53072b7f9d9bfdaa3feeb948f6053179d726a0b44924c9be4fd,17849
K220244,adce4ca84815c6985bb5b15f7866887957df73a61b546650cb96c49d99e79ea6,9569
K220260,90206c36119b919fbaf371fc92d3ba7083862c7f7440da50a7cd7bea258defb3,9660
K220261,90d6fabebb595ebc6c7a51c556295f4a93a9eb3692b606864d9ea3481358974f,10776
K220274,736fc32118c2f27790a23e194e625080f8d57839fd196d5ff6f780b5e9ce8dff,15124
K220275,72459c25b837b9924b98aca36d4e9d184a0da84a9b198c488acb3e7d468c922e,8066
K220285,00b46788d48dc4e21d5c0d67b688da603002117f5b5b5a14e05bc4d2f9ade9e8,10235
K220296,3b780a290955a46b171f21aa956b3b0f399e13b76095a9207a3a6060020fb174,12273
K220319,f3248e4afa7d1bdf40626a418290a4ed33354e1a878bcf2709f44e0dd84c26bd,10395
K220324,93647099ce81ab39a4af742fdc6d7726747dc2a686a5844187e402393ea20165,8093
K220334,110e0f42dec3016ac450d7ad28be446d02294c37c41ef93b242241f2ac9cafcb,11469
K220336,62bfe898baaa40dbe99e665bca99a7d75fa8e44f6a0e012e3efb4cf880af783f,13041
K220337,caeb80cdcdbcf2f46896ba0c0ca751dc90d2f0803a06f165a2355b5654fce239,10367
K220341,704e7efbace013fbf4617e978b3d38cd59f5e7b4d0a90fae47189f4615c23577,8488
K220359,f00e768f2b273e3ea3063a59b840f8e7e2e4cfa5f8751becc38112db816ce992,10991
K220374,8598ba996c13b6eab5a0e4f917695419838789a7fdcd1cba0e09efa9e78bce06,11510
K220376,f60f6f485c5130d46dc288b108197c5849000d77222f86808dd606375aab3f59,10513
K220379,b57e920a0c5016ad751bd2288cb9f869a95258dc865d69efffdbf27ff0a291a3,10427
K220405,6e7cb01adef1d8ff0d0f549c1d4cedb1d4786f250f3a4016f84c5cfba54471ae,13940
K220413,233d30cece275bc4237242849b6c36644d1c7acaba90a356421648a35697cb6b,12619
K220418,1ce419d0d85011c0b4f602c176c959331c8c78d41f3a8137195ce92d0177ee8a,11605
K220441,e0115c0f3d15f541e313e9adc8fe1aca515ecb653831c36a6257e6c9b48f1b68,8503
K220449,80c8ad22dd8f1d7f6745a99ef7af1a6bb613738036323d91ab876a392a3f40d7,11184
K220453,22e48e8bc1df6ffb61976d81196780912aa741cf098f95aa26da4f82bf291a77,13570
K220463,12d10161ab01854a11e5bcd85551964dc085a083c7844bea5465a6b02370b1cb,11238
K220464,77644ba164d1043d22c5539c2b8cf4c4a21f0b2282ec0d4370954615d944e99e,20695
K220468,363ddd43c74caf38db8e6cfabc31c2ff0aa880ae8172986bffda2fe465b8a634,12321
K220478,047474782f170b44137ce204418de7293587602dcfb0f90b136eb089f50a7d88,16769
K220483,a3dfa72b62f585eeb92d8b083b138f8a19eeb19924c3ed175a46488029a06616,9148
K220486,6e9caadfe22e8aab86ea10d7c3ed9e05c6307cf696b917a44a38a48d9595c79a,12358
K220492,c4b38ebc433be3b9ebfe8b80d2899f43b49d06035016e445bb84001594b4a813,13031
K220495,c1f3af27c69d1093216b8cd638994ad97403510d3fedf447fe786f012a2da4d6,13540
K220511,f12578f1b3bd85defe0455d58438777621533fcb97bb03facdecc10b4a8020f6,12474
K220513,ca701486f29120eeb500823d542759c8638398610456b52138c21448e7e9439b,16136
K220523,a042596cfcdb5fe313909ad480784f2b0b42840d7f70dd3d3959385f9430e8d7,9428
K220570,7bcab48d4f93360bb5d93caff77e33b248cf624fcd6e4281ce8cf447f90e8074,11204
K220581,f3f130036ca96f0a53f6a108ce29d46eff11281caa137ba73e3b67fa3b6db965,11581
K220610,eda8a7d6067210a7de00f1904ab4562231454bfa8d868c51ffdaa7f35aedadac,11881
K220628,c088f51c11e566af6a3e59ed6722157962d06bc8cbdbd998ee9fd7671d02eb42,16679
K220650,0237e356a6303359ac67b8a888f69ad8a3f3625c5e75e1257fc087a44d9add4c,10146
K220655,4e23de7d3f0dac1f44ac7fa8867f3185bf557e2c088c9efbad3615e1699f8241,12094
K220658,1c78f86c663438bad1783fa5a9a2da3c70778ebbc2d5dc2e6ee7f940e099315f,12414
K220659,cf44f7fc678f70966cc88b883cf2c2b149f67121bf825b5cc307d10bd3002e11,9077
K220679,fedcdda0e45a41074c0bb617a6c2e5b62460a6f6fdeff49fcb041525afa97d85,14019
K220696,a3f9463bbd6be8b844bf82c4ae65329a98594d288c1aef12b66f0a2349009d99,10648
K220705,22f6d6819f3c73b24ee92cd85a71ce4ece9b6f100191c3e8b7c8f00e8eeea1a7,12141
K220711,df86d300a733fcc0c8cff71b070f3d7d4dec519fd83a4a4635c74fa858461830,13822
K220723,5a39a68560e61aac49aadb1ec45af4802c6ef88c78562a552cdfc14f7502d517,9060
K220724,0b39d9fe1a540210c7c2dd11abecad3c2ab0ec0cf5d4e71bf2bf898a9a73a591,23655
K220731,8e412868afe4e335c547faad4fd7a221d2d9737c2b2edba2dbebcba3d562a663,14253
K220737,d5dc40f44191f1ed244677347c67261a9e12c7fe02626c9ba2804688e5e1ade9,14890
K220757,d3a7e99f8133c58a4fc6516ecf4f2020ebd8c2cd71567f4a64a3247c3c6444f6,13570
K220765,d0b6e3b907c74196d1a3e9f8a53dc530c6674184c64307530cd6b307013aa1ff,8826
K220782,9aa7b418ca5536195292ea3a53a2234837c9f39010a4b8cb6975af5c266ff61d,40533
K220792,2ce9fd98bb77e6b7903e26017c097811c5440e1c6fc8f9a5d4ba80371c49c358,19258
K220797,c18656c69606909d6213f7b2ed1924f4eab87f7f82fc980554af26dfe6cf6373,10928
K220809,2bfb40b12c058bd67e66f75595eddd5fec7279f4c534ca4a5218a2b2a15e24fe,12448
K220810,be2af7d4c065fded00a05b2f0c3ad78dc8ba69a39aee771b4c96adc2b27f2341,19629
K220812,af0809e09482f5f54ff3dfcf2a4daa96604e383054cce4ea10835bd983b31bca,8970
K220833,8d4dea477ae4541c359091e772f3485a959fb467168eb90dc971e4001c87c089,23072
K220839,6c078d069c0b96ae1eaf7393f52699aa3678ba9216cbe91eb9ff09a3a2505eaf,12936
K220843,ac4c3cc8c3209330cd22e2151c6658560f6ee37ad59ecc0a8a3ce2952bf39032,9926
K220847,52dc72c1c4da02267df1ba459bc1f1e6c02d0309031cd3f2acb87cff4c599a49,14844
K220875,7f592783dc257e1388d745e8e26ed6ade98519b50ec3f8d3dd98f7266d38672a,14648
K220892,89470827f6183eb16bbb9b933795025bbc2a3528f4a2187169a635b2e5f01617,9165
K220896,dee93b14a846e963ae1bc591d90b0fba55544508c1b283de023686b70dba74bb,10702
K220901,79d1d1bba848570fca9afad939882ad97d4f97b800dc9a37c0b04289eaf34346,12653
K220902,db5eccfb8cb60de40edc8af42b4155fb9bd943d6a15dbdd97e1c05312ff8eac0,11135
K220906,24f280b611ec8e2e35de038383d97b807f73208ca4c38ca883388de5c63dd72d,11130
K220914,10b55e41100f40cf9d5f5519b47c184f450779748aaf5b42dc757e31e7e78718,11478
K220921,2fd9f6ae7e83a8c4b6f526e2cf9e0e6474772ef5e170407bc4008ad2a5b14dc3,9958
K220930,972320a2e6bba2cdadf6defdbd3c1066e8b55494180ce08e274512f1103d41f9,8704
K220937,3a0a011c88b4c70c305859f9d981e060213aa2721e88775e8991c69d45afd6d6,13197
K220947,7ca27995f262cc729f5360362ed8d720807e5d4865b247fe9198399592892281,8738
K220953,72cdf87d0243b8e2bc5caf8dd649c0b942a8c454e2b39abd2311df4d57a918df,11687
K220959,9619620bb0c425c4414ac3e81c841993c1a1ba82f8196105feddda6977f6507e,16754
K220966,74639f94a66886c57e3a78a43c74c1031a5cd9ca881431af27d18007588f6aff,11424
K221021,a5611d7794fe7cf791247650a56c433c3e4cbc58da3681c6270c2896fa0d2125,12778
K221023,19119b2b870c6d0622f9e73b3a71f2cce0c31c70e6d401066bfe42970459c9e2,23173
K221031,6886afec7e4ee720adc7e0f1fb2c68226f2fe18b76008d2d4b5154d9b88cdafa,16227
K221047,81a4f75ad0b960e23025700bb9b7a871264bf9f5bce35f792d487c1daf679ddb,8407
K221048,9160d9493aa47375165f7001d9ed149d25a54b1410950bf7c43a5bd521f7ee53,9778
K221049,d1f26fa6ac94ef23478e9ee37f2b34189051711bc80d487eeb7a5e61df6ae8c8,10158
K221050,c3016506ab77fec33eea47dbce1f3ca7d95b53e5a705b1a3221e9076e58d780a,22216
K221053,20d972824fbfa3bf32408e455191fa53c5e43afb942de19cc6a398f5181c4376,10525
K221059,ec03f18159ddb445ea378ef6273efc0159e1f0c4ace5c0e7ca3df41eef864fdd,11842
K221084,d9af864cb5a46dd639dab5b2ebec82111ac401d29e6a9c826a0dba4e7990f55e,8086
K221088,7af8a1f7196fa2ff4e017c6c6aea0b9e9366fbedcb8e0d40d7c389ce3ef031b2,11772
K221090,86214d1b6d2817e77d4e0deca3020528c08df986dfd03a1131c79e084e78a0a1,15510
K221099,32b6ad3d59eeffa0e8f09e0dca99608f02f06079e41e6eed701658297ee2bb2f,10485
K221104,4d9e4da0401a499c947167fb6f784b888ce1f2c6f2a2d8824818905fc3af7803,15043
K221115,56aab80141e2aa34a5eb1f60221d409fb3edc5e6c61b14c383f79ce54e3bf16f,9415
K221128,48a489de812110ea034d5d229a283ef156a1f27c1b229924d196973f38e39ec8,11958
K221135,ac9e7adc9e8c4988e69ca37f7271eb3d600faca6a1996a982c8076275cd7485e,13676
K221138,8dfaa32c583f6232a5f710f220ea507202686767e94b9d3d50a2b15381b3a51a,12439
K221149,0157007fa5e87980c08022ea39bede21e63459f1da9ae1eb372b95575cc4a98c,10650
K221150,9bae9369f29f39716b3f3b8f78f3aef998f912463597ad7761c3134b4d446115,14536
K221162,a9b54ad754ea79daf97aaf435e2fc295909d357c0a7f1437f13cd75f88049ab4,10866
K221172,9807208fef8131dc7e664a43fef26dcda31bd133d7858166fda588ce3350211c,11469
K221181,7a91469f79197c0c7a580519cadb38470abd56462dd1a2d80bd8884b82a62a1d,9990
K221182,536f0075d85508118c87d320131649dbaed6286b0e194e0eec0415459edc37db,12105
K221193,0b8073a5ec6ffbbf7b788083a468fa46b6d0d8e155a80945d9b2ee4732f73a2a,9801
K221220,e28dd261083b413f1f2608a97289356727439ba82c7b0269f37616264334979c,10795
K221221,689df2d1eab57a9becfe601cde9c4670c33eda3562a1e508d454cd845d443c0b,11556
K221232,3918ba3a526a7c6b24f9666e73004205d1029a58d050e70c494000df689069c9,10618
K221244,599d1f893704e14f7c28234a7de271d35210dd6dd6cbd15826a9afda8a785bfe,31583
K221256,79ff028393f27f01ceccf979a4b96873e8da05915d91837eb076b4cc70313289,17390
K221266,1bcb768ef87c9725877797b8c30673f9a363f7c211e8c1b730af7afca7ef7ff1,8487
K221283,56e8cf905cc71278207ad5982465c8ff42e0e9aadf0c36c571169cd9b9194946,10347
K221292,66e8c4f441f609ea665cf51fdc9613431b4012eed3b4ea3db7e27e99ba084668,8774
K221307,5fafd0f8e6e5c0ee8b84175cabc8f9e74003f16498368ac1015057ec146f7299,10939
K221323,c91174b8a31b5d259dc3a96915b17b77b17c0e841ad6fe8184a284f668acbe3b,13376
K221324,bc9a7abcb9cf23747b5295e6f13113daec9a7f86eea9a8a105a0a55b1ec5b8b3,11639
K221325,7f83d17de2c60edc58550ebd6446da4a4fce41be47b0c4fec7caae0124d2eccb,11149
K221332,1e3bc1405a29039b620d2b874a5653cb5b25d1ee03b2ab3603ceb518e3d7568a,11573
K221333,371943047c9d28493cf3eeb0da8b5afac943b2b895e0702e5f83ce971b411bda,4912
K221337,ad3c7d5c71fca97bc6e738a0550ac4e488f2a791562d841b551a5c11ccd28307,18684
K221342,db6e91ae4863cd2c716fd230e0d7eb5413145da82332158eba63a5b5ac809513,9843
K221346,7e7871ea7f3e7ae0e72f6cfaaec7ff232e19b6ac3ddfb4932f895bb73c8da37a,9288
K221360,3f36cc72ba94a99e660d7e43a20bc2b0be671b65bc9e3749f00065b1399b6b96,11228
K221362,6d15d678d115b83f373f07cccf20f7568e8495472686fa51e9db0be02ce73a6d,10773
K221364,7de347b610b6a1d86940db8b88e7c61df04c8c7cdc31f0fd7c503fc757c6e34c,11834
K221366,970f4a0cac50c9e61dbc7c8a19a44e149f229a9760de8f3d010bf3a297547f94,13254
K221388,8e984d89c275bd24ecdfc2a8c992872f67175cc65cb9331f09ca9394c839c2ad,11838
K221389,35892c48a89503a58d707043a6f848763c6274651784d02ff05354af521bd911,14787
K221395,5c7935181bec2be7fe96be88aeea2d0e499a6b6679e8ceabc440eb344635ef9b,11078
K221396,2328133f1e7878f81e9bb4cecfd8d3e9edf6ad21463c1a83a097bf535fb6ea98,11902
K221399,4ce096484b183d1d24d13c4109cf113f9553deb74873c9231b94f6f66428a71d,10733
K221403,4b61296ebcc60fbecf8e12ed8a6a338363b9955533f540154359a67dd8edfed2,11929
K221404,0194fd20be0dea824f0f361f7c8eff198d4a0bdfc3fe77acd8040bd2b0953241,10899
K221412,c5bc2bf2a6f6680c3c646ac417224c2e38a860fb29ee69e88287d7f4b4e72b94,11658
K221447,e82e8592ae7850e2132e8a8490568f5be65871293b91b9985110f030e2ff821a,11710
K221462,a902474a80aee32b4719cefa84882f9845dcde5c1683717705a9bf2c79377a68,12889
K221465,835d0b8afd178b96713888c87bfd4a54c30462a5edef4d027f894ddef85ae84f,11167
K221467,474db415094de8a82c1805f87577b5ca890747db54bd5770a06769008fd554a0,16276
K221468,cf6466bad7a47d1fd961623b3b4cee813a175a735134414e6345ccd44622209e,13763
K221479,18053a09de4f57337c71bebe35f499d468dc62eea12410b8ed57b35611e54d9b,13633
K221485,0a69cb6b0dbba886589d066adad734c02a6ad7bed395ccea988f17e64f22bc54,11378
K221489,0b169c6f7c901df1b873695b73559540cff698cc9a04e750c3895777e3b3e42d,9485
K221490,a91985600973ccd1a6fa05cadf61340f653705f14a50cc77a35ebde931d07288,6281
K221502,930d99d14f4650949985500267749a27259fe239d168707a58c1629150992180,10202
K221535,fb84b12760b6c66b2e6cb0509de13a5ccecc4fd93db33b7a19e20115c78f62e3,16738
K221542,8ccba73eacc67e4e72956e6fb230ae38cc3a3bc0f3a57946c48d3d334eaf2d95,8178
K221545,2e566d43f8efd40393c23c82cd1434fc05294168eaf1725ae16357236ec1fc55,13971
K221558,c95ce337168a1b5cb20872673a8bed46b926c6b319e5d352d149dfd7d1ba4895,11577
K221572,aba1f61027a97a0fd2983b926bc431c25950c44cc33ef43509832e496ced49e4,7769
K221578,34e61c81934017ba072c0b0bb1d7fad30fc0d08da6b28119c3a1918120afd72c,10536
K221610,c954123c464d443dffe7120e2f03a8d974534fd6a006c11d2915737d8104a7a0,10267
K221621,17a5d7310b5907473ba90ebb5cbc21155bd7859412c09e47bc3fd147fcc93dce,9111
K221636,6cdedea052c8dda747686cb7bd2c35b0f4a225a5680741b4a67cb654333eb917,11145
K221644,b4d68095233822d620e1586a1261c0c519cf9919fd6ef38d60117285119cbdc8,10401
K221645,79e389b376517db7c11b1bd423574864f7cf076badcfebccdb4cfc6c03442963,10545
K221646,a199fb20bd43d3f9b15548fbc788130cf957b2e1417bc160877f7fd3ae9e628f,35818
K221675,09fc08834f1348c33bc83392853c8ba57f054e962949254edd5f470e825326f8,12225
K221687,1386911921d38c7400588100d1defc0f1b2e7e9db52ec80a075cb9fb922ab5dd,11781
K221697,3b437c15a222ca0da523e1e38a302b4ee411c51564f058061d2d584d62a96c62,12733
K221705,f4eae90633e84ada13c07295a2250b9ef6e9a18594dd715308b01c1970ba49c2,10874
K221719,cfcdf7a4e869fa19a8e950793a77048e8e7d6076ed4009f2b1bcb88c66b33175,19895
K221726,2609f56bb6b31bc3414c16d78cfcf23f94de639b4f6e4046265ae8a6f3c6771d,13800
K221728,858b3816509bf7bf29babdf258715f8c98cf7bd1d14d05eb2da4f734110ba2cf,12607
K221731,e7b34462158c3e42442fa8486f259bcbbeb56df41e0e248f129a97da26d07ebc,8575
K221735,297f05e9ba9984d5897e3201f3a7a88a9d7ff271f610ed1b8e0e4136bdcb23ed,13560
K221745,302ad51afa025ad4aa9b3cddde4567a0afa6ef939862375cf7246b8bc288899a,10799
K221751,547cd3517822b25c573940e84de661a44f0a77741823c3999329f266ac153b9d,10808
K221758,4183ad9e48eec870b329f5f53c722c4004e81bb659a510fd0b6337174928ed03,8823
K221776,9e01fee64b6f2b743f51669b21d6a1499481ec4c3c57a759d1e917c1560bfefe,11826
K221787,69eece8ada6fc48ed1ec35d656b44483c6087dbfc9a90a2919567b11165c171a,16064
K221792,e82d54b3d3fb525d4ddeb61d66200da6173c8c8147f9ec57929fa33aa9011034,18321
K221794,a431e62f5d238a0aac96e532565935bc16f9fdedefc60c9e5cbe72aa7e47dace,10936
K221795,2a0317570047a660597d3b4656f7ed5dfb1c321131c1e9ab31c5fb6c168d025e,17583
K221806,3bec22bc24dc602c5796520e4291362ef7adca68c05c97b365a6cb2e6d273e46,11715
K221809,eb59c0d151965e7c690ad6a38efc02023b0f6004eeed1c0f19f77504b0565aa2,10678
K221844,cb05ed64d287b2c5ac79377573c3a88a98f1c6d1701b6f104a9f82da2c9e1a81,10784
K221850,03012f0671d2047aa6499aeb8411bc2a7134a5e08cbea80673fe8289d1983baa,14344
K221858,4c0e0a6f83284debc9a5135d1fd49d02e6c6559bba68eab9513a0002835e7107,11193
K221894,b1ed94decf14a38c0032704639ee0e28e9401b4dedd191a693e655ad0abcd58d,19639
K221905,66cd3a686928b88859dbf2931e38cbec0117d37c13c8f214a64754f2813455db,11032
K221920,4165f7cf4e8e3ccbdc3f15d31d7634e64cfe4fb40f8d9f1c7ba6319d439f3bb6,10418
K221926,51f2181b935f4b6ce50f7fb4032c55a7b40ba88683eebbeaf71b01524ee83078,15215
K221936,bdd4fcab4fe9cbb79e3da989c68dc1ecc7c1361ce4190bf9104fae87382fc20f,11140
K221938,0635e3c37da4f50b647d847180fe0761a669f1a674cd2101bcf4fe531528d9ad,4928
K221939,6ad181e3fd2e2a20d3a53dec285c717f732e3158702d543fd1b32a28fe4a2028,13298
K221947,fb400912e19e337c3e89dc7019d06b4efd0bdcc1770730044fce48a4637172b4,4961
K221968,fcfda854c3f6b329182a063152e37aaa222d50289bd0c4441eacc3df3d0565af,13164
K222004,5a113e8e27e7505c26f968ae8622e7cd755faabbfaeda6212a7c934e85a5f961,11843
K222009,030436d8c5a90f8e602f126ffcdb7194e53ec931d6160956e11b376d997cebbe,10557
K222015,7528929222cd668176e6e536c95514c42a2ee462e39a29aa9958d83cf9e82330,12475
K222028,a8c2711a006c7eb5deb9a2e4cfe45be5bd4083fa966516c1a9f2a2b71e7c7122,20883
K222031,8132bca5b6ebe7057106b1749a88e70806f067960fde0d0aa533859002e071d2,11048
K222041,df2285cb61f114de018db15d61f3940a317a6eaf204bb2508ad55174f703fcb3,11826
K222056,0a33fafe239dcac473d534011d340f5c519bdcc2a1cd83fd1fcbd851f37981a1,24945
K222063,5bb5b9c3781b3a1a6639ae3e3568f3c5f06703bce8fdccf302f6000fce9e726c,7830
K222066,c8cdf93aa63f7660f85fb3c336b3aebab4f15fffa3f840e819347889b25e4b7c,11380
K222082,7f2f0b586c9a8dcc1d57e312066f7b3b82a6881eda452ded8d9a9209cc26bc48,18278
K222091,7d7a17e005ed710c300a68f169415a6eb6fae7cad55614429f692124f4f3e4fb,11013
K222097,825f7c79a71cff5b05cf12a9778ded0e06f453aa6371c28bc9cc9d7c657ee466,16381
K222105,64c75cf444d847f9358bb4075b54a1f44d554ff906b823c24cdb46c2b8025ef7,14635
K222107,58ef7f3119d648f3ef8a48c166da953bd4ae3f85c2f0ed56b7738cdcc27b2134,10747
K222110,883e651ca221ccd666cb2f4701fa4f23f9d00b1e256a7c0a5936950f5a77acfe,11670
K222161,93858ed703231786ee1027882dad20bd3d63254b768c855ebe2ce012e002232b,10755
K222169,57513f3a4c38beeee860a1766ee497795d6728c07a75e946fed3f3c6474272dd,10914
K222194,230eb64f97695e8775bce4e871b934a59c78e38d47da290f474bb85760408aa1,15215
K222203,7b40a54ccd0d22e252dd755dd9d4ce3433ecc52f7cd32f1b621cc97631abea3b,10784
K222229,71b00bf18a710d01770a641fa5ae12a203d9917f5a8953e9c2cecd21e7ad9a2c,10579
K222244,781d15f77c28e7b4cf5ae2676e0f62c074a8128f5405faef0b3d6aa0ab26e0eb,13456
K222256,5ccb6032dadb9615692f5f7b48d7efa45d93e08b5ef7e78663b8ddcf1364b962,16534
K222263,d32fbde281054a32d74a97799bf6ef0e115ce2c8a7d80109a01c229b7cb7860d,9636
K222267,aa29ea879e99b86505db9b974057d6a3976328ce3408b6772edf58046ead8ff4,17209
K222270,a3fca516256d4a8ea2b79a0cbf8db6cc00a11ac7baee76621f048d12fdc304c9,26718
K222276,e8668a248db9820e90c4f6ce10c0c64e25809cb64e0599085ab398dc4da899db,36007
K222278,d41eb9c9b1c6400fb7bf46a881ae89b64475a6120ba12bad4f7df736541af0a2,14409
K222282,69cdef242458071b50d77f61ae9a907f568785945998c6d5e118acf748150ee3,25726
K222296,3ca56f9a4f2ce50593a7cbf0a79f38d1de4cb8e5d0fe558566e2681c39cc0ebb,14549
K222309,556c5434f7a065942f8ce7d29209c88087d74973e676c9fb2fc46d64716ba6c2,10552
K222317,ad0550441bb9c546a2ff11be0d0620e5d3a82bbebd8967fe4724c0015ef7f129,15026
K222362,53f0025e2a614a6e12d6543576d12f2a6bbce79af40b8fa171149de402287059,7612
K222380,57fe960fa8726707f2c3c7e7b81ae83cf371336d64c818fbdce567a84f58bd20,11918
K222381,ef5dbd2b66fd2d9b6bb68d04cb3c41f608589254d1388c674d5c8a799a9af08d,14993
K222390,65a3f6c2a3a4e0a3d92c209bdb7dccb05dd939f872ce07b3eba0cb048c7d05a7,6533
K222397,fee54eaba69ca634a1ad7200bd097734a3d72018aec88fc14a2bb748dcf0eaa6,12216
K222409,0b03b39807ac5645b792f60b9b49528e6b75d8f0b741c560d46b7381588874ba,8148
K222415,ef1ba64af634f7a356849b3527ccef1cab16987e2e34a301bc41be5f356dc672,10873
K222423,9720662e0b6f485dde7e1c5081e85c639564f7e4ed37fc7b22c54cf8434554c3,17692
K222427,5b10c8a44e4af1d8ebd3b5239d404f0a483351f92fbe0a3c05921f9d89e71b72,10143
K222431,3cd99829be891ad99862d3bb571ea298aee7327abed4d07c1d336e14b741a7d6,12662
K222436,3b2065298fffe667fc9c98f963467186b022c3e0a6ba120ec56e6a5ebff13678,15458
K222448,e6e9dffeacdf17bd1f6244c090035b74ce49f88fcc6ede6b14b88fd996d7cbca,8557
K222455,7da6b18f647d177613ab0966c33525e1db4953fb3132358d675e700309db8b5f,9502
K222465,387ef425401f92b8026be521aa49a5e4e2f0456805f61db06beb4d162e011ca7,13444
K222473,0d5aed4ae25b633f6a47e15ac16b92adb6615b3d729e31dd428a93ee444dd06b,14827
K222482,e303ab10d34a07a2f6f2d4806f1bbb74929c0a46bbee02b916c5d6360ac01870,17756
K222493,7f7c483ab4b5ddc34de4e360547454258095401ae73b9cadc52f7f0e9c2d7c83,7623
K222505,573e2f48564704e2277f444722a2cd9801e21b2f9ec2aac75f252111fe02b93d,10494
K222512,a75aaf42aa09018a9dd5032cf0786a4444359ce49170864e844e35d6abe45676,10532
K222516,46fdb00da72b9bb789aa5b857aa02ab96ebdef8a3e351fec97517c4897a2ceb5,10957
K222554,3b1945149562e9566d17889cb705b416c2742337e574dc902066f99a57a6a761,12739
K222561,a9bbbcbdbc4bb0701ca3819e3c656a594f7e548bdb936d23e904c3fe02c3634a,18351
K222564,538939600b13ebfcd4c4609ad28bf9749e87e448a819989c6eb8f9a6ebdf71a0,8741
K222566,de69f5c12ec737618c9f1e94b61379a67bb9a7baa4222ef485836e4b6f4d6746,12423
K222570,b26830370de3665e5ca4930313f8ae2fae314b5b4e3453fc4a2531e4d6ddd92d,15918
K222572,d4b4f876d75fa45f379878e6eca1dcf5b16021dcd17976db60a122de379b2e9c,15554
K222574,d0f79d41374814b2e315bc982ef95a359403eb2fc62ceed9e5a6884e683c1216,11760
K222589,749f03e5e6a7b2f5f9ebbf3deffb86b22718f3726a5280bc951ebeab0522160a,9188
K222592,d4cf288cd9abe4964b2e566963734672ff053dc70e6464b8aa424151af2e3a00,8458
K222605,60185c78634b1f938e60ea018dfac6509a16fce3f64e1945e1a0c7e50006cfbb,11585
K222614,34e26cd386faae4180a79732dd936ba52c6126c1e07bda605f965a8bcbc0cb2f,12058
K222624,a0b32c612a7f8a6ffecfa534df209005843f92952c76eddc14aa5d4437021bad,9193
K222628,77084779a02007388fda729aca65d460c59352dac0a680a4dad1aeaae011e9c7,9041
K222632,173f1c9059482378954f668f02468cd37d28577d0fca65a41d89d4f0a591c408,9566
K222637,e2ce315a3b17d31a17b63e111e23db4ad01c2d536c3f254161480af86c62728b,13091
K222645,eeb57b580a67ae3d7dbe372ed2dec1e2708b7a5118c25b7daa4995566a7e3f83,11677
K222653,f3eb08b2ca4be01c6cbf2894aab8b8d91672c2c12ca98aa7f74d053b7137295e,18480
K222665,75138251ef824d0d8e8b2e7d487132dfcf620573591b1de034f9444c08edafc6,14271
K222684,b0c998ce934e516a66fb2a7d84818f2da4935ba52ebdd2d185c1ebbf4a480f50,83799
K222700,a583f1e2775ddf832805fffd070655a2bf0df1eb9398862d348ff2a09808196b,5112
K222732,a6807678b054d5f7b5451c46b97440cc7e80ed2ed4eb67c6c1c4ede41df18ae2,17596
K222760,aa16dcfc2a58979d4f555d61b85a5b3f89ff8abffb99166c875286c98270b283,14076
K222763,fe9d9c9d20a0bee7647d96a4f632bb46386716c6a66d80174334d34af3833f7a,14080
K222774,4c234b78e1a03774fc9bd3ad2964e8732bd34b6e17780f174ffee52530c2dd80,14289
K222789,b3077f0e75e4384560afd585a996de2963a79b3224cb47c96ba90cee875b7127,15139
K222797,9811933a154f208ee88c65fc9d8d49895553f203c4f701977d3a01d7ee965cd9,8763
K222799,97cdebf7e9a5ac96517e4af0eab8a8f34b06650ae79a0544b36d71c0d142c663,8164
K222806,ac74d2c03fc3814fda63b8bdb5a6835003b270088fad233dfac5d7ea43e8771b,12290
K222807,2117e7bd895306110b24ce42b6fd9b4049a70f5723633dd57ec78a256977165e,12270
K222816,09317ebb2035dd5cf6bf8fae57f8cf23f58bbbae5d1ddcb8da38bd197cf5fbf3,11955
K222820,d0218c70e0ee84b78488b11ad42300f1bfeb72f3a6455b2a9e2d10235003b754,10584
K222833,291be7aaaf879a6b2e79faec07e3c33c96e07ae56fd6bafe92133687699d9e2f,8758
K222835,5d607e194b2ce19729e70b36bad2876689f52c677e7c8873ee1bc0e745571df6,14290
K222874,339706d79e7c04e2e94b1893bc5ac766eb6ba5d3784e10826a45f36d54777ef4,15032
K222903,c6e201430c181b21f4f97baa4b47bd61804c1140e522774d30948f1ceb05371f,11827
K222936,37e5e9e365d503aabee4cfc7a4bf06975bbd1fb6277584083096321562d7ec38,13707
K222964,9e1f1436f5dfd66b7a55b773012f9c0312782cc87cea77b50eabeac3f65397c2,11395
K222967,6900574ea927d5b864297c5a42ca339ced813bf7c265638fb50fc637e85e2e26,16319
K222971,7ebecde496266b2bf7ca1508ac2b4f803ceac575dd3d548d4359ea39d93a87ab,10658
K222973,74ec91886b48ea6fb9fec3ce75ac1cf4096307ef31b7ecdf5dce528e1832e9cb,15881
K222988,b06bc08b81fc707b162e4edf676ed37c736fc5e5e21e2cfcdc97bdabf7bcc101,17412
K223043,7b77d501ea6a4f975b52c3e330f1fd4714a5dbbfe70fcf0db81ff4d9ec5d3189,13726
K223056,45c609cc320286737c86eefcc7100f31dc07aa99f3ec93c81f82539bd3ef247a,8335
K223059,f14ba455a7968495bb9aecb960e347c6bd3efa777a930df2cfb34c19ca64f599,12758
K223062,2a4b5ab856ef3ef3049810903f5c4a6c6e79a749c9ab5975ea22da20f47d22c3,15126
K223065,29c014a8f456a63830b2e806c2cbd9ab9ca4983660cff2dae22bdae04955f531,8273
K223069,a4457568e6935b18c910a97dd456e900a09b07dc8f0ec964f7d8beaabdd90af3,14991
K223075,1bde0343c08d7b5cd2ff125630a544b634ef8e59a61d05f3da520c006cf8fec1,11263
K223096,1c486e04bfd20b369de98469cb4224766c533ef7a7cc84ee00da2e3437d1c69e,12496
K223103,457765fc31a6f3393acb4321e244fafecc2213013f67ee5f33abaf4b8344a9f3,13904
K223105,405d4e2af84eee1640ae19945860ce0b82530d230c6fef0bde01548058756b84,11520
K223112,250373f49f82c8ae64caca60769f91579ebfa1409829673e985d0f8690376816,10531
K223114,20c19b3e4a1346ef9679ebf1ac2f779de5fe169e8005a164660b9844dc5571e1,14263
K223118,44cb9a49357888af9729774c39e5ddd32299cdc7c14ac2268af9165a95df655a,10586
K223140,110bb7f1369198727e9b304d2e48dee6c996d3046be6ef61bed59f8f0bade9b5,10233
K223143,7751e5b282659d4711d4da9f625b8ef5ea29ad3da3320b07d1c8a1e367f9a99b,16319
K223146,d9f0fe05ca09628827fdcfd5ae7e2cfe2df495bdb2985e0410a13ba41e0a0703,10023
K223150,2d40bc1e24bdbbd5cc174f276461520bd6732d09d0505c91f53fd9a002f6f985,20614
K223153,834e51a9140874c98ca71e8582c2b155a577a1e1724655facb12c28bab8ea686,12258
K223174,eade7c3f38adaf96939aafe6c80f3b0e8eb47ccdee5b4fc97589bb58c875ed63,11395
K223181,5f32342730556c7a4d3021bdddca81d3f511d2849cdfc3b5f266168160f7ca56,13949
K223184,6c04c14b37b793f952c49bc9f8ee5736f3826859bf965088670b16d525d6c025,7731
K223190,70bd63ac4952b1e7a437cc40a02a5c464d6e2b977db21a906220157365b1cf66,11987
K223211,d3d2ac35c6b1f38950d772e2a409520781a56e66e5d6c700ea848e8976093cf2,14569
K223223,4a6755c01b60e75fd892c3170a4356f8b1e1fc0fe15b0940effc2be16ece5e67,12400
K223226,53f77c63a7133cee6b4da3dbee79d75f6689803b008e033b8f141d48e31f84d1,11743
K223227,691c95fb7cf4683f47195f8eb9b2610814a14df920a58083cc3ccdd90b069f10,11543
K223231,8c6cf8f35367bd32ff2a0f90bc8405bb4dd40cf18d9c5b7ce3271c4b7c5a36d7,9868
K223251,571ecc09a36e5c24725ca61af6df5cf0bf793dfa17b8003e80c89ea4547e9c8c,8645
K223252,e23fa142fa12f9b3561e3089b1dcf1fc3fa5df0a139e4ea38570b47b5634df3c,10883
K223273,ad338d800dca3c4ba2aeddc82a39a74834fd712896543f1ca7d4eb08bca13e8c,10891
K223284,5450cf13ffa8d757381883dfcbc7bdad1bafd0786dc89a72bb773136127595e1,8961
K223294,54f0269ef3a4b4233f6d4731bb0a6ffbcaf69a519c6a829d81da637714456cda,23095
K223316,fcb8f1e732fab0db6ad3f4daf3c28b9f05891f41f5c3b4e19e3952536809667b,18493
K223318,0e21b3490613277e8dfd27f5c2de99cb3bd49a50180cb4fd99a030e7bfb3deef,10208
K223321,1b043d2fda517b4966051dd1d7725c6ce0dce8e11c11593f4fe245c539650d01,13755
K223335,0970fe8f30bb1ece1291c7b01b6491f9c1ab04cfd48e44df6ebf01eb25d63167,13593
K223342,5178e0b3ab10e35bb691d250081a75c18c158e7b57bf813d16ac259fe43d7c59,12461
K223348,671379c81af6f3b87fbcaebb24240d22fda51f2db3df677aa1e9a988e99c0de5,10831
K223362,56a9d048294a44e2aab6a1da5aca8f0cd8575587fc603c0d288562d5feff4d53,10661
K223392,914251010be2918a675d5cf77d88dd12fea7b9b74333316bf5d4907069013ff9,12804
K223412,5f38bda30491c1f2a44bed82891031b5679d715f85e53a8bbef81351df8bde21,10770
K223413,168f81c095d1d89a8e8b670d702a710dfd9ef554bd678658c46a6cac8d1b3bc9,18951
K223418,4c631aa9ae5d2055688a105ce7472712aa8a61eb6ffe11ec9f7fed07d98973bc,10825
K223430,a3980855ab4899ca324311d70df63e11621458a36fdbcc8e4c0697d09fcec28f,10729
K223441,9dfba4bc971197be7e112117d281f5acd074ebeedcc7946cbe8afb70bc8bddf2,13297
K223468,2d89cb77c7f5ab79526ecd9228b8052412f634e49819366a7004194c2831ccc9,12595
K223474,f026e2c1c2ca659908614f38645ec8ccce0f9bb9826e437b7701a683febfe1a6,12637
K223494,48b3eddf6e9a70545cdd8efc500a5e2c378ba75d032a3ed35a28ee5fba0d0ed6,27434
K223510,8c7ffe7df423f746687ae151f09e97037a66fb17ba7ff7e1e5f76dc7658f5c3c,8030
K223513,0fe154e5985fe1c4eda926d0b55122ea061bc7d18bf69514051fca6c770c1b1b,9697
K223521,9043266b953aeac64258cad15da9c6f4e88cb66abb6bf80bcd3fc2af995fdd30,4765
K223528,57b6fb37b14d53899f58e8a01679aaa93112aea8cc4ecd2734f75ddf8948f075,15351
K223529,0b3e8f1f6224868c84953cfbdfcab803aa6412da34fb9b0e7a640d3ebc617ca4,10083
K223548,1eda1812c9513a8eb0da8683c4b57c8a750622556db4164fca75879246394fc6,15831
K223565,fba15e3d46ad734634f7fa3a4492fd02ac068c5b7070d7d33fc370521d541d16,20479
K223582,bf7de82a196bcf9174581e454ed12791e37b4e308db3c1df51320b2e56cd5b46,11407
K223589,27cdf26ab6e0371720758f0282418b60a8bcd55f2bb30d87738f703fa78183bd,10918
K223611,5a31767ce6bd175b76ea3a800dc37828cfdcb78033c8ace18ea14058b770d29f,10768
K223627,083f747c0db8e435cfe3fc0c9aca9689de4848be2df77804e2fe5c38ccbd04e9,7496
K223631,1d2e5839afd05e0df652c934053d77cb0467c6f36a59cb303460816fe9242db5,14262
K223650,a9b370e076b0effae396c804b435729a9a8194b2da249a69ae5a60f823fb13f3,11714
K223654,6f414e7b2c46d4b3dee9e829725e55fa10545b587d9bf9b5358a395d782724a2,7137
K223655,accf630bf0d0f64904db9b58763e6ed21f18eb886b63cb834c852a3b73a1688b,9264
K223671,ba5e6a6edab42afd4d397f641dbc1c3c3dfe8251ab7e0d70019421a3a38edd4c,10646
K223688,de101d4e9db6fd4822016ec216e6c186614a45edd0a13a0f11dcc4abf590f870,13379
K223708,8711d290ff9f4838719a261ad01abfe96c776c996f29d1bb0cedfcb6f1a39422,10230
K223719,dced4b9231279f5d395045a695b0f89873d6b7cceaea11cc7caa07b0767acdf8,15144
K223731,c5ef9947345bc54ed73a7afd80e25aea68e6d11ea81b77b54d49a69031a5d2fd,11939
K223745,ac0c4470ce0f5ff451fd1ed2d92f39f6e512528d1fe5b89763ac10c7312b5ff1,14689
K223753,34ace62dced9ec330de69bd299e3cccb52b2f2f82ce09c91ce7c20de3317269d,10517
K223761,5a282bd52ddf0dae8283e6b1dabf0aaeacceaf322b1f2c875d742b9bded336c9,7532
K223762,71a2b8e6151060223363b69fec22c3d38e2ca1aecc125c23c95cd6895b0ca1a1,13154
K223764,6b5c1b90d2758ac4b1d8ac6c1a5582cdd9003b85ede7e86c20b1ab70572deac9,13144
K223772,94081a6b529e8e06026f25627f8c4ee3a3582fac64111cc10b034d39e9377fa0,9312
K223776,dc3de538c619d13e5f10839d470af703c5c26706dfdf8c2c1420bb81f35140eb,14431
K223779,a1bbc0c4eb0083a6e05b7a0204cb28fc39a03c445ed248cc18c94c7a01d32eee,13074
K223786,daca5523192e9fd895541b882da0a9fa5fa2b4a25b83ef7c66dedaca2dad21dc,14568
K223790,13c251e624f87e1a670a3366d9e1e93560fd5e7cc8e1de453749983de80e0d35,10306
K223795,9445489e111ff2a70b4bbd8cb7a65422c10c1939a4f25c44d5ca753c3c41aec9,9339
K223801,882a6d7c9544684e3d1ffbb0a03a71533ea559c81c4fc2c33a8a21f6f94aa266,13792
K223803,403a6448b4a3ab81f5fa63d895e86019b7394a0989d973ca36e2e03206a02083,11820
K223806,a6e6511942201263511045c48063148f546e8be49d53e6e73c732df40a0f1d45,10355
K223819,c56505fc002678770b6a49bbc6ef2029ff4fdd63aa7725551ade47d1254d71be,10143
K223828,fb523009f1e02881d4a8bced6fadfea7e3735bb144978c14e055b481ce2559c5,12148
K223833,5328b29fec873c1f30ff78fbac6b38c071a85040a5c6f73dc150733155e75f89,16420
K223837,19d1b745ec34e1fc5be20a4ebe049a1f6e0b7953be1c753230537e14f43c5e88,12527
K223847,1be95288ed998f4a2a91dcb1d2cc306aeab9a39ff0f1ef4cb679f488b4d22fff,9663
K223852,4cf7f5c539e690c89db0f3dc9327cfe71a3b1b0f0f59e8d6d43881c61fcdf709,10516
K223853,aa6221e123398040b6d77e88f4f60f3df171bef9b9edd09df3416f41c3b7014e,10351
K223860,a752a9efe38295d1439e0eb3fdfd904ce7076f8bb0208c485a8cecd609e981a5,11980
K223868,51b444d5298ac8732fc483d6ff7a164321b7479ae0aa79d1f5fb0b61cf718e31,8408
K223869,e3eea1aa2c8416741efcc442dd670b13bcd967b75ca32c393f4ba2c5d748bf9a,12924
K223876,298c1f65161714fa53003fa124952f7ef798ef8676c154fc0afaf0b2fe47c79a,20839
K223878,7522a90bc0b99d8351d18f9924fb459b82fa2e33bdbcebc4f40b1d5187a840c1,11669
K223889,9373f712395c2ef5f81160ea9648e4731eca7840ac02d703c9bf94ef4c84d9c0,22582
K223915,1e9aa8e50149b189db9f09ca1afe541748a383b89dc817e7cb4288553d3849ed,12351
K223933,114b0ade9eff0db5654b804da410afaddfcbde8ee20c78bc1e13429ff9d0ad90,12201
K230011,f09de240a8c9e5b0d89139560e55e825fb1bca9b8396b2925fec1fdfc2957ed5,10145
K230026,6f8a5b876ae9061a497b6ed66bfde60358be4203b3fa6e81e6644bc4dba99988,10308
K230053,fafa689321470da2e0aa8f4bb1127623b69a399dd1b8ca9aa90abe228a455699,9473
K230054,17f12b1ff80419c1a5c73563c964541fda9c8ac6ac6c8d2de99798ec080b92de,17743
K230063,874e9f16f27880f8de407585e1b311941c3c8c4c6f985212453b4f397e961845,9955
K230067,457a15693c3fc977cd6ef8785a1364375f9ac81f6fe6c5bdd137be8cfacc5ecf,11021
K230071,61f20185c560ebe3a1de8f11a6b9c058e9ca08859b42e92c2fd004a0442a6fab,15214
K230078,a87ee0a3b114a3373a714278a72aba0f960af4259035b96800277fac08e7c4c6,13868
K230088,2221eb9af4cc28299a3446b94afc0f9b33cffdc667e11b9484866638e097d725,11908
K230094,defb879a476eea3247924975754d354640676d65917640662d8846dcef80d7d9,14321
K230116,a68c18b1871c440eea919515ea211bff8c52b570cf115a9e7b33e5115904ba7d,17452
K230118,20451560548ac263ff9a0e1872b3d669617f8aa4404f043e7c4b28526b8a8cfc,15111
K230120,459805a2e9055c3002757406a46479590ffb44d41ee87e294ab893b34ef7794f,13156
K230123,4637aff04d3b10183db2e167d1eaeac8ff898913e0af077f23dcb7c72060e81a,11520
K230141,09acc29984522bea9168e636dca2205ffdb557fbff3a45aae97e7b657429cba8,12623
K230169,dfd779e39e8bf35d7a92876f2b98a12c3eaa6183cebd6d1f93d1217a0273d18f,13265
K230204,97fcb0124f433249a890abb003938e61b41fa89defa346e1219f0238591dc766,10104
K230212,db065353839c399f318d91debc39ad1c5b652baf8c1699e4ce3f9be19e97237d,10863
K230219,48a824ec5b842232b645b3b7d0bfe67db0a0a02e77f6643fcb65dc99a1866eae,13681
K230226,74746ebd8ac3945f55b1e5e6dd2b883ef72421008a899be29dc06ab624c3d3c5,9279
K230245,2aabe2c4644a3f4b07452b3da5cadeec39dd793b423f609e3bd6d929ba8fedc2,22607
K230257,1a55df42e2deb0f1195d12a5536da071ffeb44bdc0c7b1ef232327ec9c62b738,23913
K230295,27ff36c9376e12ba3c1b28fd9e23420b0c8a7e74cf495025f6c82a70fc858b5e,11468
K230301,eab4579f3f51d6254bb87b1690d7de86ac54d06a2584a114243bdff8f8a103a2,14710
K230313,dff430635dc7673fc278d8f5b4bb62073da42c3b2112560c05d1a18c1353bccf,12956
K230321,f2310a35aaed75245e402a00ff47a70109509d63fd3af3d4b7e9dcb220600222,11611
K230325,0713a96e953a66f02881be8ebc4e5517dc701be548784c844daa52b5cdadd51c,15966
K230329,a2200c9b37ab0d7980db989ad2a4c980004254a4e219ebed023486b5a37d0f75,31908
K230352,1a91d39031303214b26d52fc31828bdce3fbb3be5930406da2ea4f9aeb50c5a6,9649
K230366,23d5f1e36f3ad6de1deb767a690451a301f358812672213324cd41ea61c4876c,11555
K230394,3a7b882d23599b7c039d265ba50a45140f35ec85fe1265c13e7f353775a9efba,15113
K230397,5d9c94ccaac757e7349bf1342bfdd6c22e8a90719fb3d1c247b964c4ac0ced02,11893
K230414,dbf985a93aeddde2617d40385141c66ef3ee8924150b1574b6be44b4a181f0d5,10513
K230416,b35f00f5018f18e3d011ee94e7da84d410896910373ed4cb8b4e16d994ac40d6,15963
K230424,cd180435f4559fadab7698907e0563953e9e52c2e2d42e940628c861bf311fdc,14898
K230433,e9277b6fbe83404be9eaae235385f4037b2d5c84ba0225eb60fde74c47d321c6,12140
K230435,21a2688623bbde1eb3e4d9dd7e4d2ab3bcb3818f4fb1b9257a38432dd5c28dd3,9264
K230441,bcf7f8515265016bc0df6e911badb62714d0b3bc7169d3c0f21082a91a1e9a19,11252
K230446,6bc0528b03112da0326ccf819269154f420f41cba18b1e8dca85b42578aaddcf,9373
K230456,1dc67a3150204bb6ff803f5e8bafb40e46d7a4b2d0193893f535592b349e7eeb,13093
K230462,d2b49e54a91bcb4551c5ffbdcfe9069db2952d9d92cd5835133e3e910e438c4c,12858
K230471,cb857052001ac695ab3fc954e94721b9c12f0a4f40ac37de60720dec79a1f67c,9765
K230478,ff3b6157b4eeb79c1b0b2df36e816d6ee230b3fc19d8ba58479131d141610582,10495
K230482,c6847e3da0bb5346c5f54cada528b7ab7d5db250557c727bc92e3c053f13b16f,9020
K230486,a8b6da80f1fbbab2eee005c4608e51022ed7d9fe8a30ed3c1f324fd1b92aca41,11145
K230507,de21b8bb374f3a53959717c03f2bf9f8f16b6c94addcf1080bc119b7c9f65f5c,12795
K230512,2dc923db51a19bffd57a5907f90c3c664b0fc795b23f2d0083c7e03b2c5086a6,10692
K230513,5a142dc717f54df0ff60a5dd6eb569997f03f8c6d68e85ad2c76370ff449c776,8525
K230517,f3c6ece602f3ac4e607f4018d0f2fdec6f86480101e52a68b56099acbec1a4ea,26710
K230527,e5c68ff1431bf7aeb21f9f23c688f4d185dfb784e5d4461a7933f7eac9ba1631,12818
K230537,df6b561ab07fd93ea4471849947beea82e0a5d1b975339ed2d58b0db89045f2a,9263
K230544,56efdc4650ac64f4f1f5b008651e90deaf92d1d72a27f84b30068f0e2f9c536d,12910
K230546,b0ca2c35c56d0f99d9e02468cf6e1da96c5f83aebd0ea909e51227c35eaa752b,19468
K230550,dffba54992b1d0987539c2cecc73b3eb7febec074ac7e190db215fc2a3815e9e,7260
K230555,9c933986cc92d1ca71619e8d7b21df8a9c74fe20f57d985a7d1d927aee082ab2,11381
K230563,34bcc1b299a7501668d8c8e7e2480e4f1299437eb3c6d0837246425990f202b8,13588
K230565,ffb5c88a38d8a41cb428e59278eb4469c68c9a4762514defaecddca1ac887033,7988
K230568,28aeef3d50265734f00e2a75c10c9f887b2817faebebf6af486ab7de605f1479,10580
K230572,d4b209d4c9a0c42967b4b65da17b8c8cdb2bdd9587a1fca31fda8b8b1e3789f5,17480
K230583,76c7e65b483133f23ca76748979e6bf87f39aef96902ab24a65bef8bc00ff241,11088
K230591,edd523998a780049a4a9de3983660092d97a1156d779f4d05ab03dd320c0e8a0,10405
K230595,f015f52888560f16f19348a00cf0956adb3f8d09e00d35d1acda6d30cb1e7b3a,9538
K230607,091ccd8277ce6b13e244d92c48311eea6ff7658fdef05807db8f3b08ab38a0f9,10814
K230608,d95bd079fdb78bfccf63ec10f1b13c45c938b4859e68eaf08f40dfa72c75db77,11071
K230614,d3459d555bd41297d7c5764bba2243674e86b756da0b9438574cac67f57587ab,8154
K230623,956075e004763a0eee2b617e935403e6bd038a561085366b64ea43845a08bac6,9898
K230639,251d06d60e48cadc86a8d00cc4940d0e6cce9b85d419ac67c73c2da00d72735b,9332
K230653,5f12b1825cc0d055ac1edaf349dde80a36c28fdc1f3fa1a440740f0d7d1d769c,49130
K230655,a0d040ae217f2b0ed57f8a290bc02d9b1db0ad75ed18166849249045418573f0,12910
K230689,5e900e2375be938d79fc38ea0165d1823e64598275b543a2bffe92113928e352,8570
K230690,7556243f7cbc7c6c07c810ef2617e2b5826f069e43625f1dad1d27bc178619ab,12888
K230708,aa6447e6bf083974215cb871ea28d72eed5029bae056495a1beb0e7c2b0a025c,14429
K230717,b105cc3cc474a9f50b891acc9d8886ab4cd31665790b91827592f05cafa060c2,12664
K230721,c6f0aee3ea9df311aa28a4336a7c7cf6bc3872b22915e6f27c170523a8ff7bdd,8601
K230724,c7b7faa9b83c5fa6202db0d9dd5eeead8540e470c3513b35954269a0fd35d92c,11027
K230731,22cdf99416c70fb68f0bbdbefc0a6aa889c72c47d46fd2c6c8fab5d6887de470,9825
K230736,a2c48c34f2dbd123cb53db48c2fe6ba03378430d6ddbff401a4b738dcfd0fd09,12469
K230744,facb350382eb52dd991d3dc059de6598ba58c418b5f1ac7f7ad1f14b5f7efb63,13020
K230749,d948a8f6d86935335801acd9be4c791538e8f8e391403278a5aa1c67f95a3746,9482
K230750,351139fed79d8d39ee6c672332564b75e25e9dc2abc6d5c978056a5edce27919,11492
K230761,0f71c24a178bd346f5920a057c1d25c955859e445a8d12efc43777139625bee9,13685
K230762,41c46778eb87126a2e3546756f845a80e83dd69f1e138547f2435de96310050b,12096
K230764,e68cdd3b4736a979ae7ea0e0f6e248029a252564fc57e75c72a29f27bc25798e,4953
K230765,bef1c816167a4567b6e38e87379fdf6dcad0d816476ae4124f14ef26bd01787e,15939
K230766,a7804631efd17467978ad1d60e357be01fe563ff3993e30fb1203f5f4919cf1c,11704
K230774,571c644b758b0fbd567539952b883abaff02820ce4e755fb0b755e763ab440da,13780
K230805,5cbad4b236fa35ee6bfcca5a92a7af812686692be4856be1c08fece7290c80ff,10124
K230808,65db10389f4323691672df3903e28ebbf2e3d506d0c19efbeb019faadeef53bc,12022
K230817,57fd3d004e5c2c54c31671f673f184b70b644dd5bdd6fd46cbdf08c2e1c6d7fe,10290
K230831,0a7a2293dd6667a81978e8902d9a562502af1a6ff435f949f6642babc57b1722,18104
K230844,3ba57fb1e746605a63161a02aaeee1228826492b740d429b88fdaf1c4c286c14,15219
K230846,14c845f8a96f8c057b605f0a2e561eef406ee8ae972cb04a2de51c49376b1cb1,18677
K230851,0fdb88b95d9782fa732cca52872e7420a4457bd8b4369d02807375ca0b0cb7bf,11063
K230857,44fc100b77e2a21a7f801d44b9f77b1338479376302af4405313b184ffd1c734,9396
K230867,11664a7dca862fa1f7ef44278de814d775b07d83ec4669cc201aa99cae9bb575,10784
K230872,49191bffe35e4aab58a1a31da86e54d32ebd96168fa1432b271d15ee924019f0,14320
K230874,ce5ddb3e1db1566adee8c6f67c6b9c621d1da8f1fb6ab92a02cd5689f36da4d5,23381
K230891,8ee7f0147fe4c1a62044694bfafbfed414c1bc69b46d23fa97e89b5210fa12bf,14126
K230892,bd527901dff3fc12978c30dad191478f7a6d5f56c61c3885d1bb9f5927eb3888,19278
K230894,78967f7cf3a4c73596b64ebaf7feb88118ab3edd60255a7089a2dbf85c91179d,14001
K230908,64905ef18bf088fbd86f29acc22aa8836427ea6a8e1e658dc90ba91f80e96aca,8241
K230927,06968d0903e29f71778f2ee4494ac2debe0f12d251d6e14c46ddbe94a336a093,16596
K230936,a9d2b6a08249e1de748b841696935d51e24b73f2a6f50ac0e290dc856010bf37,9633
K230938,85abfba8147d12194704d54892eb8cdac163babdb8c9df9233472320c5f2b679,9979
K230942,8065de047c98e5d6c6b4c66b892d655d42c56e3131eaea540ce179a4a7d80e4f,16690
K230945,5f18209e5fb57f7a62595c8ea3eb2d82f453e688780e6465cc45c35dd929d9aa,14162
K230946,3633bb389d2113d473a27cf50c2cfb0242b73236fff37026d04d19dc2d486ed2,10596
K230952,1f38d3cbe734dff67dcf47d6eff2d99d118bfc8987c37a359a870bab6fca702d,11295
K230961,4cf5376b1d3a7e55e4704ba540d440a0359ee798eaa71df766c19630cf655b10,13183
K230971,4818fafe7685acebd9240a997fa48d344958266fffc01c9211047eb7e9e65a19,20625
K230974,e46897cdc7c0506a5a64be2c36c78c8ac03a6269403b6dfaf66f41870199b9a1,11907
K230976,40fb6fefe642c3224b3f45d16f56905c21a1e736e5b59cc82cd7846fae922293,11435
K230993,607876021e68b5268f5c52dced7ea8e3b284ae755bb6f3de6acfd3cef7b99d8a,7870
K231002,a43b4c738385c66bd99c6227458d4d4ea59d3c5b94e42a9bf4a6f11a2e7ef5ad,58243
K231030,c3ac9ddf57b97e205759c054a2d0760065ebab85d5a3f7b09337d754709d2ec4,13111
K231033,70d79061565a7f7e88a1961a315b799073cec2469b91637ce2e6839dd958f6e6,21421
K231037,0c4b56f1916cac9d04040ad93e7e0b67c434b5db7d376d7721433a5df67ef1c4,9821
K231069,ecfc4653fd34009f3d4d6f5f69c946f951466df9f4ea30adec5458750cbff118,14690
K231076,7de904aa681bf1c9ec22f022e09952705a3ef3fbe8db46960756ed3957dc076c,12384
K231078,ef0af5d20032f722a741facb30b79738d6265c1526b080ebb71b8385daf980ab,16805
K231090,3dd0a2f8963d39469dfb92319dfba26326e8c155837e9dbf40cbd77357f981b8,9868
K231093,2ffa913a6b52918a949285a1e70833fda2a7a55dcba0501a692eccf6b4707456,13278
K231098,4c6ed05a0cb667e9b8a5e3b218bc44b745f5ae928361a21c3fddf863b4d54e2b,12728
K231099,960f635a83cd5e2316ddb50272c82163516e9c956cb28e86309f9b193aa3fa2b,22240
K231109,b7688716af9e44b3bba115e5c329374c8440620a10380e771262d59c44993d93,13299
K231113,cadd879f497f9acb5e866ec6eb8bd0792640742c79f985568e9ba78ff5908ad8,11743
K231114,ed6b81da13ba023722ae214cd544660323bc3b63a6292a15676784c7e33f64a6,16488
K231128,655e235ffe3d371e1dd1fff2e51b9074aec86974670613ba1745fea799d38c49,13003
K231134,da20cebfc9970d27ab341d331c6f78a6558f10a858e8fbd843e31a71c57821a7,12882
K231140,d2a6c71419f16b5d55ce9342a3aebdc5c9e42a3c68aa1f11064b495286d4a4ee,8750
K231145,89ad9f8c00e540ea739020f2190bb1fab68f0b41a7f0d1d5911250f081b80017,10155
K231147,b7c87855291b233eeaa7734a06b6ac7eadb386d0946e7e3499d1d74d73908a17,10698
K231178,e11bbaceec1f37c10357e6b899aa77500e24ef4af4cbf853ecbd0537604f131f,13690
K231188,daf857e67303ee3f77542494c9b4b10f500bbd993efc8cbb582a646d0c747166,9183
K231199,a792ac098093a01636b9d85a0604c3a13126c672959c0b3932e75d680ba92328,12833
K231213,8985cb4d3b6cbd885607eb5d86b04c4b72e60162794ddc57ec89da385eac82a6,10775
K231231,0ebb0899385e5c0481ce67511117fc1f18a774142bdf2ca8743f316e99b01015,23756
K231232,03ed2cb33f57379db7188b3dfd750223300a6f575423eeae75fc48d9656d1587,8144
K231233,57e82a2cc4cb7c2b17219c926a87b332e2e4d168bcf531f484c75dc272466c85,13358
K231236,f8fa707447142a7423c5878117952180072ed0682ec9783ddf91d5d7064337ac,7325
K231241,389480e7f76a1a709a4e091a308551a6772eb9f5dd6f2d51dee6c0f33edd8fce,11668
K231251,3bbeb97608c94ed4f55c8e42674854188da2efde50edac305b9ba777020001d1,10676
K231252,979055c99e034e3e48b1efe0ff55eee66e8834dda705a5ec8edbc51d9c6c8501,11317
K231253,2a8505fda93fd04ceaf5dead96e6b4f91ad3888e489c4e752460f280453dcb88,9249
K231257,ac1cf8f044cfdc9e503f1e6b3e3dbed2255c80804e10953f3dec3c297a68f496,14866
K231262,8f180544ee89b879dbbcfd2a731971a1ff65e552fc47067ce4097e381fc98356,17626
K231266,50190feef3d9e722470d0a983a66a324c1550e2815facc619a6e6a36d70608ae,11850
K231270,01966ae913acf078b4a0acfcacd5a6f2ff951e080f6f24eb70ce03e5c0686503,17180
K231272,540e20fe03f9cbfded7a34b02a0548c5947597830192d7a9ea4ee53291d50eb7,17977
K231275,64d77393317bb56450711b4d1b809cf4c262ebec8f5279439b58494845a9a130,10866
K231278,12de0f5db2adb769bd352fa39912ce04ea7a9a194daa1af7654442b5d8fccf88,14016
K231280,d6bcedb50f6ca3265eaae2b1820f569c9e76fa86c204b030ceefac5daf678ddd,15538
K231292,03ecd0b20be34d116a9d934f98b8e5bc5dcd16a58b8c844f90cd57eebf79ae9d,17116
K231322,f88b87b3361c8c216511ed76707a4213b37f4cba900ccb6bb95eb0ceb340bc67,14604
K231326,d590766b34ecd402cf36ecb1c7aff6ab15a0a5b8d85bc3685021882a9e60a2fc,18314
K231330,c9b61b79ce9ea5af326b7809956f2d4cbb335ebf8736db08c51bd4dfebf517b4,10980
K231333,bb73800ce444eb7857989853117ab673365097781ddb58705b2e377efc1a35cc,10457
K231339,95d6fdf2ca9fdc89ef6ae35f57e4327518bf79fa987d1802f0cd142d8d05c403,8117
K231340,ad4c27cb18cbce0b463b874a0dc9590b3d7141b4f95665dcea56ca89563d953b,13191
K231343,5f664815c2cf78a95c24f5a1ce947e0871fd56fdba6d99b693d2ff83ed5cf904,12726
K231359,80899e3a1d7bcef2232865032d321927ad36e2b209c28d06903354bd40921146,12880
K231371,02fc508b68c129e05e63d23520f6697352b355d50e489bfc745a17a9a4cbae83,12350
K231376,d488468e7440933f250e3ca0287777d766ff050452300c6dd5a8965b5bd08a94,18934
K231404,7d492ef40184561bfd3e9b798f19ff1640a5225c03f2dfe12f75c0df98c501dd,22943
K231438,d2fe1855ec0a603b7ada599201ed7908caa1de01f32bfea7eb9250181ea329a1,10501
K231441,666d7b923356ac5ca7d0731570acb1c126ab119a1608c28f37ce3ed81b67d690,11002
K231443,8bb89306655aa2ac0f4c79b87132fb281d3c6c03047a1ea09513e1066ff1cffb,11572
K231445,49d89c823aa515c6a47bf4a2842ab7bb1207af53b1a2ee7dfdc5c465d3e6c81b,11123
K231447,ff68c7960dd2fd324a73824011ce79c33a4b6ea92ccda9fcbb11b4bf26db0265,9370
K231448,1ff923c164654c127660e9c131a608507f52606e89830966b16037acc53b4eee,13885
K231453,07cce2456cb20afe59013fa5174b44eaed8c4e33214b0e326ab203124caa0e57,10170
K231458,e9cc2afeab4685a67ee17330b01e6502726f993bb1f70ff07af29945bb3c9c95,12102
K231460,2ff8737d63ba4417a49ba7ecf4512bc84f334a756eb4bc5ed4e169b251649a8e,17285
K231461,23f59b96a5594fbdefb829230391d6f6447c1832d595de5eef95e765037c4494,15290
K231479,342dffe91110904c7792ae7223a168f336eccc2a1e977ce0b44fa2f9e416c7e8,9549
K231486,73f0b9d678ee4383f337dbb1d2c306a37163eb7da15fd57ab55fb775cb6438ae,10192
K231493,8eb19c420ee6bae77bf832a8a6f79bcfbe2835fd656ef756c3df0d8214317b84,10674
K231496,fe5d4647e0fae55decbe1add052ba107a93c9987f85c6cb7b5f92437e2384f8b,8760
K231504,db2ea13920d15b1aa92d868e6f3be908c39f750b81eb6bbb6eb01260da135959,10952
K231516,676334c7ff90f3ca14949364ca13ff3c090d6f87d0a58ba504944bb1923b5343,17346
K231522,76e0d2907b7ffb94d5a12933a129c803712a1d063c4beda054e9eb9a521e5115,11721
K231526,c6a3f01d58eece69d15f34a1146a41d49199e6a9db15f54c9798bbd06fc8cd08,17330
K231528,2eda48e5e4f05ed4446aa5acfef98a55ffbf824af85e365c9c73ea3263aa2d0c,17998
K231556,c9ca1ab40b24ee9a8c69028431062bfa31e9aac84603471bb4ce4464fb7440eb,8306
K231593,cae0162c18b828715c1dc1b9e873d47faad7e8b7b00ed710c6d92bf6a6068f24,11835
K231623,e3b211e1b7cf782f66c7e9c3228a135c742aca178e70fed7be871f5e8edbc39d,9803
K231636,1d0ecc1661510c508c59e4bbfcdf74bb6fb1844b991a342a5a4a36b2cbb5083c,23111
K231641,6b897ba7be169f6071f9a441f5b75d2d9071b66e3bf673d1764df8a9750d00fb,8464
K231649,6a7215b2cd7fefc66f5c353cd45de5705d9d24a948ac9b54bc67bbefea0e6c8c,19872
K231654,1c88d510ed0e45fdc9f4700763c7ea810c23dc7c503ecfb0d83276fc0546eb57,11705
K231655,72dbd17b10103daca5a4cbcdf94b394746099609a95a60146fc2a07f6bac6c24,13053
K231657,fbaac6ff5ac66ad8af142322c3e720225a6a5c5947a206b22b5c09d869c2e50a,17371
K231658,969775adfc0a42c31533b05ef23c1abb4d51f84d38a81ed24f4931d060769a6f,8964
K231680,c943486d4d16af1f166434a294340ff974b201824a7911ec201a7c7d7f14103a,21078
K231684,98d937f7c7390ea03537deb66210fa229449101e4b61cba168f702fe4fdb82fb,12065
K231689,b0992ca412740adf73b2e1089b38fdcb34bade894f54f8a3c2f9df9f7a671003,11646
K231694,98f78e5aee8bbc744fe352bffc0552245b3303b3d275057ffddd281f8beda83c,16816
K231699,b3b13f38359d183d94c0c692f4e2c23f7329ca38cb766d201c9a4dfacf7551bc,14796
K231704,982b56b76698063dd05075664df9e619cdc302c1de38b31e5e113f7e1a55097f,11681
K231714,e0cb4791b314d6d1e99da56f0d3634028c8872dd442fc82a9eeb42a5c8931042,10527
K231715,f7d6cbd957ecc33e102ef7ac9f292dbce46d4abe6b874e39464212f11d08db6d,11876
K231716,42b5aff74408d3ed6408e1a2172145f0fd86e948f17d24f6751a815411be0f60,11994
K231735,70675f837a8bead77a247e1a1c4466b978828f81d2210d4dabbf445f476c979a,29791
K231737,c978ba490e534a38ceb72f43779dfdb3727cf7ff0c31dbb8cf6e7215867734bc,12608
K231739,65b812813de1c264b089c1d505c20025cacc894316cf1897bc7d257a4ba52ab0,6889
K231743,2489516e5236f18cc5d93eda3d7d0632ac358ee0b088d887a93d630aeecb522b,13924
K231744,d9af8de42ab19c3fea92f4ac5a4e45df44b8b3b056fa1e22f3db5c4a638a64bc,16040
K231763,640a198214e2e883a770af37c9166006d7cc667d653fb01ed67ec8b571b80644,11353
K231766,aeded4bc445c43b45c70c9712ab6e446a84e65982796b05984a71674e45b1c0a,11887
K231781,97e4c31c892bddc81d1dfea3ce7fd6b4f3e7c44e067faab014bb3ade9c5db256,10050
K231787,d40308686e8707f672127fd89646dd2a549d05d9584a50dadcce454b0e41c9ba,4863
K231799,9ba662fdd45f93b9eea68733f8de0ddf20a57b2cfeb08e059e8e0c3cc95e49ba,11774
K231807,f28a16cb7ae8543626646be4c553cf2246f33933414f01db96a05900d329f541,8500
K231808,bbbaaba1bc30d9e77db13ffe80a48ea9928176728aa41fad87bb115021dd8057,9006
K231809,309a0c7f2740498c010d1deda4606bfaf8c4c1f642636cf3b9f26420c46395f3,19802
K231811,c143299340e16a9b9195e0cac75dd64e5b1c29b418f5022c6d2ee1095922029a,12095
K231819,52a3edd0e28c38de8d9202a5a90446949a0222dfd67065fe261052b5af5f4eee,12525
K231829,b2bac69c7bcec87e26f94b781202ddee10659aaf7ae7609db74881dc2c9eaa2d,11855
K231831,ba8cd10565d74b34806a94a42b7a485e94bb6a598e49f7e6de7df45a394154cd,7030
K231836,f712fb46bb406391657c24007006de06064b70c1787637c4655669291c37248e,11955
K231839,a13f20e4c3c814ccc064f69dbe1c28c2b1aeae105fc05819392ec146f25fdbfb,16190
K231840,ac7bdfcebb7e34813d1a829d26f5e2cba271842541c065fddee46a068066f292,12826
K231841,62ab469d8eb18021ca20850908d50d25667b12df7337725cb6c292ea654621f4,10211
K231844,94910d68241f7e4cef083fefad54aab1206b8577cdde7a91840b6390fe4af530,11970
K231850,ad8d7d4b87e0687162a5413bbc247c7a8300920f5698004e2ab1c979aa6a443d,13629
K231857,4b7e601e8755f42d5cd2116a16ef4407db1f7cfd54e471b62cb09a8e5836d967,8105
K231860,93e9c679368548402776132b2bba0c26d4718495bc382c221260bf2c2e871356,11240
K231867,3364c895a1da27c247cf6df9e03bc42e6f12df1b3fb521a0af8a76f4eaf968c7,9227
K231873,b60124f85aacc7f00ecf97c26a2f1c6b472378575cdd143f19e314c0578539ad,172329
K231885,a4ca900940a85c9b8f960dcc0eb19dbcd15bd015447d700d09499a1e601c004c,16802
K231887,d6b05d68bf147a38b9ec2128e5758058fa52bee1d27f5ee6abe6d63a18ba0207,12559
K231899,ceec163b66ccd50d875623c45f876e24bfe00b7cc9ced3edf1abc64d9eac298b,12526
K231903,c5369dd06fde29b1696538afb83761e9bd1415644bcba8bf05994682ed24c6a1,16899
K231905,ec646dd24214b401ad7dbf9356e2d12f9253cef62729aae5aa085d07ec12b6d6,6562
K231911,f1b3f8b3829cb4151d68dc733d4b5a41043ab972d708c0deeb1a272acf849c32,12703
K231922,56d5b2604c4b0b6b0bc3980a58dc9df46d540508708308741a1142f9e7d76552,10978
K231923,95ad0013b7242b61ba41419c63799d904eb1425b6c746120d736268cecd5e780,10899
K231925,f63ef9b9dceeb51de4fb98a6645fc9d9821110b0b104c45d84b8b0bcba757c4f,10616
K231931,2ea58a565475c93c30bf3219cf8b90de7f2b53b0461d0a9bbb52e1cfe7ffa9e4,8938
K231942,295d66c1fe206bcc5bee3b830c65097cea5638953820d8227d5ce0b54fedf4d0,11803
K231944,55150333ea367a7efd25db6f49db4890638f308b053a396fb50218a26e9f43b6,11481
K231947,72a3f7d9677b2a40ca3efe605d34e7c626c3329aefb3d5c06f918bbfcf13eb1f,12600
K231951,d33fc33fe3299329a3d1ce6b49e85c21c58c1824335a829956112a50190dae29,9934
K231968,3b78423a4d74559b0846870ba27e38c89a000b9bb1e363142081ba46f78f0acd,16402
K231975,35991502d68cf2e343b53daf2d7ee6b09d70c5f832c8c2667fae796c4d6268f4,14187
K232002,006380afe93f71495ffad2b392c82608cef1ce98f3dca1e02ab22cb2445d4f0a,10183
K232005,dd67cb58f168daf8400cbbc213089c0d87798f7e42e8a6ff6714b7fc79f1a249,11344
K232014,4539333470864ac06a2c8a5085f2b0ada1e1f239c91905237743581721a81a95,10806
K232069,4e549db0877a2e9c5097766706e1dd3aa701d0191ac7757128fe32a974fa2e51,8885
K232097,8b4739334ceb6439f3d798b935deca3ecc9ec2990cc4e6f951de034630468a91,13272
K232105,ddfc6fcc31a2eb50680af25b4c10ac4191bf34a88c7e38c493800f944efdb4a3,5948
K232114,3a41e51fd2d81663cbd383577f1baaec0d3b741d828c1c415c53ceca98d6de09,11393
K232115,9a053090c95eff6066e05adf8baa89483aa44b1371e0268b0a88b7733374f9ed,17783
K232123,2591805f77cbceecbb67c6fc2664ee7c310f385ab1dead8683afc8ac2bc6bfb2,13607
K232141,e9b09fe7969997e34540f3ca2eb11fe6548c10f07a31e63a88eff61a4dfc147e,20116
K232144,c45656ce3d67a7268f59e61dfc6b589e58c92c02091dce5201371528f0ceed97,19741
K232149,397d1867b1791a01e82b50f8ee986e711e19989c2de23c6e23a5ea9a910dedf0,11120
K232150,28389515e653f473a03af9c3ee30b0de3d5a8252a4467e3316500a0f67b7cce6,11092
K232154,18799f8c463783e111b5be199083bc32e640efd1b5497492ceeff469fdb99b08,9265
K232167,a44a7605f44544232e57d23f2de6c0b5524742ead38b0bb1ad7e8f4093cf627b,11552
K232169,c973af80b62646e0497bbd7bb98755c5f6cc6831c0510c6c27e82e29d8e429aa,18210
K232173,9437e11888909e4bf522fc0b98ec16c321da94172061c080b1ee361eaf3de2ca,11972
K232175,3f5fde17a9dfc652bbfa1569f4bc7a04ca84f159cbf38193b709143a94165bb5,14528
K232211,9b1d84416d528fd220ba0f4586e3bb3b46e19bd7b429c2ff31178ccbd1fe470d,9759
K232218,b18b9a67341fd28e3bded75c0bdb202821055e3bba84053750b92d73f24eb0de,13432
K232226,917c95ce1a6d3897e2674b4a29dc8a7cb9ea809db6425c9e457e533bf325d4b4,9056
K232251,23af67068711a58c82440bdc6a97bd818a7ed9c39ce111934fa5adfe82a6f9fc,18763
K232256,2306a3e8d2105c296e6ea5238b7142a0af623998fd60aa5da60bf5c27169491e,10838
K232259,9163d58f9f8407f2348eaf6ac8a0216fe7fcedabe4681a7a0cb37566bfc13d1f,7750
K232265,cd757fe8e123adb5ff1c10a15507cda95dde11060794da43a46be70b7f473b03,16085
K232267,a947c4d4f4cacd545269503ccffa3507766b6fc562c677aabc904a70a030a165,12117
K232275,1d09250ecdf263ae08a55ad5b8e4cc48546c1dfd1fa5e035bc9a255d01517695,17426
K232282,ac330b2a668b31eb95287788a63fa0f411e6887cdaca9e4f4bdd4a4a8e48dda6,13101
K232292,d50dd776757a459a5b920eaccac771626683f13254b2d9be16c5d278b86019fa,13542
K232303,3dbb4f4e7a384b2d1eee5520254b48db1bc3ff9ed1446e66acdf23f82c541879,13018
K232311,3213808f4bd19df5a40b34ce91105b75e95cd92ddec68d8df5ed38ed5a72b4bc,22681
K232315,0ca15d4d2a17ae8c2cb4a7c97cd884dd3da3197be8c7c68c28653b57cdea1165,12713
K232318,ce9a9a832d04ce19a400507712bb4da09bd852356ccfb0e2beaa7fa41b34eb65,11670
K232324,bee282d87a96d2446581287416483946e06da0d49c7177b6addb62c6a8ba9635,4897
K232340,9a333ac37e41e1c6f180fddb713a9896b9da08f0ae53012549f86f14f85a912e,9778
K232341,eaf56e1db39e4ee2440571661efc43234465a5d4ed3e4fb561cf1e861b0d8bb3,10742
K232347,9500914e7efa3972037077734096e0b11f1c7541ef71766a0f743444014d6805,14884
K232348,8b9d203fe34a69fd2a1a76a7c492663ea3745b95e129bafdbe27bac9f62b7678,12032
K232371,b10d383e7e7aaa297d789635989dbf8f050a5ddd979cc7473123bb2b0eb4dddd,11130
K232387,d6b8833716754394933e5193128967dc7e591d4f5f519e8c74f4ef413450b500,10194
K232394,3bd5969b1eb65df5841f14b3a3fdb30d7d8cc75d208a8441b2fe043efe49b53b,21066
K232411,eb807063213ef00c63c7f5bd24efb70c0c8b9676647a1435c75c2451cfa8d664,14817
K232414,2b33ea3624729370ffa69ee6d22c6af39386f7693e4717416705368dad6ff4d1,11250
K232426,9b9384a141cc418a00a8280598474066edbada3a338d180d37b62c7f35d00c8b,19422
K232432,1431240a1f5e703c00330aed7b52862ef4f08f59bff6f215606b2a1106f2f676,15448
K232457,c1b59a3988bab135a2499fdbb8e60e46c160dedea2a24bb96b8260346398c715,10091
K232471,0ff3bc97823543ecc837f45404702e4f95532d5eeab89483e3eea3cb89ad9e36,10365
K232481,f989ba8137c8ebdeaceed2abae14f4895f02fa955ffb65fd83ae315ba2ba56b7,12530
K232484,f4537a2296b3a77943d1430802e9e8f9882ad6da9ce8e5b45e44e3cb308a4c03,9531
K232492,4ef4fadb3c3dccbc94af37f3e5a8ddbec61ba09196c1ebec176fee56145695b8,13956
K232504,85ff0c868f2c694b0913efa3f38f7a05ec8dbdf826610906910ace36fbdf503b,10344
K232513,25a45b82598b730384f330ee4ed69f3279817615f7e73dd9cc95c0572549b6bc,14652
K232515,ab1c28bcae9ba8ad25e0bbe75a04e3a943c1fceb7bf7624ecfb249cca8a4bb93,13410
K232530,13764ce5826c92ba77a8bca46daabfb2b6e918cace705c1705f3dd8835ebcbd6,10388
K232556,79a8ef619d933b6ac25766d680a4db394226371831e1d56673b705312cfe1d55,10889
K232561,899af76521d1c99cd0a7e783e0f87375fe90ef71a65bbb3e1d7df91a8b310eaf,13631
K232566,979b5cfc61575341726438e9413b46de1bacd63fa1f3c3ea5b38bc0952dd0c71,23534
K232583,fb3336b3d193a0102ddd02f34d7595de3944ca702b0fae8dd01bbd45267a0a2a,11627
K232586,24dcd17b49403cfb9adda83077882b32e5e6e7429c3d5c7cb4fe71616b678279,14909
K232592,6f08afd172e667a5d3471e3d8af1c52b05e2bc1b4c4f9480865119ee266f8854,15258
K232595,6afe0b04dd9a5c02f24e49ef076f7b285addfcbeac5dd6090a1397f4914b01a8,10189
K232605,c21924de6e26b8951cdf3b2817c6c933de928b70f95c424b57290b6f6203576f,20485
K232607,2a5b52edafca0a93cc186e51696323cea11f56dc7ac921d06f8724a141a03018,14998
K232611,6ee613e278a4f6b04a35eae5350abc850d76424ef226221d8c033a5dd3fce20a,15322
K232619,e2a155133e2eaf10578af6b4dbdaab1ea4c75739cd693c6a2f49bbcf73238a05,11544
K232628,9cd04559f64ff975db8e15ac75276f62482f830ad06fdb1213814355ea2b62b6,14002
K232648,6522d3e43f0ae69265b7bcad3400ea21bea295689b50b54cfd6cdfd227d52a56,18573
K232650,ffe41d18bc81c7790b7e1b29dd5201ed3d096b206029d2b279f27c5727b2ee18,16162
K232652,fbb77e56e13da41327cd19437b5add89d1f134fed6881230e2fad921c93ba5ed,19677
K232667,0524caa0aa39725ecb618f3314512aafc98b15478ce592d5c11f40b304f8b560,12503
K232668,86dd1a6c7113d97b712e320029208e5d83b71994c6021d0fda5e641030880b8d,10603
K232683,5ed9818201f4ea80ecd7ede6c454c3bca05f283853b1445c2b275a490754172c,12487
K232693,debdf5c3a30eb0d430215a7ba8a1bd8d44d0fc28dc6bb3f150a89a22fb1e412e,11500
K232719,9641420a6f5235283176d3b909d6ead856a6faeae26de0692033299d05d0e0af,12501
K232725,2394ac98c8a842073775de5c54e98cd99cfc72dde5643873bd8dd760a7a27a13,28331
K232733,be2f2be8bd2fc7b941e669d4b45de5db0ab8de1b57e2d8654c5f489be3e2657a,10400
K232742,5f49993b6b64c3ec7e00b8839b6ef82e1530bf8877754fb3dba1ea1ee918fbda,10478
K232755,76093a679803315ccdc33a013f500de9451d4d40195b8394dbb3fc7862ba153b,13788
K232780,bdc5d9a1482b7050d94e22fe15b4418b285b958270b30e6f222027ab649c1a5f,16263
K232790,681028ac830455aeb2592fcf999478aa9d27918065266dc1b3169b162ecf7d0c,16786
K232792,a50f3c119a9ce747fbb63263a7ec89e1e160856cb263c5c28968acb74a8963ca,12014
K232822,779aca88840923c40bb3fbb0c74535cae651e4e2b06b48e928723015ad4c26a4,15333
K232829,73294aef21dc4786c93bc94af25a54d4d6f92bc888dcbe2ef210b02cd2447834,10862
K232838,5aea5c22f29b1019e11646adc3b9524bb289011a49f6b12a99dea847c90f962b,13034
K232842,07a4de6f43242954eab722fcf5ad37fcbdfbea911cd663bd6e393ce4b7affec1,6068
K232878,04ebdea551a4cfb2763989de605d92aba9a1ed46dd770864d9838c720d57d474,12242
K232886,d3afd68086d59c78e2c9d31f905410d59605a9ab4eeb76f3459215f9c5b08003,16230
K232897,3fd25bc8fff903962e38e5d3570998da3d88d15f0087f7223fa57950ee04d22b,13497
K232905,48c8777f13e3acda4c2a1ce44bc252c817a71bf3c74a20153d44d70201cc50d7,19264
K232941,7e544e04fcaf8f87c036dbbd676548b09f75154b052cc8ea379562d6a7dc9069,30217
K232973,aec21a7332e6bed5d056cebb800b78d683b3260cfd41db9691aad88a4bd10a4c,12885
K232986,2b85f16358327ad61d6327303e0f5d110dfdc984bab3a262b30ae166be3e0e91,10397
K232990,eacb9f7621b6014bfb1ed517c1bed9e09a4b35dfb289f533c5e2fbb753eda06c,17584
K232996,6a0f255a290308724a2e307c13e69c19ba6e41dc8d21bc2f6b23099d9ad963c0,11006
K233008,ea766a40795b7f7d1401cd22525b2ca8fd077ebedaa36c013421c2bda6eab5e5,16994
K233017,908e60f5a6cb7285bc1a03870225f0a7cd4b2a68371a37bf4ab4551cf15e962b,8480
K233025,9db33d0e18e72c429511d644b00592da1ab369d97400fad362358c19aeacbb51,8867
K233075,eeadba69013e91f3eef23e62d6073d93de8d263df20e4646109f37271570cbd1,15502
K233078,9c7d97705f28c4630505865f2936fcc288412cc561dca9bbc95bde0c7dd5a470,12040
K233084,862b808927aaf60d6d78a6dd11ba75c03a91316e17f5e56a4511dd81b5efbfd7,14590
K233089,411b1d2674d3798133a2eee102d5e0cd00db4ec2be59b5ecfb3111ff09798bc2,9159
K233093,ed2d721aeddc2f6fed7a1504a7017cf3900e8e6b94e8ba0ca2c918e88fbcdbfd,10515
K233105,36d9ae4fb117a1c4bb9d4ffffc0c097aa7c76aa2508d0674f616523f434f9529,12676
K233134,ebb011b3f28bf640b8f0ca81d8620af80d553e64a7599f6cf64aecf259fe2305,13501
K233148,0d58bae5b6aa1238a4bace5c704f7644246043bcc0112c59f44961c4b8bc3c30,12373
K233150,b2549cd97d6efee0353429b8c7aea68dbfbed51e7b1465ede37a321363bea26d,22031
K233154,d851002501e97c398750ab9d86ccc9483b5c9223078ab692ea98f77b3a28c4e6,10529
K233191,eda2dd79ed993a089c3993b698aaf7f229bd27093cde50bca1a3e0528fadc5f6,12961
K233198,294f3baec12b77eca37a655b9515d05445bae7cecd8c3d627a17df581d9e91ca,14149
K233215,b5af83f94b4deb7924dd0b182e23742594b025fef464416a5e0b736c3019da78,10255
K233223,fb2265d1cdd2c7637c14b1e01c837a03b71430abf10cab843ee3e6b919bc9edb,12634
K233233,0a871b1f407dbf7a4dab89dedbc76036afa783e2e5954f3081698d4c3db3920c,15437
K233234,05398b1db5661192b2be17bd864b85aa21aeacb39fd6568c491be10708b434f6,12919
K233241,d1367d6c2a9a92e1c36e04d65ad46645cec82ef446e45effddf07b16dc8bb1dc,13373
K233245,2a19b13316cfb4ee8f33499e992abe8df89eddcd009094bea3b412a7266a62f2,14498
K233258,a18841bb052461a2a2f6e0760bbc4815d36384654a9efa336e683e5e2eb5e1d4,15862
K233259,156d939a3c141f61302eaaf024ee28ba63017d5a8452fd329c6d36630beacde0,14650
K233260,42fd563594e38072227a9196b71fc670fbc6d741f11eb211e79d353c789ed09a,11910
K233261,7183f2ddb6cbf742f0e9c876c642a8b292dbe89cbff3e7b8d3abafe3d50890ff,12359
K233300,bf63f3043daf71c4cf761c08c80a5dd4a0004b1c751627e6d9dd373ad3ba4ac6,11229
K233302,174e5c07bce8d723998a9ffb072a673abcfec4c87c7c726100d2b76dadac58c1,13340
K233311,5263ce1e39f5dc1fb8e4fd8aab56056586980091c7ca280c667ab74fe401fe36,13296
K233332,751dc51272f70ca4daa28dc6e96cba0c811c139858d44889341a407453a5aced,12484
K233359,6e0e326bfe0ef1366eaa36611610d2d31fc57e45c95af81a6bb4d9110cbe3c62,13587
K233360,10dec8789c91db2308f43aa19e25014bc3a7aac17cb89cc2a89688204d9136c0,10151
K233366,fa94f9dbaf3ba76129d1db14984d50823f886fc8294d31f354c4d6bea0157609,12102
K233375,c29ac46aee6f1a05d870c479a49513b6b868a3f11b5cd1ab438fdf4315fb5f4d,11728
K233396,30db6432527d726482effecd37bbf9ea686f435d3f0af5235d6b452a8f72b426,8081
K233414,c179ee9fc6a6e27a37673f1c64a23ed6839a78bc92dec8f358bf30be0e94a2f6,14306
K233423,b58528fd618f36856267a1d109a6602df9a20bce2902e84e1df9bb4c067c86a3,10786
K233429,d6bbfda49ad7621c740ca44c2654f6adf6dcbedd371bc286d20c0c4f48c9c8dc,14078
K233436,7e8c763d5352a1257eae07eaa9026e575adf9f1cb7196129e01fb406e0e8ff2e,12792
K233455,7977db9c0bb2bdf2c1300b7819128c11f549f39e35401a56bdb6dcbd0d80fb4c,9701
K233468,86ae5eb1f974a8b5c06c624f4e16a875e299e8c9fd017c00cd07639329ddddda,12059
K233476,67db276ba323f1a4db20dcf0d51cb65e248fd4a5165d163554779b32dcc79ad9,12128
K233481,20842bd6b74f67bfc49fffcd45bb1bc67491a3b102218e4efd06ce5440e305aa,13760
K233482,b60e01c9fed03b23d162b340424196bf29ceffb4aba6321edd0bd13b857eeec6,17188
K233490,6b9ffe48a2fcad118800cc902e55b7dec5fac440059438e243d0c5d347f33b36,11085
K233498,3657031dd3fba57519f65e275fa2aa30987d2d94cd5fc1a0cbeccc49ae6d590f,37226
K233507,7bfe068d7c771f6cd37867a6e8f76f2ab9c3fe7c1a38efb5066f92e73e9de135,12763
K233508,c6efe90f55475bf6d86841899d6b56396d83b5978169542f4a698a5ba459b82f,18022
K233509,69929c831cd040ae80187fce04d74b93a1563da29f83b20cb85d3746f113b8e0,19212
K233527,81c236a9036ba9d3803303f4ca9aac48460a188183de215e209722216f5d69b9,5998
K233531,be083a8707217d54484cfc541d05c727eb4fb28a939f7b9e138a50b666a010e6,10548
K233552,270557d374c7297e7315ffb3dce4d3001f7eccd14691de20d56f2a3f165a1922,12213
K233566,0e926fa79be1109a5705ec4b212d37ca48fef8470bcd55fe5eb84bf83753d664,20097
K233567,49da07e1653bee4466cce663481d8b9bf0ce2db647ee3992ced86c76dc6df9e4,6956
K233574,d28c9fb19eea74d1cead8c29b4d4f436be278c10986a38bb18a34dd6f56bfae4,11913
K233592,d5bba810d8be60d492290b1d11d9a7cfcb7c87afcbf99fb4d704565333958a51,10605
K233593,7d0ccb738f49ef15da496c1a8932c03493c9045965eaa2848d02d83c161bdc0d,17017
K233594,a77a37060ec937f07b2b84cf04eb8dbdb2bdd15028b170ac85d8cda0511bbe58,8699
K233601,6710365112aa7ca9a4dfe8681404d9426731eca9760cb8f40cffd4a8d04b7a93,14199
K233607,1e333d7dc077af4e0c4d1279c81642011cea1bdef481ba9a1efe8d800863b88b,14139
K233640,bfd16775976901798c65dc9a5788bf38daa5b6fa97a56c249c65a465b63c819b,16594
K233659,dbd41075a1999c211206ceb7c1781f44c2400993ee660b91042e9a3134aa3553,14932
K233665,a7544bcd4570f5980490c76cce6ead5a3adaac1a7b840fccd6d0ed166d699009,15296
K233670,e0685283ff5fd2b6cafefecc1f1e7a1e5be0e6f332ecb2e2ea41c3af873f43fb,9320
K233674,e850f7a1f347db15525c09516c22301c473af953d4546ea914544225521309c8,7696
K233684,fada6cd39efb278bb4e909e05ea4e0cf6d59f3eb7b9ee5b0a7aefacd5c399d1f,15701
K233694,739a52af7e9405744406b067c6ebc2ffd6f56de46c5ec7feaf4de5c6c6853acf,34035
K233696,26e8138d3051d5f8d078f6d17d04173ea019cc3f34e8f15a8727e0bbe5c49a37,7505
K233712,3527c4bb31d065a16b05da4ff875f984a7cc0eb7ebf41971aa5764b620fc345a,19275
K233724,1bf37338dff1aeb6225b74ceea0fc33a54e0cf29bdbc9cfb0dc44523fd11c5fd,13300
K233730,db2e7a5c6ebc445c1d707f403cbc40b5057ff316bfddd40c9dd4b9abb84b923c,11734
K233735,158a177288ae1dab59ad4adab6a56d9616c452480119d3d9a632faa44747eac6,15480
K233741,0c31a0871dd274b8807553d5a4d2e6f68304391d02d91212a3f1189bbdf7988f,9709
K233744,315c18fa68f3ce2146fe641845130cc882137789486ecb9cc7bca7dba6c51058,13289
K233758,e63cf2bc64c4eb3f12bf176b3a36616a0ede6d6c1773e8821570dbd2cc8e1a93,11919
K233793,fc669f8964cf303436fa8369b690648881e27416f1d511417663346263bc3cb3,10036
K233807,b2638b610804b7dd7cb2e8d24f0574db5195bf2af5d11291bbb5f4e47a1c6f98,14001
K233816,a02c7db17dea48d45f74e201bd6c1966552f7292f9b786a8284e43cc24e73447,12461
K233839,ac2f126f02a747b393881264f0fa5844c8fac005f334014a7b1b80e0457135ba,21515
K233863,e43408ac5f717614181fecce2103f4be9baf5e89855605538fd8d48008ec997c,6434
K233867,857c50f927c81cee35dd338bfe93864a32992702bbca36644970311045e731ef,17015
K233873,fd801a9c017ef3f3a0aeeea390aa1a997b0ec69eb8b6041a54f86c50e4a8969a,15376
K233893,7882e30b726deace06a8b52513807b2490d5515c04b033c359f26d53328df331,10575
K233910,291429f22f956709164fd0b5c055694ed3ad247ef3f073c8725bb4a95a8e5982,13467
K233912,bac44ecebf4b2174ad849bded87754f021c5f316ee4c3b6b3e57fd7cc11e3fca,13035
K233919,5c6249075be0a3141b63cbde615069e80319bd438afd56ffc63166bccb6bb240,11399
K233944,4a516c73792e52b01fd6baabb29fd44a226c4fe80fa0ddc55c860e8192374675,14907
K233947,924e28f610d9d10ea583516de3815b1c539319827fc287bda78ec6b5912e22ab,11632
K233949,137a589a76e752a16f9ef0df7599dd3f96439045752e63925aaaafb01926c503,5802
K233951,a2df4dff26bfa623b0a2585f60ef60f5cd5a024483894a0ed59d9d350d037f1f,18921
K233960,4d378fc3eeca604c5ad9a477d74d8df67c4062961484b7c98afb4bc2ba385f97,12310
K233966,5a5541cc1f107e373493a3657b7e55a5382a59a35b825f8ca1e1513fa1a5facb,12813
K233967,67e64df57f5ad13bf23be7a205eecebf0a464dfd154cd1fcbe6b9e12c04571a2,13154
K233971,0684419bc0c11c4121cca97c7cc121b82abea3b05e49a07a3e08ba819c450efb,13812
K233972,8429a61558d746d8d3caad66549f4bba301beccd3dbe4eb71eee070981ec4cd7,9712
K233980,2733a6ec9db3fa1ed913f1a0c7cd5d392ea4e7d2009ac51e264f50aa77f07553,35431
K233989,2a26b7dbb7174e616d241fbe6580833917bd96374b0f4811e275c7e72d627eb1,11025
K233994,d9b1a8b10067adfb395780237d52c98200bbd3b35a4ae0046f020a7f0c85d9d7,12069
K234008,375a6ce9cdbc5e3bc9a3c5d7e2052bcbbf8882926b0363ff1f27c2c0009c3588,14304
K234011,3610c43501b8e45928da1677dddaefdc71933d5782a58772556baf2b7c6fb58e,10431
K234013,b2350b4cfa9e0aae10f82c1f8f9df9b16d28668f4ee8ea18b8ef559c64da5e58,28696
K234025,cfdfa33e28ce6309bc16c190f1c77df609684f32b1fd39c2d62942a62b67f6ef,10402
K234028,1f391a84bbd8a7e5e8865a493d7f0c5b56ef05ae74c9160ea43f2677ac1bbae6,15850
K234031,62c4b64dbeb23c016618826708110f54ac9ef3d4684e8a2611d88998bfac671f,17618
K234035,55f1e97c8711c822f84aabd65315ecfe8023ee43cfee6adc5aaeeb582f244b3a,10552
K234040,45936b23f6ad0747e2c91535f8fc7f00293b4ff42d602d52603638b646ca1f90,7665
K234044,046a6862dcbd88cf35b8bcf9c96dd60ecc3e7e9c65f4e3ce7df2c07183e170ff,11723
K234048,9649cabf4a29bb2dbf81d2986c2355dc67780f76e9ce08faaa0008b6b48a09c6,15447
K234051,40eff8060c15c01e636eaa8771c7b9a3936d031fc758f888803786f7993c7969,8682
K234056,3cd02dfe7a5ef08e9fcf493bb5fa270e47f954775bf52cc1990f4f6ca0d8baf4,15269
K234059,00995d9e8797f388261c9ba44d7449736cc2310f05d59835d435fb05c3098efc,18047
K234062,7e0c86777ad9bae95ca5efe49850d4a8670ea7b00c5854055e768a365e69a8d8,11949
K234075,ee178f7eca86438d3b3a4c79a37680f58295e769c531d43f142c4032ba06e6b8,10586
K234077,89b2a3d85eddd62192483389019272afc50b14e05a1cd44c8f659a2138646ab1,17858
K234087,7b4f5641deea1070fd39720edd79d2627d4c8d9fc882239640df1c9dad574ec5,12308
K234105,cd0cc0700d5c5194c0b69be76287107fb01423b72e0d34225faaaeb5860b3856,12496
K234116,dc8c3a3bbf872ec9c46d81d55a73b19566d7222f37b463098a5f5e7c35e602d4,12597
K234119,9a16ff3d36455aaaad8dc730f83acca565a17a6082ceb5016f468a865fc05ec8,11021
K234128,04a0bebb0772369bff8bc935708bd00e688108fe3da62ffb198bf660ba88469f,8597
K234150,79c441107fa4ba9c2d762cb10aa7f7f1518b87ce0f439688aa63d91deab93994,12090
K240035,6a30c7a0d7eca59797dee852828bb6fd5499ee463e9f29b8384d24a3bc80173e,7769
K240043,1e16036703ba50a5c269893d3179c78828fc68915f7ec5c0dc87d63bd4e77a56,76429
K240046,2fd3439797290e6b3a261023c2aa1bbe038986c731505f43be53ab270d6edebf,14101
K240049,1384d5d85896edfc1c0239fac6f9f84a2f6c840d47abc077e199c8bed8d523d2,12944
K240061,bc3668aff7aeef6f3acfecbb28477e2a28fd00c80d89a4e7418ff5696da90668,13315
K240084,9ad4c3c65d8f671a646f9aec962f793dcdcb30374871acd3a9fdda9bc298cd45,7581
K240090,fcffddbb332162d50b570b5237a00ab81a83d2ce7a40512a675ea81531b50a06,15673
K240126,23e5623394c792f61e7d2db64d7bccfa46ddcee94ef946875996973795957154,11164
K240173,a76141eec2354c18db315ebbd53eb0e70f0e83c77ccb40b580252735fe86e7fe,14849
K240175,46afe4d39a894500125da10f6c0566004c999c598291dbf8eeab21a4effd6214,9627
K240180,c62422ede02b5da389424a6286e5272b609af559e3110d1582c328407aadea66,12429
K240181,4ea876a518a5b62f40a75f9facd747661844f2b6f537b71d4c781fb24502c153,6952
K240194,67586c3fa0d5e3aaa676c7973cb1068f2ef5f37078f9682e5c78b00164fa4d0f,12298
K240201,9c3ba55f271e6fb1fd12026547cf3368c9fb82e3692dd63bd69129d7636478c0,10120
K240212,53e5bc17263c75453aa6e39e70d1f909ec2a6111dd34624c8a92a61a86dbc1fa,12011
K240213,051af7463160f2833310876d2a9af6462c5fa474e05574b141351a31b99ece9d,14805
K240233,4609b39ddd2180f6ffa9caa9198e9341ee5259e140df4ab74991927727b7d8f2,13802
K240250,75f6d3b0797c254c1413743fb2bd99e2b5586676f6da48bdedc5895eedd94b2d,12460
K240259,2e478f7e2e9e1786156913c8a9b2657bcfa3fd18711a5a8cfff722fdef599ed3,10889
K240268,08c71de00f2a48a7d477fd74b14d5486ff1bd6fe99758ea48668912642497935,10954
K240278,e6ba6222e9d19210c950d90f37fbdcacd3266b4aa007a0faeeb07cbf6c503511,19032
K240288,22ec36c5efa8a8f958d6961db3efafe8e86dddfaad0ab229f872c7ebc40fcebd,18949
K240299,ae04eccaabbfc8072541e5779bd680dd8742c23429236a998fd0671e89a5ce55,13934
K240318,7933cf894786b6434a14c085c2168cd073a110e9fd289d0670a88328eb3d6ae5,13787
K240324,d286f90cbc42cb83ec8b9bac1e2d1dae32ef0f8e4eb1e3a1ebde477ea728404c,13767
K240326,ada58e2bf473fc728079ef78a9e3dfd69e69c37ee4af26f70938d8c7e70ad711,12279
K240327,11e5903cd9661641e8fe9efa85e36df5bfaa1023bb09aa6a35002276db6666bf,24151
K240350,631a0dbde6dfe56f363d4e8ec08446afc4e3a648300e51e3e7fee91b904b87b4,12188
K240368,1cf607a82eaac30b72b61e19bf3409c4fc506fc9263400c14efc1ce8ef5949a6,11648
K240381,d1c777f0ce4a7f5be5d7e5875cd741809c199ce9ac3652f4feaad2e7317c8ffb,11510
K240388,f3596793527d948ac98e335a47d681a8774e7b0655426bf8b86febbe4a5aac72,10339
K240391,5775db7b1d0028e5f550af8a1d99ff7e66ac21914bb5a51c86f82bfeee5ad5d5,11605
K240392,fd38f99987e0608ab994bcebe889ac221802b397ca1e4bba044d99a17c66be8b,11959
K240393,ef44176df587ef872a07223ebd6569defd7faf2aaea677e7dce4e522549b2e5a,13110
K240404,8ca2963084e9830cae33c2cf370f504d0ed7ec75521336318cf31ab130eb663f,12997
K240407,21d1e1fbb2a111bb0182d470d3a5d9a2c58644a8742c0da4977f5441d4c6d84d,11681
K240416,a1e16d593c8c1275ff5fb4a0607c4a04fc939333339eda7695a14dcf4d32da60,11492
K240418,0cd0cba9c7a68d770024b610534d8b44cf6b65d478db52af4288a3c10ca9162e,12946
K240423,4ae8a91c5cc1214ecbe1ea48bf930392a2b2735599e28bdb1f36a563d04c3a59,10736
K240424,b2ecc99801da6538a8da99b8ef3728f24373d264156fa074a5f20a2c6441e837,14658
K240441,97bdffcceae8a689d8fa11f0acdd5e0145abcaa5fcf2b3d8ef2c80f0e7c955d1,14446
K240442,d45cdf3c23978b8e32b3c69006b7e52da225a1dc90ccaea584b226b9e807840a,13573
K240450,f1cd84b4f86c4e253d7033794574203701ed8dbeb0804737abec0009a3961d8d,13503
K240452,d3c4b3e3026e589324ffcf3f31b0bee8004bd7e45b74e6d19820631635823bf6,10812
K240453,ddf7f3a09e8f8b38a5697b33ab5b6317d6e3f26defc51aca3f7df7623b8513f8,14325
K240458,afe0aff2b7222e15a25c8c6cc23e7a3ea29cbfc0f1e8563958abfd4dfcb77d76,11278
K240459,80607d0c8691596f3cc0b4cff415b82bca9d636679667af5cc5be9728cb204d0,12328
K240461,a668b7da096b6ab3a70b9d74303a99c225389ac9bfd354aac8cc64af6185c87b,17080
K240475,0c85180fc0057c8c7012dde4e808ac426674bbfb701693bd960ca2f6b252d5fb,13876
K240484,0fc265dadb12e2b2b9c2679bb183ee8e581bef00083ca56fee90d3665953d1b3,12398
K240487,f1c7049f7b574bf95cb75f0359d39e96ee3fe7ed85cf6a5b8b6a0127f94778c7,6842
K240505,864dc69fc32604611b3400c3f77a7a702f774f49212a6fee66db99051c091079,10956
K240507,6a25e29ce326d9887761bbecf5babd621ebb3a8093dd78132cb00b5bf8db85a2,15873
K240515,40f42059eec33cfaa22e8d07cf76a27dfad0cd52017a5de2cf72299680a6f13e,10656
K240526,377a95444d859f75b9794fd883f46efe22c613255faa732798ff6e6980956f28,14784
K240528,e3af5fbcc457f6208b90c6172a452d3e169e10ed66f5ba75045c4aa389cc31e9,15780
K240530,b5c1886299c4d6da5f2df349aa00bad798b6ca0fc750edc96e9a88f03b43e771,14906
K240539,094184f6b084d71b19ece4564efacfa943d7165ced34842b6d0804f50951a124,12481
K240566,600e413bd7d6841217090b3fc9ddad51992119147b9e5871e2b96330f36a524b,17700
K240591,71f7cfdfe0db0b56d0343520778c942d086f16578659c0a697d833b264cacc47,13015
K240592,769c7b34360470ea06a2069214eb50e11a33dfc1cb86e025e3ce6002d5943839,12441
K240594,6a71bbd0f3757158a9f4bc0440bc34aad1346eb8a36ec626576c72dc013c70ca,12146
K240613,d44df1135cd717c237ddfceb44c9c872ba2eb6a3500593d082568a9afbbdfc4d,7450
K240623,bfbdcf699e616e70b2b705f9ed56f2aea52a99a1a9ef331b5133aa8dc421aed8,15810
K240639,b154eeab396ae6d9c7765aa76fc6d3ed711770a5be7cc67a60cb3820eac22acc,14509
K240669,ef4c06a0eca57b03dba9219b98baa7d2d23292dd7ad33c64dc34b5c24f6e8021,13120
K240678,de7ea560cf8608f591d1d291d9a2f721836444eff13fdaf528337345abf3ba19,11609
K240683,21a6759ac3192bf07acdf55f201995d513b238a23b189e7281f62d0c2b24b751,18810
K240685,99ef7d34483f940a2bb38fe18049cba4f77f4a2443594714434164a235d8af43,6003
K240690,ba97a64aa2f865102799468a0a1b39c7ee5bf1e2e27b72c5198f19d0557e759b,7803
K240699,99cc79fa64c988e045fe3c03193c7e062c049e5ca6f4bc50ee822afb6ac8ff7e,16051
K240703,2c09b12b48bd23ee3b028eae91cc9b7136e0720d9560daf9a3da919ada00d95e,7845
K240715,55b1a6fcd3737f5a4af9aa7184c507391d3d19fe75ac5e0b42e6e74da751278d,9751
K240716,3cdcac92b2932c9b336fa597846700a97e55a0dab99386690deca3d32fa661fa,14512
K240719,bab3c873af9faeb78aadb47fa7f005ca7748a841fd291dad6fe8259888bea043,14442
K240720,bede90d0ec760a55e949a7c5c9309f3e4a034735503f85dd123c0f0d1430df7a,10055
K240737,1b33630082c521ff73074fcdb157dba2d2475fa1a93a95720d0e2dde58fc55af,10583
K240749,08924520438addf13707679432aa853794bc18fefdfe80d006a94cd7a16cdce6,10443
K240765,c1cda24ec806ba9c2ce20c3c2563fbbbc711e92bf4953ac247b1f58b1ed42656,12837
K240783,5b7ccceb5b2a5a02d6117b2ccd419950b50786b9585562108a348c2501a8b2fe,15635
K240830,9188468b4a7548de3833323c79138d02dc4c06f862bd50878f17d2691b493cc9,71291
K240834,1a0f8baac34deb1a25f64684df740f1d626667def5c95c82fdc2883419bf2ca9,9661
K240835,c70be2a601d2d564ce8b0a665aa96dc73ffc24915c96ac2c536abe104b47efab,11165
K240838,aef7855c1ef41b285e0195dcba3678fbc09022eee74938666e2b82ca8b850bd2,9594
K240846,e764475e9fc6c74ef55a87b4e5113cd635c18b3ead08f97f61668d42228ca12a,19420
K240856,e1e986e89a2dc59b6e24c06f9a737306f7029fce3f5fb066dd7d0534df8ea21d,22563
K240863,6e7c30fabc8200f5f7db48737ebbbe9537285b6d6041a44b516abb076f425a03,17268
K240872,589a57304095f75eca49f1e589e1b727f1ab7e1a74558a62d1fe4d83911df27f,11382
K240875,ede80eedced34d2432ad57a189fb37be904a63ea5417bc98a001d8144a5b984a,16181
K240876,d3d00d23227b5cdcfc9dbe78abfee966025be64f1dec9856352f3dd1489fce10,9214
K240889,ef02a323ec2d73b01eb35ce4211f116f9b6b99eccf553fcb977ea94689e352c2,11125
K240893,96314043c2cdb0912dacf0c81dfd2d96e5ceb81362885f89eeb31f7d309baa32,14676
K240935,82655851baf8384e7fbe469b15fd0eb6f3742d387c9fe07afd5fddcd8d141f92,12443
K240938,5367a2695f9c7732750084eca0fc180c9b9c968be188c258d71e49569eb9432f,15771
K240947,0f9c63dd628536335186f49cee2d10c666e1d51f89a416633300ed804c2035ac,12216
K240958,bb4ad2d1a3c6c99bf7bc3adb479b1061a49c0f93a0f5099a7df9149a5c02411b,21494
K240963,83a841132aebcb9cd36a49db42d4c06a283fb440b04b68cc6e7d6d2a790a97e0,10224
K241000,cd47e4b36218d70cccce2170551b9088a839c0a4de968d39ea19bb1e14596be4,52260
K241010,bbde349e1fddb582c0524663c0a534f79a37d9267d3f49d4010a57bd9b1e6037,19511
K241014,aee8b31fd7dea168fe17e2f99ab43ca37bc09e06b7d1a115719e1772859d1bca,5967
K241018,c06d4f41e96cbd5af0df9993cec031d8a9f0cbcda6da669cdf6fa176a2ffd2a3,5991
K241019,bbfa69587dd86f291d6ea37bcbaf0113966d9324e2cfcb43605246f8a0c5000a,15179
K241034,13b93f9e4147e65dcfe8876f8ba41ab37a1fe2884414f2cdac8d8bcf993b2fd6,14558
K241043,fcb213238d4d17cbaf464354953a9702044a9647b39bc96c3a6e5373f41ac22c,12299
K241059,71c70eb4ee6ff8ad27729cdcc7fc702d3485a8689cd894f6addadf827bc773d5,15944
K241073,fe2f4fa41926dcfe51de7449353a5bbb717c9e31cb7ac248917fdf86354011cd,17757
K241077,03252e5bed374341a225a82ab4a1951b4123e7fec9a215d101a040ac68f9078a,21481
K241128,368ebb9bbdda0a18cd1b24ed96108cbe2aad0b8c7cd775e711fe03b0205c571a,10528
K241164,a7313cdfc95a010a5bdfddb30adfca1308a6d9bc17ea56a409c6ffc6dcdac922,15218
K241167,279835bdf031bd67f92cc806738af5bf7f19a4ef1b2998364dabd90cbd81e079,10762
K241175,b22b6e6c00bb112d60a14c7cdd00c51cc2f947ecbf486a65ef1316108af03a42,5989
K241180,f5329086c4ecaefefd4ac6c693471b7ebceac70ae2f30124dddf4b6b5e6a13f4,16155
K241212,6b56380c2e58cdb032a14f66163cd62889b0723b0158c468c8750555b719a37c,15633
K241218,15a8afec89a4c87ebecf652e7bc01387bb473e9852141cdfb912d38157165bd5,15976
K241234,28077e95b6d08181b924adad69001e8c168506637484d0d2c95972a0a62bad48,14842
K241235,05d49b85b4715d5b025a4d7efbeb035e3de32b971ccf919647dcbd2cb89a8ecb,9188
K241241,aefa6cbdbf1c1b08f4876c0d52db34f1fa8685c0ed8b8fd1fc6c7300023ddb0b,13038
K241258,5abe30d6d4eaefdb7e1c26dcb1988de56097427dafb88498e13ec7b7e0123155,11377
K241260,6a323295bdb2cd9ece43a75f996f4321dd58b013ce10878c375bf7193ecd2f16,12217
K241262,f3990f24d759048b6d989031a5b24201b55219455ccb3122fc28aba4c88a7b00,20329
K241276,f0e11fcafc1c6d27be513d55d358c5578b751592c2251996711292dd60549606,5955
K241277,b02fab2b4c1120bd38c79b7be3d5735d2287a775b720d2b1f7b7b96a1855c5f8,11102
K241282,8c259077a9436e85ad1a8683a8ab0f4af9347678b891bdba366fea4d8321dc31,10845
K241292,b6495805983ce6ac33633f557d8d18091d1af28c788fa65f775932c8d17a5110,14647
K241321,b2e3d748e022d52c11acdeefcb74e29d0d34289e58c540784342c37c8c996e02,7132
K241328,c307a06062d6a30d1c60092423ac9f13dc724fbdca5155a6201efc4a8fcb4198,19336
K241332,3c11dd5fe1fbe33c69e7cfc358dd385ec89b13ec5997d8c595bbb1a1badd55c8,16493
K241356,634111eca59328de1fb8c8ee68c8a6d7ee5558d3a87e3b37dd2948c7188b3a2d,6859
K241357,1b7b2b0fa38a42f2dd1794250cf7c8f53f915098c4a6f337d53b9205bfc6cab2,6823
K241359,b61633b1a589dd569659f30f106277e615736cf10f3f8ec5a5fa481af7ba737c,14892
K241375,d2f466eb175b8434c75247b13ebda63fa5556c562bf3e57ca1d20a5b4d4b648d,31577
K241387,0fd1989c4f18aa81a45405d73ab145abf0702bacc232799d7cfa10127a707f18,12978
K241396,74ce9d493d68fd8f1b784c5833e5de458b4379826b3f47747e11daf7dd293c0f,10231
K241413,88b738e312f2ace35280f133b61c5065d714997f9aaf9fdc38403c1129e530a8,12093
K241435,957c3f46665b24b6837cfaf1e8fa020015734e6f4b5a90ca8d44c61278c15b44,16818
K241438,21804e2b6b46ae799be53c6ae1cbc26faff6980e61f32791942f3e3c449da0e6,12998
K241461,9b4f67df4a27f85a66374c4d8ca8ce25c7f7729e28bb269ea728749f79e57f1b,14127
K241464,393dbc4670971ec3fc6bd1df1d22dd60f2d42277dc129ac7a625a5ba87c11c17,12447
K241466,d5d59b5385fd9026b514fe07e7afc623deddd5d4dd602732069c06cf3878748d,78466
K241467,e47323ed78d2e701a24fb35b3c8f8c872bcaa88927f4f5ff8f193883b5267cdb,9343
K241468,8c4cdf2cc5f04b02a557dbe5a308e2ab33552b0e4a4f466fe54f13a9c68ef67c,15187
K241472,9b4ff39772310d860273048f3337f0efcbd7898fa5b1873f8b5f58493a03230b,13673
K241477,2e6e16dfe916e1a4d7d2a380a4447edccd7d45288fe82b40ecce57c453fdbf3a,12114
K241482,1b585a0cb2f2fe9f37832507e286080ea4a8ec4674ecf29462bde78646132ef9,12192
K241483,785691b7b1039996650d3bd1bcd3ed7d70fa8bafcfcb52d0de38d9c702fbbbff,12473
K241484,c5f511e193635593e378dee9718850f321b3780ab8d16dfdd9cf3e1bd7db8071,6911
K241487,68ea030726c1aebf100ca64a5403931fe236627f67de6c22860c7ec780e7527e,14183
K241491,79cd6bc98270d151da9563a414b035f379d804df197e4557f6e1dc71a24a2784,19258
K241494,0cb95bd93122d1dc92b548638fd6eec90251b0e8faa627697a4053a465da3d52,12225
K241504,b2eea14db390d07ff700f4fd030e425b1a37a2f16f1efb1d2014be8a5b1fdec0,18025
K241519,0e4ef88d4ffef2b0d688b16fd18922eb353b6e2a3e2e23b15641b05c268b9d2d,14912
K241539,4769c2c7ac65b75f2cb866c852fc8addeb0ac63f7d2ff8705543501a4e5c5c2a,9184
K241555,d177715a67dc9f127d7a18511b32071c7e30f29b6cec1df03c007be1f2894382,13438
K241563,9533e5bc94fd5bcfa200702e085f68704ccd7055d7a29c5cdce65a5075608f42,14961
K241564,5d15f6fb45443e894bb494a428a8d5947e73c54e6eb348ee342125598a87efa3,23384
K241570,80924059cb36ba877d0f0298cfda0aaf3c6d130e2302b8963c59ad951a603ced,16913
K241574,aedb3a0865607d498578d27130ecea3222193c35dde7608c9272a958a85a4a48,12892
K241577,fb36e4593fe3b0e16943674bf6b7dab5a1fd43502554cd525bfd61a40fce690b,15486
K241592,62b4e362f6ce19aaa0f4022d497a265796ebcb9ad18ad516a66f48fe59296a45,16573
K241597,7f18500d81026ded35bd572ffd6d24edf25e2d3e00464df44621d8b10890be84,12569
K241599,6af707b17ad2edd6e9bc64a5662672f5fd4a5857d2d5e4986d6f7f8eaff7f69d,10938
K241605,889ee9a1058d825987601cc01a5f3c8fdb236f0224e6acd9958db871d4be4ce4,12723
K241609,34b65d7a778d08a3459c5b9698a901a27938d3dc2d39631fe0ce14839b54dd8a,16834
K241636,afe035ea75da734940c92ea46cf4ca81c3febea6b1342ea20b80ad843a6d04fe,14068
K241651,63cd3af8644f83a413b3fcd8d18f7ba689d3df629e58733f3a027f196272a7ab,9025
K241657,1bb8c2c331af8cbad77f4db7ce830cf1661016a7e52ee13398ee0ccccd8fe807,9165
K241663,fff04e8beef6e4950fb29bc5bcb009af63b99d87f1df65bdcfee7da10df51695,12602
K241666,b7e7d5fbfffd01b71e7d3cffeabfb1b97638eb76a4a41702fb1863a77c030e0a,12135
K241674,8a556505da137e00cf10b1d282cd9c1f372a2483de6176e3958a6d56f40208ed,11446
K241690,dce65f19947120441efba41527888cec02d630a5427d78e687898bee9a58ceb5,14119
K241695,b844f0a0de1a0dfac8053afecb7183d36bd51389ccc09f9ab4a8a8b5adc52854,9078
K241709,9ef0d7d699de1c885a89b73d71a24f5666566390624e89d56093b2d250ebd033,12495
K241716,df57a1b4d794926a412f28e2a126197c564068db66136b4964131d15cf655391,15500
K241738,d4eed63ba72e2cf1e09b8ff261169cd1bda4732d83b0660c78d07fda3cd2c641,9656
K241754,aebbfa2fed59dda0a43d49843b851a0984f0d61734079ecdd041712999b1ead7,6067
K241767,d4157f6576f64fc59fd303ef83337a7543cb364cb0bf537d60378ee684a3d250,14647
K241769,542cc3ce6f9ace5af796df1bee5a7c7febd871cf7c504f05a18aecb16ec52e0e,13978
K241775,32cf1790675fdfeff6984c1be9a4ed382219c2ebc55c198e11490c562f54152a,13536
K241783,7176514b3e3854a590ac0021cb0d3e51b857b179c52268ea6d4f189c736893c5,13476
K241802,3023c738bf68aab648278119dad5aa8b878a4c7c3898d958091451c8b274fa72,15079
K241804,1358b265b1266890f1be4acd7d749469d7a0631c80d4ae973b04e7b5e5ad78b2,5970
K241813,a28d51367eac7da3e207fb2a24d772e64d09dde94871bf53b7c3cd15a557e84f,9379
K241815,3a05b88d24811e45a276f9570ed564df199064a21c1386952f585ae790db2c8d,12114
K241816,52620b000e7f71682ced957f7d30ad724dac34185a18f024e6e9b3dd381110a4,16727
K241817,11b6089e1112209c8e715a234c3f0ad180f3bf63d417750bf582cb59f14c3f1a,13462
K241846,a626412c663e04ea47855154f63986125039d2eaec373ca078d3bd43a96deca3,14439
K241863,dc8025bb001c892b6d403eca53b4ad5049eeb1c9319046940f25910a6445b5e4,14760
K241864,75fe6e3091bdaa00f7e0b7293fbe790393b4f4cc49dc09585fd86388de6a367a,9955
K241873,38e7dfd0fc5832f55beeedc34c71ae50896dab3d3767d6d1364067b73f6cfd91,8502
K241875,86c686919587d1ec68b844229b50c06c5540bd1bac3fed002dcc51d89b66199f,15854
K241878,76cf63d2f7759ebdeb554e9af140c1130e8059244fb3c1fa3e0fde98e65dc2f9,6877
K241892,835c43007124751c3a5013abdc38e736aff56738a47afcb1365c1bce65701a10,18791
K241912,2202674634b0664d8ff2740013f0db70aa4d273f33f10a8fff239727e378cf5a,9976
K241932,875e963330f299bef80915315f833cbf4b764638a5d39670b70fa72d85913a02,12874
K241942,cfa710ebe3528f1d524fe2e658504bb7e09470708a5c68ea1f0ff8fcc67d30db,11116
K241944,c542bf27ecaf4e11690916d5302a0ef5f9d6174583c8edfb90dd46b379610b5d,13187
K241983,2da6822b99583da39769beae0afc2b8345b08a575570cd92415e84144cd644da,9107
K241992,525cfd026aa24ee6e935369a3c6d43a91b183d38bfe91e6bfcecad4c911810b8,12914
K241995,3c7bef7e5b78bae759b592eb0a72ebcb10223a7a7c3fd5c7d8427f60818ad3eb,11813
K241999,b49987808a5fe54f976a081bde8fb66546b5488adf47a4b685d6ce44686dde42,14269
K242042,9e733359afa4e1d26be2fa1042a262b1dd28bcc7d27e968e6eccc2ecce40353f,12709
K242045,47e42f6314cd322c0951e9767fad719a170fca34e2b84fa95e2383ef0ee08115,13399
K242046,03b8a0b0c97c653cfda67a4ecbebe72d99dc0511e2aa2ebbaa5168ad0cc39ed7,11534
K242050,b7df45a796b9654fc9d5b3b20e95be25eb0d5e7b0251cb81fd2b5c7aad33393f,11149
K242055,af2897e0ee6d4ccd9089c188b19aac0f316e0aed0ee44ccc55ddc1eab3388dec,9022
K242069,90acbfaa346766c329065e1eafdc5f016fc03b4fc30b831f6a88ab3febcaac1d,13839
K242079,5d56a1f916161122bf7a426e46cda527da7c5d5508117e424831ffee943da5d4,15291
K242084,223501313ce913b60489629a134992e91f806652c0654c326c3b35c38d1f5f60,14420
K242091,e4a3451181726116f4882a5830f03da427ca67452040bd79e5428ef3d90f0920,11704
K242141,71dd64c0affe76d03109141506ed683f40ce6d9ddaa67f1788131be3c8bde70d,8302
K242147,d9e4f8f39154dbcdd04d0df602d00410a4bf1ba9b88dc8546e27a438a5aab96d,15399
K242195,abaca663fdc25f3b724fa09ffebcbf9f2ad315f31cc0f45e0652a31b3784057f,10814
K242216,1821b6a961ed0d1135e3b23f361e7e8119816409f268952eae2135fa6c833f6d,12675
K242232,96b315cba884de6e873c6d68b9295ab255de68cb2129e53d641b814762241ea1,13826
K242247,87a3c9d24ea48275e4bb7b836f1477e6b1662542d03a1aae7dca07b11396de6d,13756
K242249,f3248cfed3772933550c54eafb5448263e30bea85d25ae7cd72a476c15568500,13441
K242253,e1d1b968d3f72eccbf4b14b76d376c6a338e8a9e10667359caa8b5ed5499595d,11365
K242260,dd03ab912466b3a8bc74caf47f1648bc98699eff92e5e020f2f1df53f74acf4c,15624
K242267,f7b384926c1dc79116d1b28b2801209e08e3d245ce27f04e20376e4ff8fc6f2c,13384
K242273,6b2a6f793d84c20886fb4eed6afafe562d47d9c484e4401dc8190596690951a6,12520
K242280,d97d20ac86e20bd7a0d952a51285af170fdb7013e1d7df8ce62a4f778f4df00c,12609
K242296,33d6e5a0d36cd1e3b98ef6a9d0a009a87bdc41b2b80a7645e55b8659791e82e0,34825
K242297,8889eb857a779b6cb517efd5fb6a92fd2cd923063922a0a57bcd8a67b381384e,15604
K242299,81bcf5f509cb36f903e6ce63c9495477942db922cf0436b1029415ff7d717152,13955
K242303,2a441ced90230709023f819305738d24a25a567383643f70b684a0875a6015e2,16151
K242307,4e5535482b16a2f7694ea3e7b6ebff6e66175a208bb18e4677d410beb7cf11f8,14300
K242311,f24d269f7a070887658134993aae9de7d40a1c3e3d537dbac095650e81fcd01b,14854
K242315,21a1e80dc54cf5a7aa9d789e92d2a8d558942bb96d353f53568644f175af181c,16329
K242343,af276dbc8f73d77070276de60ba78cec5b403b2c63e962526f486f1829dc3f38,12862
K242348,0d2b621b80d95a70a4412301da2e722ee5e98c8028b1025ed9bb06275dd416d9,10572
K242350,c765c14e6bf2697f15cc451077740089229b49d6f24bd53008990311294f4459,12474
K242356,099a33ec2dffb27f1c62e3ead1ae93f5010cbfc4c7cc869a8075cee1d789ba00,13837
K242361,c32c3518bd5b87c896b64956860f01e829f11d02a4b149705a53774db32f9afd,32946
K242364,9e847b0458d4b2c529a2ed9f7f35af7093c901350d5a10860baeb64f66c4c12e,16183
K242372,87f30b50fc1b2e4156a6f6b0c7fb331049f5492f90525adce3ffca0b383b6c17,30295
K242375,0a0cc51b3125d4b406a5c6203f20036978581f6c4ef1a390f55d52b6ed464521,6896
K242377,e5893111230c8ab667f82ed765129318d0b98cddb5a00afea6f1641a9b3e80f0,15565
K242399,6e2d7b5ac0c2b8ad302a61676ae6198d62c827469c39028511b45c08c7766b18,17021
K242401,015ef92d53a4e26632bddfdadcf4ad95e2a2e0a775f6bc2943eeaa7ff40c39be,10893
K242410,a2e9c3ce105ecbe281d5a655bbd05e1a694a2cfb016d02ff1d732d044c86fc95,12526
K242412,cd16ff929917e02809d1b9d043a2e408df82f3bb829be04067ac6f1139a16370,6956
K242414,12d1edd0927597d29441c78c4a85a115ea7d54e5bed488910e32a9f4c74bc5a1,11112
K242415,71b218daee464653d886586788a085150fb57583ee36c5496243a3f84d6a654e,11962
K242431,ccaf3848a4899a7d63a17a87da4bf5ea8a1b6bda6eddd0a67ef83d8f87801f40,10263
K242436,06cb6b6fc85052ff4017ceb4e244fe20d4569e64fc8b8a72a3232d3d28896867,12994
K242442,963add950119a6128ea4bd725be82ee24d505e9334765e91922e82da39ca7093,13677
K242445,b86ce59e791922ad8dae62a45601005879a082c1aa349f3f022b03b1a9684cc8,14700
K242452,883f527abc646db14931be6666178b37ff7dcfa2b907b80de93eda78e575d6c0,12991
K242457,68fd7fda95140d7898a7c3576518d8de3c33db500cd2e624f02d184e82ecca22,11739
K242477,05a18b4a9d0064fd5344215fff403a38cbee70cc54b71c739e328e50c462a234,12954
K242483,847a8e9b4040cbe8aad04aaf033375002c0b7e7ccae0393344675c88ba78c9dc,6926
K242486,fb871a57c8209bf775f94fb419f29a698ffb143c158bb2f4ed473f9d4b17061b,17665
K242494,73782329f0d096c778f7a6669c14c7180f3f6fdc9b49461f7fd8878f9e240456,14728
K242509,7d39555a06d845558e89ba03e9338f7a6286ece8c5c6baf8f08bbcb9e3a908a9,15399
K242516,512450a18090975f982aaf6127679db6f12fc54d7fda0666452897048c02df1d,14439
K242517,2de558abc91d93a34f46c319407c25ea6f6774cbef085fad67eecd6718d00f5e,10751
K242529,d693d8d5ec858434c81f89a4733980a0dc18e78d6e742baa1779b612ffdf9121,9957
K242543,184dc7c15875420b325a33b2c46bc7cbcfcdf70ecd649367e6dea605151f7831,14920
K242554,12a19ad55bd17a1862b3ba184ed4cc9fdb5b0f6412cf0207a959c8ac573b6a8a,13280
K242589,3b2219382f107ede0791b795a24eaec9cae7e436ab6f932533510ce40194f4a0,6816
K242596,de9bf21cf321ccedf412c58d063e0f16a1a64ff37f665d321a71a69a4eb83971,12548
K242665,d3fb8d4f62d60d236fe0f4f33c16f57d0f7d23df883f8791953252d5c9506de5,17653
K242671,f1ab6b2ddd35a4b2586bf92ee7ed0944112bbce38448356ba59d51bae376afb5,15421
K242674,5819d47717156a5a088689cb8df3ac99b1dca3b0295d2e3e8475e66ffd5ffc54,11200
K242691,d268040c1364ba4b81436a412c0ea634d1a513028f303482f8464d531eb069d1,9570
K242711,4a5f199591b1ce4dd4b5bd4ee667e390aae9658eb39bdc3d3c7c1302888f982b,6851
K242734,538b740e6845f2f43f1710f6a5db74dfa1f658cf102279a58d60286365f77c93,15261
K242744,f6972e0ec6e71d305c711229242794061263403ef96baaf534fa872a075e9cef,11689
K242746,b66decd74fd63add6380eeb0a978d02cee3e16aa19b87119490e432cde258c92,13344
K242751,241128b37b054fea8affccf56ec45f8cc7c2246460f6572520d0028025f43c31,13350
K242764,a36427efc97a368f9c1c12363f1992382fa119fb9b8f783667803fec998e9815,10714
K242771,044d0307b61decd0bd10e2972b1a32cd3d33fdc9359f8d589096fdf82c530a16,14770
K242782,f3eaf62dccd392e536a1f0e0dc7014a42626e774778b07c8fb80eac555663f00,15852
K242784,a34cf0728cff128ba97c4e4eb44492bdd11985955cde28abffe38443b0c555eb,11423
K242797,763270c4448b7af2dd9712b529f6d4d27d13e4119b9897f26ab850325a4a898a,13358
K242799,c9ac1b17f89b8720192065f3ec6ed52efb2deb582f93aa3252562a66f4801710,11384
K242814,fd196f78bb8aaad95e03ffc8efcaa329af6438bfd451df6e3d4ca6b858412a73,6912
K242826,4dd59a5fd7d6387b6e8895d09f7dcafb4aaa33cabd69baf9f5336e937a733e4a,13016
K242827,d8cb5415ae192e9f9410b8320b5272b44ab14b5f76a55c48468ced0165249c16,15796
K242829,d70e315210232e42d98a5c1d278435da15b5e2aa51a608ee7b9374dd47ebd45f,9434
K242831,88bb5db7545fb2b6efcaa67eb37fdf5d42bc4a734b0519071352fb550d225372,28042
K242833,6f344aca8615f1118ad2d12667468bb4f19ebdcd214e862b08a969a26ff5cb37,14120
K242861,2ba82c4c6ebde639e01cc3cbf3bb28dd3c67ac51357c6b28f3f2a30622d4be04,17357
K242865,dff4e37f2f5b4dfdf6eac3d99e3191257a77a6b32f065dd536c21ddf36bce4d1,18787
K242868,4fce24a30b2a7e63ac2d568c34c433d72e59d125e6dd080fa2b8f6dd076fbf44,11750
K242871,1f651c780690f3f54378dffff9b37482ed0264807cf726506ca06adab21f074f,17323
K242895,f6b002aa65e9b3ca866a181a758adde210049c6a539d36169604e8b145e491eb,11088
K242896,9ebf869263d42e199e48b615ad03256647c8a6bfd3c9f886d0ed89bef1591be8,10650
K242899,9f27ec20611388c328e26c1297829e903be828f6fc7f510b50674810136845a9,10355
K242900,ab723c4c42d74d564d2aa502b1645f4038de489cfd0c09162d3625dae5a477e9,15303
K242928,c571bf1e2605b0c18d7e2b73724f7cea986be254fc4178eecd88dc14e0a9572d,13175
K242939,648cd9627e948c517b33a9cde32ee0dcc36f69d8d40a17303fdafe04e8314918,20665
K242973,8a23df39d063616804b1b8c20f3f84a5b1172811baf46890f5dc6c2d60df6f84,20102
K242984,582a325787b1d20c2e39a47b41c8e56202d126e4c179b8603cf0e709431b186c,14359
K242988,70626ac079c8ef66cb016db4dd5c61543442c166b836b3985490634402051d7a,16916
K242995,25287fdfc063d60099569ac36e7106b8cb31ba69deff0cf1e6040032aaf0c19f,10707
K242998,ac1da009b3d8a98f2bfc2b9b3ca988262e1496a38a2aef7782a08d9c48aad8b7,12076
K243004,d48e3ffe21d17bdd649e58f9e3d1828075f7fb1eda0ceeeb44f8a4e1da804345,13683
K243007,8144cd7ed2d80292f0c8e2aa40bf68a577b2616cc4490c5bc05631e30a8c1970,15674
K243015,445aed634efa43f0960390fce757649942ca2a69d4dc06bf069c899b65dc201f,14377
K243021,cd384bd2804a9eba9318d9af73c4f0191032a7b5b76db47206e9509c5a42e19b,15619
K243024,2e66a254cdeb0fedb71a1f883fd9d6491009b69a9cc13e2ef9a6b815eba4e0e9,15849
K243029,cb02db6487f5da30c347b511678580d5f0ae3a0ada13adae1d86543e91befc01,17482
K243043,a8b58d21e26fb51e7951705729cdc69d9dc85e0aaa8f69b0dd99526ce6297a7f,17889
K243050,9eb706cc7a835daa94784f83fac6e2c430a38e710ee7d02e307df85e4950df05,11759
K243074,f31a59c9cb3e98c65ab75ab4946c0a663a1556a70a16831de52ed2adfbbbbe2d,13842
K243106,43b97b079095fb38817d7a073671d9b4283fd932e4a64b22e5ce988618aea12b,11276
K243116,5fd1aada57812fd00032a872d031e8871619c9d162e2a884d050330cf906be7b,15493
K243137,2bd57c145ee8a9ef2753cc408fd45df97cfd58ce211c571173c3bb32ad1d6f43,12121
K243162,23e0a3d1d9b59d6cf1423c66826a7354c14f0c4cc35c8096786ea2d04e32331a,13608
K243188,83577420512615264b41c55961a6f23a2c1bcacd54ff9eb30fd27d5f2a683144,14923
K243192,66da69bb4cc8b6afca786981204666a82b4abf9914eee19473891098fee9a727,17033
K243195,f0aa152825d6d1143bd44fcd184701471edeee33a470af294dcc75aef97947e1,18082
K243203,6ee4e96c0b9129655d1d6ad1e21be60afd25166c3261607a296623b3c19c6798,13885
K243231,3679437715dbf351c932857fd3b0a83b95d1ddc598c88e293ddd99163f7cd2d7,13699
K243247,dbd0fe9e2273b1dea02270818ded04a8a7c14e2ffb2b730e3b945c698f094fe3,15639
K243248,46ef76ef9271833f7299a76ea3dc6a36dbd9cf9e87d45090f04becdbd648f562,6912
K243249,fd6f6601fce5b56d42c1571c680637b9dedf698697f067528005af7eb62d8105,10453
K243259,efb7ac0ef7fb484e9310a93aa8e5baea20389eade637dda27b4861c5d0c645af,16072
K243275,47972c8545cfe2d8ead59676657acc51618bc94ed920bdb7c288aa454ae0b6a6,13705
K243277,2012c467befbd19fafcaefa130b7b8f6c8825f070cf22b08e55a6eee826e9e5f,17667
K243281,c397ad6b197590c11271ca0f78404c174e3f73177b353e54291e1ecfff172f78,13196
K243293,31a8cec806ca4cfc8594228c7ef4fbe23404244ae57893091dd54806f3f8bc0a,14552
K243295,700a4acecb7e467f115accf299811fe0832fc3a9e90c46c602582e0c2bd5080a,18418
K243308,4b064cc60b8c5d05934da783f91ebeaadaa18fe5d837a4ce5bc6abe6104d909d,18159
K243323,08595368f7182a9adb7faf8cfc41dc7efb05e29291f875bc26305546d94c1560,15735
K243344,a88189e34ecfa5d7935f4069f4b6e76602f11cadd18d0e6cfe00f121260e4607,15679
K243357,86c833891e95851466cee62e4cb528d559d4be1b2429655c904dc51f7f40766e,6883
K243364,3762e6d65282da0c07228acf6db6c2ff6194c9c32cfbd7fb22fdd87eb889480b,6912
K243368,2d205a52230b1c8f371ffde31c72b2316a9be58248765e355ef10f25abaf6108,12195
K243369,c332deec6575d7da1b239cf1029f9d3d0cfab794e924a75196c840c750a60a01,12135
K243381,d53138f6e8614bbf94c5c71b5070a264e6249465c6851054b36538ea71d97ba0,9708
K243386,9688c5c6ca706e1b2a51f6eca22c6c9e92d0d1e30ef890d5cce039dc0409629c,10332
K243408,989b312a188f5dee9de95828b93a92f3bc8c6937ae6530d697de9a119aad5499,12031
K243444,269f75e29872a48028285f6c1367c31cce78af948b677b646f4ea2e0c3b9754e,13737
K243448,ace102a7022aeefc96e3e8010c77ba8bcd2b0bb953ef9523346e75083e11e1d4,18100
K243456,97251efbc1dbf8bc9f31f13cf82d611976cd0b91b6a017765c94ee8b685fe4b7,13796
K243466,61febfbe6fb024bba45cad1140035c41987a866abf20138b94ac5e46eefd8f0a,15019
K243467,7b72bf465bd75b5339cad7c325340f1b9430389d3fd9e500071e5313843bfcec,16693
K243469,e22bfd9328886f52298e72ba0ab803e1ab92c9b11aeb5b714c4e9d790c9182fe,18385
K243470,b03274991d47278e25d4ecc844f3615154dbda0269745975922f90396556b90c,15425
K243474,1a0f9db1740d31ac5215706a93133245f583b09cce4aba6a91b19b8821a4228f,12120
K243477,99c3369ba49869f34aa07d5df728224b072c0c1bf8dec27eaa6f6cd900a46276,15925
K243491,5f744839d2c66e2b9ed219791d0c99a5bc771a829fb16cad787ba7a62f29580f,16862
K243506,e5432dea9ada13d439fc8143fea22f81ec6f88abfe79976468a9ffa288383b93,12142
K243526,5b29ba4618984955288022e2b97dbd320a152119245df4cc8b7adf0b42ac6577,14306
K243537,aa1696b9e82bc59643c94e067956256d0f1ece11061931a7e11342d07e437777,10462
K243565,885d32ecb34cae7c0dd691b5bd89617d6695a686239096e70e4f93b51ac39df3,11946
K243569,934b1ec9703a14c02acc3b0d29d21052c84f01c8557bf0edae09016299bad642,18395
K243571,dd80408dc93bad5bc00c486c126003d81ae828f7000216a15d44b3e31b34eb10,11483
K243574,73e1dde7fb4fa3f6e10ad62a93741221d11be8ebc8f7e2c0ee6c422d14d56f20,12426
K243578,93013ae364cfc1f52de09cbf9bb3c51ca979a79fb3dbb9408947c5150ad0b8bc,21521
K243608,19ab8a0e297bf4240d71d70bc771f2ad93a4fc7c4c1ec2857f6b1ddf355ddcbc,13470
K243609,c8582cb00cbcd467af9c187b7ca72d022d35f8c00c2e18546e62582d2e28b638,6923
K243610,71e4953ee7365f68cf95d2b4ecadc531a56937931576d79a0e87da9b9d07a4e8,18550
K243615,d594865560d3174e604fca4221a90874ad7b4671fddc888b170db5a33e62c8f6,14110
K243624,e08ca7fcf626d4d078761ac447e6f2c6aa5b9fce398a912aeda288bf385b4ce8,13852
K243634,e04ce0ee405d996b3c61527820798cc5a0b327877b075e90d7a196378d40a49e,11233
K243635,42dfc411bdd1f232b855c372178b8e0ae37c5ae2848626221cc3c4142f0ac583,11542
K243643,7a74203793b58965fdbe6362f454d518565baaa020cffb6acd43418b0fe04c94,14003
K243656,06e4f303f3b5bdfac0ea99a54207d679d88ef628cf3c269ccafa319752d7594e,14733
K243658,73f915fa12eda331db5b7c0bc75aefeefe98eed15ec025377a3210e8451163ff,11222
K243665,2f48fd286ce421e0c4cbe15235dd1f3344cdf4afc1f004d2610ba9e46dd891b8,15878
K243668,f55c7ff0bc8478b2bb14e479f83d7dd5f7b6bb69ca5c5c96072228187b604d25,13659
K243670,e7cd08ad2b4a34b49e82c76033588ae8f30668e2d45df1acedaf9c240e399682,13110
K243673,5530d90a398fa697733e1241b4c610fb1796b7295421dd0872f7c959ca62e139,10928
K243693,cc6d05c9b183fea54217162da49b6e7b2dd448fbc42c76fd3e4a7f86799b2be9,15574
K243706,59c3d2c509f2dbf4aa85ac89cfda129348fbff5054cfe054a370b3e05e12a447,19962
K243712,4826e0ca09122aade013f16c62cf5ef4774d1629313b8401a93fb88c80352427,18484
K243724,cdb6be62b0c9b91cf472fb6ab4958d55df2aa6de18a8cfce794b36a943022723,14579
K243726,8b3e7e83039045c7219ef09ad61b1fc8c55f00aaa5dee07bad82d87d22548d6e,15597
K243739,7ff433f5f16815ddc1ea2616c57bcaa090b14befdb999857f58c95eb0fa4cdf5,10917
K243740,9825456d07cc535c0707a79da7b75410fa100e15198cdb14e09702e62cfd474e,12847
K243742,d9c1855cae3c1cf204cc7bfd789a14fb3c48f3298da24948ffb700cd733a1a21,11298
K243760,da59173d4ccb3ae99aa00cd478ec60ab4e41536006e763ad6d6e6a94cddd445f,13629
K243761,4e639df98efd3a5fd0653a0f88d7675647af974ee612f05f5773e3c50e681e42,12410
K243768,78fb75bd3bc17c178703afe062c08cd81f271f51b8def4ec2bd89e2fa280d322,19681
K243784,f7eda5c7fdf87b21b96edf8b8adc2f1c729bdcd3138061e1efa8326dc43db28d,24891
K243790,193305f2b9c0dd3f2ccc18c94db0592e308b81be5dd10fd848474ee563faccff,15512
K243798,ea3263196de2ed2c060cbedb3411bd78f7e2b34a0e963055a5ccb17706b59e23,13758
K243802,225986a879694dc698f25201e5ea903b2572a7a493e95ea97d1b21ed364e6d59,20838
K243809,ca37666b9aaa479e52ee8c25649faa31f4e4ae97c13b1adf4ca7529fa57db3b2,17398
K243816,d4720f0031d44d02ec5e1e28a4fdc2238671f536224ced3e8e161757dc135ddf,9278
K243817,9e181e9c4b0ea4e847859410c043c3902eb4700375a2e8dab2a8df53835e4709,22979
K243826,4b487300aa18c759bc0ad5a516eb4b201f55310c51405f3f414977e929104b94,16018
K243835,599e8af1c66b482cf9a6745438f96db1accf7bc32c14a5590255d1a25985fa22,11143
K243838,e845b33b96d3aea0620ad5771ffec9c338e8e88fd90facebcf14f8fab9cd4a98,12106
K243839,f83fddf313ff9e88608a2ad0c14ec04c6d6d5d131c620d7b1ecfecb86ffae1a3,14698
K243888,ae45ad1ddc233f3b4228854323f301f84cf971a2a23cf061a1b51511a0e52194,16374
K243890,ef133c2aeb1ef56a6c45e39f62d34ca4ff225259e8ff2341735823d13cd343e6,13011
K243904,6bed5af724681a4506ef71d50ff9bc42c24a966c35d6b598ecabf2ecf38481ec,11854
K243905,0759464bd10cfe6058ff97222a1b72d1d5c117666bafbea699179c4f67ab0177,11873
K243907,62a3ee13aad2408db46f6ce21450f717a73ec967018c177c347b5d283165bdbd,6905
K243908,90dce3f3a8f70fa3a3e9fee3f7efa5a9584113b18ef5ac0138bad6ae1f13298c,12833
K243915,0ea795c392b0d364e9afb8125a3e796e201520d32c5e8c531e8d6a525c57af73,13736
K243916,e7afbae9918d489dab6e9ef45434498cf0d9ac9c580bfa1a3ab7a0e54ed9da92,16516
K243927,520e922c7217ecd8fa1b26aeab5394e839dc308f97d82cf12147d931752e770b,13794
K243934,1b7727d85bccbd18357768a45c8fb9a143af5d74c5013d456f50c2685f870e02,11388
K243943,f565272dfd736dce0f4e4ea7f55f3c389ee800c09de48f024b109b8efdeaa10a,17730
K243946,47627795d42bdca13dc4e94f1f74102963badc5066cbecdc147cb2d377e0b7ee,11714
K243949,88f42310e5cb2d9ec6db54fbe36f8d7eb149f54f32df1bcf52be215e7ba71cff,13896
K243963,9b011160814ac33a1d3c50fcc93af43e9fc7f2ebb7b6a73135c5c11341e9f173,11427
K243973,ab0b064937027c869d3964795456dc52f8292f522a481f50fa5f2ce17bf33bda,15279
K243977,b5c04cd20884b975fded5da7ebd53860f5fbcfc0811286fc878ed5ef668ff74d,10450
K243987,9e172010e4224d3d4f31b74022f971c595ac5e626cf725150bed53303077cb44,9854
K243988,a6190f511e001e3dcfd5b9122820e95b64e40d381e0e23f5db372f95fdabd0b6,12264
K243991,39dc01a4b6ea60da94775132e0efa6bc2deac9b7f4d4d0386a24118185ba72dd,12674
K243995,96e481f30a3a2a0ee62194f7e32740cf33e252f30aa1972bc200f2d443b11b96,13946
K243999,ab486c02715c1f3e53aeb6e084042f2677813eebd081394f76e6396a50e34f90,14228
K244015,6ae5492dbd6a86cf67d5a31cff4bbcee8f67338ff4e2e298c8fc02aa042f9c2a,12606
K244025,b61abc014e82fea95be0bdf310eb2be4a55191740b7310aa83cccfa2c6378b66,14938
K244039,abd0812d18e32cde201aadbd5ec667515facc977d4e8f11084b63eed89f251db,15382
K250001,d2e39db06a7ed1a60cb6d9eff4582dd6f88cdca6c79c7797fd712a115fd5f5e5,6819
K250037,980833b123989215180c6b55ac1c1d9fd72d255f65ce7c711a578a839102b650,11184
K250055,c11fe374bc8f0a6469fab0cb5ebb7980bd614131fe665845faf0c168648e7b2e,6899
K250072,e3f2bf2d68f8a5e55fae041cfc45bec3e10f4e3e23028a1d4cce5748fc295c7c,14008
K250076,92e395a6e0c623663ad11a38d0651913f2bd9dc5f6e820c5afc169066d9447c0,8924
K250092,6cb13558eabb873aee4254c7b36177c76965dd2a41458b92deda2a3fa2ea8f82,8946
K250095,fff6100e31025a5c217edf0b3ba0dad225938eb24370ccc2d439fafe0abac269,13111
K250112,4b9e746993e83c8b5cca94e1e0d190950c3330953d5f09a729f8371b515b0899,16672
K250141,d5169e894f3c30503dec70775c02e91302c2f28d83783ec39b54adff58eac430,16422
K250155,1dda0cef940d6ce48ca6179fbd38a3d11c17fefd32c291b303c86fdf85513e08,12496
K250163,0ecad31e573bd5c09b2254bb6a0b52a4d0d95394eca280c49aa1f813725b0930,14015
K250186,dffe154752c2304b1de4eb11224b1a14a57c6539614a6e0aa139d8fc1f055d7c,14639
K250197,d2d99b92124fafd23afad52dd25d7c10318f8351d397d0176ac239d728b231be,11030
K250238,cd2c9197e36e8199a26cdfdca06fec8dc4dfd4aa10baf5898bcb601b0a351886,14030
K250247,de15afcbb12b1c4d9e0ec9376581b96ceae943dc4acec5c858cf5a05ecb614a6,9534
K250251,9099ee17baeccd2160c5890c0dd7d9965dfaebb05647c30caca275d29654dcb6,6655
K250304,5c5770072f649c91fed5c76574acfca0675b5dfa2570614632f6e3e8a96dee0d,11806
K250315,9d77b2260a2728ea3d9c4f4c3940a380ea429966a66ea16911638c196c30b888,10894
K250316,acc70a4a3105bff85c41f445959d4bc136837f57694fff0ff70a1ad50d94fc5c,11423
K250332,9eb585320797e913981dc8abcf3ae31fabf80b084d976b3c7895d5f0cd733753,15122
K250335,9d049904bcd581aeab5224f11ed2bc348b5f5be9608553f3d5ec0c196c87dc0d,17166
K250338,0bc730f0ff4e95729d41b106760548a020166bd4dbe15ad565d05feba56ea98e,16241
K250346,085fa06042e0d4371e260155cfaefded15d1ebb567985c8cc1ed88b245c8e8a9,10617
K250373,e9720cb3ac2f4e80735b36ef1d58f3837cff1322d1443ed080fd00a796722fbd,10479
K250375,a13e501c660f3badce6e98d700cadc51a89337bf113ff7464db0dfcd37a55834,14938
K250382,9a75b2431c0fe3566ef5217a89342a8a8073e1b320bb77ad1edfc293fafaed11,15461
K250403,73e173a268e13c733e205b6f8908755a548efe834838a7e56cffde2cea26e62f,9770
K250424,70e3ad8812bb692cea75387d841ace68d31b9607f93da6979f00c6584663a6c2,11594
K250444,23197e4a633ad910cff0dd1ab1f601226b8dcecfffa469a1e90f2b6ef791cbf3,8892
K250446,84d9b4a1f1790bbfbaed8d82bfb70168462139fe623005f9926994ca53ed42c9,6835
K250450,a7ead835e25386509f296c305ca81c0f05389fbd705d609969c22e7bf65da18f,27887
K250472,2210ee1d80e45710b722d08cc492771ab907e851515b5e589256699b19e32768,10989
K250486,87b2180b796ef89a75b44367f20cdf029b939d5556366893a1d191d302245052,11000
K250494,97dd7575d16cb87a4bc3eb9de78949b9c81357009029a3a33a2060acb0314e85,10528
K250498,9d33846915ac1836154ad6022cbbb4395f015a00f13103cfe2f25f52e6bcaaac,8490
K250521,7759d54d9df24a83eee88fa82ec581b8b2019c346a0165c0247731c28b8551d1,13861
K250526,262dd2590b3ace07cdc21ecc6d7a92c01e554b48333f0bf2477fcee6ae753614,12336
K250528,2bafae2c85d252229c617281a1dcd12d67fdc5231580f993574e6912b56be6ba,13855
K250536,1b85bcd6d4594f056792c5fa2f6498fac5cbcd1c433544cd70357cf81a96159f,10879
K250540,4d9e722b2827f8964b6a108780ae75443670f0b49337309665afb7c185d6dd3d,14854
K250544,4d4304986a628a9420e90a20fe60da566fd83c0d4cba3e9ff8b469d53dcef6d8,11800
K250556,bfbd5c9ffe6e3cd03d9ae613476497e69c4de53698b22094b537b681259d877e,12525
K250559,f5ecf2c8279c6132f285a825d2b17c5c2d10d07178313e96582cd44a1191af3f,11682
K250560,f6ee68c52db5ec060554cd4ad9d9bce659a9837968913f58cb5cb631ea1ee425,12636
K250571,92c6e3879b6d6e3ce773d49ae22a24f6f5a1984cc080a9e6b520c38b564e2d73,6735
K250582,84897a11bb5646c83a757541c995f7e3c46b51a29baebfc2decd153a3973479e,8916
K250596,a1bf3879010a49dab6cced2084b59966a4c1267d5b3a8744026e0564b0f35054,11460
K250602,f30a80895173bacbeb09a2668aaa5b8299f0d6948472e12fe5de18abbba76924,17202
K250603,fd0d64e7322af457f5e1c783884d718e15f64d833770bded6bec31908ecfaf91,9448
K250605,4681709c1acb0b5b895702824a502862aad3603517352b384f558ba613ead206,9264
K250613,098ed4321d311032380dba8b6a73508272c42fc68a61f3f3c3c359b663faee9d,10682
K250620,8b9996dd46b643d30ece684ad37abae1c1193233991675f9d9b8b3884c0d74fe,11263
K250622,0978d5a4b0aeeeebaa90f8f5e231caae10c8d7083ebdee61c8b15e7b1d01d4ad,14651
K250623,430699af66e738236ed5bdadd3c4c8cf6af592cffce8f5bb63f075b6579d7a7e,13663
K250628,77b5f2b3df936c734929650f603c71c70d9f3d946dcf067f528b2347b33d7ec9,11377
K250637,58127c2e54eb6373d23472ef51d2aa95b486564e14b9c3b4fe15ba604c56fcac,22947
K250641,3e261fda11d9e7d5aa6e8cc7f59a9ab4d73f53c95cab88a9da587cd0c20bd88d,10640
K250644,be51b547f96c71eb2b3f4fec2a4cdfcdf5b8ceef609c0027066dc90ce4f05292,29919
K250646,8bdb66073e530cac4d407cf86dda9df90c9b8dbf8db2dc490bb6a0daa13addc1,11955
K250647,d16d6b7961cacc1816b8892cd861b9eab66cff9408f26b37a91527fc761ec7bc,10624
K250667,b1661c5b874778f7dd8011f44f69e49cc68f2bd539c1268fea3e02070a090713,20182
K250669,e58e658122ac13b40ee3da3002e9ab162f2a7e1d0f5432de6712a0a4cb9cf64b,14275
K250677,d181969e6ed2535c01c0299967227be3619411ad9a497bfdb9cbdd303b8f4686,12476
K250712,c6dfb5727a0e5b6cccf0182c62c0b9cc3bdf5db537b2b3e2fb4a0e8feca97f38,11797
K250713,479962b9bdd5065a170e9ba13e4292338f2aa8d44fd2d067e24089e754e85b06,10241
K250760,08ce9819845d5f0e77f1f207ab1eb94985bb674d3c239dc47bc734cf9fbfd417,8462
K250764,fdb2246b265420008d99e01581233350980fa84aa8f70d67b6745bdc1e883e17,10984
K250769,1909df5e104c9122be1b3f8733a4a757b7785a1955b616c926c6f117983072b9,12621
K250773,0abc09f9ffb3c700e0753de1288aa62e4929f7728a8b49a3f1baec3638333295,8305
K250827,95bc09c9bcf24114c9293f69d2fd94e862b330321d633d5e09adf5daadcf0cc0,36000
K250834,0f1e13b1cd87cf771ac3fcde0a8f847044ccb2b1840840e1c86f85c488a5f5db,11996
K250844,7e1e100c1f9ec47f94359bce89d6d31337157738732b04fbab4a48c2aa972eef,6926
K250845,b707c56d98a324b91b4c1fd8edfa7606862954be82bcf4e3bcfcfe2d08b62e23,17255
K250848,32823c0f88cd8aa430dc1a9268ef25f0579bf667f138875e6d9cbf2cb3e1f027,17824
K250865,86f8a3629f392ddc36864fb7a93ce91c0dd2de36684501a9948506621bb0c8f2,15951
K250866,28298181f5fb5ff0a9ce37188c728ee078dff8b1ed88bb235a7384c04a725ab5,9529
K250867,6a9b40ca694d9afa5cc2230a781a89507a4af66f41287c5b795bd54ef45d3337,16818
K250889,92c41eafc17f9c8f3bd167f527798e9238bee929003df811aa2ac57be02b9cdb,11830
K250892,12eb47442ed4fadc53bedd6b66dfb7a933e2e925d9808957d69cf2d0c2d25287,8537
K250894,3a30ef5eb19002037fd4d021415452d93a4f857da8e365fbaeb0e9af0d7a6df8,11343
K250908,6d41beb31ea8c8ff2434cfb46b9693ac24ba5d39dbf9917fac77ea864adcb44d,15935
K250923,2ef0d3085e7e2f350bcbb90e6cb26aa03fd12c5f8f6db72cbd6515e74e8045bc,12393
K250929,6f328144f6aca24520a6ebba61328a5a5f81a7f39c14d0ac33dea4ad97b7b94f,7121
K250933,80368fc92f75f43fdfd9e46b66f2dd02278e5c2a4ab4e6bd37aad693f0b6a55c,14211
K250935,8e8141d49fd2487bd2720c3bc1633904a745b817fd277414bc2ebd6be5a9601f,6776
K250948,6ff4ca159c29e288492dd20f77e68c6ff09fa5c26548f1f2713839018e5270a4,8387
K250952,d9b70aaae6c437b7c489222d41f244c2d2f3034d51ab57ba8401f9ae0f040c86,17397
K250980,d09d7d9a75f3b4927ae21bf9cf1f5599d784b16dc4e2ae01a697c247ed5ffa1e,14753
K250987,446a014e94f46f6bf8b405a839e8790e2ae77bb16a0fc93e9687b012c18b65b5,14182
K250988,dfb5ffa9e6e6834d121c7cf249391b6d62656de6180739b311ce136db2e2c69a,11900
K250989,8f67bcb823d847bec2f7b7be6beb18bc9bdd7ae66f53a3e17950e1adb1acaa94,38813
K251003,8da9f52d5600e06467ba9fc81220f27290a98fdfbca273dd7992b5dea471ff83,14184
K251016,2940911c60791e8b23c763e83cd122b26abb4a4ce98ed4672fcefd4b9ef7ed48,13981
K251043,a1e8a1de1cc59df680118dd7ff1b2a14a44fa8c7b576b38a1fb01e13eace9a66,15300
K251050,84f828bef4cb56264bfed3e820aaae42c2c7ee070718d5d7c16bf6c9f2421996,12826
K251052,ec1702d430a92a6241eeacd2d08842b365c6b6f5d586c39f10ad407629ec9ef9,14351
K251075,25fd6b54021395296505465726ee413e9c7c03ebfa397cd8461369e7806bd1e4,12184
K251080,d5e67b122da258fa5f35741fd83a3dbd33e34522d25ad79c84386fe3b938e95f,13993
K251098,8f61e131edb58d78a94d3a5f29515423f8996a6829dd9d036b70b9c463b014b8,9796
K251117,38195f8ef2f2825af0b78868e1706d5743ac4154cd0a4215eee2de9319132d3e,12216
K251128,e9e6704ad2c1b16d999ab5c46d036bcacf17f43371801024a78eb83e1132ae7e,12073
K251131,fc870367b265f64320cf81d2ecab5934faed247e42a70c4a437dbd79284154e3,8979
K251132,48ce0c4fa0810443ec717a6ac21745997d17eca6c7deb108a6eceb34106d0422,7812
K251134,574e9d1da107d815850e78745322b4d89ff3ed6bbe5fa5326e84e3c0a4aa6825,6880
K251135,0da309df55a1c103c53db3aa1510a95a2029cf6bdd616b06ee7f1b58a382d82c,13964
K251145,a3eb73f008b2522513cded20d3e5c91e354434561d837191fd5103a16f842826,20313
K251154,9a7fabaee47e96cdd53fa862429380a9897000473773518ba6c23323aeff5b98,14757
K251161,3f55a1fe7b30ec76378720d552ac749a0df68fbe1fb76844f07bb23449617cfc,13862
K251166,85b1d63a13f58046bfdfbf69e930649af7df62624bb07f004a89077e3fe6febf,15290
K251184,4ca13c47bf844ff69cc01d193a3d0c5f8422251279662f4496f2955c0e1a09e7,36966
K251193,2a45eb415d96b705db13548952c9ce607603788c0ecfb9ec433d8c0842cb3a47,12688
K251214,e45356306bbcefd6bf7f55cf0fa36f4f3b75746bd41474590caee51b9523f437,21747
K251241,ed22b405b5bd5e3c552f0c460fee9c65911eb9cd7ea437928fd9f5dcd0904122,14080
K251251,6d85784664184785b2d088a9e920e253b0394e50b9a6482f8c1fc5ef6cdba51c,12444
K251270,a0c78448b12608ee143f5bbd518851b518d28dfb18a215a1c89424c852822cab,14021
K251292,41e059c0c75d9d910e2c2f4c28b4e518f5d06fed51845e5f423625cb77765af4,10626
K251296,f77b61cc3f835629cb1c1d2aca31322dc68e14122197cc1563119232a7f6705b,9008
K251302,e657a6b4baa677996d6d665597437813f2f304daa45e65453c6ba9da87aa1fce,13264
K251309,bfd155d3ad7b2b51f68c8b11fd74d72d9f5a6de0f47a6fe1ba7bf5a5aa67553f,12649
K251310,6eb8d8f9032c8df749ae435668efc6a2ac5c06169c94b921ac10aa88348f4734,12495
K251335,3903086593c7876a146433f8fe482471b7acf7d8ee5acb9143ecef72d86e57af,17385
K251361,26801e2accc0819bca0a4009929aa4c98dcb04bbbd06b86d50677ad769fa23ae,7723
K251362,cc9d46a5c5b9f8e264b0f9e05ab69d2c19b26111dd2c5fcd49ee94dec18a43b3,15597
K251365,374dcefd9b4c2b536070e20668247dd17f6be6d058bb15f29b39c55637fb845c,11146
K251382,e4bfd2596bc9a1f39af0934812fc09fa49e2fb890bdd64646f917829449f7846,11163
K251395,8b410445f7f7a3211635352bddab687c74b9ab8bb30b7c60bee23909f437af40,9508
K251400,b6b05035e969dddc3c04854b6050d49a37ac6bf81295853f5144136bbcd7b815,12858
K251431,00f73da3c859a8d003a50313ca88f818b180806ba1e546426b4195c51eeb423c,14341
K251436,36a720bd4edd428be500d8090a6d8cecf6bb88fd31511379311cf7c5e608ed6c,7879
K251444,d7e9ef2919984edc70134a721cca93c7610d7609b93f123f82908b9afc64cc36,24266
K251453,7972d823b01fd15ac2b2fbb14020f28eb901bb4a4c55a01bc48d33bb6b1e27e4,14547
K251459,4b7e49bf549ab6daf1839e7eb9a58459c860900535006386f4a69254006fb18e,13861
K251479,c8a611a49264b2b515165a37df20cf2299b7e1bc4d84d287bf8d4ac820f1ad78,14722
K251502,ac088569b7bd04fbe22e9d320548bb4fe0165ab7693787aab846271b1ac0dabc,15017
K251522,bfa9b638812b894fb35702ea4257cd38470d5ed73235aa1bef7cb472f657fe73,22817
K251525,1a5490c8f8803faaba4930661932e75b922578cdaaf2b0845acc45079fd7020d,11777
K251530,5590036ff00d1db9b98c7ab4b5e0af92faf95678ad7035456d8d7f5a9a614136,16754
K251554,d55da1c1fc71d57cc7e8896b6b968bfc9c8ba95eb69485c2ffdf5ccf9a154820,18655
K251555,fadfcfc6d087de4dcf754f4cf6680847a2d55c68a9d7e34d9a06a5736914d15d,8768
K251556,8bde0116cf98abcadf6d6ad7d2ac4d865831cf0ab29b6db0c3847452f8a8f19d,13978
K251575,94e044bb73d8c875b33f9dd6fc8b9636b2420160f85f6df02f7b2c8ad144d890,17020
K251617,8c4ed1c26fc42abe1015de05155ad20d20e6cc1f86ef1b48eaca53e34e1d778b,13484
K251618,84dd90ce62e1ec407255b83561968c9512718af68ceeb5daa0fd0664816e3b61,15854
K251620,461678cae917bc3e8cd58c9d5692861d211b0fd62bec0ba264ff2804bbe001d2,6876
K251627,428a5127d35ce01a153b1575c8ddc3225b553934ea5c4a207ff2432d92e5d472,21578
K251643,0e3bed1740e75f60e4d3172f67975275d180d7bd19d380db38168ed45330c408,11793
K251644,1a953c16c9b61edffae0ad56b6d73f76b567665db499f20c3978f2ad95b01858,16254
K251665,27dcc6a90da9399f2ad169d1e4396d6256852e0eea0af2be201a6e3882c37282,17831
K251680,a31aab8933be2d9442620f6663d45c7859f4bf1131eeee7a68c70285a05bdb79,11955
K251686,b5ab66244b3cd582c01dcdeabc9de21ee7a292606a05ae3718c93598173fefcc,9844
K251717,96b1e4000f34170744a6a601146378decaeccd813fcf929852929eeb1e85f68f,14312
K251718,c87af47199cf2c57521e4d4490ff9b8c18a985f8e10e64f62c241992c24ff439,12979
K251719,3aa5944757cf8937c6187cf2c597a1b03d4076ab1265b97d1953044feac02fb7,13996
K251725,a00bfa5a6aea8dfb3c1326b0c11613d2e64b9fd68bddbec70fa66a3b79044791,14181
K251732,ac02e3315ddf606eaeef646e88a6e538f51a490e2520dae108d37b692484fd88,12344
K251735,35cad04a8ce08e3f5d9db98d02923ad357b150c74206b0211cc87f0f6ff4d81b,16641
K251741,6a0b061039bf59b2d5cba86f17c4fac58bd24aa125b8efe61d29ba2715e32348,14391
K251750,3f89d5ad71119da790bfadde9fd650190c7ca4c1584880445e35463e4b999fd5,14477
K251771,5ebc89feb617cd03f22cdf9059ec9d010d385759ca9826ad2a7cfc07967bcb03,14638
K251776,42465056a6da359dd14d1e5bc8e062dcc4ab2b7113c40c769ae44885be5f122e,13834
K251791,d0f3ef424451dcf00906c0f7d16183e80a0eb20d7eaee7b4683938488c6522ab,17809
K251804,58b89c910253d6559aa2384c02a8215c43e58ef09f683dd6c93e0f5896496378,16980
K251809,c773d49729221b8f7c3a93d80e788c4ce01949f2dcc51399f932801e8faf6857,13263
K251829,021f447fc655cdb199df119fbe47ac1e1fdf61491632426ed247e56847736c1c,20227
K251833,062b06edbcbec38837c17bdd1a7d6a8c77c024686476d15cbfd091ec8d080c94,12430
K251834,a76cbd8d10fee12647d69ca473c2e2ddcc883a794ef4df1f43ec1c682eb3b1e5,12699
K251840,06051444293d910790211960cb742ae2a6872589b8c19f88450fbdf1b2b92b8b,14691
K251850,39e5dce5895dfea2c4258ba236e052d8d348cb09ed7f003e5900dd8317aed354,10953
K251862,453ab3b803d37f27953de2abfcb2ae19a72d9967b6b3da29453e2d4ce89d98f9,14486
K251892,abbbd8f2f75671d3208ac9908a1de74dc9b6ad6876fb312bf186e8782747b114,16881
K251896,dd8c7c2977d671d33cb6a48ff8777fa001f6eb762dd5396788aef0a08db4160c,12833
K251906,94f5a027f49c5ca6b123a208fbe986bf01a86f63540fc0b648db78e7f0687af4,13157
K251913,8968dcd6cb00be0e2654d158ed6582a8f89a23230651a6c4ed0862043c83b84c,12179
K251933,fe3d9fa9df039b50a2fe54dae755d117ff14a716b5838b6f7702c3fe65ac5141,11665
K251940,f574c7b230705433b814329060c636bcbc13024780c2b9b59e0bc7a9bb08a2c7,8080
K251945,6e2b0d7d70f298782f20ee53be10550ef648e6fdf289146ebbf9746c58a3cd8f,8737
K251961,63ebdc68a00298f244915b98435111fa3ec9c81dc7ccf321461182cdaab56291,15120
K251965,2b1499c7dfd4ab53c5ce7cf61edc76a55efccf6c5d1112e7ddc56283c9e778cb,13476
K251975,11416807026e238136b4eeb366a4864cc5fc85de589b507e66166bf64d15b0a0,17739
K252016,e515b558f9a3c30719d904d3a30474daeb98fec561377f404ece473a4cea7327,11698
K252019,2ff969f98c6fcb7f69bccde48bb92e5b68771056c90790c1e36958f1ce6840bc,11322
K252022,5c36a5e8fc0d6c9ad1c2584cdf56937ca8d0925cd95deb7be57a9a881453a97c,16113
K252025,77dcab2c098117914bee8674bbccdfd83d1496ca07dd4f558823fee141604939,10160
K252044,1462fc8a79a8a0755833fb1a573085b6c51a7ef7070a3538d6bc5479eb93c7d9,13123
K252061,7dd76f07222a046077efcc428a58b850963dc405c044d3ff8af930c89b2c413f,11788
K252067,24ea26bb437b3b461593430742ee9fe3b347879d68f91e0d05537a382dbe3455,13754
K252081,b6ddec742be401b71a36ef855e0c42b8cca8c57d86573320e50349cba49fee9c,12240
K252085,dd237a8017789c7c1db2b830ab010af6117257b7e20be7e433914ea8b2d4b38b,11001
K252106,668160151e17cef1b4bab2a62f92e6da970e9c869b298e18d6ff63297d558f67,12168
K252113,c729c2c538226e128cd4843de885214d743ef77352e2588a99a93cd7402c6be0,13725
K252129,729126c20c79e41f3a056574d51f2e39ba92824abe01da912848721e97fdad7e,15902
K252141,9923d53a4c78e4aa35942d340b1b4b287169258bb8d89ceaf96d08acf3de1d58,11542
K252144,0e28ac8fd97d6fb29c102e176a7ea5e2d1ca3e87cbd9db0f74bdc7fac8be1ddb,12678
K252166,c328fb692d140b15271907bcf4b707a5521dad6242d091a39ea7993155ac2244,10522
K252191,133e0402f32a9659ce82cd7bf3274a96b7a838041a3daff26aabb368a5134753,15415
K252196,ac9bf34659902542571e03b6fd64e3ab7785dded3a42c25eefd7f7e906c180e9,19407
K252205,4987235941596c695a60a1f3bcbbd82ef9245e94a01cf501597696382793f782,21467
K252219,baccb28d4520b1230d68fb73a9e47b400aa47a9f251c52c4bbcc4669a5ce9c05,8926
K252221,3c076d875c762cacb4edd31d54ee0b4a32187efc2fe91eee2c10631e58a5856e,17569
K252240,31eb319a01a5b715effe0d8ac6cae3d178074f555a28908f556a15bccbbc78b8,17456
K252254,01096d25b96f5d1ee764aa55f3979d518f77fbd233f9068493d57253116e5102,12118
K252303,4b64242b13c30f8c2479db78727c66a205f80274b32baee9caae1f01f8d64644,14676
K252312,776c2bda6178207210b95b79bea38d3eecd51db8da2db410fbd222767fb72144,10462
K252314,1b59b3243155fb24adc411a4863de22ea2442c6606379330935bc59efd34b284,15050
K252322,6f5bc138641ede4c9822f1f36d85e467c40d36f9a832e286c8bab0c7e614bee4,9968
K252326,912038f3742a984e48845e99c551bb984ff905b476b42b02bb0cc78f8a075a45,10122
K252327,3d63ff53e17518eb0e0de32702dc37fbe7ec369b16f8f66611823d4411daaf25,17638
K252346,9c1f943fc3f840c2d7bee7944afbc688a97767a2b8a6a89d1b0736f1d5be21a9,18999
K252351,3ba42e64d9331e856044aff777161159668ef56d70c6b09213d8743fd0f437b7,13968
K252352,2b8e16b9542f60df1adc615f7be51893872c55284ee219c8966aa92b4026e023,35769
K252356,c7566effc42a01cd49bf7b05888bd8150f2d3161f273d64855f16737fdc763b0,13718
K252401,8e5aa754698d6874150d14673e4d3f9c1a20dd38f5c02e068cdd2216c4f7e756,11734
K252404,e5f5265d84a71612d64966719c3e9417ee0afa6627adf6926003b14268e8c487,13820
K252411,632d2ba3262849a14c90ff933adb970b003d4937b99c1a2d34f941f80cdf5350,12002
K252416,fd76e2ae76284dc15b5901abffba06723f8ba1948f1a2edd5b14f252e6eefe51,15840
K252418,0f6c15fcf775c8b887b0101f177f88d9d7c1abea4628fced345993ae9b009717,15048
K252432,8cc23df2ad6ddf4c4f07e33a226103025c1999958f618cf7da49538d2ea68c0a,11621
K252437,abe15f8277290518b8ef443a11966448c674fb00f5fe40db417a8573b36acfc8,11838
K252443,0f5c19fcb907c793fcc1e86bab287225652167bb29e37c8e7fc33852f1d77a0c,11563
K252451,d3dd89d346e7d43413b123b6f802e31d6d62c04649abe2cac9bf4ee2b58dd318,12705
K252454,68fc7afcfddf68084544f054e84175645b1392474c8b8d624914db02bad9098b,14197
K252461,fa7c50bebce51bc167c088e61dc58018d52a7077180e2d898c3f11e9a389ea15,15151
K252516,8c2e90c13e57297b7887639aac3feef65785bbe3da1a89e5fc886663e8299b63,14089
K252542,14625042e7ffb9a6e11794e962b1a4d91e306c0002b904579ad36a33c6147c94,12045
K252555,002cff0bb1705ed909a4e5a8ff6721410188ebd75c6e27f17bfbce9cf112046d,21872
K252567,7046bf95393eaf72a36bd2d2f55b2683986501807967435c79a67f5ea85739f0,11846
K252596,4c93dfb120b81c84b5f41222472455afbca2ae11f3f52dbace5c02586c42547c,13426
K252600,234c59690554bccbdcadc52f906250534d63d2db013f4b4cbb019af32e2af4d9,14187
K252610,552a268eaa2d94966f4fa1dbcfdef2aeb80cadb92d6e1e53309fd1bda75a5eaa,12560
K252611,a0c203e93d3d720fc1acfe9fba6d36d98a16eb2ac37a0ac458dda69dff15b100,11172
K252623,9df7f5d62c1d90794216062cac1001d3e4941d21efd6e1003c1c3f2ff8e506c2,13893
K252625,cc2f164e51b52e0c286616a2cf63716f25decd8f0f826d5e4c4134c1d9922936,11488
K252635,35efdc3c50799025600811586f4ee26acdca21ed9028b0e3cc62df0a80578309,10623
K252657,83117c30b82525201bf98af5cc53a5d61e22d1add9190806900bf863cbcdeea0,11822
K252661,e94660a91b3aee73af7b9cb03b7f59e4918ebbddfa96907f5d42544c8e1a1a67,13979
K252664,21e00409dcc70fe69cd97a7a0c6984beead8e5ecce1c8101b8aa6e72769d47da,14142
K252686,544bcb218546ae35f92f09b60920b819e845155594d83c30e83746a1d85878c9,16385
K252699,6ef6a92f748e1f4630ea54e82fbe56de3b363d13e63ab89b8d0d7eea6d867e83,11505
K252711,a73637a004bb7914cb279c18ccef431872d32c9163fbf29337c09b5a54c8cd37,12666
K252725,75c685f999cb55ed8cb449cd7142ad93f1a37ba44a09bde95737108125ef3d6e,14925
K252729,eabacd8c6a5e3da1ef2a4ec0f5b81fb7e1cdd079a501c17612d2313e96939d12,14414
K252730,4ff1704fd48b6097af5916c600c4424f39a539b97dc745df26288be2101fae1a,9500
K252733,2ce30d44837e1212a0233d50eec5e93e48eab56a4173dcbeb027c94a6ef798d0,13368
K252737,f68c8f09788f98176011df32abf5ea40fe1581d5afee2b575fdd2051ea2f904d,12590
K252758,801065d46dbd9569db47b3540f8ebbe0f07bcc2f30c003953814de849410ff6f,8564
K252774,84ef18080b75cb214643f7d2fc870bb8c443cf0ec02ef72b2b5b867a7ce7a5fd,15087
K252776,00a5a748abb9ab4e115032b7e2b64ea7d6f905f5acb67f125481fb7027db2bd1,14128
K252777,7ab7c2f110e53f633cfe3f2f3a17271aca78aff59a645d0d91bb10b099ef7762,16896
K252781,4fe7383a163cc2cb331b418687d4f45a11b29d0214d263d6876bfcc217b82dd8,12436
K252788,04675124af1d5dc4b062f4d801571faed418374c029d2a7455b95478d22882f3,11705
K252797,f07f5ddb3e438604dfe8c9b9c78bd37085206b1acf2ac286f8f49811c167c589,17597
K252807,989acba56a0123d38a4ffd19975b0a004cf01716731539db0b98da57c418c774,15456
K252822,720f24bd7abf13d71e8786fe5dd5b87fa401b2df9e7e42577d78a82cd616d681,9779
K252824,d27fb6859aff01dc2df8734ae1186d2d4202b635141f6a559c778887d0076a67,18645
K252826,d7da4af01190996287cf85ec9c8f30ed97e24990099c30269beeff57d1ee6d90,12123
K252834,f24e46b1fdb7d1b646f1c5d7274836aa853ea605b692714a9c4d450301419e2e,12096
K252846,cd782c56cdcbdba8458b21a77ed044366dcf154eb98e1a20c8f67ec586251870,15759
K252885,e92d3ac34c04be67887f41703760e5a348e6e32e83c2b54a392d5d1835eb6953,16786
K252887,e299990417dc51fccd06fe79b7101341a76ac7028fe2969b8c7ee74c38150c84,17415
K252894,9944d7296f3a499bdd4adf7cfb52c8fa880b63705771ec921a2f1b8a82c3fc2a,12140
K252897,d421b538d84021bfc63dc7140a70d361c81af479e3e78962cad1d12f493cc6c4,17279
K252898,9ab999ab2e9c8c01ddf65961a3683df2e146cdd466323e2dee3a8ee59a6a43bd,19997
K252901,93ab51129d0f6b0d0a09c904fdc89eca1732d39516f5bb8d54b17a9212c944c5,11042
K252920,dc330b559ec4bde3347638408df5a4947ee6774c9e32047af63aba148c0ce677,15622
K252930,0bcc84d674309ba181e56f0529f014bd676b1b9573215775288b8416e0d8adde,11228
K252946,bbeda11f18dc487b396da4067d14b006b20767881a0faf1b189bc87eb1398c1f,28311
K252949,ad11394fd9392d466986690bea72bd39bb9a2a7a7b9bd436bad1e26ee15b6188,12976
K252959,87f0d8836ed82679ab5939d10451d03d34b5d79166ae3fecd814e7dcc6643efd,12371
K252961,0059fe4d1792f7b3341e229fa427daacdafdaa03749fba14732a689345ea929c,10691
K252974,2fb0a77b0ff266cdf456af68d202005e9249725741850f8d9b1ad25413e514e1,16875
K252982,462ad3093faf0e65ef91971b787030948f6966e1ac7c54b3520c94b3f699e810,11861
K252997,048da883c5855da669dd147922f52207aa37bbcec4560a857e023a7894894289,11585
K253010,8f8f18b32d4ae78138dae4ad8ebb3b12de3144a79ef9ff2bc5bb395c255ede10,14154
K253011,21f412bdcbee3cb72847d0f6b4402e80fbda52549f02734c3f02a84f4bc2dba9,10186
K253027,80b449b195e30dff13aaf77586872e9c81d9e0c57c77610461847b85a725cc3c,20176
K253040,dc86cc28ab9dd44a513a729b6b060d3327dab61ec3f7f961e521ff8880175915,13510
K253041,81b278a4bf74e75bd4a610ccfd97d4cc01e829898f8bda7fbd8442c50ab16052,6848
K253042,5ca21aa298725ff25fc2942f523c2fda36c2a0c50470ae8d07590888401b34c6,7659
K253045,04fa0de22e7e0ba2f8945f65570ba2d48d0edab282f2b3cd9290fa261192d934,14739
K253046,66fdd86ec46743b7c5241f66eaa0d2129665008466803bf1d1149f949a06c8ea,12759
K253066,09ead96c68f36d71648d58b0a31d0aa958bc24094fcadcd5d34bd0908541f338,15587
K253080,adfce62415a50c05ab9fd3cd3401dc6352e823b407dfd826dee4ab1f76001336,6979
K253093,708d02462df1ab2ef216f1613a7750f34228233ec74963b1ffa8635c4227c2a1,17649
K253094,88f76793bd4d775dd14e9b598064e76251ba7ffc0e1a0a1b128def67ae2ab371,14680
K253108,4cb953b6d1bd51a8d32d2cb69f68930ef3c13575eee5b1b48695c9956bdab13b,11766
K253115,f90fe2ae5de2fc453813c75bd49ef82e26ffde1035acbddd0970b6cbb203181d,20363
K253129,37e69f8c28427f9ac78efc227a103a7fabe9aa5caa57a2ce587f3ec309239ca7,13739
K253130,466763aa90c673a19989389394790bbf55654adefb08c91903e94e97f7c32b59,12968
K253144,586728d1d8b5178c97ddb19f37e0f64eecb0a549cf4609801c1d194f534fa80a,19351
K253147,f0c795c63853cf8711dd669e3858ecfe1e1874139f524261825575b42c6f6523,16016
K253151,67c0b0149e893898cded0fca56948d0e972304356cd6819b13cecfe244be3735,17154
K253155,c2fe1615f8e8b471434cd47ff6de83cf11a8bd81fd47a22d4bb752ad3a09c172,19794
K253158,16e320a790af85039bf0cb4a30dbae16f771c744a38f79476248c63f0b1f1d48,13798
K253159,8e7523a6616462111d0f0abf88fe1f2e3cfffc1b16f5e3172c0cb90bbc94b34d,13950
K253161,3568d742c6e731629ab9ed5700a5eee543f6ced3814fc21ca6f01d608217832f,16026
K253169,34a8f9ada504e418bb24773454695371e3bc075ed9a008742d9603c8fa5f7d27,12275
K253171,7fb6603c0d2cdab65faac5a28bcef5dec22e6d2f954aeacda5c1435c6023b6f5,11760
K253178,6e5206ea3f126e096880f892e024a5da7abf16d06236dfb1018a8916bc9a67a3,12003
K253189,2e920926728a951a8e30f150528aa15d7c61b8fe6a04b912028300e729c54159,14156
K253195,b00160137ab14fbca068314795f9d7c9e8fad81cb119ca40bf72af5ff34c1038,12821
K253197,ad9876dd15986f90d89933b964d09e38987f2686f47794c40c3b4a0339f7c27c,21599
K253200,0e0de6c53f43efde7099568a46f0b175609bd3c45b466ede6683e2ac6abe2f95,13343
K253201,5255af3bd3d3ec2a9ed5964ca0ff35623e70bae28c2581df935f21bfc0bb25a6,11642
K253202,a763f441554b22ab4db0a9f64ec49ad5152d4be497bfecae4e2809117f43c5b4,13159
K253213,ee4bc0d969e85b0c5962c71948860e200a6f25444ba3b066ac19f20251814546,14419
K253239,f01ce174d95c28e52035f67de60cb6bac61060ff3d9b77ae6d391fec22f40157,14381
K253249,ae651e40d37d29338e6aa6f4b46e875ee037dfb9ec6e918337ec22b942ced197,9545
K253250,ec607a4968f05fee5661c71c589cd3e2617be76cb243661ef421a142850ec6b8,8009
K253260,fd2ffa8b16455a6868ab8563069cc478f83469335caab32c043e86e67d77b9c9,18274
K253266,67cfd9a500a414f80c2691558a24b803e9e36f4de8e7cc09ed7c88302645d70a,8752
K253291,baf8e8c09be68f31facbd7e9ae08b57de6dbf1e6c4db5f72eee66686966737a6,13822
K253300,53ff50a9d0f6dd7a4c09224c3f8bb1bc5648993320a37428af0ed0312fea3f7d,12778
K253314,240b98e47526a5616ba17a6cd71c80bfb0144d6a7452fb9a5ed766cef538de26,25614
K253325,9b706906992386e8a9f49d1215ecf011b9d654d56655cc2402ede710f7913cd5,6908
K253326,27915ec35e3b935749cc68dbb7cbc463a6714b921d11c0cfe2ad857fc3a7b746,11039
K253328,2126b363c74535bff5e5cc33ea83521dcf5654daf47d59012c1be7de32927d2f,14718
K253331,e73c56558bf1fa656b7d32688633094a1968aafa9a76e11a65f75e3891958908,13003
K253335,d34313fb621645fb810aaeebee08b9d275d2b300c072085ad2c76c3a91ab5ed6,19931
K253345,910265506706483464d71c199f1670611bd948cd03cd2b0581789eeeb855fea9,14125
K253357,45f2ed8d4b8a4679ff4eb558fb9e9255182847e7f090e148b2035297419fd1fe,13319
K253377,a7f89a01dd7fd2b58a0ca0639a9ba14a14ade3fde5c10e160bc95bccfcae86a2,13502
K253401,8d2626e87e50acac014171159d1266acb04d008497232ac5aa510d3cddf3b576,14310
K253420,f865fc8ebd0ec86f70b0494d2c8e4db562a3f3809179cbe901afb8b3fa43c1bb,68738
K253423,4793ec15bc89e8c733ad6e63c05344448b30f30ae2bfef972fff863aef2da496,12776
K253434,aa27a64629fc6adcbe08ba84e42a2bf87efb21661b3c8fb9044c9b95f79c1186,11746
K253488,588c328d15aa8d84a79de43ab8e41175894eb5f70f4a47964f1d9310823e64a3,12018
K253517,5bc88031b85d9c4fbe4249f3c3ed59b873fd7fa4d06cf3a85420196917c81f6d,11531
K253524,e121c08b21af9ddc7a35346e428a64403899ca872854d0f3e9ab7236ead6361a,12877
K253538,54cb196043ae67237a52e6d09ea79e787fd50f3630e95138acd8439ff3d1127b,13042
K253545,44895b2f42d9b539a79f8b6d6ac7cde4b719db699db1321baf3c860cc8de3c8f,12976
K253559,4eff8f452b530bb7a1ee8077f655cfd69393fcab97b393c210647c1937be0926,14417
K253566,dbcc206a4e016ddf595f2e9de90d63fd38b6e491cc7c2801150132f5b03e1877,9650
K253577,686187d193f2098f597a49634dc8aeaea9adc7e4857a47ca4668f5ef9185598b,13836
K253583,6b80ca9023c521e715e10a1154b181cee9457f7a27c3ee649a0df04753834099,10619
K253591,687c5f249d2f1ddcc194d59ea1aca4a25a2c04b0e63024f4fd0de2136f33dd80,11900
K253592,1db68b43fb0ef325beec70e3e6280bedce3fef897ae9d7e0f9477ee0a0992fa9,8832
K253611,368bdbea19b727e345d65c841e9de6cf7c070c7107e0185274db581db88debf0,12091
K253613,2bd0479ec0e916115fed6acb5e605c4b50dc92b0ad69c10b8557107569668359,17485
K253615,d86e8f1a9d62abdc5e3258067764f627e6fbaa47ccf6928275d7bfebcd44c119,13574
K253618,d5db173b4a35eb068dcd43e73344f3ee99305e9e2d3f6ea901b5e11975c1e42d,16025
K253624,18ac231e76228d077cf0a1c8e952f0f917cf26df3f4d1fee78c4258646629fe5,18206
K253637,803a979993707f1f100ab653a7a82304ee98a7ee5810f5f659a6d20ea8926ea1,14671
K253640,1df04d0032e1c8388bd211f944602835bdd70f80b632f2fa7812bf2a1ebdb3e8,14167
K253660,5bf706bc3f73503301252cdba5c419e1ad1bb9db9ab1616d7de463cbaba402c1,12611
K253674,58dde6079a1a2d474af73aa336edd2854f320b67c895925b667ed6febd8f9505,8621
K253675,acb7cbaa1acc16037162a9046a8afbeebf0f27de7e037588b9aa01df2f68bdd0,14125
K253693,db01cca91efb0145a5c91c1a147d7a04e9cafb3ed5b6afa5a29d2a5c28bb5934,12190
K253695,942b67f703ab300dd4580b05a4e31c4e94a1ee85da901a53794d19ebdaf1d2f6,11530
K253713,067a1b0d9f7217470f79046ee4a856388ee510f898a3e64c3ce9fe47872c7831,15588
K253718,d5d590d147f9f57211f426472131b495255a932d2edfc33a80e0005327f1c04e,12741
K253721,e7c555c07cfb683405cbb7ab93ca58dab510abdf31cf6860732c726ba9c689ac,16968
K253727,3d98ab1bb03a200225cdc783320982f619f206ba88027481c3fa55d486dfa111,14001
K253739,6e2082ce12b636fd621bb0617e0205ee7985d393b038e86784c61077d0bd05b1,21785
K253748,155d4e4bca23516fb8699dfd5b4c905b842026fc1290076a338d17adf602015a,16284
K253749,c9cec1b0feba1c1c74be2e3a211304b3f8a3cafd2871dc67d193009382241f49,7860
K253763,899c4c40c7353404674c3c1b57e288d24c230323e691e6e843579c3089b827c7,16695
K253764,63b732244193f41e4de2d28a3f88e5fa4a5ff0a71026d7a1e3850bff5c706aed,12358
K253793,d3d13d267242a877b88d0b53330247ddb59435fea0b427f277c6335da2aaea2c,22374
K253802,1a0456fc8f5d3b307b84a2753dfad7d7d313f84925c9e3f9e31598061eff3356,14166
K253876,cafe304ed52c0a57746d75f7173d48835998d48976bb2c5285694294b9a4849a,12401
K253886,dbf9a0f6152ecb345a2762799ede7ef0c91393e9a9dd00207fea24678442cc9d,12425
K253894,3fd439c6f6c9d50d42c45be47b9ecf8abdb918152a21f421b5552b19b4460d25,6974
K253895,7ccac3a0a760f91e76b8e2c2b1bdac33a7759f154ca4b381b454395940a3b675,15232
K253906,39913cc82df5373bfc9a405404e3d8e3b16985c9f0e7d8c94eee343cbf5a27b4,11253
K253916,b7f8a13b8a3abc5d12c5d1020162c9dcbb6b260691f399a4819a35e383d1edce,10053
K253931,8ca80b9758a3ec81818b08f5cbd4664f0f950f184b2367cab5abc526b036af6b,25749
K253940,a54a270ffc6593776a6b77464760ec4de9c7a174ac5283b6820ee432a256bf36,13034
K253941,176c005b179a8c0400182bf4819abd051baabcacc44551672f3aef5ff994f3c3,17622
K253943,8af6a270b160a251199108d4252eb48308580d3b45d7a8c3e1b8c02d4b79e090,11992
K253966,265c1678eb256386bfd98343a3fba160c0cb9490949bb1c2ed946549d15e818f,6775
K253990,b8163738725c3269c44750a1f352337aab672c35e35ac5a26feebd03dda3902d,17474
K253991,51aa5273296b4e7213559e7329bc0903b7c9fea219a51081c8d450fe0ba9b7e2,16216
K253992,67cdee5d06b4b85f1dc837264f8525c698ae50cff9c576749ca61222eac78e25,14278
K254002,bee9028c6909376edba9c728f116b1b233ccdb58a9027822d8dc88e82bd1cc3d,12164
K254003,adaaa5fd3b242eb5cc3280681e6ce06992d8e647c1be4dc7aafa828556ee9779,14784
K254017,428b2a4219f510d4cb966afab195ee729485298d21321bdd72814dcdc8980bcb,14173
K254045,629383c835c78f5a5806ebef5762da6a93e51909fc4f04aee9cc06ac13df8fed,12484
K254053,4de4247d135ee875319f03fec5a1202cda56db50343444d8d641e8849817dfcb,8344
K254054,4e48a11b53d0a11ce382949d7c00c05ab0da46131e5b286c78f50a5707814325,12238
K254055,51d6e4c3bbf14331d294f657849eb30f853cffe2c4519f502265a6b4a2d2b7ae,14858
K254061,5dae79298b8ac5eebc7fb223dd41670dd55215ff0a73a5fd17730e18fa4e35e5,12609
K254077,7ad50884ac259f3bf6a575ba125dbe531d2130346c9be533c1f67c220e4e4827,13264
K254084,e9c7e5846dfdb4f05c97b9a8a137457433e84d8df8168f13720c4e20ad978d17,15788
K254087,e0df96381fa5ba51fc9f36dd49fb1d9667fa1801e31e4e2f143c20a0f4c8ea0f,13499
K254093,70c27a6889ea4e4537601b826e54325d7cfdcbff4646931dec269e4a97c86fbe,12383
K254105,781a325aa322c8626b96933bd807c9814e95eaad5a33227674db1210f8bbee1e,18120
K254107,ba193d90ed4584de08d79f48e5e012facc4a172054b06cf6248dd19c506c06f7,6982
K254110,d1aedfe4fc84f2ee2307365d5776e6a23e63a49b3c42f3b61d846547116a4959,13505
K254128,28c67f064834382ab74cd5444451b6087724eb4d1c5b55ecebc3a68aaa1b7ea3,12803
K254130,6cfdd06779b61ee9a78fdb27aa17adf99f0b3de44c5a38ed79839600fe86e076,6845
K254154,3544ab7aa7a03ce00d0af54187342da9ee60e266a57abad856bf68ca3f695d3e,17130
K254162,0649429dd4c1fbe9b65593e472d0716cf16f6cd823269efd787413da84d1df41,13079
K254165,be0b220ce17e3e5ce13342fd1bade8ac8d8ca83e44b4efe9e9043fbd17c1c938,17617
K254176,cf0e80cead9c3244f5bede1721e010ebb33056b79c678a479ff02e90240880f6,12125
K254182,1c316bf1a18baf13f888394c599c227a00f6a5c2230eb2529b27810d14f43058,7043
K254202,857186e667428097ad1e8e9bc73f02747d7121303f029a0c75e16a3bc1d389cb,16367
K254215,884bbdcad4272ea20650520ab20e1545c4fde2a257288d9af410c1e94b4e5a14,13007
K254229,b721f94f671fed9e260d5987ac038d3a4b5a02c2c4e8a1cd55ca4afbf13317dc,10578
K254247,f98ded157bffa864c87a8751b30da5fb09d1079a05f77f707a4898027e0d0d89,6850
K254249,8e9380823acd3cd811b9d5f6bd8f4c44f9669764de3e5cea4afaa6d5a916aec8,6953
K254253,784347f5325b5684fa7154f26377207e3c6b67931bd2fbddae931981c593098a,19631
K254274,c05ca5671da6fceb479fc3e0f3d72a4b1d29bd07636b3eab7841d67f66cf62cb,13249
K254288,bb6720eb9672a5798206af0ce82b95e92847faec86cccae8e76bee869f7b425b,11103
K254306,546ac2551914ced47af7b2aa436e9cff07cfa85f9a4e3a816844ad0c1f61903f,13672
K915787,f101d7425e0a369d8c6a22228ed9cbc20ffc2979d7d638ea66c9aaac35e0c4ec,5319
K930657,2f939c22642bf473e1ea0327af9f8903e8a2ea27b88784705e2c7c92871e5e1c,7233
K932330,e3b0c44298fc1c149afbf4c8996fb92427ae41e4649b934ca495991b7852b855,0
K934695,01ba4719c80b6fe911b091a7c05124b64eeece964e09c058ef8f9805daca546b,1
K943230,01ba4719c80b6fe911b091a7c05124b64eeece964e09c058ef8f9805daca546b,1
K945518,e3b0c44298fc1c149afbf4c8996fb92427ae41e4649b934ca495991b7852b855,0
K946088,75a11da44c802486bc6f65640aa48a730f0f684c5c07a42ba3cd1735eb3fb070,2
K946236,75a11da44c802486bc6f65640aa48a730f0f684c5c07a42ba3cd1735eb3fb070,2
K951185,01ba4719c80b6fe911b091a7c05124b64eeece964e09c058ef8f9805daca546b,1
K951987,6a3cf5192354f71615ac51034b3e97c20eda99643fcaf5bbe6d41ad59bd12167,3
K952271,75a11da44c802486bc6f65640aa48a730f0f684c5c07a42ba3cd1735eb3fb070,2
K952272,75a11da44c802486bc6f65640aa48a730f0f684c5c07a42ba3cd1735eb3fb070,2
K952730,75a11da44c802486bc6f65640aa48a730f0f684c5c07a42ba3cd1735eb3fb070,2
K952943,01ba4719c80b6fe911b091a7c05124b64eeece964e09c058ef8f9805daca546b,1
K953111,01ba4719c80b6fe911b091a7c05124b64eeece964e09c058ef8f9805daca546b,1
K953334,d49be7da002d06600d2c5b3b45f80bbe32d660a5ab933a8b07203303c96ea9d0,3120
K953443,01ba4719c80b6fe911b091a7c05124b64eeece964e09c058ef8f9805daca546b,1
K953607,e3b0c44298fc1c149afbf4c8996fb92427ae41e4649b934ca495991b7852b855,0
K953644,e3b0c44298fc1c149afbf4c8996fb92427ae41e4649b934ca495991b7852b855,0
K953777,e3b0c44298fc1c149afbf4c8996fb92427ae41e4649b934ca495991b7852b855,0
K953978,75a11da44c802486bc6f65640aa48a730f0f684c5c07a42ba3cd1735eb3fb070,2
K954053,e3b0c44298fc1c149afbf4c8996fb92427ae41e4649b934ca495991b7852b855,0
K954481,75a11da44c802486bc6f65640aa48a730f0f684c5c07a42ba3cd1735eb3fb070,2
K954559,e3b0c44298fc1c149afbf4c8996fb92427ae41e4649b934ca495991b7852b855,0
K954598,75a11da44c802486bc6f65640aa48a730f0f684c5c07a42ba3cd1735eb3fb070,2
K954683,e3b0c44298fc1c149afbf4c8996fb92427ae41e4649b934ca495991b7852b855,0
K954856,e3b0c44298fc1c149afbf4c8996fb92427ae41e4649b934ca495991b7852b855,0
K954963,e3b0c44298fc1c149afbf4c8996fb92427ae41e4649b934ca495991b7852b855,0
K955117,01ba4719c80b6fe911b091a7c05124b64eeece964e09c058ef8f9805daca546b,1
K955137,01ba4719c80b6fe911b091a7c05124b64eeece964e09c058ef8f9805daca546b,1
K955306,e3b0c44298fc1c149afbf4c8996fb92427ae41e4649b934ca495991b7852b855,0
K955365,01ba4719c80b6fe911b091a7c05124b64eeece964e09c058ef8f9805daca546b,1
K955472,01ba4719c80b6fe911b091a7c05124b64eeece964e09c058ef8f9805daca546b,1
K955553,e3b0c44298fc1c149afbf4c8996fb92427ae41e4649b934ca495991b7852b855,0
K955733,01ba4719c80b6fe911b091a7c05124b64eeece964e09c058ef8f9805daca546b,1
K955739,01ba4719c80b6fe911b091a7c05124b64eeece964e09c058ef8f9805daca546b,1
K955761,01ba4719c80b6fe911b091a7c05124b64eeece964e09c058ef8f9805daca546b,1
K955837,e3b0c44298fc1c149afbf4c8996fb92427ae41e4649b934ca495991b7852b855,0
K955848,75a11da44c802486bc6f65640aa48a730f0f684c5c07a42ba3cd1735eb3fb070,2
K955864,e3b0c44298fc1c149afbf4c8996fb92427ae41e4649b934ca495991b7852b855,0
K955871,e3b0c44298fc1c149afbf4c8996fb92427ae41e4649b934ca495991b7852b855,0
K955884,e3b0c44298fc1c149afbf4c8996fb92427ae41e4649b934ca495991b7852b855,0
K955916,01ba4719c80b6fe911b091a7c05124b64eeece964e09c058ef8f9805daca546b,1
K955944,01ba4719c80b6fe911b091a7c05124b64eeece964e09c058ef8f9805daca546b,1
K960014,e3b0c44298fc1c149afbf4c8996fb92427ae41e4649b934ca495991b7852b855,0
K960025,75a11da44c802486bc6f65640aa48a730f0f684c5c07a42ba3cd1735eb3fb070,2
K960087,e3b0c44298fc1c149afbf4c8996fb92427ae41e4649b934ca495991b7852b855,0
K960094,e3b0c44298fc1c149afbf4c8996fb92427ae41e4649b934ca495991b7852b855,0
K960172,e3b0c44298fc1c149afbf4c8996fb92427ae41e4649b934ca495991b7852b855,0
K960180,e3b0c44298fc1c149afbf4c8996fb92427ae41e4649b934ca495991b7852b855,0
K960258,d088784b7ecb87f1ea17e6f982fa968ffefcc07b79de6ecc548fc00242868da6,6
K960269,e3b0c44298fc1c149afbf4c8996fb92427ae41e4649b934ca495991b7852b855,0
K960278,01ba4719c80b6fe911b091a7c05124b64eeece964e09c058ef8f9805daca546b,1
K960279,01ba4719c80b6fe911b091a7c05124b64eeece964e09c058ef8f9805daca546b,1
K960302,01ba4719c80b6fe911b091a7c05124b64eeece964e09c058ef8f9805daca546b,1
K960303,01ba4719c80b6fe911b091a7c05124b64eeece964e09c058ef8f9805daca546b,1
K960340,01ba4719c80b6fe911b091a7c05124b64eeece964e09c058ef8f9805daca546b,1
K960385,e3b0c44298fc1c149afbf4c8996fb92427ae41e4649b934ca495991b7852b855,0
K960439,e3b0c44298fc1c149afbf4c8996fb92427ae41e4649b934ca495991b7852b855,0
K960444,75a11da44c802486bc6f65640aa48a730f0f684c5c07a42ba3cd1735eb3fb070,2
K960448,e3b0c44298fc1c149afbf4c8996fb92427ae41e4649b934ca495991b7852b855,0
K960524,e3b0c44298fc1c149afbf4c8996fb92427ae41e4649b934ca495991b7852b855,0
K960534,e3b0c44298fc1c149afbf4c8996fb92427ae41e4649b934ca495991b7852b855,0
K960535,e3b0c44298fc1c149afbf4c8996fb92427ae41e4649b934ca495991b7852b855,0
K960538,75a11da44c802486bc6f65640aa48a730f0f684c5c07a42ba3cd1735eb3fb070,2
K960588,e3b0c44298fc1c149afbf4c8996fb92427ae41e4649b934ca495991b7852b855,0
K960626,01ba4719c80b6fe911b091a7c05124b64eeece964e09c058ef8f9805daca546b,1
K960633,e3b0c44298fc1c149afbf4c8996fb92427ae41e4649b934ca495991b7852b855,0
K960642,01ba4719c80b6fe911b091a7c05124b64eeece964e09c058ef8f9805daca546b,1
K960643,e3b0c44298fc1c149afbf4c8996fb92427ae41e4649b934ca495991b7852b855,0
K960651,e3b0c44298fc1c149afbf4c8996fb92427ae41e4649b934ca495991b7852b855,0
K960658,e3b0c44298fc1c149afbf4c8996fb92427ae41e4649b934ca495991b7852b855,0
K960659,e3b0c44298fc1c149afbf4c8996fb92427ae41e4649b934ca495991b7852b855,0
K960678,75a11da44c802486bc6f65640aa48a730f0f684c5c07a42ba3cd1735eb3fb070,2
K960692,5c210454b1facc1e317a759f6059324f793841eb23d1f549179b64d1584c55f8,10
K960704,e3b0c44298fc1c149afbf4c8996fb92427ae41e4649b934ca495991b7852b855,0
K960782,e3b0c44298fc1c149afbf4c8996fb92427ae41e4649b934ca495991b7852b855,0
K960825,e3b0c44298fc1c149afbf4c8996fb92427ae41e4649b934ca495991b7852b855,0
K960906,e3b0c44298fc1c149afbf4c8996fb92427ae41e4649b934ca495991b7852b855,0
K960978,e3b0c44298fc1c149afbf4c8996fb92427ae41e4649b934ca495991b7852b855,0
K960984,e3b0c44298fc1c149afbf4c8996fb92427ae41e4649b934ca495991b7852b855,0
K961027,75a11da44c802486bc6f65640aa48a730f0f684c5c07a42ba3cd1735eb3fb070,2
K961051,75a11da44c802486bc6f65640aa48a730f0f684c5c07a42ba3cd1735eb3fb070,2
K961094,01ba4719c80b6fe911b091a7c05124b64eeece964e09c058ef8f9805daca546b,1
K961186,e3b0c44298fc1c149afbf4c8996fb92427ae41e4649b934ca495991b7852b855,0
K961213,e3b0c44298fc1c149afbf4c8996fb92427ae41e4649b934ca495991b7852b855,0
K961234,e3b0c44298fc1c149afbf4c8996fb92427ae41e4649b934ca495991b7852b855,0
K961260,01ba4719c80b6fe911b091a7c05124b64eeece964e09c058ef8f9805daca546b,1
K961267,75a11da44c802486bc6f65640aa48a730f0f684c5c07a42ba3cd1735eb3fb070,2
K961283,e3b0c44298fc1c149afbf4c8996fb92427ae41e4649b934ca495991b7852b855,0
K961304,6a3cf5192354f71615ac51034b3e97c20eda99643fcaf5bbe6d41ad59bd12167,3
K961320,538d6440534fa5f615e8a26932792a82a2e4a33a97886e2d815eab8fc216d415,7
K961350,e3b0c44298fc1c149afbf4c8996fb92427ae41e4649b934ca495991b7852b855,0
K961360,01ba4719c80b6fe911b091a7c05124b64eeece964e09c058ef8f9805daca546b,1
K961378,75a11da44c802486bc6f65640aa48a730f0f684c5c07a42ba3cd1735eb3fb070,2
K961379,e3b0c44298fc1c149afbf4c8996fb92427ae41e4649b934ca495991b7852b855,0
K961388,01ba4719c80b6fe911b091a7c05124b64eeece964e09c058ef8f9805daca546b,1
K961413,e3b0c44298fc1c149afbf4c8996fb92427ae41e4649b934ca495991b7852b855,0
K961482,e3b0c44298fc1c149afbf4c8996fb92427ae41e4649b934ca495991b7852b855,0
K961483,e3b0c44298fc1c149afbf4c8996fb92427ae41e4649b934ca495991b7852b855,0
K961485,e3b0c44298fc1c149afbf4c8996fb92427ae41e4649b934ca495991b7852b855,0
K961496,e3b0c44298fc1c149afbf4c8996fb92427ae41e4649b934ca495991b7852b855,0
K961497,e3b0c44298fc1c149afbf4c8996fb92427ae41e4649b934ca495991b7852b855,0
K961498,e3b0c44298fc1c149afbf4c8996fb92427ae41e4649b934ca495991b7852b855,0
K961522,e3b0c44298fc1c149afbf4c8996fb92427ae41e4649b934ca495991b7852b855,0
K961526,e3b0c44298fc1c149afbf4c8996fb92427ae41e4649b934ca495991b7852b855,0
K961555,545c38b0922de19734fbffde62792c37c2aef6a3216cfa472449173165220f7d,4
K961569,e3b0c44298fc1c149afbf4c8996fb92427ae41e4649b934ca495991b7852b855,0
K961571,75a11da44c802486bc6f65640aa48a730f0f684c5c07a42ba3cd1735eb3fb070,2
K961578,e3b0c44298fc1c149afbf4c8996fb92427ae41e4649b934ca495991b7852b855,0
K961585,e3b0c44298fc1c149afbf4c8996fb92427ae41e4649b934ca495991b7852b855,0
K961589,e3b0c44298fc1c149afbf4c8996fb92427ae41e4649b934ca495991b7852b855,0
K961608,01ba4719c80b6fe911b091a7c05124b64eeece964e09c058ef8f9805daca546b,1
K961618,e3b0c44298fc1c149afbf4c8996fb92427ae41e4649b934ca495991b7852b855,0
K961619,e3b0c44298fc1c149afbf4c8996fb92427ae41e4649b934ca495991b7852b855,0
K961625,e3b0c44298fc1c149afbf4c8996fb92427ae41e4649b934ca495991b7852b855,0
K961685,01ba4719c80b6fe911b091a7c05124b64eeece964e09c058ef8f9805daca546b,1
K961719,75a11da44c802486bc6f65640aa48a730f0f684c5c07a42ba3cd1735eb3fb070,2
K961727,75a11da44c802486bc6f65640aa48a730f0f684c5c07a42ba3cd1735eb3fb070,2
K961732,545c38b0922de19734fbffde62792c37c2aef6a3216cfa472449173165220f7d,4
K961789,75a11da44c802486bc6f65640aa48a730f0f684c5c07a42ba3cd1735eb3fb070,2
K961799,75a11da44c802486bc6f65640aa48a730f0f684c5c07a42ba3cd1735eb3fb070,2
K961890,01ba4719c80b6fe911b091a7c05124b64eeece964e09c058ef8f9805daca546b,1
K961900,e3b0c44298fc1c149afbf4c8996fb92427ae41e4649b934ca495991b7852b855,0
K961905,545c38b0922de19734fbffde62792c37c2aef6a3216cfa472449173165220f7d,4
K961916,e3b0c44298fc1c149afbf4c8996fb92427ae41e4649b934ca495991b7852b855,0
K961920,6a3cf5192354f71615ac51034b3e97c20eda99643fcaf5bbe6d41ad59bd12167,3
K961921,01ba4719c80b6fe911b091a7c05124b64eeece964e09c058ef8f9805daca546b,1
K961939,01ba4719c80b6fe911b091a7c05124b64eeece964e09c058ef8f9805daca546b,1
K962002,75a11da44c802486bc6f65640aa48a730f0f684c5c07a42ba3cd1735eb3fb070,2
K962047,e3b0c44298fc1c149afbf4c8996fb92427ae41e4649b934ca495991b7852b855,0
K962082,75a11da44c802486bc6f65640aa48a730f0f684c5c07a42ba3cd1735eb3fb070,2
K962091,e3b0c44298fc1c149afbf4c8996fb92427ae41e4649b934ca495991b7852b855,0
K962101,75a11da44c802486bc6f65640aa48a730f0f684c5c07a42ba3cd1735eb3fb070,2
K962132,01ba4719c80b6fe911b091a7c05124b64eeece964e09c058ef8f9805daca546b,1
K962137,e3b0c44298fc1c149afbf4c8996fb92427ae41e4649b934ca495991b7852b855,0
K962162,e3b0c44298fc1c149afbf4c8996fb92427ae41e4649b934ca495991b7852b855,0
K962190,75a11da44c802486bc6f65640aa48a730f0f684c5c07a42ba3cd1735eb3fb070,2
K962194,7c370d9536d7d0d6a0f7cd7f9826692acd93e4fb05ba46f7b630b879740343d3,5
K962196,01ba4719c80b6fe911b091a7c05124b64eeece964e09c058ef8f9805daca546b,1
K962224,e3b0c44298fc1c149afbf4c8996fb92427ae41e4649b934ca495991b7852b855,0
K962233,01ba4719c80b6fe911b091a7c05124b64eeece964e09c058ef8f9805daca546b,1
K962236,01ba4719c80b6fe911b091a7c05124b64eeece964e09c058ef8f9805daca546b,1
K962248,e3b0c44298fc1c149afbf4c8996fb92427ae41e4649b934ca495991b7852b855,0
K962251,e3b0c44298fc1c149afbf4c8996fb92427ae41e4649b934ca495991b7852b855,0
K962289,e3b0c44298fc1c149afbf4c8996fb92427ae41e4649b934ca495991b7852b855,0
K962314,01ba4719c80b6fe911b091a7c05124b64eeece964e09c058ef8f9805daca546b,1
K962315,01ba4719c80b6fe911b091a7c05124b64eeece964e09c058ef8f9805daca546b,1
K962397,75a11da44c802486bc6f65640aa48a730f0f684c5c07a42ba3cd1735eb3fb070,2
K962468,e3b0c44298fc1c149afbf4c8996fb92427ae41e4649b934ca495991b7852b855,0
K962484,e3b0c44298fc1c149afbf4c8996fb92427ae41e4649b934ca495991b7852b855,0
K962511,e3b0c44298fc1c149afbf4c8996fb92427ae41e4649b934ca495991b7852b855,0
K962552,545c38b0922de19734fbffde62792c37c2aef6a3216cfa472449173165220f7d,4
K962553,545c38b0922de19734fbffde62792c37c2aef6a3216cfa472449173165220f7d,4
K962560,e3b0c44298fc1c149afbf4c8996fb92427ae41e4649b934ca495991b7852b855,0
K962561,01ba4719c80b6fe911b091a7c05124b64eeece964e09c058ef8f9805daca546b,1
K962644,01ba4719c80b6fe911b091a7c05124b64eeece964e09c058ef8f9805daca546b,1
K962645,75a11da44c802486bc6f65640aa48a730f0f684c5c07a42ba3cd1735eb3fb070,2
K962646,e3b0c44298fc1c149afbf4c8996fb92427ae41e4649b934ca495991b7852b855,0
K962705,545c38b0922de19734fbffde62792c37c2aef6a3216cfa472449173165220f7d,4
K962706,6a3cf5192354f71615ac51034b3e97c20eda99643fcaf5bbe6d41ad59bd12167,3
K962708,01ba4719c80b6fe911b091a7c05124b64eeece964e09c058ef8f9805daca546b,1
K962757,e3b0c44298fc1c149afbf4c8996fb92427ae41e4649b934ca495991b7852b855,0
K962769,01ba4719c80b6fe911b091a7c05124b64eeece964e09c058ef8f9805daca546b,1
K962793,01ba4719c80b6fe911b091a7c05124b64eeece964e09c058ef8f9805daca546b,1
K962808,e3b0c44298fc1c149afbf4c8996fb92427ae41e4649b934ca495991b7852b855,0
K962846,6a3cf5192354f71615ac51034b3e97c20eda99643fcaf5bbe6d41ad59bd12167,3
K962894,e3b0c44298fc1c149afbf4c8996fb92427ae41e4649b934ca495991b7852b855,0
K962923,e3b0c44298fc1c149afbf4c8996fb92427ae41e4649b934ca495991b7852b855,0
K963026,e3b0c44298fc1c149afbf4c8996fb92427ae41e4649b934ca495991b7852b855,0
K963045,01ba4719c80b6fe911b091a7c05124b64eeece964e09c058ef8f9805daca546b,1
K963077,e3b0c44298fc1c149afbf4c8996fb92427ae41e4649b934ca495991b7852b855,0
K963109,75a11da44c802486bc6f65640aa48a730f0f684c5c07a42ba3cd1735eb3fb070,2
K963117,e3b0c44298fc1c149afbf4c8996fb92427ae41e4649b934ca495991b7852b855,0
K963148,01ba4719c80b6fe911b091a7c05124b64eeece964e09c058ef8f9805daca546b,1
K963155,e3b0c44298fc1c149afbf4c8996fb92427ae41e4649b934ca495991b7852b855,0
K963200,e3b0c44298fc1c149afbf4c8996fb92427ae41e4649b934ca495991b7852b855,0
K963206,01ba4719c80b6fe911b091a7c05124b64eeece964e09c058ef8f9805daca546b,1
K963217,e3b0c44298fc1c149afbf4c8996fb92427ae41e4649b934ca495991b7852b855,0
K963242,e3b0c44298fc1c149afbf4c8996fb92427ae41e4649b934ca495991b7852b855,0
K963266,01ba4719c80b6fe911b091a7c05124b64eeece964e09c058ef8f9805daca546b,1
K963288,e3b0c44298fc1c149afbf4c8996fb92427ae41e4649b934ca495991b7852b855,0
K963309,e3b0c44298fc1c149afbf4c8996fb92427ae41e4649b934ca495991b7852b855,0
K963313,6a3cf5192354f71615ac51034b3e97c20eda99643fcaf5bbe6d41ad59bd12167,3
K963325,e3b0c44298fc1c149afbf4c8996fb92427ae41e4649b934ca495991b7852b855,0
K963350,e3b0c44298fc1c149afbf4c8996fb92427ae41e4649b934ca495991b7852b855,0
K963369,d088784b7ecb87f1ea17e6f982fa968ffefcc07b79de6ecc548fc00242868da6,6
K963398,e3b0c44298fc1c149afbf4c8996fb92427ae41e4649b934ca495991b7852b855,0
K963402,01ba4719c80b6fe911b091a7c05124b64eeece964e09c058ef8f9805daca546b,1
K963420,e3b0c44298fc1c149afbf4c8996fb92427ae41e4649b934ca495991b7852b855,0
K963432,e3b0c44298fc1c149afbf4c8996fb92427ae41e4649b934ca495991b7852b855,0
K963433,e3b0c44298fc1c149afbf4c8996fb92427ae41e4649b934ca495991b7852b855,0
K963486,e3b0c44298fc1c149afbf4c8996fb92427ae41e4649b934ca495991b7852b855,0
K963502,6a3cf5192354f71615ac51034b3e97c20eda99643fcaf5bbe6d41ad59bd12167,3
K963509,e3b0c44298fc1c149afbf4c8996fb92427ae41e4649b934ca495991b7852b855,0
K963562,e3b0c44298fc1c149afbf4c8996fb92427ae41e4649b934ca495991b7852b855,0
K963587,e3b0c44298fc1c149afbf4c8996fb92427ae41e4649b934ca495991b7852b855,0
K963612,545c38b0922de19734fbffde62792c37c2aef6a3216cfa472449173165220f7d,4
K963614,e3b0c44298fc1c149afbf4c8996fb92427ae41e4649b934ca495991b7852b855,0
K963618,e3b0c44298fc1c149afbf4c8996fb92427ae41e4649b934ca495991b7852b855,0
K963655,e3b0c44298fc1c149afbf4c8996fb92427ae41e4649b934ca495991b7852b855,0
K963671,75a11da44c802486bc6f65640aa48a730f0f684c5c07a42ba3cd1735eb3fb070,2
K963700,e3b0c44298fc1c149afbf4c8996fb92427ae41e4649b934ca495991b7852b855,0
K963709,01ba4719c80b6fe911b091a7c05124b64eeece964e09c058ef8f9805daca546b,1
K963741,e3b0c44298fc1c149afbf4c8996fb92427ae41e4649b934ca495991b7852b855,0
K963780,7c370d9536d7d0d6a0f7cd7f9826692acd93e4fb05ba46f7b630b879740343d3,5
K963798,e3b0c44298fc1c149afbf4c8996fb92427ae41e4649b934ca495991b7852b855,0
K963812,01ba4719c80b6fe911b091a7c05124b64eeece964e09c058ef8f9805daca546b,1
K963885,01ba4719c80b6fe911b091a7c05124b64eeece964e09c058ef8f9805daca546b,1
K963932,7c370d9536d7d0d6a0f7cd7f9826692acd93e4fb05ba46f7b630b879740343d3,5
K963946,6a3cf5192354f71615ac51034b3e97c20eda99643fcaf5bbe6d41ad59bd12167,3
K963959,6a3cf5192354f71615ac51034b3e97c20eda99643fcaf5bbe6d41ad59bd12167,3
K963973,e3b0c44298fc1c149afbf4c8996fb92427ae41e4649b934ca495991b7852b855,0
K963998,e3b0c44298fc1c149afbf4c8996fb92427ae41e4649b934ca495991b7852b855,0
K964003,e3b0c44298fc1c149afbf4c8996fb92427ae41e4649b934ca495991b7852b855,0
K964013,01ba4719c80b6fe911b091a7c05124b64eeece964e09c058ef8f9805daca546b,1
K964024,01ba4719c80b6fe911b091a7c05124b64eeece964e09c058ef8f9805daca546b,1
K964087,e3b0c44298fc1c149afbf4c8996fb92427ae41e4649b934ca495991b7852b855,0
K964094,01ba4719c80b6fe911b091a7c05124b64eeece964e09c058ef8f9805daca546b,1
K964150,e3b0c44298fc1c149afbf4c8996fb92427ae41e4649b934ca495991b7852b855,0
K964163,e3b0c44298fc1c149afbf4c8996fb92427ae41e4649b934ca495991b7852b855,0
K964178,e3b0c44298fc1c149afbf4c8996fb92427ae41e4649b934ca495991b7852b855,0
K964218,e3b0c44298fc1c149afbf4c8996fb92427ae41e4649b934ca495991b7852b855,0
K964226,6a3cf5192354f71615ac51034b3e97c20eda99643fcaf5bbe6d41ad59bd12167,3
K964227,e3b0c44298fc1c149afbf4c8996fb92427ae41e4649b934ca495991b7852b855,0
K964243,01ba4719c80b6fe911b091a7c05124b64eeece964e09c058ef8f9805daca546b,1
K964249,e3b0c44298fc1c149afbf4c8996fb92427ae41e4649b934ca495991b7852b855,0
K964259,e3b0c44298fc1c149afbf4c8996fb92427ae41e4649b934ca495991b7852b855,0
K964262,75a11da44c802486bc6f65640aa48a730f0f684c5c07a42ba3cd1735eb3fb070,2
K964275,01ba4719c80b6fe911b091a7c05124b64eeece964e09c058ef8f9805daca546b,1
K964304,01ba4719c80b6fe911b091a7c05124b64eeece964e09c058ef8f9805daca546b,1
K964324,01ba4719c80b6fe911b091a7c05124b64eeece964e09c058ef8f9805daca546b,1
K964350,01ba4719c80b6fe911b091a7c05124b64eeece964e09c058ef8f9805daca546b,1
K964357,01ba4719c80b6fe911b091a7c05124b64eeece964e09c058ef8f9805daca546b,1
K964359,e3b0c44298fc1c149afbf4c8996fb92427ae41e4649b934ca495991b7852b855,0
K964381,e3b0c44298fc1c149afbf4c8996fb92427ae41e4649b934ca495991b7852b855,0
K964395,75a11da44c802486bc6f65640aa48a730f0f684c5c07a42ba3cd1735eb3fb070,2
K964431,6a3cf5192354f71615ac51034b3e97c20eda99643fcaf5bbe6d41ad59bd12167,3
K964444,d088784b7ecb87f1ea17e6f982fa968ffefcc07b79de6ecc548fc00242868da6,6
K964472,01ba4719c80b6fe911b091a7c05124b64eeece964e09c058ef8f9805daca546b,1
K964500,e3b0c44298fc1c149afbf4c8996fb92427ae41e4649b934ca495991b7852b855,0
K964509,545c38b0922de19734fbffde62792c37c2aef6a3216cfa472449173165220f7d,4
K964521,e3b0c44298fc1c149afbf4c8996fb92427ae41e4649b934ca495991b7852b855,0
K964532,01ba4719c80b6fe911b091a7c05124b64eeece964e09c058ef8f9805daca546b,1
K964533,e3b0c44298fc1c149afbf4c8996fb92427ae41e4649b934ca495991b7852b855,0
K964544,01ba4719c80b6fe911b091a7c05124b64eeece964e09c058ef8f9805daca546b,1
K964616,7c370d9536d7d0d6a0f7cd7f9826692acd93e4fb05ba46f7b630b879740343d3,5
K964650,7c370d9536d7d0d6a0f7cd7f9826692acd93e4fb05ba46f7b630b879740343d3,5
K964704,01ba4719c80b6fe911b091a7c05124b64eeece964e09c058ef8f9805daca546b,1
K964769,75a11da44c802486bc6f65640aa48a730f0f684c5c07a42ba3cd1735eb3fb070,2
K964786,e3b0c44298fc1c149afbf4c8996fb92427ae41e4649b934ca495991b7852b855,0
K964795,01ba4719c80b6fe911b091a7c05124b64eeece964e09c058ef8f9805daca546b,1
K964797,01ba4719c80b6fe911b091a7c05124b64eeece964e09c058ef8f9805daca546b,1
K964805,d088784b7ecb87f1ea17e6f982fa968ffefcc07b79de6ecc548fc00242868da6,6
K964880,6a3cf5192354f71615ac51034b3e97c20eda99643fcaf5bbe6d41ad59bd12167,3
K964893,01ba4719c80b6fe911b091a7c05124b64eeece964e09c058ef8f9805daca546b,1
K964927,75a11da44c802486bc6f65640aa48a730f0f684c5c07a42ba3cd1735eb3fb070,2
K964945,01ba4719c80b6fe911b091a7c05124b64eeece964e09c058ef8f9805daca546b,1
K964970,e3b0c44298fc1c149afbf4c8996fb92427ae41e4649b934ca495991b7852b855,0
K965002,545c38b0922de19734fbffde62792c37c2aef6a3216cfa472449173165220f7d,4
K965019,e3b0c44298fc1c149afbf4c8996fb92427ae41e4649b934ca495991b7852b855,0
K965028,e3b0c44298fc1c149afbf4c8996fb92427ae41e4649b934ca495991b7852b855,0
K965029,e3b0c44298fc1c149afbf4c8996fb92427ae41e4649b934ca495991b7852b855,0
K965073,e3b0c44298fc1c149afbf4c8996fb92427ae41e4649b934ca495991b7852b855,0
K965098,01ba4719c80b6fe911b091a7c05124b64eeece964e09c058ef8f9805daca546b,1
K965102,01ba4719c80b6fe911b091a7c05124b64eeece964e09c058ef8f9805daca546b,1
K965111,75a11da44c802486bc6f65640aa48a730f0f684c5c07a42ba3cd1735eb3fb070,2
K965145,01ba4719c80b6fe911b091a7c05124b64eeece964e09c058ef8f9805daca546b,1
K965156,01ba4719c80b6fe911b091a7c05124b64eeece964e09c058ef8f9805daca546b,1
K965164,e3b0c44298fc1c149afbf4c8996fb92427ae41e4649b934ca495991b7852b855,0
K965173,7c370d9536d7d0d6a0f7cd7f9826692acd93e4fb05ba46f7b630b879740343d3,5
K965175,e3b0c44298fc1c149afbf4c8996fb92427ae41e4649b934ca495991b7852b855,0
K965193,01ba4719c80b6fe911b091a7c05124b64eeece964e09c058ef8f9805daca546b,1
K965198,7c370d9536d7d0d6a0f7cd7f9826692acd93e4fb05ba46f7b630b879740343d3,5
K965221,79488488398f5f5aed236dd6e9f914599370d04dfe70fda61b8c83bf739b1088,8
K965224,e3b0c44298fc1c149afbf4c8996fb92427ae41e4649b934ca495991b7852b855,0
K965228,6a3cf5192354f71615ac51034b3e97c20eda99643fcaf5bbe6d41ad59bd12167,3
K970031,e3b0c44298fc1c149afbf4c8996fb92427ae41e4649b934ca495991b7852b855,0
K970036,e3b0c44298fc1c149afbf4c8996fb92427ae41e4649b934ca495991b7852b855,0
K970048,7c370d9536d7d0d6a0f7cd7f9826692acd93e4fb05ba46f7b630b879740343d3,5
K970089,75a11da44c802486bc6f65640aa48a730f0f684c5c07a42ba3cd1735eb3fb070,2
K970097,e3b0c44298fc1c149afbf4c8996fb92427ae41e4649b934ca495991b7852b855,0
K970119,545c38b0922de19734fbffde62792c37c2aef6a3216cfa472449173165220f7d,4
K970166,01ba4719c80b6fe911b091a7c05124b64eeece964e09c058ef8f9805daca546b,1
K970200,e3b0c44298fc1c149afbf4c8996fb92427ae41e4649b934ca495991b7852b855,0
K970202,e3b0c44298fc1c149afbf4c8996fb92427ae41e4649b934ca495991b7852b855,0
K970241,545c38b0922de19734fbffde62792c37c2aef6a3216cfa472449173165220f7d,4
K970257,545c38b0922de19734fbffde62792c37c2aef6a3216cfa472449173165220f7d,4
K970258,545c38b0922de19734fbffde62792c37c2aef6a3216cfa472449173165220f7d,4
K970280,545c38b0922de19734fbffde62792c37c2aef6a3216cfa472449173165220f7d,4
K970285,538d6440534fa5f615e8a26932792a82a2e4a33a97886e2d815eab8fc216d415,7
K970290,e3b0c44298fc1c149afbf4c8996fb92427ae41e4649b934ca495991b7852b855,0
K970292,01ba4719c80b6fe911b091a7c05124b64eeece964e09c058ef8f9805daca546b,1
K970300,7c370d9536d7d0d6a0f7cd7f9826692acd93e4fb05ba46f7b630b879740343d3,5
K970316,01ba4719c80b6fe911b091a7c05124b64eeece964e09c058ef8f9805daca546b,1
K970337,e3b0c44298fc1c149afbf4c8996fb92427ae41e4649b934ca495991b7852b855,0
K970346,75a11da44c802486bc6f65640aa48a730f0f684c5c07a42ba3cd1735eb3fb070,2
K970351,e3b0c44298fc1c149afbf4c8996fb92427ae41e4649b934ca495991b7852b855,0
K970394,6a3cf5192354f71615ac51034b3e97c20eda99643fcaf5bbe6d41ad59bd12167,3
K970423,01ba4719c80b6fe911b091a7c05124b64eeece964e09c058ef8f9805daca546b,1
K970462,6a3cf5192354f71615ac51034b3e97c20eda99643fcaf5bbe6d41ad59bd12167,3
K970498,e3b0c44298fc1c149afbf4c8996fb92427ae41e4649b934ca495991b7852b855,0
K970501,e3b0c44298fc1c149afbf4c8996fb92427ae41e4649b934ca495991b7852b855,0
K970503,e3b0c44298fc1c149afbf4c8996fb92427ae41e4649b934ca495991b7852b855,0
K970544,6a3cf5192354f71615ac51034b3e97c20eda99643fcaf5bbe6d41ad59bd12167,3
K970567,01ba4719c80b6fe911b091a7c05124b64eeece964e09c058ef8f9805daca546b,1
K970599,d088784b7ecb87f1ea17e6f982fa968ffefcc07b79de6ecc548fc00242868da6,6
K970635,d088784b7ecb87f1ea17e6f982fa968ffefcc07b79de6ecc548fc00242868da6,6
K970697,6a3cf5192354f71615ac51034b3e97c20eda99643fcaf5bbe6d41ad59bd12167,3
K970705,d088784b7ecb87f1ea17e6f982fa968ffefcc07b79de6ecc548fc00242868da6,6
K970713,e3b0c44298fc1c149afbf4c8996fb92427ae41e4649b934ca495991b7852b855,0
K970733,e3b0c44298fc1c149afbf4c8996fb92427ae41e4649b934ca495991b7852b855,0
K970748,e3b0c44298fc1c149afbf4c8996fb92427ae41e4649b934ca495991b7852b855,0
K970751,e3b0c44298fc1c149afbf4c8996fb92427ae41e4649b934ca495991b7852b855,0
K970758,545c38b0922de19734fbffde62792c37c2aef6a3216cfa472449173165220f7d,4
K970829,7c370d9536d7d0d6a0f7cd7f9826692acd93e4fb05ba46f7b630b879740343d3,5
K970896,d088784b7ecb87f1ea17e6f982fa968ffefcc07b79de6ecc548fc00242868da6,6
K970912,6a3cf5192354f71615ac51034b3e97c20eda99643fcaf5bbe6d41ad59bd12167,3
K970950,538d6440534fa5f615e8a26932792a82a2e4a33a97886e2d815eab8fc216d415,7
K971018,6a3cf5192354f71615ac51034b3e97c20eda99643fcaf5bbe6d41ad59bd12167,3
K971047,545c38b0922de19734fbffde62792c37c2aef6a3216cfa472449173165220f7d,4
K971056,6a3cf5192354f71615ac51034b3e97c20eda99643fcaf5bbe6d41ad59bd12167,3
K971068,6a3cf5192354f71615ac51034b3e97c20eda99643fcaf5bbe6d41ad59bd12167,3
K971069,545c38b0922de19734fbffde62792c37c2aef6a3216cfa472449173165220f7d,4
K971070,6a3cf5192354f71615ac51034b3e97c20eda99643fcaf5bbe6d41ad59bd12167,3
K971135,6a3cf5192354f71615ac51034b3e97c20eda99643fcaf5bbe6d41ad59bd12167,3
K971139,6a3cf5192354f71615ac51034b3e97c20eda99643fcaf5bbe6d41ad59bd12167,3
K971144,7c370d9536d7d0d6a0f7cd7f9826692acd93e4fb05ba46f7b630b879740343d3,5
K971189,545c38b0922de19734fbffde62792c37c2aef6a3216cfa472449173165220f7d,4
K971272,d088784b7ecb87f1ea17e6f982fa968ffefcc07b79de6ecc548fc00242868da6,6
K971282,6a3cf5192354f71615ac51034b3e97c20eda99643fcaf5bbe6d41ad59bd12167,3
K971289,79488488398f5f5aed236dd6e9f914599370d04dfe70fda61b8c83bf739b1088,8
K971321,545c38b0922de19734fbffde62792c37c2aef6a3216cfa472449173165220f7d,4
K971332,7c370d9536d7d0d6a0f7cd7f9826692acd93e4fb05ba46f7b630b879740343d3,5
K971358,7c370d9536d7d0d6a0f7cd7f9826692acd93e4fb05ba46f7b630b879740343d3,5
K971409,d088784b7ecb87f1ea17e6f982fa968ffefcc07b79de6ecc548fc00242868da6,6
K971414,545c38b0922de19734fbffde62792c37c2aef6a3216cfa472449173165220f7d,4
K971429,6a3cf5192354f71615ac51034b3e97c20eda99643fcaf5bbe6d41ad59bd12167,3
K971453,6a3cf5192354f71615ac51034b3e97c20eda99643fcaf5bbe6d41ad59bd12167,3
K971457,79488488398f5f5aed236dd6e9f914599370d04dfe70fda61b8c83bf739b1088,8
K971497,7c370d9536d7d0d6a0f7cd7f9826692acd93e4fb05ba46f7b630b879740343d3,5
K971550,545c38b0922de19734fbffde62792c37c2aef6a3216cfa472449173165220f7d,4
K971652,545c38b0922de19734fbffde62792c37c2aef6a3216cfa472449173165220f7d,4
K971654,545c38b0922de19734fbffde62792c37c2aef6a3216cfa472449173165220f7d,4
K971681,d088784b7ecb87f1ea17e6f982fa968ffefcc07b79de6ecc548fc00242868da6,6
K971682,545c38b0922de19734fbffde62792c37c2aef6a3216cfa472449173165220f7d,4
K971705,545c38b0922de19734fbffde62792c37c2aef6a3216cfa472449173165220f7d,4
K971715,6a3cf5192354f71615ac51034b3e97c20eda99643fcaf5bbe6d41ad59bd12167,3
K971718,d088784b7ecb87f1ea17e6f982fa968ffefcc07b79de6ecc548fc00242868da6,6
K971721,545c38b0922de19734fbffde62792c37c2aef6a3216cfa472449173165220f7d,4
K971723,7c370d9536d7d0d6a0f7cd7f9826692acd93e4fb05ba46f7b630b879740343d3,5
K971741,6a3cf5192354f71615ac51034b3e97c20eda99643fcaf5bbe6d41ad59bd12167,3
K971752,d088784b7ecb87f1ea17e6f982fa968ffefcc07b79de6ecc548fc00242868da6,6
K971755,545c38b0922de19734fbffde62792c37c2aef6a3216cfa472449173165220f7d,4
K971778,7c370d9536d7d0d6a0f7cd7f9826692acd93e4fb05ba46f7b630b879740343d3,5
K971783,6a3cf5192354f71615ac51034b3e97c20eda99643fcaf5bbe6d41ad59bd12167,3
K971791,545c38b0922de19734fbffde62792c37c2aef6a3216cfa472449173165220f7d,4
K971800,7c370d9536d7d0d6a0f7cd7f9826692acd93e4fb05ba46f7b630b879740343d3,5
K971802,545c38b0922de19734fbffde62792c37c2aef6a3216cfa472449173165220f7d,4
K971816,6a3cf5192354f71615ac51034b3e97c20eda99643fcaf5bbe6d41ad59bd12167,3
K971854,d088784b7ecb87f1ea17e6f982fa968ffefcc07b79de6ecc548fc00242868da6,6
K971870,545c38b0922de19734fbffde62792c37c2aef6a3216cfa472449173165220f7d,4
K971883,7c370d9536d7d0d6a0f7cd7f9826692acd93e4fb05ba46f7b630b879740343d3,5
K971890,7c370d9536d7d0d6a0f7cd7f9826692acd93e4fb05ba46f7b630b879740343d3,5
K971922,545c38b0922de19734fbffde62792c37c2aef6a3216cfa472449173165220f7d,4
K971938,545c38b0922de19734fbffde62792c37c2aef6a3216cfa472449173165220f7d,4
K971962,7c370d9536d7d0d6a0f7cd7f9826692acd93e4fb05ba46f7b630b879740343d3,5
K971970,d088784b7ecb87f1ea17e6f982fa968ffefcc07b79de6ecc548fc00242868da6,6
K971993,d088784b7ecb87f1ea17e6f982fa968ffefcc07b79de6ecc548fc00242868da6,6
K972108,6a3cf5192354f71615ac51034b3e97c20eda99643fcaf5bbe6d41ad59bd12167,3
K972183,6a3cf5192354f71615ac51034b3e97c20eda99643fcaf5bbe6d41ad59bd12167,3
K972196,545c38b0922de19734fbffde62792c37c2aef6a3216cfa472449173165220f7d,4
K972217,7c370d9536d7d0d6a0f7cd7f9826692acd93e4fb05ba46f7b630b879740343d3,5
K972219,545c38b0922de19734fbffde62792c37c2aef6a3216cfa472449173165220f7d,4
K972223,545c38b0922de19734fbffde62792c37c2aef6a3216cfa472449173165220f7d,4
K972233,545c38b0922de19734fbffde62792c37c2aef6a3216cfa472449173165220f7d,4
K972323,7c370d9536d7d0d6a0f7cd7f9826692acd93e4fb05ba46f7b630b879740343d3,5
K972326,538d6440534fa5f615e8a26932792a82a2e4a33a97886e2d815eab8fc216d415,7
K972327,1e135afb54bf948ed616b7e518ea9f59c8edad95a2d1dfbae8adc60b167c5f6c,9
K972356,7c370d9536d7d0d6a0f7cd7f9826692acd93e4fb05ba46f7b630b879740343d3,5
K972393,7c370d9536d7d0d6a0f7cd7f9826692acd93e4fb05ba46f7b630b879740343d3,5
K972401,6a3cf5192354f71615ac51034b3e97c20eda99643fcaf5bbe6d41ad59bd12167,3
K972420,6a3cf5192354f71615ac51034b3e97c20eda99643fcaf5bbe6d41ad59bd12167,3
K972435,545c38b0922de19734fbffde62792c37c2aef6a3216cfa472449173165220f7d,4
K972438,7c370d9536d7d0d6a0f7cd7f9826692acd93e4fb05ba46f7b630b879740343d3,5
K972460,545c38b0922de19734fbffde62792c37c2aef6a3216cfa472449173165220f7d,4
K972479,6a3cf5192354f71615ac51034b3e97c20eda99643fcaf5bbe6d41ad59bd12167,3
K972494,545c38b0922de19734fbffde62792c37c2aef6a3216cfa472449173165220f7d,4
K972501,7c370d9536d7d0d6a0f7cd7f9826692acd93e4fb05ba46f7b630b879740343d3,5
K972516,6a3cf5192354f71615ac51034b3e97c20eda99643fcaf5bbe6d41ad59bd12167,3
K972568,d088784b7ecb87f1ea17e6f982fa968ffefcc07b79de6ecc548fc00242868da6,6
K972596,6a3cf5192354f71615ac51034b3e97c20eda99643fcaf5bbe6d41ad59bd12167,3
K972599,7c370d9536d7d0d6a0f7cd7f9826692acd93e4fb05ba46f7b630b879740343d3,5
K972622,6a3cf5192354f71615ac51034b3e97c20eda99643fcaf5bbe6d41ad59bd12167,3
K972626,6a3cf5192354f71615ac51034b3e97c20eda99643fcaf5bbe6d41ad59bd12167,3
K972629,6a3cf5192354f71615ac51034b3e97c20eda99643fcaf5bbe6d41ad59bd12167,3
K972637,545c38b0922de19734fbffde62792c37c2aef6a3216cfa472449173165220f7d,4
K972641,6a3cf5192354f71615ac51034b3e97c20eda99643fcaf5bbe6d41ad59bd12167,3
K972691,545c38b0922de19734fbffde62792c37c2aef6a3216cfa472449173165220f7d,4
K972692,545c38b0922de19734fbffde62792c37c2aef6a3216cfa472449173165220f7d,4
K972752,6a3cf5192354f71615ac51034b3e97c20eda99643fcaf5bbe6d41ad59bd12167,3
K972770,545c38b0922de19734fbffde62792c37c2aef6a3216cfa472449173165220f7d,4
K972774,545c38b0922de19734fbffde62792c37c2aef6a3216cfa472449173165220f7d,4
K972783,d088784b7ecb87f1ea17e6f982fa968ffefcc07b79de6ecc548fc00242868da6,6
K972792,545c38b0922de19734fbffde62792c37c2aef6a3216cfa472449173165220f7d,4
K972811,6a3cf5192354f71615ac51034b3e97c20eda99643fcaf5bbe6d41ad59bd12167,3
K972813,6a3cf5192354f71615ac51034b3e97c20eda99643fcaf5bbe6d41ad59bd12167,3
K972863,d088784b7ecb87f1ea17e6f982fa968ffefcc07b79de6ecc548fc00242868da6,6
K972864,d088784b7ecb87f1ea17e6f982fa968ffefcc07b79de6ecc548fc00242868da6,6
K972893,7c370d9536d7d0d6a0f7cd7f9826692acd93e4fb05ba46f7b630b879740343d3,5
K972913,79488488398f5f5aed236dd6e9f914599370d04dfe70fda61b8c83bf739b1088,8
K972919,538d6440534fa5f615e8a26932792a82a2e4a33a97886e2d815eab8fc216d415,7
K972931,6a3cf5192354f71615ac51034b3e97c20eda99643fcaf5bbe6d41ad59bd12167,3
K972995,6a3cf5192354f71615ac51034b3e97c20eda99643fcaf5bbe6d41ad59bd12167,3
K973005,6a3cf5192354f71615ac51034b3e97c20eda99643fcaf5bbe6d41ad59bd12167,3
K973009,545c38b0922de19734fbffde62792c37c2aef6a3216cfa472449173165220f7d,4
K973015,7c370d9536d7d0d6a0f7cd7f9826692acd93e4fb05ba46f7b630b879740343d3,5
K973017,6a3cf5192354f71615ac51034b3e97c20eda99643fcaf5bbe6d41ad59bd12167,3
K973077,6a3cf5192354f71615ac51034b3e97c20eda99643fcaf5bbe6d41ad59bd12167,3
K973087,545c38b0922de19734fbffde62792c37c2aef6a3216cfa472449173165220f7d,4
K973098,545c38b0922de19734fbffde62792c37c2aef6a3216cfa472449173165220f7d,4
K973119,6a3cf5192354f71615ac51034b3e97c20eda99643fcaf5bbe6d41ad59bd12167,3
K973121,7c370d9536d7d0d6a0f7cd7f9826692acd93e4fb05ba46f7b630b879740343d3,5
K973163,6a3cf5192354f71615ac51034b3e97c20eda99643fcaf5bbe6d41ad59bd12167,3
K973204,545c38b0922de19734fbffde62792c37c2aef6a3216cfa472449173165220f7d,4
K973231,6a3cf5192354f71615ac51034b3e97c20eda99643fcaf5bbe6d41ad59bd12167,3
K973240,6a3cf5192354f71615ac51034b3e97c20eda99643fcaf5bbe6d41ad59bd12167,3
K973261,6a3cf5192354f71615ac51034b3e97c20eda99643fcaf5bbe6d41ad59bd12167,3
K973281,6a3cf5192354f71615ac51034b3e97c20eda99643fcaf5bbe6d41ad59bd12167,3
K973296,6a3cf5192354f71615ac51034b3e97c20eda99643fcaf5bbe6d41ad59bd12167,3
K973302,6a3cf5192354f71615ac51034b3e97c20eda99643fcaf5bbe6d41ad59bd12167,3
K973321,6a3cf5192354f71615ac51034b3e97c20eda99643fcaf5bbe6d41ad59bd12167,3
K973323,d088784b7ecb87f1ea17e6f982fa968ffefcc07b79de6ecc548fc00242868da6,6
K973357,545c38b0922de19734fbffde62792c37c2aef6a3216cfa472449173165220f7d,4
K973381,7c370d9536d7d0d6a0f7cd7f9826692acd93e4fb05ba46f7b630b879740343d3,5
K973425,538d6440534fa5f615e8a26932792a82a2e4a33a97886e2d815eab8fc216d415,7
K973438,545c38b0922de19734fbffde62792c37c2aef6a3216cfa472449173165220f7d,4
K973453,6a3cf5192354f71615ac51034b3e97c20eda99643fcaf5bbe6d41ad59bd12167,3
K973530,6a3cf5192354f71615ac51034b3e97c20eda99643fcaf5bbe6d41ad59bd12167,3
K973595,6a3cf5192354f71615ac51034b3e97c20eda99643fcaf5bbe6d41ad59bd12167,3
K973614,6a3cf5192354f71615ac51034b3e97c20eda99643fcaf5bbe6d41ad59bd12167,3
K973675,545c38b0922de19734fbffde62792c37c2aef6a3216cfa472449173165220f7d,4
K973681,545c38b0922de19734fbffde62792c37c2aef6a3216cfa472449173165220f7d,4
K973685,6a3cf5192354f71615ac51034b3e97c20eda99643fcaf5bbe6d41ad59bd12167,3
K973704,6a3cf5192354f71615ac51034b3e97c20eda99643fcaf5bbe6d41ad59bd12167,3
K973714,7c370d9536d7d0d6a0f7cd7f9826692acd93e4fb05ba46f7b630b879740343d3,5
K973758,7c370d9536d7d0d6a0f7cd7f9826692acd93e4fb05ba46f7b630b879740343d3,5
K973775,545c38b0922de19734fbffde62792c37c2aef6a3216cfa472449173165220f7d,4
K973809,6a3cf5192354f71615ac51034b3e97c20eda99643fcaf5bbe6d41ad59bd12167,3
K973812,545c38b0922de19734fbffde62792c37c2aef6a3216cfa472449173165220f7d,4
K973849,d088784b7ecb87f1ea17e6f982fa968ffefcc07b79de6ecc548fc00242868da6,6
K973874,d088784b7ecb87f1ea17e6f982fa968ffefcc07b79de6ecc548fc00242868da6,6
K973944,7c370d9536d7d0d6a0f7cd7f9826692acd93e4fb05ba46f7b630b879740343d3,5
K973982,6a3cf5192354f71615ac51034b3e97c20eda99643fcaf5bbe6d41ad59bd12167,3
K974016,545c38b0922de19734fbffde62792c37c2aef6a3216cfa472449173165220f7d,4
K974017,6a3cf5192354f71615ac51034b3e97c20eda99643fcaf5bbe6d41ad59bd12167,3
K974020,d088784b7ecb87f1ea17e6f982fa968ffefcc07b79de6ecc548fc00242868da6,6
K974044,7c370d9536d7d0d6a0f7cd7f9826692acd93e4fb05ba46f7b630b879740343d3,5
K974049,545c38b0922de19734fbffde62792c37c2aef6a3216cfa472449173165220f7d,4
K974054,6a3cf5192354f71615ac51034b3e97c20eda99643fcaf5bbe6d41ad59bd12167,3
K974093,6a3cf5192354f71615ac51034b3e97c20eda99643fcaf5bbe6d41ad59bd12167,3
K974095,6a3cf5192354f71615ac51034b3e97c20eda99643fcaf5bbe6d41ad59bd12167,3
K974136,6a3cf5192354f71615ac51034b3e97c20eda99643fcaf5bbe6d41ad59bd12167,3
K974186,7c370d9536d7d0d6a0f7cd7f9826692acd93e4fb05ba46f7b630b879740343d3,5
K974245,6a3cf5192354f71615ac51034b3e97c20eda99643fcaf5bbe6d41ad59bd12167,3
K974291,545c38b0922de19734fbffde62792c37c2aef6a3216cfa472449173165220f7d,4
K974294,6a3cf5192354f71615ac51034b3e97c20eda99643fcaf5bbe6d41ad59bd12167,3
K974309,545c38b0922de19734fbffde62792c37c2aef6a3216cfa472449173165220f7d,4
K974328,545c38b0922de19734fbffde62792c37c2aef6a3216cfa472449173165220f7d,4
K974331,7c370d9536d7d0d6a0f7cd7f9826692acd93e4fb05ba46f7b630b879740343d3,5
K974341,545c38b0922de19734fbffde62792c37c2aef6a3216cfa472449173165220f7d,4
K974345,545c38b0922de19734fbffde62792c37c2aef6a3216cfa472449173165220f7d,4
K974409,6a3cf5192354f71615ac51034b3e97c20eda99643fcaf5bbe6d41ad59bd12167,3
K974537,6a3cf5192354f71615ac51034b3e97c20eda99643fcaf5bbe6d41ad59bd12167,3
K974538,7c370d9536d7d0d6a0f7cd7f9826692acd93e4fb05ba46f7b630b879740343d3,5
K974556,7c370d9536d7d0d6a0f7cd7f9826692acd93e4fb05ba46f7b630b879740343d3,5
K974558,6a3cf5192354f71615ac51034b3e97c20eda99643fcaf5bbe6d41ad59bd12167,3
K974685,7c370d9536d7d0d6a0f7cd7f9826692acd93e4fb05ba46f7b630b879740343d3,5
K974720,6a3cf5192354f71615ac51034b3e97c20eda99643fcaf5bbe6d41ad59bd12167,3
K974734,d088784b7ecb87f1ea17e6f982fa968ffefcc07b79de6ecc548fc00242868da6,6
K974740,545c38b0922de19734fbffde62792c37c2aef6a3216cfa472449173165220f7d,4
K974781,6a3cf5192354f71615ac51034b3e97c20eda99643fcaf5bbe6d41ad59bd12167,3
K974785,6a3cf5192354f71615ac51034b3e97c20eda99643fcaf5bbe6d41ad59bd12167,3
K974807,545c38b0922de19734fbffde62792c37c2aef6a3216cfa472449173165220f7d,4
K974847,d088784b7ecb87f1ea17e6f982fa968ffefcc07b79de6ecc548fc00242868da6,6
K974876,7c370d9536d7d0d6a0f7cd7f9826692acd93e4fb05ba46f7b630b879740343d3,5
K974885,7c370d9536d7d0d6a0f7cd7f9826692acd93e4fb05ba46f7b630b879740343d3,5
K974908,6a3cf5192354f71615ac51034b3e97c20eda99643fcaf5bbe6d41ad59bd12167,3
K974911,545c38b0922de19734fbffde62792c37c2aef6a3216cfa472449173165220f7d,4
K980070,d088784b7ecb87f1ea17e6f982fa968ffefcc07b79de6ecc548fc00242868da6,6
K980081,545c38b0922de19734fbffde62792c37c2aef6a3216cfa472449173165220f7d,4
K980103,6a3cf5192354f71615ac51034b3e97c20eda99643fcaf5bbe6d41ad59bd12167,3
K980121,7c370d9536d7d0d6a0f7cd7f9826692acd93e4fb05ba46f7b630b879740343d3,5
K980184,545c38b0922de19734fbffde62792c37c2aef6a3216cfa472449173165220f7d,4
K980239,6a3cf5192354f71615ac51034b3e97c20eda99643fcaf5bbe6d41ad59bd12167,3
K980244,538d6440534fa5f615e8a26932792a82a2e4a33a97886e2d815eab8fc216d415,7
K980286,545c38b0922de19734fbffde62792c37c2aef6a3216cfa472449173165220f7d,4
K980334,545c38b0922de19734fbffde62792c37c2aef6a3216cfa472449173165220f7d,4
K980358,545c38b0922de19734fbffde62792c37c2aef6a3216cfa472449173165220f7d,4
K980364,6a3cf5192354f71615ac51034b3e97c20eda99643fcaf5bbe6d41ad59bd12167,3
K980368,6a3cf5192354f71615ac51034b3e97c20eda99643fcaf5bbe6d41ad59bd12167,3
K980370,6a3cf5192354f71615ac51034b3e97c20eda99643fcaf5bbe6d41ad59bd12167,3
K980428,545c38b0922de19734fbffde62792c37c2aef6a3216cfa472449173165220f7d,4
K980457,d088784b7ecb87f1ea17e6f982fa968ffefcc07b79de6ecc548fc00242868da6,6
K980473,6a3cf5192354f71615ac51034b3e97c20eda99643fcaf5bbe6d41ad59bd12167,3
K980484,545c38b0922de19734fbffde62792c37c2aef6a3216cfa472449173165220f7d,4
K980485,d088784b7ecb87f1ea17e6f982fa968ffefcc07b79de6ecc548fc00242868da6,6
K980486,6a3cf5192354f71615ac51034b3e97c20eda99643fcaf5bbe6d41ad59bd12167,3
K980491,545c38b0922de19734fbffde62792c37c2aef6a3216cfa472449173165220f7d,4
K980502,7c370d9536d7d0d6a0f7cd7f9826692acd93e4fb05ba46f7b630b879740343d3,5
K980513,6a3cf5192354f71615ac51034b3e97c20eda99643fcaf5bbe6d41ad59bd12167,3
K980545,7c370d9536d7d0d6a0f7cd7f9826692acd93e4fb05ba46f7b630b879740343d3,5
K980594,545c38b0922de19734fbffde62792c37c2aef6a3216cfa472449173165220f7d,4
K980595,6a3cf5192354f71615ac51034b3e97c20eda99643fcaf5bbe6d41ad59bd12167,3
K980609,545c38b0922de19734fbffde62792c37c2aef6a3216cfa472449173165220f7d,4
K980626,545c38b0922de19734fbffde62792c37c2aef6a3216cfa472449173165220f7d,4
K980632,545c38b0922de19734fbffde62792c37c2aef6a3216cfa472449173165220f7d,4
K980637,545c38b0922de19734fbffde62792c37c2aef6a3216cfa472449173165220f7d,4
K980665,545c38b0922de19734fbffde62792c37c2aef6a3216cfa472449173165220f7d,4
K980681,545c38b0922de19734fbffde62792c37c2aef6a3216cfa472449173165220f7d,4
K980690,6a3cf5192354f71615ac51034b3e97c20eda99643fcaf5bbe6d41ad59bd12167,3
K980711,d088784b7ecb87f1ea17e6f982fa968ffefcc07b79de6ecc548fc00242868da6,6
K980713,6a3cf5192354f71615ac51034b3e97c20eda99643fcaf5bbe6d41ad59bd12167,3
K980761,7c370d9536d7d0d6a0f7cd7f9826692acd93e4fb05ba46f7b630b879740343d3,5
K980766,7c370d9536d7d0d6a0f7cd7f9826692acd93e4fb05ba46f7b630b879740343d3,5
K980774,7c370d9536d7d0d6a0f7cd7f9826692acd93e4fb05ba46f7b630b879740343d3,5
K980781,545c38b0922de19734fbffde62792c37c2aef6a3216cfa472449173165220f7d,4
K980794,545c38b0922de19734fbffde62792c37c2aef6a3216cfa472449173165220f7d,4
K980801,545c38b0922de19734fbffde62792c37c2aef6a3216cfa472449173165220f7d,4
K980813,6a3cf5192354f71615ac51034b3e97c20eda99643fcaf5bbe6d41ad59bd12167,3
K980817,538d6440534fa5f615e8a26932792a82a2e4a33a97886e2d815eab8fc216d415,7
K980841,7c370d9536d7d0d6a0f7cd7f9826692acd93e4fb05ba46f7b630b879740343d3,5
K980843,6a3cf5192354f71615ac51034b3e97c20eda99643fcaf5bbe6d41ad59bd12167,3
K980852,7c370d9536d7d0d6a0f7cd7f9826692acd93e4fb05ba46f7b630b879740343d3,5
K980854,6a3cf5192354f71615ac51034b3e97c20eda99643fcaf5bbe6d41ad59bd12167,3
K980862,d088784b7ecb87f1ea17e6f982fa968ffefcc07b79de6ecc548fc00242868da6,6
K980925,545c38b0922de19734fbffde62792c37c2aef6a3216cfa472449173165220f7d,4
K980926,545c38b0922de19734fbffde62792c37c2aef6a3216cfa472449173165220f7d,4
K980928,d088784b7ecb87f1ea17e6f982fa968ffefcc07b79de6ecc548fc00242868da6,6
K980944,6a3cf5192354f71615ac51034b3e97c20eda99643fcaf5bbe6d41ad59bd12167,3
K981008,7c370d9536d7d0d6a0f7cd7f9826692acd93e4fb05ba46f7b630b879740343d3,5
K981113,7c370d9536d7d0d6a0f7cd7f9826692acd93e4fb05ba46f7b630b879740343d3,5
K981187,7c370d9536d7d0d6a0f7cd7f9826692acd93e4fb05ba46f7b630b879740343d3,5
K981193,545c38b0922de19734fbffde62792c37c2aef6a3216cfa472449173165220f7d,4
K981194,6a3cf5192354f71615ac51034b3e97c20eda99643fcaf5bbe6d41ad59bd12167,3
K981201,6a3cf5192354f71615ac51034b3e97c20eda99643fcaf5bbe6d41ad59bd12167,3
K981211,545c38b0922de19734fbffde62792c37c2aef6a3216cfa472449173165220f7d,4
K981238,6a3cf5192354f71615ac51034b3e97c20eda99643fcaf5bbe6d41ad59bd12167,3
K981259,7c370d9536d7d0d6a0f7cd7f9826692acd93e4fb05ba46f7b630b879740343d3,5
K981261,6a3cf5192354f71615ac51034b3e97c20eda99643fcaf5bbe6d41ad59bd12167,3
K981274,79488488398f5f5aed236dd6e9f914599370d04dfe70fda61b8c83bf739b1088,8
K981283,6a3cf5192354f71615ac51034b3e97c20eda99643fcaf5bbe6d41ad59bd12167,3
K981302,6a3cf5192354f71615ac51034b3e97c20eda99643fcaf5bbe6d41ad59bd12167,3
K981309,545c38b0922de19734fbffde62792c37c2aef6a3216cfa472449173165220f7d,4
K981340,545c38b0922de19734fbffde62792c37c2aef6a3216cfa472449173165220f7d,4
K981372,545c38b0922de19734fbffde62792c37c2aef6a3216cfa472449173165220f7d,4
K981423,538d6440534fa5f615e8a26932792a82a2e4a33a97886e2d815eab8fc216d415,7
K981452,538d6440534fa5f615e8a26932792a82a2e4a33a97886e2d815eab8fc216d415,7
K981483,79488488398f5f5aed236dd6e9f914599370d04dfe70fda61b8c83bf739b1088,8
K981487,545c38b0922de19734fbffde62792c37c2aef6a3216cfa472449173165220f7d,4
K981529,6a3cf5192354f71615ac51034b3e97c20eda99643fcaf5bbe6d41ad59bd12167,3
K981560,7c370d9536d7d0d6a0f7cd7f9826692acd93e4fb05ba46f7b630b879740343d3,5
K981670,6a3cf5192354f71615ac51034b3e97c20eda99643fcaf5bbe6d41ad59bd12167,3
K981676,545c38b0922de19734fbffde62792c37c2aef6a3216cfa472449173165220f7d,4
K981692,545c38b0922de19734fbffde62792c37c2aef6a3216cfa472449173165220f7d,4
K981714,1e135afb54bf948ed616b7e518ea9f59c8edad95a2d1dfbae8adc60b167c5f6c,9
K981715,7c370d9536d7d0d6a0f7cd7f9826692acd93e4fb05ba46f7b630b879740343d3,5
K981716,545c38b0922de19734fbffde62792c37c2aef6a3216cfa472449173165220f7d,4
K981755,6a3cf5192354f71615ac51034b3e97c20eda99643fcaf5bbe6d41ad59bd12167,3
K981757,6a3cf5192354f71615ac51034b3e97c20eda99643fcaf5bbe6d41ad59bd12167,3
K981764,6a3cf5192354f71615ac51034b3e97c20eda99643fcaf5bbe6d41ad59bd12167,3
K981775,6a3cf5192354f71615ac51034b3e97c20eda99643fcaf5bbe6d41ad59bd12167,3
K981789,6a3cf5192354f71615ac51034b3e97c20eda99643fcaf5bbe6d41ad59bd12167,3
K981798,6a3cf5192354f71615ac51034b3e97c20eda99643fcaf5bbe6d41ad59bd12167,3
K981847,6a3cf5192354f71615ac51034b3e97c20eda99643fcaf5bbe6d41ad59bd12167,3
K981855,7c370d9536d7d0d6a0f7cd7f9826692acd93e4fb05ba46f7b630b879740343d3,5
K981967,545c38b0922de19734fbffde62792c37c2aef6a3216cfa472449173165220f7d,4
K981996,7c370d9536d7d0d6a0f7cd7f9826692acd93e4fb05ba46f7b630b879740343d3,5
K982006,545c38b0922de19734fbffde62792c37c2aef6a3216cfa472449173165220f7d,4
K982011,d088784b7ecb87f1ea17e6f982fa968ffefcc07b79de6ecc548fc00242868da6,6
K982032,d088784b7ecb87f1ea17e6f982fa968ffefcc07b79de6ecc548fc00242868da6,6
K982068,6a3cf5192354f71615ac51034b3e97c20eda99643fcaf5bbe6d41ad59bd12167,3
K982095,6a3cf5192354f71615ac51034b3e97c20eda99643fcaf5bbe6d41ad59bd12167,3
K982154,7c370d9536d7d0d6a0f7cd7f9826692acd93e4fb05ba46f7b630b879740343d3,5
K982155,6a3cf5192354f71615ac51034b3e97c20eda99643fcaf5bbe6d41ad59bd12167,3
K982156,7c370d9536d7d0d6a0f7cd7f9826692acd93e4fb05ba46f7b630b879740343d3,5
K982160,545c38b0922de19734fbffde62792c37c2aef6a3216cfa472449173165220f7d,4
K982222,545c38b0922de19734fbffde62792c37c2aef6a3216cfa472449173165220f7d,4
K982248,545c38b0922de19734fbffde62792c37c2aef6a3216cfa472449173165220f7d,4
K982268,545c38b0922de19734fbffde62792c37c2aef6a3216cfa472449173165220f7d,4
K982288,7c370d9536d7d0d6a0f7cd7f9826692acd93e4fb05ba46f7b630b879740343d3,5
K982320,d088784b7ecb87f1ea17e6f982fa968ffefcc07b79de6ecc548fc00242868da6,6
K982322,6a3cf5192354f71615ac51034b3e97c20eda99643fcaf5bbe6d41ad59bd12167,3
K982347,6a3cf5192354f71615ac51034b3e97c20eda99643fcaf5bbe6d41ad59bd12167,3
K982367,545c38b0922de19734fbffde62792c37c2aef6a3216cfa472449173165220f7d,4
K982390,6a3cf5192354f71615ac51034b3e97c20eda99643fcaf5bbe6d41ad59bd12167,3
K982398,545c38b0922de19734fbffde62792c37c2aef6a3216cfa472449173165220f7d,4
K982420,545c38b0922de19734fbffde62792c37c2aef6a3216cfa472449173165220f7d,4
K982443,538d6440534fa5f615e8a26932792a82a2e4a33a97886e2d815eab8fc216d415,7
K982447,6a3cf5192354f71615ac51034b3e97c20eda99643fcaf5bbe6d41ad59bd12167,3
K982483,6a3cf5192354f71615ac51034b3e97c20eda99643fcaf5bbe6d41ad59bd12167,3
K982490,6a3cf5192354f71615ac51034b3e97c20eda99643fcaf5bbe6d41ad59bd12167,3
K982494,545c38b0922de19734fbffde62792c37c2aef6a3216cfa472449173165220f7d,4
K982497,6a3cf5192354f71615ac51034b3e97c20eda99643fcaf5bbe6d41ad59bd12167,3
K982511,7c370d9536d7d0d6a0f7cd7f9826692acd93e4fb05ba46f7b630b879740343d3,5
K982531,6a3cf5192354f71615ac51034b3e97c20eda99643fcaf5bbe6d41ad59bd12167,3
K982545,545c38b0922de19734fbffde62792c37c2aef6a3216cfa472449173165220f7d,4
K982553,545c38b0922de19734fbffde62792c37c2aef6a3216cfa472449173165220f7d,4
K982571,6a3cf5192354f71615ac51034b3e97c20eda99643fcaf5bbe6d41ad59bd12167,3
K982601,545c38b0922de19734fbffde62792c37c2aef6a3216cfa472449173165220f7d,4
K982602,6a3cf5192354f71615ac51034b3e97c20eda99643fcaf5bbe6d41ad59bd12167,3
K982662,6a3cf5192354f71615ac51034b3e97c20eda99643fcaf5bbe6d41ad59bd12167,3
K982663,6a3cf5192354f71615ac51034b3e97c20eda99643fcaf5bbe6d41ad59bd12167,3
K982670,6a3cf5192354f71615ac51034b3e97c20eda99643fcaf5bbe6d41ad59bd12167,3
K982686,7c370d9536d7d0d6a0f7cd7f9826692acd93e4fb05ba46f7b630b879740343d3,5
K982719,6a3cf5192354f71615ac51034b3e97c20eda99643fcaf5bbe6d41ad59bd12167,3
K982732,6a3cf5192354f71615ac51034b3e97c20eda99643fcaf5bbe6d41ad59bd12167,3
K982751,545c38b0922de19734fbffde62792c37c2aef6a3216cfa472449173165220f7d,4
K982798,545c38b0922de19734fbffde62792c37c2aef6a3216cfa472449173165220f7d,4
K982812,545c38b0922de19734fbffde62792c37c2aef6a3216cfa472449173165220f7d,4
K982859,6a3cf5192354f71615ac51034b3e97c20eda99643fcaf5bbe6d41ad59bd12167,3
K982869,6a3cf5192354f71615ac51034b3e97c20eda99643fcaf5bbe6d41ad59bd12167,3
K982873,6a3cf5192354f71615ac51034b3e97c20eda99643fcaf5bbe6d41ad59bd12167,3
K982875,6a3cf5192354f71615ac51034b3e97c20eda99643fcaf5bbe6d41ad59bd12167,3
K982900,6a3cf5192354f71615ac51034b3e97c20eda99643fcaf5bbe6d41ad59bd12167,3
K982903,545c38b0922de19734fbffde62792c37c2aef6a3216cfa472449173165220f7d,4
K982908,d088784b7ecb87f1ea17e6f982fa968ffefcc07b79de6ecc548fc00242868da6,6
K982914,545c38b0922de19734fbffde62792c37c2aef6a3216cfa472449173165220f7d,4
K982918,545c38b0922de19734fbffde62792c37c2aef6a3216cfa472449173165220f7d,4
K982931,6a3cf5192354f71615ac51034b3e97c20eda99643fcaf5bbe6d41ad59bd12167,3
K982936,d088784b7ecb87f1ea17e6f982fa968ffefcc07b79de6ecc548fc00242868da6,6
K982953,545c38b0922de19734fbffde62792c37c2aef6a3216cfa472449173165220f7d,4
K982958,6a3cf5192354f71615ac51034b3e97c20eda99643fcaf5bbe6d41ad59bd12167,3
K982963,d088784b7ecb87f1ea17e6f982fa968ffefcc07b79de6ecc548fc00242868da6,6
K982981,7c370d9536d7d0d6a0f7cd7f9826692acd93e4fb05ba46f7b630b879740343d3,5
K982982,6a3cf5192354f71615ac51034b3e97c20eda99643fcaf5bbe6d41ad59bd12167,3
K982987,6a3cf5192354f71615ac51034b3e97c20eda99643fcaf5bbe6d41ad59bd12167,3
K982990,545c38b0922de19734fbffde62792c37c2aef6a3216cfa472449173165220f7d,4
K982996,7c370d9536d7d0d6a0f7cd7f9826692acd93e4fb05ba46f7b630b879740343d3,5
K983004,7c370d9536d7d0d6a0f7cd7f9826692acd93e4fb05ba46f7b630b879740343d3,5
K983006,545c38b0922de19734fbffde62792c37c2aef6a3216cfa472449173165220f7d,4
K983014,545c38b0922de19734fbffde62792c37c2aef6a3216cfa472449173165220f7d,4
K983035,6a3cf5192354f71615ac51034b3e97c20eda99643fcaf5bbe6d41ad59bd12167,3
K983036,545c38b0922de19734fbffde62792c37c2aef6a3216cfa472449173165220f7d,4
K983056,7c370d9536d7d0d6a0f7cd7f9826692acd93e4fb05ba46f7b630b879740343d3,5
K983121,545c38b0922de19734fbffde62792c37c2aef6a3216cfa472449173165220f7d,4
K983128,545c38b0922de19734fbffde62792c37c2aef6a3216cfa472449173165220f7d,4
K983136,545c38b0922de19734fbffde62792c37c2aef6a3216cfa472449173165220f7d,4
K983141,545c38b0922de19734fbffde62792c37c2aef6a3216cfa472449173165220f7d,4
K983152,d088784b7ecb87f1ea17e6f982fa968ffefcc07b79de6ecc548fc00242868da6,6
K983153,545c38b0922de19734fbffde62792c37c2aef6a3216cfa472449173165220f7d,4
K983165,7c370d9536d7d0d6a0f7cd7f9826692acd93e4fb05ba46f7b630b879740343d3,5
K983169,d088784b7ecb87f1ea17e6f982fa968ffefcc07b79de6ecc548fc00242868da6,6
K983186,538d6440534fa5f615e8a26932792a82a2e4a33a97886e2d815eab8fc216d415,7
K983197,545c38b0922de19734fbffde62792c37c2aef6a3216cfa472449173165220f7d,4
K983226,545c38b0922de19734fbffde62792c37c2aef6a3216cfa472449173165220f7d,4
K983258,d088784b7ecb87f1ea17e6f982fa968ffefcc07b79de6ecc548fc00242868da6,6
K983260,d088784b7ecb87f1ea17e6f982fa968ffefcc07b79de6ecc548fc00242868da6,6
K983265,6a3cf5192354f71615ac51034b3e97c20eda99643fcaf5bbe6d41ad59bd12167,3
K983282,538d6440534fa5f615e8a26932792a82a2e4a33a97886e2d815eab8fc216d415,7
K983339,545c38b0922de19734fbffde62792c37c2aef6a3216cfa472449173165220f7d,4
K983353,538d6440534fa5f615e8a26932792a82a2e4a33a97886e2d815eab8fc216d415,7
K983358,6a3cf5192354f71615ac51034b3e97c20eda99643fcaf5bbe6d41ad59bd12167,3
K983382,538d6440534fa5f615e8a26932792a82a2e4a33a97886e2d815eab8fc216d415,7
K983404,6a3cf5192354f71615ac51034b3e97c20eda99643fcaf5bbe6d41ad59bd12167,3
K983419,6a3cf5192354f71615ac51034b3e97c20eda99643fcaf5bbe6d41ad59bd12167,3
K983435,6a3cf5192354f71615ac51034b3e97c20eda99643fcaf5bbe6d41ad59bd12167,3
K983452,6a3cf5192354f71615ac51034b3e97c20eda99643fcaf5bbe6d41ad59bd12167,3
K983491,545c38b0922de19734fbffde62792c37c2aef6a3216cfa472449173165220f7d,4
K983495,7c370d9536d7d0d6a0f7cd7f9826692acd93e4fb05ba46f7b630b879740343d3,5
K983502,d088784b7ecb87f1ea17e6f982fa968ffefcc07b79de6ecc548fc00242868da6,6
K983508,545c38b0922de19734fbffde62792c37c2aef6a3216cfa472449173165220f7d,4
K983509,545c38b0922de19734fbffde62792c37c2aef6a3216cfa472449173165220f7d,4
K983530,6a3cf5192354f71615ac51034b3e97c20eda99643fcaf5bbe6d41ad59bd12167,3
K983557,7c370d9536d7d0d6a0f7cd7f9826692acd93e4fb05ba46f7b630b879740343d3,5
K983560,545c38b0922de19734fbffde62792c37c2aef6a3216cfa472449173165220f7d,4
K983577,7c370d9536d7d0d6a0f7cd7f9826692acd93e4fb05ba46f7b630b879740343d3,5
K983583,545c38b0922de19734fbffde62792c37c2aef6a3216cfa472449173165220f7d,4
K983592,545c38b0922de19734fbffde62792c37c2aef6a3216cfa472449173165220f7d,4
K983622,6a3cf5192354f71615ac51034b3e97c20eda99643fcaf5bbe6d41ad59bd12167,3
K983641,545c38b0922de19734fbffde62792c37c2aef6a3216cfa472449173165220f7d,4
K983657,7c370d9536d7d0d6a0f7cd7f9826692acd93e4fb05ba46f7b630b879740343d3,5
K983672,545c38b0922de19734fbffde62792c37c2aef6a3216cfa472449173165220f7d,4
K983685,6a3cf5192354f71615ac51034b3e97c20eda99643fcaf5bbe6d41ad59bd12167,3
K983706,6a3cf5192354f71615ac51034b3e97c20eda99643fcaf5bbe6d41ad59bd12167,3
K983710,545c38b0922de19734fbffde62792c37c2aef6a3216cfa472449173165220f7d,4
K983733,6a3cf5192354f71615ac51034b3e97c20eda99643fcaf5bbe6d41ad59bd12167,3
K983757,6a3cf5192354f71615ac51034b3e97c20eda99643fcaf5bbe6d41ad59bd12167,3
K983787,6a3cf5192354f71615ac51034b3e97c20eda99643fcaf5bbe6d41ad59bd12167,3
K983814,545c38b0922de19734fbffde62792c37c2aef6a3216cfa472449173165220f7d,4
K983818,6a3cf5192354f71615ac51034b3e97c20eda99643fcaf5bbe6d41ad59bd12167,3
K983834,6a3cf5192354f71615ac51034b3e97c20eda99643fcaf5bbe6d41ad59bd12167,3
K983835,545c38b0922de19734fbffde62792c37c2aef6a3216cfa472449173165220f7d,4
K983837,545c38b0922de19734fbffde62792c37c2aef6a3216cfa472449173165220f7d,4
K983843,6a3cf5192354f71615ac51034b3e97c20eda99643fcaf5bbe6d41ad59bd12167,3
K983853,6a3cf5192354f71615ac51034b3e97c20eda99643fcaf5bbe6d41ad59bd12167,3
K983873,6a3cf5192354f71615ac51034b3e97c20eda99643fcaf5bbe6d41ad59bd12167,3
K983881,6a3cf5192354f71615ac51034b3e97c20eda99643fcaf5bbe6d41ad59bd12167,3
K983899,545c38b0922de19734fbffde62792c37c2aef6a3216cfa472449173165220f7d,4
K983904,545c38b0922de19734fbffde62792c37c2aef6a3216cfa472449173165220f7d,4
K983906,545c38b0922de19734fbffde62792c37c2aef6a3216cfa472449173165220f7d,4
K983942,545c38b0922de19734fbffde62792c37c2aef6a3216cfa472449173165220f7d,4
K983967,6a3cf5192354f71615ac51034b3e97c20eda99643fcaf5bbe6d41ad59bd12167,3
K983976,79488488398f5f5aed236dd6e9f914599370d04dfe70fda61b8c83bf739b1088,8
K983988,6a3cf5192354f71615ac51034b3e97c20eda99643fcaf5bbe6d41ad59bd12167,3
K984027,545c38b0922de19734fbffde62792c37c2aef6a3216cfa472449173165220f7d,4
K984028,545c38b0922de19734fbffde62792c37c2aef6a3216cfa472449173165220f7d,4
K984054,6a3cf5192354f71615ac51034b3e97c20eda99643fcaf5bbe6d41ad59bd12167,3
K984154,545c38b0922de19734fbffde62792c37c2aef6a3216cfa472449173165220f7d,4
K984158,7c370d9536d7d0d6a0f7cd7f9826692acd93e4fb05ba46f7b630b879740343d3,5
K984171,7c370d9536d7d0d6a0f7cd7f9826692acd93e4fb05ba46f7b630b879740343d3,5
K984200,7c370d9536d7d0d6a0f7cd7f9826692acd93e4fb05ba46f7b630b879740343d3,5
K984202,545c38b0922de19734fbffde62792c37c2aef6a3216cfa472449173165220f7d,4
K984209,6a3cf5192354f71615ac51034b3e97c20eda99643fcaf5bbe6d41ad59bd12167,3
K984251,545c38b0922de19734fbffde62792c37c2aef6a3216cfa472449173165220f7d,4
K984290,545c38b0922de19734fbffde62792c37c2aef6a3216cfa472449173165220f7d,4
K984291,7c370d9536d7d0d6a0f7cd7f9826692acd93e4fb05ba46f7b630b879740343d3,5
K984296,545c38b0922de19734fbffde62792c37c2aef6a3216cfa472449173165220f7d,4
K984302,545c38b0922de19734fbffde62792c37c2aef6a3216cfa472449173165220f7d,4
K984305,6a3cf5192354f71615ac51034b3e97c20eda99643fcaf5bbe6d41ad59bd12167,3
K984320,545c38b0922de19734fbffde62792c37c2aef6a3216cfa472449173165220f7d,4
K984331,d088784b7ecb87f1ea17e6f982fa968ffefcc07b79de6ecc548fc00242868da6,6
K984342,6a3cf5192354f71615ac51034b3e97c20eda99643fcaf5bbe6d41ad59bd12167,3
K984348,545c38b0922de19734fbffde62792c37c2aef6a3216cfa472449173165220f7d,4
K984350,6a3cf5192354f71615ac51034b3e97c20eda99643fcaf5bbe6d41ad59bd12167,3
K984353,545c38b0922de19734fbffde62792c37c2aef6a3216cfa472449173165220f7d,4
K984360,545c38b0922de19734fbffde62792c37c2aef6a3216cfa472449173165220f7d,4
K984364,545c38b0922de19734fbffde62792c37c2aef6a3216cfa472449173165220f7d,4
K984375,545c38b0922de19734fbffde62792c37c2aef6a3216cfa472449173165220f7d,4
K984377,545c38b0922de19734fbffde62792c37c2aef6a3216cfa472449173165220f7d,4
K984378,545c38b0922de19734fbffde62792c37c2aef6a3216cfa472449173165220f7d,4
K984390,6a3cf5192354f71615ac51034b3e97c20eda99643fcaf5bbe6d41ad59bd12167,3
K984408,6a3cf5192354f71615ac51034b3e97c20eda99643fcaf5bbe6d41ad59bd12167,3
K984432,545c38b0922de19734fbffde62792c37c2aef6a3216cfa472449173165220f7d,4
K984442,6a3cf5192354f71615ac51034b3e97c20eda99643fcaf5bbe6d41ad59bd12167,3
K984458,6a3cf5192354f71615ac51034b3e97c20eda99643fcaf5bbe6d41ad59bd12167,3
K984459,545c38b0922de19734fbffde62792c37c2aef6a3216cfa472449173165220f7d,4
K984490,545c38b0922de19734fbffde62792c37c2aef6a3216cfa472449173165220f7d,4
K984492,7c370d9536d7d0d6a0f7cd7f9826692acd93e4fb05ba46f7b630b879740343d3,5
K984498,6a3cf5192354f71615ac51034b3e97c20eda99643fcaf5bbe6d41ad59bd12167,3
K984522,545c38b0922de19734fbffde62792c37c2aef6a3216cfa472449173165220f7d,4
K984541,d088784b7ecb87f1ea17e6f982fa968ffefcc07b79de6ecc548fc00242868da6,6
K984543,545c38b0922de19734fbffde62792c37c2aef6a3216cfa472449173165220f7d,4
K984578,d088784b7ecb87f1ea17e6f982fa968ffefcc07b79de6ecc548fc00242868da6,6
K984585,7c370d9536d7d0d6a0f7cd7f9826692acd93e4fb05ba46f7b630b879740343d3,5
K984602,545c38b0922de19734fbffde62792c37c2aef6a3216cfa472449173165220f7d,4
K984612,6a3cf5192354f71615ac51034b3e97c20eda99643fcaf5bbe6d41ad59bd12167,3
K984623,545c38b0922de19734fbffde62792c37c2aef6a3216cfa472449173165220f7d,4
K990005,545c38b0922de19734fbffde62792c37c2aef6a3216cfa472449173165220f7d,4
K990019,d088784b7ecb87f1ea17e6f982fa968ffefcc07b79de6ecc548fc00242868da6,6
K990030,545c38b0922de19734fbffde62792c37c2aef6a3216cfa472449173165220f7d,4
K990032,545c38b0922de19734fbffde62792c37c2aef6a3216cfa472449173165220f7d,4
K990057,d088784b7ecb87f1ea17e6f982fa968ffefcc07b79de6ecc548fc00242868da6,6
K990059,545c38b0922de19734fbffde62792c37c2aef6a3216cfa472449173165220f7d,4
K990094,545c38b0922de19734fbffde62792c37c2aef6a3216cfa472449173165220f7d,4
K990095,545c38b0922de19734fbffde62792c37c2aef6a3216cfa472449173165220f7d,4
K990118,6a3cf5192354f71615ac51034b3e97c20eda99643fcaf5bbe6d41ad59bd12167,3
K990120,6a3cf5192354f71615ac51034b3e97c20eda99643fcaf5bbe6d41ad59bd12167,3
K990131,545c38b0922de19734fbffde62792c37c2aef6a3216cfa472449173165220f7d,4
K990135,d088784b7ecb87f1ea17e6f982fa968ffefcc07b79de6ecc548fc00242868da6,6
K990136,545c38b0922de19734fbffde62792c37c2aef6a3216cfa472449173165220f7d,4
K990137,545c38b0922de19734fbffde62792c37c2aef6a3216cfa472449173165220f7d,4
K990148,545c38b0922de19734fbffde62792c37c2aef6a3216cfa472449173165220f7d,4
K990152,545c38b0922de19734fbffde62792c37c2aef6a3216cfa472449173165220f7d,4
K990156,7c370d9536d7d0d6a0f7cd7f9826692acd93e4fb05ba46f7b630b879740343d3,5
K990158,7c370d9536d7d0d6a0f7cd7f9826692acd93e4fb05ba46f7b630b879740343d3,5
K990160,6a3cf5192354f71615ac51034b3e97c20eda99643fcaf5bbe6d41ad59bd12167,3
K990183,545c38b0922de19734fbffde62792c37c2aef6a3216cfa472449173165220f7d,4
K990194,545c38b0922de19734fbffde62792c37c2aef6a3216cfa472449173165220f7d,4
K990197,7c370d9536d7d0d6a0f7cd7f9826692acd93e4fb05ba46f7b630b879740343d3,5
K990203,7c370d9536d7d0d6a0f7cd7f9826692acd93e4fb05ba46f7b630b879740343d3,5
K990261,6a3cf5192354f71615ac51034b3e97c20eda99643fcaf5bbe6d41ad59bd12167,3
K990291,6a3cf5192354f71615ac51034b3e97c20eda99643fcaf5bbe6d41ad59bd12167,3
K990295,6a3cf5192354f71615ac51034b3e97c20eda99643fcaf5bbe6d41ad59bd12167,3
K990303,545c38b0922de19734fbffde62792c37c2aef6a3216cfa472449173165220f7d,4
K990309,6a3cf5192354f71615ac51034b3e97c20eda99643fcaf5bbe6d41ad59bd12167,3
K990322,545c38b0922de19734fbffde62792c37c2aef6a3216cfa472449173165220f7d,4
K990330,7c370d9536d7d0d6a0f7cd7f9826692acd93e4fb05ba46f7b630b879740343d3,5
K990340,6a3cf5192354f71615ac51034b3e97c20eda99643fcaf5bbe6d41ad59bd12167,3
K990361,7c370d9536d7d0d6a0f7cd7f9826692acd93e4fb05ba46f7b630b879740343d3,5
K990369,6a3cf5192354f71615ac51034b3e97c20eda99643fcaf5bbe6d41ad59bd12167,3
K990392,6a3cf5192354f71615ac51034b3e97c20eda99643fcaf5bbe6d41ad59bd12167,3
K990454,545c38b0922de19734fbffde62792c37c2aef6a3216cfa472449173165220f7d,4
K990596,545c38b0922de19734fbffde62792c37c2aef6a3216cfa472449173165220f7d,4
K990598,545c38b0922de19734fbffde62792c37c2aef6a3216cfa472449173165220f7d,4
K990603,6a3cf5192354f71615ac51034b3e97c20eda99643fcaf5bbe6d41ad59bd12167,3
K990622,545c38b0922de19734fbffde62792c37c2aef6a3216cfa472449173165220f7d,4
K990666,545c38b0922de19734fbffde62792c37c2aef6a3216cfa472449173165220f7d,4
K990708,6a3cf5192354f71615ac51034b3e97c20eda99643fcaf5bbe6d41ad59bd12167,3
K990717,7c370d9536d7d0d6a0f7cd7f9826692acd93e4fb05ba46f7b630b879740343d3,5
K990721,6a3cf5192354f71615ac51034b3e97c20eda99643fcaf5bbe6d41ad59bd12167,3
K990745,6a3cf5192354f71615ac51034b3e97c20eda99643fcaf5bbe6d41ad59bd12167,3
K990770,538d6440534fa5f615e8a26932792a82a2e4a33a97886e2d815eab8fc216d415,7
K990776,6a3cf5192354f71615ac51034b3e97c20eda99643fcaf5bbe6d41ad59bd12167,3
K990804,545c38b0922de19734fbffde62792c37c2aef6a3216cfa472449173165220f7d,4
K990821,6a3cf5192354f71615ac51034b3e97c20eda99643fcaf5bbe6d41ad59bd12167,3
K990830,6a3cf5192354f71615ac51034b3e97c20eda99643fcaf5bbe6d41ad59bd12167,3
K990849,545c38b0922de19734fbffde62792c37c2aef6a3216cfa472449173165220f7d,4
K990922,545c38b0922de19734fbffde62792c37c2aef6a3216cfa472449173165220f7d,4
K990959,545c38b0922de19734fbffde62792c37c2aef6a3216cfa472449173165220f7d,4
K990965,6a3cf5192354f71615ac51034b3e97c20eda99643fcaf5bbe6d41ad59bd12167,3
K990987,545c38b0922de19734fbffde62792c37c2aef6a3216cfa472449173165220f7d,4
K990999,545c38b0922de19734fbffde62792c37c2aef6a3216cfa472449173165220f7d,4
K991009,6a3cf5192354f71615ac51034b3e97c20eda99643fcaf5bbe6d41ad59bd12167,3
K991024,7c370d9536d7d0d6a0f7cd7f9826692acd93e4fb05ba46f7b630b879740343d3,5
K991026,545c38b0922de19734fbffde62792c37c2aef6a3216cfa472449173165220f7d,4
K991031,545c38b0922de19734fbffde62792c37c2aef6a3216cfa472449173165220f7d,4
K991036,545c38b0922de19734fbffde62792c37c2aef6a3216cfa472449173165220f7d,4
K991055,545c38b0922de19734fbffde62792c37c2aef6a3216cfa472449173165220f7d,4
K991064,538d6440534fa5f615e8a26932792a82a2e4a33a97886e2d815eab8fc216d415,7
K991089,545c38b0922de19734fbffde62792c37c2aef6a3216cfa472449173165220f7d,4
K991092,545c38b0922de19734fbffde62792c37c2aef6a3216cfa472449173165220f7d,4
K991106,7c370d9536d7d0d6a0f7cd7f9826692acd93e4fb05ba46f7b630b879740343d3,5
K991123,6a3cf5192354f71615ac51034b3e97c20eda99643fcaf5bbe6d41ad59bd12167,3
K991135,6a3cf5192354f71615ac51034b3e97c20eda99643fcaf5bbe6d41ad59bd12167,3
K991143,d088784b7ecb87f1ea17e6f982fa968ffefcc07b79de6ecc548fc00242868da6,6
K991162,6a3cf5192354f71615ac51034b3e97c20eda99643fcaf5bbe6d41ad59bd12167,3
K991198,545c38b0922de19734fbffde62792c37c2aef6a3216cfa472449173165220f7d,4
K991226,6a3cf5192354f71615ac51034b3e97c20eda99643fcaf5bbe6d41ad59bd12167,3
K991227,6a3cf5192354f71615ac51034b3e97c20eda99643fcaf5bbe6d41ad59bd12167,3
K991298,6a3cf5192354f71615ac51034b3e97c20eda99643fcaf5bbe6d41ad59bd12167,3
K991325,6a3cf5192354f71615ac51034b3e97c20eda99643fcaf5bbe6d41ad59bd12167,3
K991326,6a3cf5192354f71615ac51034b3e97c20eda99643fcaf5bbe6d41ad59bd12167,3
K991364,6a3cf5192354f71615ac51034b3e97c20eda99643fcaf5bbe6d41ad59bd12167,3
K991405,6a3cf5192354f71615ac51034b3e97c20eda99643fcaf5bbe6d41ad59bd12167,3
K991407,6a3cf5192354f71615ac51034b3e97c20eda99643fcaf5bbe6d41ad59bd12167,3
K991428,6a3cf5192354f71615ac51034b3e97c20eda99643fcaf5bbe6d41ad59bd12167,3
K991460,6a3cf5192354f71615ac51034b3e97c20eda99643fcaf5bbe6d41ad59bd12167,3
K991461,7c370d9536d7d0d6a0f7cd7f9826692acd93e4fb05ba46f7b630b879740343d3,5
K991477,545c38b0922de19734fbffde62792c37c2aef6a3216cfa472449173165220f7d,4
K991482,545c38b0922de19734fbffde62792c37c2aef6a3216cfa472449173165220f7d,4
K991485,6a3cf5192354f71615ac51034b3e97c20eda99643fcaf5bbe6d41ad59bd12167,3
K991528,6a3cf5192354f71615ac51034b3e97c20eda99643fcaf5bbe6d41ad59bd12167,3
K991538,6a3cf5192354f71615ac51034b3e97c20eda99643fcaf5bbe6d41ad59bd12167,3
K991552,6a3cf5192354f71615ac51034b3e97c20eda99643fcaf5bbe6d41ad59bd12167,3
K991566,545c38b0922de19734fbffde62792c37c2aef6a3216cfa472449173165220f7d,4
K991581,538d6440534fa5f615e8a26932792a82a2e4a33a97886e2d815eab8fc216d415,7
K991585,545c38b0922de19734fbffde62792c37c2aef6a3216cfa472449173165220f7d,4
K991586,545c38b0922de19734fbffde62792c37c2aef6a3216cfa472449173165220f7d,4
K991603,6a3cf5192354f71615ac51034b3e97c20eda99643fcaf5bbe6d41ad59bd12167,3
K991622,6a3cf5192354f71615ac51034b3e97c20eda99643fcaf5bbe6d41ad59bd12167,3
K991649,545c38b0922de19734fbffde62792c37c2aef6a3216cfa472449173165220f7d,4
K991662,d088784b7ecb87f1ea17e6f982fa968ffefcc07b79de6ecc548fc00242868da6,6
K991678,d088784b7ecb87f1ea17e6f982fa968ffefcc07b79de6ecc548fc00242868da6,6
K991708,545c38b0922de19734fbffde62792c37c2aef6a3216cfa472449173165220f7d,4
K991715,7c370d9536d7d0d6a0f7cd7f9826692acd93e4fb05ba46f7b630b879740343d3,5
K991721,545c38b0922de19734fbffde62792c37c2aef6a3216cfa472449173165220f7d,4
K991732,75a11da44c802486bc6f65640aa48a730f0f684c5c07a42ba3cd1735eb3fb070,2
K991753,6a3cf5192354f71615ac51034b3e97c20eda99643fcaf5bbe6d41ad59bd12167,3
K991763,6a3cf5192354f71615ac51034b3e97c20eda99643fcaf5bbe6d41ad59bd12167,3
K991790,6a3cf5192354f71615ac51034b3e97c20eda99643fcaf5bbe6d41ad59bd12167,3
K991806,6a3cf5192354f71615ac51034b3e97c20eda99643fcaf5bbe6d41ad59bd12167,3
K991807,6a3cf5192354f71615ac51034b3e97c20eda99643fcaf5bbe6d41ad59bd12167,3
K991854,d088784b7ecb87f1ea17e6f982fa968ffefcc07b79de6ecc548fc00242868da6,6
K991862,6a3cf5192354f71615ac51034b3e97c20eda99643fcaf5bbe6d41ad59bd12167,3
K991869,545c38b0922de19734fbffde62792c37c2aef6a3216cfa472449173165220f7d,4
K991873,545c38b0922de19734fbffde62792c37c2aef6a3216cfa472449173165220f7d,4
K991882,7c370d9536d7d0d6a0f7cd7f9826692acd93e4fb05ba46f7b630b879740343d3,5
K991889,6a3cf5192354f71615ac51034b3e97c20eda99643fcaf5bbe6d41ad59bd12167,3
K991915,6a3cf5192354f71615ac51034b3e97c20eda99643fcaf5bbe6d41ad59bd12167,3
K991941,545c38b0922de19734fbffde62792c37c2aef6a3216cfa472449173165220f7d,4
K991952,545c38b0922de19734fbffde62792c37c2aef6a3216cfa472449173165220f7d,4
K991971,545c38b0922de19734fbffde62792c37c2aef6a3216cfa472449173165220f7d,4
K991987,6a3cf5192354f71615ac51034b3e97c20eda99643fcaf5bbe6d41ad59bd12167,3
K991990,7c370d9536d7d0d6a0f7cd7f9826692acd93e4fb05ba46f7b630b879740343d3,5
K992025,545c38b0922de19734fbffde62792c37c2aef6a3216cfa472449173165220f7d,4
K992058,545c38b0922de19734fbffde62792c37c2aef6a3216cfa472449173165220f7d,4
K992063,545c38b0922de19734fbffde62792c37c2aef6a3216cfa472449173165220f7d,4
K992065,79488488398f5f5aed236dd6e9f914599370d04dfe70fda61b8c83bf739b1088,8
K992106,545c38b0922de19734fbffde62792c37c2aef6a3216cfa472449173165220f7d,4
K992109,6a3cf5192354f71615ac51034b3e97c20eda99643fcaf5bbe6d41ad59bd12167,3
K992110,6a3cf5192354f71615ac51034b3e97c20eda99643fcaf5bbe6d41ad59bd12167,3
K992119,545c38b0922de19734fbffde62792c37c2aef6a3216cfa472449173165220f7d,4
K992144,6a3cf5192354f71615ac51034b3e97c20eda99643fcaf5bbe6d41ad59bd12167,3
K992147,7c370d9536d7d0d6a0f7cd7f9826692acd93e4fb05ba46f7b630b879740343d3,5
K992153,6a3cf5192354f71615ac51034b3e97c20eda99643fcaf5bbe6d41ad59bd12167,3
K992154,6a3cf5192354f71615ac51034b3e97c20eda99643fcaf5bbe6d41ad59bd12167,3
K992167,545c38b0922de19734fbffde62792c37c2aef6a3216cfa472449173165220f7d,4
K992168,6a3cf5192354f71615ac51034b3e97c20eda99643fcaf5bbe6d41ad59bd12167,3
K992220,6a3cf5192354f71615ac51034b3e97c20eda99643fcaf5bbe6d41ad59bd12167,3
K992234,6a3cf5192354f71615ac51034b3e97c20eda99643fcaf5bbe6d41ad59bd12167,3
K992235,6a3cf5192354f71615ac51034b3e97c20eda99643fcaf5bbe6d41ad59bd12167,3
K992276,545c38b0922de19734fbffde62792c37c2aef6a3216cfa472449173165220f7d,4
K992277,6a3cf5192354f71615ac51034b3e97c20eda99643fcaf5bbe6d41ad59bd12167,3
K992287,6a3cf5192354f71615ac51034b3e97c20eda99643fcaf5bbe6d41ad59bd12167,3
K992301,6a3cf5192354f71615ac51034b3e97c20eda99643fcaf5bbe6d41ad59bd12167,3
K992333,545c38b0922de19734fbffde62792c37c2aef6a3216cfa472449173165220f7d,4
K992344,545c38b0922de19734fbffde62792c37c2aef6a3216cfa472449173165220f7d,4
K992346,6a3cf5192354f71615ac51034b3e97c20eda99643fcaf5bbe6d41ad59bd12167,3
K992348,6a3cf5192354f71615ac51034b3e97c20eda99643fcaf5bbe6d41ad59bd12167,3
K992350,545c38b0922de19734fbffde62792c37c2aef6a3216cfa472449173165220f7d,4
K992355,6a3cf5192354f71615ac51034b3e97c20eda99643fcaf5bbe6d41ad59bd12167,3
K992359,7c370d9536d7d0d6a0f7cd7f9826692acd93e4fb05ba46f7b630b879740343d3,5
K992367,6a3cf5192354f71615ac51034b3e97c20eda99643fcaf5bbe6d41ad59bd12167,3
K992369,538d6440534fa5f615e8a26932792a82a2e4a33a97886e2d815eab8fc216d415,7
K992377,545c38b0922de19734fbffde62792c37c2aef6a3216cfa472449173165220f7d,4
K992396,7c370d9536d7d0d6a0f7cd7f9826692acd93e4fb05ba46f7b630b879740343d3,5
K992403,7c370d9536d7d0d6a0f7cd7f9826692acd93e4fb05ba46f7b630b879740343d3,5
K992409,545c38b0922de19734fbffde62792c37c2aef6a3216cfa472449173165220f7d,4
K992458,545c38b0922de19734fbffde62792c37c2aef6a3216cfa472449173165220f7d,4
K992487,6a3cf5192354f71615ac51034b3e97c20eda99643fcaf5bbe6d41ad59bd12167,3
K992515,545c38b0922de19734fbffde62792c37c2aef6a3216cfa472449173165220f7d,4
K992525,6a3cf5192354f71615ac51034b3e97c20eda99643fcaf5bbe6d41ad59bd12167,3
K992567,7c370d9536d7d0d6a0f7cd7f9826692acd93e4fb05ba46f7b630b879740343d3,5
K992570,6a3cf5192354f71615ac51034b3e97c20eda99643fcaf5bbe6d41ad59bd12167,3
K992611,6a3cf5192354f71615ac51034b3e97c20eda99643fcaf5bbe6d41ad59bd12167,3
K992616,545c38b0922de19734fbffde62792c37c2aef6a3216cfa472449173165220f7d,4
K992617,545c38b0922de19734fbffde62792c37c2aef6a3216cfa472449173165220f7d,4
K992656,545c38b0922de19734fbffde62792c37c2aef6a3216cfa472449173165220f7d,4
K992667,545c38b0922de19734fbffde62792c37c2aef6a3216cfa472449173165220f7d,4
K992738,6a3cf5192354f71615ac51034b3e97c20eda99643fcaf5bbe6d41ad59bd12167,3
K992739,545c38b0922de19734fbffde62792c37c2aef6a3216cfa472449173165220f7d,4
K992784,545c38b0922de19734fbffde62792c37c2aef6a3216cfa472449173165220f7d,4
K992792,545c38b0922de19734fbffde62792c37c2aef6a3216cfa472449173165220f7d,4
K992815,7c370d9536d7d0d6a0f7cd7f9826692acd93e4fb05ba46f7b630b879740343d3,5
K992837,6a3cf5192354f71615ac51034b3e97c20eda99643fcaf5bbe6d41ad59bd12167,3
K992885,7c370d9536d7d0d6a0f7cd7f9826692acd93e4fb05ba46f7b630b879740343d3,5
K992891,6a3cf5192354f71615ac51034b3e97c20eda99643fcaf5bbe6d41ad59bd12167,3
K992899,545c38b0922de19734fbffde62792c37c2aef6a3216cfa472449173165220f7d,4
K992903,6a3cf5192354f71615ac51034b3e97c20eda99643fcaf5bbe6d41ad59bd12167,3
K992920,545c38b0922de19734fbffde62792c37c2aef6a3216cfa472449173165220f7d,4
K992928,545c38b0922de19734fbffde62792c37c2aef6a3216cfa472449173165220f7d,4
K992938,6a3cf5192354f71615ac51034b3e97c20eda99643fcaf5bbe6d41ad59bd12167,3
K992945,7c370d9536d7d0d6a0f7cd7f9826692acd93e4fb05ba46f7b630b879740343d3,5
K992947,7c370d9536d7d0d6a0f7cd7f9826692acd93e4fb05ba46f7b630b879740343d3,5
K992961,6a3cf5192354f71615ac51034b3e97c20eda99643fcaf5bbe6d41ad59bd12167,3
K992970,6a3cf5192354f71615ac51034b3e97c20eda99643fcaf5bbe6d41ad59bd12167,3
K993004,6a3cf5192354f71615ac51034b3e97c20eda99643fcaf5bbe6d41ad59bd12167,3
K993025,545c38b0922de19734fbffde62792c37c2aef6a3216cfa472449173165220f7d,4
K993027,6a3cf5192354f71615ac51034b3e97c20eda99643fcaf5bbe6d41ad59bd12167,3
K993030,545c38b0922de19734fbffde62792c37c2aef6a3216cfa472449173165220f7d,4
K993043,545c38b0922de19734fbffde62792c37c2aef6a3216cfa472449173165220f7d,4
K993061,545c38b0922de19734fbffde62792c37c2aef6a3216cfa472449173165220f7d,4
K993066,7c370d9536d7d0d6a0f7cd7f9826692acd93e4fb05ba46f7b630b879740343d3,5
K993067,7c370d9536d7d0d6a0f7cd7f9826692acd93e4fb05ba46f7b630b879740343d3,5
K993073,545c38b0922de19734fbffde62792c37c2aef6a3216cfa472449173165220f7d,4
K993074,545c38b0922de19734fbffde62792c37c2aef6a3216cfa472449173165220f7d,4
K993077,545c38b0922de19734fbffde62792c37c2aef6a3216cfa472449173165220f7d,4
K993082,538d6440534fa5f615e8a26932792a82a2e4a33a97886e2d815eab8fc216d415,7
K993099,6a3cf5192354f71615ac51034b3e97c20eda99643fcaf5bbe6d41ad59bd12167,3
K993106,6a3cf5192354f71615ac51034b3e97c20eda99643fcaf5bbe6d41ad59bd12167,3
K993111,6a3cf5192354f71615ac51034b3e97c20eda99643fcaf5bbe6d41ad59bd12167,3
K993115,7c370d9536d7d0d6a0f7cd7f9826692acd93e4fb05ba46f7b630b879740343d3,5
K993159,545c38b0922de19734fbffde62792c37c2aef6a3216cfa472449173165220f7d,4
K993166,538d6440534fa5f615e8a26932792a82a2e4a33a97886e2d815eab8fc216d415,7
K993181,545c38b0922de19734fbffde62792c37c2aef6a3216cfa472449173165220f7d,4
K993259,545c38b0922de19734fbffde62792c37c2aef6a3216cfa472449173165220f7d,4
K993261,6a3cf5192354f71615ac51034b3e97c20eda99643fcaf5bbe6d41ad59bd12167,3
K993286,545c38b0922de19734fbffde62792c37c2aef6a3216cfa472449173165220f7d,4
K993289,545c38b0922de19734fbffde62792c37c2aef6a3216cfa472449173165220f7d,4
K993339,7c370d9536d7d0d6a0f7cd7f9826692acd93e4fb05ba46f7b630b879740343d3,5
K993352,538d6440534fa5f615e8a26932792a82a2e4a33a97886e2d815eab8fc216d415,7
K993371,6a3cf5192354f71615ac51034b3e97c20eda99643fcaf5bbe6d41ad59bd12167,3
K993373,6a3cf5192354f71615ac51034b3e97c20eda99643fcaf5bbe6d41ad59bd12167,3
K993402,545c38b0922de19734fbffde62792c37c2aef6a3216cfa472449173165220f7d,4
K993453,545c38b0922de19734fbffde62792c37c2aef6a3216cfa472449173165220f7d,4
K993465,545c38b0922de19734fbffde62792c37c2aef6a3216cfa472449173165220f7d,4
K993503,d088784b7ecb87f1ea17e6f982fa968ffefcc07b79de6ecc548fc00242868da6,6
K993510,6a3cf5192354f71615ac51034b3e97c20eda99643fcaf5bbe6d41ad59bd12167,3
K993513,545c38b0922de19734fbffde62792c37c2aef6a3216cfa472449173165220f7d,4
K993551,545c38b0922de19734fbffde62792c37c2aef6a3216cfa472449173165220f7d,4
K993601,545c38b0922de19734fbffde62792c37c2aef6a3216cfa472449173165220f7d,4
K993603,545c38b0922de19734fbffde62792c37c2aef6a3216cfa472449173165220f7d,4
K993630,6a3cf5192354f71615ac51034b3e97c20eda99643fcaf5bbe6d41ad59bd12167,3
K993649,545c38b0922de19734fbffde62792c37c2aef6a3216cfa472449173165220f7d,4
K993657,6a3cf5192354f71615ac51034b3e97c20eda99643fcaf5bbe6d41ad59bd12167,3
K993670,6a3cf5192354f71615ac51034b3e97c20eda99643fcaf5bbe6d41ad59bd12167,3
K993692,545c38b0922de19734fbffde62792c37c2aef6a3216cfa472449173165220f7d,4
K993714,545c38b0922de19734fbffde62792c37c2aef6a3216cfa472449173165220f7d,4
K993736,d088784b7ecb87f1ea17e6f982fa968ffefcc07b79de6ecc548fc00242868da6,6
K993762,545c38b0922de19734fbffde62792c37c2aef6a3216cfa472449173165220f7d,4
K993768,6a3cf5192354f71615ac51034b3e97c20eda99643fcaf5bbe6d41ad59bd12167,3
K993808,538d6440534fa5f615e8a26932792a82a2e4a33a97886e2d815eab8fc216d415,7
K993810,545c38b0922de19734fbffde62792c37c2aef6a3216cfa472449173165220f7d,4
K993822,545c38b0922de19734fbffde62792c37c2aef6a3216cfa472449173165220f7d,4
K993836,545c38b0922de19734fbffde62792c37c2aef6a3216cfa472449173165220f7d,4
K993855,6a3cf5192354f71615ac51034b3e97c20eda99643fcaf5bbe6d41ad59bd12167,3
K993873,545c38b0922de19734fbffde62792c37c2aef6a3216cfa472449173165220f7d,4
K993874,6a3cf5192354f71615ac51034b3e97c20eda99643fcaf5bbe6d41ad59bd12167,3
K993886,545c38b0922de19734fbffde62792c37c2aef6a3216cfa472449173165220f7d,4
K993889,6a3cf5192354f71615ac51034b3e97c20eda99643fcaf5bbe6d41ad59bd12167,3
K993903,545c38b0922de19734fbffde62792c37c2aef6a3216cfa472449173165220f7d,4
K993910,545c38b0922de19734fbffde62792c37c2aef6a3216cfa472449173165220f7d,4
K993926,7c370d9536d7d0d6a0f7cd7f9826692acd93e4fb05ba46f7b630b879740343d3,5
K993943,6a3cf5192354f71615ac51034b3e97c20eda99643fcaf5bbe6d41ad59bd12167,3
K993956,545c38b0922de19734fbffde62792c37c2aef6a3216cfa472449173165220f7d,4
K993975,545c38b0922de19734fbffde62792c37c2aef6a3216cfa472449173165220f7d,4
K994007,545c38b0922de19734fbffde62792c37c2aef6a3216cfa472449173165220f7d,4
K994038,545c38b0922de19734fbffde62792c37c2aef6a3216cfa472449173165220f7d,4
K994041,7c370d9536d7d0d6a0f7cd7f9826692acd93e4fb05ba46f7b630b879740343d3,5
K994061,6a3cf5192354f71615ac51034b3e97c20eda99643fcaf5bbe6d41ad59bd12167,3
K994070,6a3cf5192354f71615ac51034b3e97c20eda99643fcaf5bbe6d41ad59bd12167,3
K994076,545c38b0922de19734fbffde62792c37c2aef6a3216cfa472449173165220f7d,4
K994078,545c38b0922de19734fbffde62792c37c2aef6a3216cfa472449173165220f7d,4
K994121,6a3cf5192354f71615ac51034b3e97c20eda99643fcaf5bbe6d41ad59bd12167,3
K994122,6a3cf5192354f71615ac51034b3e97c20eda99643fcaf5bbe6d41ad59bd12167,3
K994126,6a3cf5192354f71615ac51034b3e97c20eda99643fcaf5bbe6d41ad59bd12167,3
K994128,538d6440534fa5f615e8a26932792a82a2e4a33a97886e2d815eab8fc216d415,7
K994143,545c38b0922de19734fbffde62792c37c2aef6a3216cfa472449173165220f7d,4
K994146,545c38b0922de19734fbffde62792c37c2aef6a3216cfa472449173165220f7d,4
K994152,545c38b0922de19734fbffde62792c37c2aef6a3216cfa472449173165220f7d,4
K994153,6a3cf5192354f71615ac51034b3e97c20eda99643fcaf5bbe6d41ad59bd12167,3
K994158,d088784b7ecb87f1ea17e6f982fa968ffefcc07b79de6ecc548fc00242868da6,6
K994161,6a3cf5192354f71615ac51034b3e97c20eda99643fcaf5bbe6d41ad59bd12167,3
K994184,545c38b0922de19734fbffde62792c37c2aef6a3216cfa472449173165220f7d,4
K994187,6a3cf5192354f71615ac51034b3e97c20eda99643fcaf5bbe6d41ad59bd12167,3
K994202,7c370d9536d7d0d6a0f7cd7f9826692acd93e4fb05ba46f7b630b879740343d3,5
K994207,545c38b0922de19734fbffde62792c37c2aef6a3216cfa472449173165220f7d,4
K994217,d088784b7ecb87f1ea17e6f982fa968ffefcc07b79de6ecc548fc00242868da6,6
K994232,545c38b0922de19734fbffde62792c37c2aef6a3216cfa472449173165220f7d,4
K994239,6a3cf5192354f71615ac51034b3e97c20eda99643fcaf5bbe6d41ad59bd12167,3
K994269,545c38b0922de19734fbffde62792c37c2aef6a3216cfa472449173165220f7d,4
K994286,545c38b0922de19734fbffde62792c37c2aef6a3216cfa472449173165220f7d,4
K994288,7c370d9536d7d0d6a0f7cd7f9826692acd93e4fb05ba46f7b630b879740343d3,5
K994326,545c38b0922de19734fbffde62792c37c2aef6a3216cfa472449173165220f7d,4
K994337,7c370d9536d7d0d6a0f7cd7f9826692acd93e4fb05ba46f7b630b879740343d3,5
K994347,545c38b0922de19734fbffde62792c37c2aef6a3216cfa472449173165220f7d,4
K994350,6a3cf5192354f71615ac51034b3e97c20eda99643fcaf5bbe6d41ad59bd12167,3
K994364,6a3cf5192354f71615ac51034b3e97c20eda99643fcaf5bbe6d41ad59bd12167,3
K994366,6a3cf5192354f71615ac51034b3e97c20eda99643fcaf5bbe6d41ad59bd12167,3
K994370,6a3cf5192354f71615ac51034b3e97c20eda99643fcaf5bbe6d41ad59bd12167,3
K994382,6a3cf5192354f71615ac51034b3e97c20eda99643fcaf5bbe6d41ad59bd12167,3
K994383,6a3cf5192354f71615ac51034b3e97c20eda99643fcaf5bbe6d41ad59bd12167,3
K994392,7c370d9536d7d0d6a0f7cd7f9826692acd93e4fb05ba46f7b630b879740343d3,5
K994393,538d6440534fa5f615e8a26932792a82a2e4a33a97886e2d815eab8fc216d415,7
K994415,545c38b0922de19734fbffde62792c37c2aef6a3216cfa472449173165220f7d,4
