device_knumber,predicate_knumber,tier,knums_in_doc
K020056,K000616,PROXIMITY_ONLY,24
K020056,K001378,PROXIMITY_ONLY,24
K020056,K003227,PROXIMITY_ONLY,24
K020056,K003970,SECTION_HEADED,24
K020056,K012001,PROXIMITY_ONLY,24
K020056,K911837,PROXIMITY_ONLY,24
K020056,K950272,PROXIMITY_ONLY,24
K020056,K960555,PROXIMITY_ONLY,24
K020056,K963369,PROXIMITY_ONLY,24
K020056,K963396,PROXIMITY_ONLY,24
K020056,K964013,PROXIMITY_ONLY,24
K020056,K964805,PROXIMITY_ONLY,24
K020056,K970896,PROXIMITY_ONLY,24
K020056,K972783,SECTION_HEADED,24
K020056,K973849,SECTION_HEADED,24
K020056,K983186,PROXIMITY_ONLY,24
K020056,K984490,PROXIMITY_ONLY,24
K020056,K990340,PROXIMITY_ONLY,24
K020056,K990987,PROXIMITY_ONLY,24
K020056,K992458,PROXIMITY_ONLY,24
K020056,K992567,SECTION_HEADED,24
K020056,K993073,PROXIMITY_ONLY,24
K020056,K993074,PROXIMITY_ONLY,24
K020056,K993453,PROXIMITY_ONLY,24
K030388,K000616,PROXIMITY_ONLY,25
K030388,K001378,PROXIMITY_ONLY,25
K030388,K003227,PROXIMITY_ONLY,25
K030388,K003970,PROXIMITY_ONLY,25
K030388,K013057,PROXIMITY_ONLY,25
K030388,K020056,SECTION_HEADED,25
K030388,K911837,PROXIMITY_ONLY,25
K030388,K950272,PROXIMITY_ONLY,25
K030388,K960555,PROXIMITY_ONLY,25
K030388,K963369,PROXIMITY_ONLY,25
K030388,K963396,PROXIMITY_ONLY,25
K030388,K964013,PROXIMITY_ONLY,25
K030388,K964805,PROXIMITY_ONLY,25
K030388,K970896,PROXIMITY_ONLY,25
K030388,K972783,SECTION_HEADED,25
K030388,K973849,SECTION_HEADED,25
K030388,K984490,PROXIMITY_ONLY,25
K030388,K990340,PROXIMITY_ONLY,25
K030388,K990987,PROXIMITY_ONLY,25
K030388,K992458,PROXIMITY_ONLY,25
K030388,K992567,PROXIMITY_ONLY,25
K030388,K993073,PROXIMITY_ONLY,25
K030388,K993074,PROXIMITY_ONLY,25
K030388,K993453,PROXIMITY_ONLY,25
K032730,K010988,PROXIMITY_ONLY,12
K032730,K012967,PROXIMITY_ONLY,12
K032730,K014072,SECTION_HEADED,12
K032730,K023437,PROXIMITY_ONLY,12
K032730,K030972,SECTION_HEADED,12
K032730,K851422,SECTION_HEADED,12
K032730,K871867,SECTION_HEADED,12
K032730,K913231,SECTION_HEADED,12
K032730,K954935,SECTION_HEADED,12
K032730,K955296,PROXIMITY_ONLY,12
K032730,K961939,PROXIMITY_ONLY,12
K032730,K994078,SECTION_HEADED,12
K042021,K001419,PROXIMITY_ONLY,17
K042021,K003728,PROXIMITY_ONLY,17
K042021,K003801,PROXIMITY_ONLY,17
K042021,K010124,PROXIMITY_ONLY,17
K042021,K012212,PROXIMITY_ONLY,17
K042021,K032126,PROXIMITY_ONLY,17
K042021,K032679,PROXIMITY_ONLY,17
K042021,K960906,PROXIMITY_ONLY,17
K042021,K974044,PROXIMITY_ONLY,17
K042021,K980244,PROXIMITY_ONLY,17
K042021,K981487,PROXIMITY_ONLY,17
K042021,K984541,PROXIMITY_ONLY,17
K042021,K990136,PROXIMITY_ONLY,17
K042021,K990137,PROXIMITY_ONLY,17
K042021,K992065,PROXIMITY_ONLY,17
K042021,K994392,PROXIMITY_ONLY,17
K042021,K994393,PROXIMITY_ONLY,17
K043339,K003659,PROXIMITY_ONLY,11
K043339,K010983,PROXIMITY_ONLY,11
K043339,K011522,PROXIMITY_ONLY,11
K043339,K031712,PROXIMITY_ONLY,11
K043339,K040500,PROXIMITY_ONLY,11
K043339,K864912,PROXIMITY_ONLY,11
K043339,K890902,PROXIMITY_ONLY,11
K043339,K901456,PROXIMITY_ONLY,11
K043339,K925098,PROXIMITY_ONLY,11
K043339,K953194,PROXIMITY_ONLY,11
K043339,K990291,PROXIMITY_ONLY,11
K050388,K003077,PROXIMITY_ONLY,12
K050388,K012001,PROXIMITY_ONLY,12
K050388,K023022,PROXIMITY_ONLY,12
K050388,K023887,PROXIMITY_ONLY,12
K050388,K030900,PROXIMITY_ONLY,12
K050388,K032447,PROXIMITY_ONLY,12
K050388,K041189,PROXIMITY_ONLY,12
K050388,K042295,PROXIMITY_ONLY,12
K050388,K964970,PROXIMITY_ONLY,12
K050388,K974876,PROXIMITY_ONLY,12
K050388,K992301,PROXIMITY_ONLY,12
K050388,K992947,PROXIMITY_ONLY,12
K053338,K000506,PROXIMITY_ONLY,12
K053338,K003227,PROXIMITY_ONLY,12
K053338,K003816,PROXIMITY_ONLY,12
K053338,K011172,PROXIMITY_ONLY,12
K053338,K012778,PROXIMITY_ONLY,12
K053338,K012787,PROXIMITY_ONLY,12
K053338,K012788,PROXIMITY_ONLY,12
K053338,K050749,PROXIMITY_ONLY,12
K053338,K051726,PROXIMITY_ONLY,12
K053338,K971358,PROXIMITY_ONLY,12
K053338,K971723,PROXIMITY_ONLY,12
K053338,K990340,PROXIMITY_ONLY,12
K061433,K020841,PROXIMITY_ONLY,11
K061433,K023546,PROXIMITY_ONLY,11
K061433,K032163,PROXIMITY_ONLY,11
K061433,K033489,PROXIMITY_ONLY,11
K061433,K040770,PROXIMITY_ONLY,11
K061433,K041160,PROXIMITY_ONLY,11
K061433,K051948,PROXIMITY_ONLY,11
K061433,K872379,PROXIMITY_ONLY,11
K061433,K874547,PROXIMITY_ONLY,11
K061433,K921182,PROXIMITY_ONLY,11
K061433,K972270,PROXIMITY_ONLY,11
K062934,K002733,PROXIMITY_ONLY,20
K062934,K003780,PROXIMITY_ONLY,20
K062934,K010681,PROXIMITY_ONLY,20
K062934,K013222,PROXIMITY_ONLY,20
K062934,K022015,PROXIMITY_ONLY,20
K062934,K022048,PROXIMITY_ONLY,20
K062934,K022190,PROXIMITY_ONLY,20
K062934,K023555,PROXIMITY_ONLY,20
K062934,K030103,PROXIMITY_ONLY,20
K062934,K033961,PROXIMITY_ONLY,20
K062934,K041203,PROXIMITY_ONLY,20
K062934,K042402,PROXIMITY_ONLY,20
K062934,K042498,PROXIMITY_ONLY,20
K062934,K042508,PROXIMITY_ONLY,20
K062934,K042524,PROXIMITY_ONLY,20
K062934,K043229,PROXIMITY_ONLY,20
K062934,K052180,PROXIMITY_ONLY,20
K062934,K052376,PROXIMITY_ONLY,20
K062934,K052734,PROXIMITY_ONLY,20
K062934,K053483,PROXIMITY_ONLY,20
K063637,K020152,PROXIMITY_ONLY,16
K063637,K021791,PROXIMITY_ONLY,16
K063637,K023570,PROXIMITY_ONLY,16
K063637,K024364,PROXIMITY_ONLY,16
K063637,K030601,PROXIMITY_ONLY,16
K063637,K030735,PROXIMITY_ONLY,16
K063637,K030736,PROXIMITY_ONLY,16
K063637,K031780,PROXIMITY_ONLY,16
K063637,K040167,PROXIMITY_ONLY,16
K063637,K040422,PROXIMITY_ONLY,16
K063637,K040536,PROXIMITY_ONLY,16
K063637,K041452,PROXIMITY_ONLY,16
K063637,K041556,PROXIMITY_ONLY,16
K063637,K042201,PROXIMITY_ONLY,16
K063637,K043206,PROXIMITY_ONLY,16
K063637,K050449,PROXIMITY_ONLY,16
K070050,K000521,PROXIMITY_ONLY,16
K070050,K000817,PROXIMITY_ONLY,16
K070050,K021822,PROXIMITY_ONLY,16
K070050,K934169,PROXIMITY_ONLY,16
K070050,K935449,PROXIMITY_ONLY,16
K070050,K942611,PROXIMITY_ONLY,16
K070050,K962560,PROXIMITY_ONLY,16
K070050,K973119,PROXIMITY_ONLY,16
K070050,K973302,PROXIMITY_ONLY,16
K070050,K973614,PROXIMITY_ONLY,16
K070050,K973685,PROXIMITY_ONLY,16
K070050,K973809,PROXIMITY_ONLY,16
K070050,K974093,PROXIMITY_ONLY,16
K070050,K974095,PROXIMITY_ONLY,16
K070050,K974294,PROXIMITY_ONLY,16
K070050,K980473,PROXIMITY_ONLY,16
K071520,K012503,PROXIMITY_ONLY,12
K071520,K053344,PROXIMITY_ONLY,12
K071520,K926384,PROXIMITY_ONLY,12
K071520,K943806,PROXIMITY_ONLY,12
K071520,K960516,PROXIMITY_ONLY,12
K071520,K962397,PROXIMITY_ONLY,12
K071520,K962511,PROXIMITY_ONLY,12
K071520,K962793,PROXIMITY_ONLY,12
K071520,K971723,PROXIMITY_ONLY,12
K071520,K972326,PROXIMITY_ONLY,12
K071520,K973775,PROXIMITY_ONLY,12
K071520,K982420,PROXIMITY_ONLY,12
K072116,K010108,SECTION_HEADED,13
K072116,K010658,SECTION_HEADED,13
K072116,K022623,PROXIMITY_ONLY,13
K072116,K022949,SECTION_HEADED,13
K072116,K031585,SECTION_HEADED,13
K072116,K933881,SECTION_HEADED,13
K072116,K951725,SECTION_HEADED,13
K072116,K955348,SECTION_HEADED,13
K072116,K964024,PROXIMITY_ONLY,13
K072116,K982987,PROXIMITY_ONLY,13
K072116,K983583,PROXIMITY_ONLY,13
K072116,K984251,SECTION_HEADED,13
K072116,K994121,PROXIMITY_ONLY,13
K073430,K061202,SECTION_HEADED,11
K073430,K062685,SECTION_HEADED,11
K073430,K070281,SECTION_HEADED,11
K073430,K070387,PROXIMITY_ONLY,11
K073430,K070962,PROXIMITY_ONLY,11
K073430,K071376,PROXIMITY_ONLY,11
K073430,K071857,SECTION_HEADED,11
K073430,K071860,PROXIMITY_ONLY,11
K073430,K072022,SECTION_HEADED,11
K073430,K072183,PROXIMITY_ONLY,11
K073430,K072317,PROXIMITY_ONLY,11
K080088,K012503,PROXIMITY_ONLY,13
K080088,K012872,PROXIMITY_ONLY,13
K080088,K033355,PROXIMITY_ONLY,13
K080088,K040475,PROXIMITY_ONLY,13
K080088,K042460,PROXIMITY_ONLY,13
K080088,K053344,PROXIMITY_ONLY,13
K080088,K060693,PROXIMITY_ONLY,13
K080088,K061389,PROXIMITY_ONLY,13
K080088,K061657,PROXIMITY_ONLY,13
K080088,K061801,PROXIMITY_ONLY,13
K080088,K071569,PROXIMITY_ONLY,13
K080088,K973015,PROXIMITY_ONLY,13
K081383,K020152,PROXIMITY_ONLY,18
K081383,K021791,PROXIMITY_ONLY,18
K081383,K023570,PROXIMITY_ONLY,18
K081383,K024364,PROXIMITY_ONLY,18
K081383,K030601,PROXIMITY_ONLY,18
K081383,K030735,PROXIMITY_ONLY,18
K081383,K030736,PROXIMITY_ONLY,18
K081383,K031780,PROXIMITY_ONLY,18
K081383,K040167,PROXIMITY_ONLY,18
K081383,K040422,PROXIMITY_ONLY,18
K081383,K040536,PROXIMITY_ONLY,18
K081383,K041452,PROXIMITY_ONLY,18
K081383,K041556,PROXIMITY_ONLY,18
K081383,K042201,PROXIMITY_ONLY,18
K081383,K043206,PROXIMITY_ONLY,18
K081383,K050449,PROXIMITY_ONLY,18
K081383,K051454,PROXIMITY_ONLY,18
K081383,K063637,PROXIMITY_ONLY,18
K081978,K022285,PROXIMITY_ONLY,15
K081978,K030383,PROXIMITY_ONLY,15
K081978,K042635,PROXIMITY_ONLY,15
K081978,K052398,PROXIMITY_ONLY,15
K081978,K052404,PROXIMITY_ONLY,15
K081978,K052847,PROXIMITY_ONLY,15
K081978,K061520,PROXIMITY_ONLY,15
K081978,K063670,PROXIMITY_ONLY,15
K081978,K070973,PROXIMITY_ONLY,15
K081978,K072282,PROXIMITY_ONLY,15
K081978,K072429,PROXIMITY_ONLY,15
K081978,K073562,PROXIMITY_ONLY,15
K081978,K080792,PROXIMITY_ONLY,15
K081978,K080928,PROXIMITY_ONLY,15
K081978,K933881,PROXIMITY_ONLY,15
K090705,K000666,PROXIMITY_ONLY,11
K090705,K020383,PROXIMITY_ONLY,11
K090705,K031201,PROXIMITY_ONLY,11
K090705,K033272,SECTION_HEADED,11
K090705,K872379,PROXIMITY_ONLY,11
K090705,K912663,PROXIMITY_ONLY,11
K090705,K923277,SECTION_HEADED,11
K090705,K936159,PROXIMITY_ONLY,11
K090705,K951987,PROXIMITY_ONLY,11
K090705,K994370,PROXIMITY_ONLY,11
K091974,K030840,SECTION_HEADED,16
K091974,K031655,SECTION_HEADED,16
K091974,K032265,SECTION_HEADED,16
K091974,K033322,SECTION_HEADED,16
K091974,K042025,SECTION_HEADED,16
K091974,K042167,SECTION_HEADED,16
K091974,K043488,SECTION_HEADED,16
K091974,K050439,SECTION_HEADED,16
K091974,K050809,SECTION_HEADED,16
K091974,K052054,PROXIMITY_ONLY,16
K091974,K053474,SECTION_HEADED,16
K091974,K061579,PROXIMITY_ONLY,16
K091974,K061591,PROXIMITY_ONLY,16
K091974,K082236,PROXIMITY_ONLY,16
K091974,K090390,PROXIMITY_ONLY,16
K091974,K091442,PROXIMITY_ONLY,16
K100933,K001534,PROXIMITY_ONLY,14
K100933,K003649,PROXIMITY_ONLY,14
K100933,K010171,PROXIMITY_ONLY,14
K100933,K020153,PROXIMITY_ONLY,14
K100933,K060635,PROXIMITY_ONLY,14
K100933,K061253,PROXIMITY_ONLY,14
K100933,K062383,PROXIMITY_ONLY,14
K100933,K070061,PROXIMITY_ONLY,14
K100933,K933499,PROXIMITY_ONLY,14
K100933,K935453,PROXIMITY_ONLY,14
K100933,K953792,PROXIMITY_ONLY,14
K100933,K990135,SECTION_HEADED,14
K100933,K994415,SECTION_HEADED,14
K102367,K021657,SECTION_HEADED,11
K102367,K023211,SECTION_HEADED,11
K102367,K884796,SECTION_HEADED,11
K102367,K892394,SECTION_HEADED,11
K102367,K892800,SECTION_HEADED,11
K102367,K915132,SECTION_HEADED,11
K102367,K922285,SECTION_HEADED,11
K102367,K933785,SECTION_HEADED,11
K102367,K935262,SECTION_HEADED,11
K102367,K951987,SECTION_HEADED,11
K102367,K993159,SECTION_HEADED,11
K102399,K020153,PROXIMITY_ONLY,12
K102399,K030151,SECTION_HEADED,12
K102399,K030205,PROXIMITY_ONLY,12
K102399,K043537,SECTION_HEADED,12
K102399,K060635,PROXIMITY_ONLY,12
K102399,K933499,PROXIMITY_ONLY,12
K102399,K935453,PROXIMITY_ONLY,12
K102399,K953792,PROXIMITY_ONLY,12
K102399,K955386,PROXIMITY_ONLY,12
K102399,K960156,PROXIMITY_ONLY,12
K103012,K000242,SECTION_HEADED,13
K103012,K032964,PROXIMITY_ONLY,13
K103012,K040601,SECTION_HEADED,13
K103012,K040613,SECTION_HEADED,13
K103012,K041906,PROXIMITY_ONLY,13
K103012,K042842,PROXIMITY_ONLY,13
K103012,K051682,PROXIMITY_ONLY,13
K103012,K052787,PROXIMITY_ONLY,13
K103012,K063279,PROXIMITY_ONLY,13
K103012,K070479,SECTION_HEADED,13
K103012,K080980,PROXIMITY_ONLY,13
K103012,K993082,SECTION_HEADED,13
K110896,K022285,PROXIMITY_ONLY,19
K110896,K030383,PROXIMITY_ONLY,19
K110896,K042635,PROXIMITY_ONLY,19
K110896,K052398,PROXIMITY_ONLY,19
K110896,K052404,PROXIMITY_ONLY,19
K110896,K061520,PROXIMITY_ONLY,19
K110896,K063670,PROXIMITY_ONLY,19
K110896,K070973,PROXIMITY_ONLY,19
K110896,K072282,PROXIMITY_ONLY,19
K110896,K072429,PROXIMITY_ONLY,19
K110896,K080792,PROXIMITY_ONLY,19
K110896,K080928,PROXIMITY_ONLY,19
K110896,K081252,PROXIMITY_ONLY,19
K110896,K081978,PROXIMITY_ONLY,19
K110896,K880215,PROXIMITY_ONLY,19
K110896,K933881,PROXIMITY_ONLY,19
K110896,K961633,PROXIMITY_ONLY,19
K111546,K001733,PROXIMITY_ONLY,11
K111546,K022520,SECTION_HEADED,11
K111546,K050262,PROXIMITY_ONLY,11
K111546,K061066,PROXIMITY_ONLY,11
K111546,K062978,PROXIMITY_ONLY,11
K111546,K070756,SECTION_HEADED,11
K111546,K101670,PROXIMITY_ONLY,11
K111546,K103479,PROXIMITY_ONLY,11
K111546,K990369,SECTION_HEADED,11
K111546,K993352,SECTION_HEADED,11
K111546,K994078,SECTION_HEADED,11
K111863,K030047,PROXIMITY_ONLY,23
K111863,K030055,PROXIMITY_ONLY,23
K111863,K042989,PROXIMITY_ONLY,23
K111863,K052996,PROXIMITY_ONLY,23
K111863,K070369,PROXIMITY_ONLY,23
K111863,K102795,SECTION_HEADED,23
K111863,K110555,PROXIMITY_ONLY,23
K111863,K810120,PROXIMITY_ONLY,23
K111863,K861114,PROXIMITY_ONLY,23
K111863,K861433,PROXIMITY_ONLY,23
K111863,K911685,PROXIMITY_ONLY,23
K111863,K920639,PROXIMITY_ONLY,23
K111863,K920640,PROXIMITY_ONLY,23
K111863,K921181,PROXIMITY_ONLY,23
K111863,K921277,PROXIMITY_ONLY,23
K111863,K921301,PROXIMITY_ONLY,23
K111863,K926107,PROXIMITY_ONLY,23
K111863,K954417,PROXIMITY_ONLY,23
K111863,K970501,PROXIMITY_ONLY,23
K111863,K991990,PROXIMITY_ONLY,23
K112030,K032686,SECTION_HEADED,11
K112030,K051385,SECTION_HEADED,11
K112030,K072578,PROXIMITY_ONLY,11
K112030,K080615,PROXIMITY_ONLY,11
K112030,K083439,PROXIMITY_ONLY,11
K112030,K083714,PROXIMITY_ONLY,11
K112030,K100889,PROXIMITY_ONLY,11
K112030,K102067,PROXIMITY_ONLY,11
K112809,K000486,SECTION_HEADED,11
K112809,K000742,SECTION_HEADED,11
K112809,K010466,SECTION_HEADED,11
K112809,K012881,SECTION_HEADED,11
K112809,K030327,SECTION_HEADED,11
K112809,K042235,SECTION_HEADED,11
K112809,K052292,SECTION_HEADED,11
K112809,K974706,SECTION_HEADED,11
K112809,K982443,SECTION_HEADED,11
K112809,K993855,SECTION_HEADED,11
K112809,K994239,SECTION_HEADED,11
K112898,K021891,SECTION_HEADED,11
K112898,K070369,SECTION_HEADED,11
K112898,K072154,PROXIMITY_ONLY,11
K112898,K102975,PROXIMITY_ONLY,11
K112898,K934765,SECTION_HEADED,11
K112898,K953490,SECTION_HEADED,11
K112898,K960094,SECTION_HEADED,11
K112898,K974093,PROXIMITY_ONLY,11
K112898,K974095,PROXIMITY_ONLY,11
K113733,K000089,SECTION_HEADED,12
K113733,K000558,PROXIMITY_ONLY,12
K113733,K012655,SECTION_HEADED,12
K113733,K020401,PROXIMITY_ONLY,12
K113733,K020602,PROXIMITY_ONLY,12
K113733,K023802,PROXIMITY_ONLY,12
K113733,K023941,SECTION_HEADED,12
K113733,K033995,SECTION_HEADED,12
K113733,K061621,SECTION_HEADED,12
K113733,K071715,SECTION_HEADED,12
K113733,K092609,PROXIMITY_ONLY,12
K113733,K961413,SECTION_HEADED,12
K121096,K043405,SECTION_HEADED,11
K121096,K052210,PROXIMITY_ONLY,11
K121096,K071795,PROXIMITY_ONLY,11
K121096,K081888,PROXIMITY_ONLY,11
K121096,K083661,SECTION_HEADED,11
K121096,K090816,SECTION_HEADED,11
K121096,K092162,SECTION_HEADED,11
K121096,K093704,SECTION_HEADED,11
K121096,K101720,PROXIMITY_ONLY,11
K121096,K120063,SECTION_HEADED,11
K121393,K032295,PROXIMITY_ONLY,12
K121393,K032683,PROXIMITY_ONLY,12
K121393,K041106,PROXIMITY_ONLY,12
K121393,K041825,PROXIMITY_ONLY,12
K121393,K042515,PROXIMITY_ONLY,12
K121393,K051229,PROXIMITY_ONLY,12
K121393,K072531,PROXIMITY_ONLY,12
K121393,K100897,PROXIMITY_ONLY,12
K121393,K951987,SECTION_HEADED,12
K121393,K953274,SECTION_HEADED,12
K121393,K954909,SECTION_HEADED,12
K121393,K962137,PROXIMITY_ONLY,12
K121567,K043405,PROXIMITY_ONLY,11
K121567,K081888,PROXIMITY_ONLY,11
K121567,K090816,SECTION_HEADED,11
K121567,K093704,SECTION_HEADED,11
K121567,K100175,PROXIMITY_ONLY,11
K121567,K100516,SECTION_HEADED,11
K121567,K101720,PROXIMITY_ONLY,11
K121567,K112405,PROXIMITY_ONLY,11
K121568,K022949,PROXIMITY_ONLY,12
K121568,K062513,PROXIMITY_ONLY,12
K121568,K071373,PROXIMITY_ONLY,12
K121568,K082572,PROXIMITY_ONLY,12
K121568,K083393,PROXIMITY_ONLY,12
K121568,K091291,PROXIMITY_ONLY,12
K121568,K091717,PROXIMITY_ONLY,12
K121568,K092825,PROXIMITY_ONLY,12
K121568,K100706,PROXIMITY_ONLY,12
K121568,K102488,PROXIMITY_ONLY,12
K121568,K103085,PROXIMITY_ONLY,12
K121568,K120270,PROXIMITY_ONLY,12
K121601,K000684,SECTION_HEADED,12
K121601,K033805,SECTION_HEADED,12
K121601,K040593,SECTION_HEADED,12
K121601,K042598,SECTION_HEADED,12
K121601,K043227,SECTION_HEADED,12
K121601,K043560,SECTION_HEADED,12
K121601,K051098,SECTION_HEADED,12
K121601,K063049,PROXIMITY_ONLY,12
K121601,K120070,PROXIMITY_ONLY,12
K121601,K120854,SECTION_HEADED,12
K121670,K032219,PROXIMITY_ONLY,11
K121670,K061202,SECTION_HEADED,11
K121670,K062085,PROXIMITY_ONLY,11
K121670,K071945,PROXIMITY_ONLY,11
K121670,K081153,SECTION_HEADED,11
K121670,K081195,SECTION_HEADED,11
K121670,K090657,PROXIMITY_ONLY,11
K121670,K091782,SECTION_HEADED,11
K121670,K092929,SECTION_HEADED,11
K121670,K093294,SECTION_HEADED,11
K121670,K100788,SECTION_HEADED,11
K121940,K043484,SECTION_HEADED,11
K121940,K071633,SECTION_HEADED,11
K121940,K071877,SECTION_HEADED,11
K121940,K083581,SECTION_HEADED,11
K121940,K090252,SECTION_HEADED,11
K121940,K092536,SECTION_HEADED,11
K121940,K093285,SECTION_HEADED,11
K121940,K103091,SECTION_HEADED,11
K121940,K103237,SECTION_HEADED,11
K121940,K120399,SECTION_HEADED,11
K122185,K003237,PROXIMITY_ONLY,17
K122185,K022520,PROXIMITY_ONLY,17
K122185,K050262,SECTION_HEADED,17
K122185,K061253,PROXIMITY_ONLY,17
K122185,K062978,PROXIMITY_ONLY,17
K122185,K070756,PROXIMITY_ONLY,17
K122185,K083762,PROXIMITY_ONLY,17
K122185,K092386,PROXIMITY_ONLY,17
K122185,K093472,SECTION_HEADED,17
K122185,K093846,PROXIMITY_ONLY,17
K122185,K101229,PROXIMITY_ONLY,17
K122185,K103479,PROXIMITY_ONLY,17
K122185,K103497,SECTION_HEADED,17
K122185,K103662,PROXIMITY_ONLY,17
K122185,K111546,PROXIMITY_ONLY,17
K122185,K121777,PROXIMITY_ONLY,17
K124027,K021932,SECTION_HEADED,11
K124027,K050636,SECTION_HEADED,11
K124027,K060428,SECTION_HEADED,11
K124027,K060736,SECTION_HEADED,11
K124027,K090675,SECTION_HEADED,11
K124027,K090949,SECTION_HEADED,11
K124027,K924018,SECTION_HEADED,11
K124027,K962823,SECTION_HEADED,11
K124027,K973309,SECTION_HEADED,11
K124027,K991151,SECTION_HEADED,11
K124027,K991197,SECTION_HEADED,11
K130376,K003016,PROXIMITY_ONLY,19
K130376,K021346,PROXIMITY_ONLY,19
K130376,K052026,SECTION_HEADED,19
K130376,K061547,PROXIMITY_ONLY,19
K130376,K072656,SECTION_HEADED,19
K130376,K100866,SECTION_HEADED,19
K130376,K121221,SECTION_HEADED,19
K130376,K122382,PROXIMITY_ONLY,19
K130376,K123434,SECTION_HEADED,19
K130376,K123688,SECTION_HEADED,19
K132624,K031729,PROXIMITY_ONLY,13
K132624,K040267,PROXIMITY_ONLY,13
K132624,K042883,PROXIMITY_ONLY,13
K132624,K042993,PROXIMITY_ONLY,13
K132624,K051146,PROXIMITY_ONLY,13
K132624,K051380,PROXIMITY_ONLY,13
K132624,K051977,PROXIMITY_ONLY,13
K132624,K053514,PROXIMITY_ONLY,13
K132624,K061521,PROXIMITY_ONLY,13
K132624,K072221,PROXIMITY_ONLY,13
K132624,K072575,PROXIMITY_ONLY,13
K132624,K123166,PROXIMITY_ONLY,13
K132624,K123486,PROXIMITY_ONLY,13
K132644,K022623,PROXIMITY_ONLY,11
K132644,K031585,PROXIMITY_ONLY,11
K132644,K071880,PROXIMITY_ONLY,11
K132644,K081952,PROXIMITY_ONLY,11
K132644,K092076,PROXIMITY_ONLY,11
K132644,K092624,PROXIMITY_ONLY,11
K132644,K964024,PROXIMITY_ONLY,11
K132644,K974749,PROXIMITY_ONLY,11
K132644,K983904,PROXIMITY_ONLY,11
K133188,K043473,PROXIMITY_ONLY,21
K133188,K050461,PROXIMITY_ONLY,21
K133188,K052181,PROXIMITY_ONLY,21
K133188,K052971,SECTION_HEADED,21
K133188,K060361,PROXIMITY_ONLY,21
K133188,K060748,PROXIMITY_ONLY,21
K133188,K060979,PROXIMITY_ONLY,21
K133188,K061813,SECTION_HEADED,21
K133188,K062270,SECTION_HEADED,21
K133188,K062698,SECTION_HEADED,21
K133188,K070368,SECTION_HEADED,21
K133188,K071373,PROXIMITY_ONLY,21
K133188,K073151,SECTION_HEADED,21
K133188,K082608,SECTION_HEADED,21
K133188,K083393,PROXIMITY_ONLY,21
K133188,K092605,PROXIMITY_ONLY,21
K133188,K100737,SECTION_HEADED,21
K133188,K102235,PROXIMITY_ONLY,21
K133188,K982494,PROXIMITY_ONLY,21
K133575,K013301,SECTION_HEADED,13
K133575,K041119,SECTION_HEADED,13
K133575,K050461,SECTION_HEADED,13
K133575,K052761,SECTION_HEADED,13
K133575,K060361,SECTION_HEADED,13
K133575,K060748,SECTION_HEADED,13
K133575,K062174,SECTION_HEADED,13
K133575,K062912,SECTION_HEADED,13
K133575,K071373,SECTION_HEADED,13
K133575,K071890,SECTION_HEADED,13
K133575,K090799,SECTION_HEADED,13
K133575,K113666,SECTION_HEADED,13
K133746,K000476,PROXIMITY_ONLY,15
K133746,K003822,PROXIMITY_ONLY,15
K133746,K022285,PROXIMITY_ONLY,15
K133746,K022949,PROXIMITY_ONLY,15
K133746,K082572,PROXIMITY_ONLY,15
K133746,K090203,PROXIMITY_ONLY,15
K133746,K090523,SECTION_HEADED,15
K133746,K091067,PROXIMITY_ONLY,15
K133746,K905826,PROXIMITY_ONLY,15
K133746,K950099,SECTION_HEADED,15
K133746,K962984,PROXIMITY_ONLY,15
K133746,K974749,SECTION_HEADED,15
K133944,K032033,SECTION_HEADED,12
K133944,K070229,SECTION_HEADED,12
K133944,K091445,SECTION_HEADED,12
K133944,K103440,SECTION_HEADED,12
K133944,K120656,SECTION_HEADED,12
K133944,K123412,SECTION_HEADED,12
K133944,K130330,SECTION_HEADED,12
K133944,K131030,SECTION_HEADED,12
K133944,K131784,SECTION_HEADED,12
K133944,K132361,SECTION_HEADED,12
K133944,K132757,SECTION_HEADED,12
K140043,K002149,SECTION_HEADED,16
K140043,K003016,PROXIMITY_ONLY,16
K140043,K012091,PROXIMITY_ONLY,16
K140043,K021346,PROXIMITY_ONLY,16
K140043,K052026,SECTION_HEADED,16
K140043,K121221,SECTION_HEADED,16
K140043,K122382,PROXIMITY_ONLY,16
K140043,K130376,SECTION_HEADED,16
K140397,K022324,SECTION_HEADED,15
K140397,K022325,SECTION_HEADED,15
K140397,K040907,PROXIMITY_ONLY,15
K140397,K043583,PROXIMITY_ONLY,15
K140397,K050819,PROXIMITY_ONLY,15
K140397,K052614,PROXIMITY_ONLY,15
K140397,K063875,PROXIMITY_ONLY,15
K140397,K091614,PROXIMITY_ONLY,15
K140397,K101962,PROXIMITY_ONLY,15
K140397,K103705,PROXIMITY_ONLY,15
K140397,K120157,PROXIMITY_ONLY,15
K140397,K120359,PROXIMITY_ONLY,15
K140397,K121425,PROXIMITY_ONLY,15
K140397,K121437,PROXIMITY_ONLY,15
K140397,K121651,PROXIMITY_ONLY,15
K140529,K070229,SECTION_HEADED,11
K140529,K072914,SECTION_HEADED,11
K140529,K080792,SECTION_HEADED,11
K140529,K081381,SECTION_HEADED,11
K140529,K090390,SECTION_HEADED,11
K140529,K100851,SECTION_HEADED,11
K140529,K103440,SECTION_HEADED,11
K140529,K120656,SECTION_HEADED,11
K140529,K132328,SECTION_HEADED,11
K140529,K132757,SECTION_HEADED,11
K140529,K961633,SECTION_HEADED,11
K140678,K033090,SECTION_HEADED,11
K140678,K050461,SECTION_HEADED,11
K140678,K052761,SECTION_HEADED,11
K140678,K060361,SECTION_HEADED,11
K140678,K071373,SECTION_HEADED,11
K140678,K071890,SECTION_HEADED,11
K140678,K093077,SECTION_HEADED,11
K140678,K920116,SECTION_HEADED,11
K140678,K940631,SECTION_HEADED,11
K140678,K950697,SECTION_HEADED,11
K141044,K022949,PROXIMITY_ONLY,11
K141044,K024096,PROXIMITY_ONLY,11
K141044,K041119,PROXIMITY_ONLY,11
K141044,K042962,SECTION_HEADED,11
K141044,K052151,PROXIMITY_ONLY,11
K141044,K072022,PROXIMITY_ONLY,11
K141044,K083393,SECTION_HEADED,11
K141044,K091445,SECTION_HEADED,11
K141044,K100952,PROXIMITY_ONLY,11
K141044,K121115,SECTION_HEADED,11
K141044,K132878,SECTION_HEADED,11
K141056,K031729,PROXIMITY_ONLY,16
K141056,K042883,PROXIMITY_ONLY,16
K141056,K042993,PROXIMITY_ONLY,16
K141056,K050539,PROXIMITY_ONLY,16
K141056,K051146,PROXIMITY_ONLY,16
K141056,K051380,PROXIMITY_ONLY,16
K141056,K053514,PROXIMITY_ONLY,16
K141056,K061521,PROXIMITY_ONLY,16
K141056,K062037,PROXIMITY_ONLY,16
K141056,K063423,PROXIMITY_ONLY,16
K141056,K070095,PROXIMITY_ONLY,16
K141056,K072221,PROXIMITY_ONLY,16
K141056,K072575,PROXIMITY_ONLY,16
K141056,K123166,PROXIMITY_ONLY,16
K141056,K123486,PROXIMITY_ONLY,16
K141327,K043537,SECTION_HEADED,11
K141327,K083762,SECTION_HEADED,11
K141327,K100412,SECTION_HEADED,11
K141327,K112091,SECTION_HEADED,11
K141327,K112158,PROXIMITY_ONLY,11
K141327,K112898,PROXIMITY_ONLY,11
K141327,K130899,SECTION_HEADED,11
K141327,K883460,SECTION_HEADED,11
K141327,K972791,SECTION_HEADED,11
K141327,K980513,SECTION_HEADED,11
K141327,K991325,SECTION_HEADED,11
K141665,K071795,SECTION_HEADED,12
K141665,K080699,PROXIMITY_ONLY,12
K141665,K090816,PROXIMITY_ONLY,12
K141665,K113348,SECTION_HEADED,12
K141665,K120918,SECTION_HEADED,12
K141665,K123045,SECTION_HEADED,12
K141665,K123231,PROXIMITY_ONLY,12
K141665,K130820,SECTION_HEADED,12
K141665,K131082,SECTION_HEADED,12
K141665,K132601,SECTION_HEADED,12
K141665,K133455,PROXIMITY_ONLY,12
K141665,K140319,PROXIMITY_ONLY,12
K141680,K000682,PROXIMITY_ONLY,17
K141680,K000684,PROXIMITY_ONLY,17
K141680,K001945,PROXIMITY_ONLY,17
K141680,K011978,PROXIMITY_ONLY,17
K141680,K012114,SECTION_HEADED,17
K141680,K030597,PROXIMITY_ONLY,17
K141680,K030858,PROXIMITY_ONLY,17
K141680,K033975,PROXIMITY_ONLY,17
K141680,K033995,PROXIMITY_ONLY,17
K141680,K040777,SECTION_HEADED,17
K141680,K041860,PROXIMITY_ONLY,17
K141680,K051986,PROXIMITY_ONLY,17
K141680,K061753,PROXIMITY_ONLY,17
K141680,K062564,PROXIMITY_ONLY,17
K141680,K082807,PROXIMITY_ONLY,17
K141680,K092609,PROXIMITY_ONLY,17
K141680,K092812,PROXIMITY_ONLY,17
K142419,K012114,PROXIMITY_ONLY,11
K142419,K063049,SECTION_HEADED,11
K142419,K071184,PROXIMITY_ONLY,11
K142419,K083694,PROXIMITY_ONLY,11
K142419,K090047,SECTION_HEADED,11
K142419,K091644,PROXIMITY_ONLY,11
K142419,K092556,PROXIMITY_ONLY,11
K142419,K102694,SECTION_HEADED,11
K142419,K113733,SECTION_HEADED,11
K142419,K982732,SECTION_HEADED,11
K142531,K011182,SECTION_HEADED,13
K142531,K030383,SECTION_HEADED,13
K142531,K121250,SECTION_HEADED,13
K142531,K130646,SECTION_HEADED,13
K142531,K933881,SECTION_HEADED,13
K142531,K950099,SECTION_HEADED,13
K142531,K953915,SECTION_HEADED,13
K142531,K982011,SECTION_HEADED,13
K142531,K982320,SECTION_HEADED,13
K142531,K982511,SECTION_HEADED,13
K142531,K983583,SECTION_HEADED,13
K142531,K992168,SECTION_HEADED,13
K142531,K992739,SECTION_HEADED,13
K142752,K031985,SECTION_HEADED,11
K142752,K052247,SECTION_HEADED,11
K142752,K052566,SECTION_HEADED,11
K142752,K060634,SECTION_HEADED,11
K142752,K060683,SECTION_HEADED,11
K142752,K062505,SECTION_HEADED,11
K142752,K070282,SECTION_HEADED,11
K142752,K090060,SECTION_HEADED,11
K142752,K131980,SECTION_HEADED,11
K142752,K133086,SECTION_HEADED,11
K142752,K133291,SECTION_HEADED,11
K142761,K003666,PROXIMITY_ONLY,14
K142761,K011623,PROXIMITY_ONLY,14
K142761,K093472,PROXIMITY_ONLY,14
K142761,K110087,PROXIMITY_ONLY,14
K142761,K110290,PROXIMITY_ONLY,14
K142761,K111481,PROXIMITY_ONLY,14
K142761,K122305,PROXIMITY_ONLY,14
K142761,K123705,PROXIMITY_ONLY,14
K142761,K130128,PROXIMITY_ONLY,14
K142761,K130343,PROXIMITY_ONLY,14
K142761,K131647,PROXIMITY_ONLY,14
K142761,K803126,PROXIMITY_ONLY,14
K142761,K891454,PROXIMITY_ONLY,14
K142761,K992234,PROXIMITY_ONLY,14
K142814,K002757,PROXIMITY_ONLY,11
K142814,K021260,SECTION_HEADED,11
K142814,K021380,SECTION_HEADED,11
K142814,K031480,SECTION_HEADED,11
K142814,K072336,SECTION_HEADED,11
K142814,K080330,SECTION_HEADED,11
K142814,K102580,SECTION_HEADED,11
K142814,K122770,SECTION_HEADED,11
K142814,K140669,SECTION_HEADED,11
K142814,K141331,SECTION_HEADED,11
K142814,K992346,SECTION_HEADED,11
K143443,K022672,PROXIMITY_ONLY,12
K143443,K023788,PROXIMITY_ONLY,12
K143443,K042344,PROXIMITY_ONLY,12
K143443,K053390,PROXIMITY_ONLY,12
K143443,K071220,PROXIMITY_ONLY,12
K143443,K101281,PROXIMITY_ONLY,12
K143443,K120955,PROXIMITY_ONLY,12
K143443,K121879,PROXIMITY_ONLY,12
K143443,K123166,PROXIMITY_ONLY,12
K143443,K140452,PROXIMITY_ONLY,12
K143443,K143106,PROXIMITY_ONLY,12
K143578,K040284,SECTION_HEADED,18
K143578,K060665,PROXIMITY_ONLY,18
K143578,K072465,PROXIMITY_ONLY,18
K143578,K072970,SECTION_HEADED,18
K143578,K072991,SECTION_HEADED,18
K143578,K082252,SECTION_HEADED,18
K143578,K083389,SECTION_HEADED,18
K143578,K093242,SECTION_HEADED,18
K143578,K102293,SECTION_HEADED,18
K143578,K102313,SECTION_HEADED,18
K143578,K112756,PROXIMITY_ONLY,18
K143578,K120101,SECTION_HEADED,18
K143578,K121107,PROXIMITY_ONLY,18
K143578,K122097,SECTION_HEADED,18
K143578,K123231,SECTION_HEADED,18
K143578,K130478,SECTION_HEADED,18
K143578,K131449,SECTION_HEADED,18
K143578,K133967,SECTION_HEADED,18
K143683,K000536,PROXIMITY_ONLY,17
K143683,K060748,SECTION_HEADED,17
K143683,K062513,SECTION_HEADED,17
K143683,K071373,SECTION_HEADED,17
K143683,K081252,PROXIMITY_ONLY,17
K143683,K090648,SECTION_HEADED,17
K143683,K092825,SECTION_HEADED,17
K143683,K102488,SECTION_HEADED,17
K143683,K102701,SECTION_HEADED,17
K143683,K110906,SECTION_HEADED,17
K143683,K113666,SECTION_HEADED,17
K143683,K132603,SECTION_HEADED,17
K143683,K142185,SECTION_HEADED,17
K143683,K940631,PROXIMITY_ONLY,17
K143683,K950099,PROXIMITY_ONLY,17
K143683,K950697,PROXIMITY_ONLY,17
K143683,K980288,SECTION_HEADED,17
K150302,K002149,PROXIMITY_ONLY,19
K150302,K052026,PROXIMITY_ONLY,19
K150302,K061547,PROXIMITY_ONLY,19
K150302,K072656,SECTION_HEADED,19
K150302,K122382,SECTION_HEADED,19
K150302,K123688,SECTION_HEADED,19
K150302,K140676,SECTION_HEADED,19
K150302,K141235,PROXIMITY_ONLY,19
K150302,K893685,PROXIMITY_ONLY,19
K150302,K920593,PROXIMITY_ONLY,19
K150302,K925512,PROXIMITY_ONLY,19
K150302,K932222,PROXIMITY_ONLY,19
K150302,K953025,PROXIMITY_ONLY,19
K150417,K000536,SECTION_HEADED,17
K150417,K060748,SECTION_HEADED,17
K150417,K062513,SECTION_HEADED,17
K150417,K071373,SECTION_HEADED,17
K150417,K081252,PROXIMITY_ONLY,17
K150417,K090648,SECTION_HEADED,17
K150417,K092825,SECTION_HEADED,17
K150417,K102488,SECTION_HEADED,17
K150417,K102701,SECTION_HEADED,17
K150417,K110906,SECTION_HEADED,17
K150417,K113666,SECTION_HEADED,17
K150417,K131802,SECTION_HEADED,17
K150417,K132603,SECTION_HEADED,17
K150417,K940631,PROXIMITY_ONLY,17
K150417,K950697,SECTION_HEADED,17
K150417,K954696,SECTION_HEADED,17
K150417,K980288,SECTION_HEADED,17
K150561,K000682,PROXIMITY_ONLY,15
K150561,K000684,PROXIMITY_ONLY,15
K150561,K011815,SECTION_HEADED,15
K150561,K011978,PROXIMITY_ONLY,15
K150561,K023802,PROXIMITY_ONLY,15
K150561,K030858,PROXIMITY_ONLY,15
K150561,K033995,SECTION_HEADED,15
K150561,K051986,PROXIMITY_ONLY,15
K150561,K061753,PROXIMITY_ONLY,15
K150561,K062564,PROXIMITY_ONLY,15
K150561,K082807,PROXIMITY_ONLY,15
K150561,K112583,PROXIMITY_ONLY,15
K150561,K840954,PROXIMITY_ONLY,15
K150561,K923613,PROXIMITY_ONLY,15
K150561,K953607,PROXIMITY_ONLY,15
K150693,K003496,PROXIMITY_ONLY,14
K150693,K012945,PROXIMITY_ONLY,14
K150693,K014154,PROXIMITY_ONLY,14
K150693,K021932,PROXIMITY_ONLY,14
K150693,K060156,PROXIMITY_ONLY,14
K150693,K102903,PROXIMITY_ONLY,14
K150693,K120493,PROXIMITY_ONLY,14
K150693,K123890,PROXIMITY_ONLY,14
K150693,K142442,PROXIMITY_ONLY,14
K150693,K962011,PROXIMITY_ONLY,14
K150693,K962823,PROXIMITY_ONLY,14
K150693,K963172,PROXIMITY_ONLY,14
K150693,K963192,PROXIMITY_ONLY,14
K150693,K991197,PROXIMITY_ONLY,14
K150856,K022949,SECTION_HEADED,11
K150856,K031175,SECTION_HEADED,11
K150856,K071438,SECTION_HEADED,11
K150856,K073240,SECTION_HEADED,11
K150856,K090033,SECTION_HEADED,11
K150856,K092128,SECTION_HEADED,11
K150856,K121172,SECTION_HEADED,11
K150856,K130279,SECTION_HEADED,11
K150856,K131343,SECTION_HEADED,11
K150856,K143248,SECTION_HEADED,11
K150856,K992739,SECTION_HEADED,11
K150928,K001456,SECTION_HEADED,11
K150928,K102795,SECTION_HEADED,11
K150928,K102927,SECTION_HEADED,11
K150928,K110950,SECTION_HEADED,11
K150928,K133162,SECTION_HEADED,11
K150928,K143725,SECTION_HEADED,11
K150928,K932837,SECTION_HEADED,11
K150928,K945589,SECTION_HEADED,11
K150928,K954818,SECTION_HEADED,11
K150928,K983004,SECTION_HEADED,11
K151241,K022599,PROXIMITY_ONLY,15
K151241,K030900,SECTION_HEADED,15
K151241,K041189,SECTION_HEADED,15
K151241,K041456,SECTION_HEADED,15
K151241,K043142,SECTION_HEADED,15
K151241,K063298,PROXIMITY_ONLY,15
K151241,K070617,SECTION_HEADED,15
K151241,K071540,SECTION_HEADED,15
K151241,K120739,PROXIMITY_ONLY,15
K151241,K130859,PROXIMITY_ONLY,15
K151241,K131722,SECTION_HEADED,15
K151241,K132912,PROXIMITY_ONLY,15
K151241,K133036,PROXIMITY_ONLY,15
K151241,K133235,PROXIMITY_ONLY,15
K151241,K895389,PROXIMITY_ONLY,15
K151293,K030941,SECTION_HEADED,14
K151293,K041066,SECTION_HEADED,14
K151293,K050316,SECTION_HEADED,14
K151293,K051075,SECTION_HEADED,14
K151293,K061439,SECTION_HEADED,14
K151293,K081059,SECTION_HEADED,14
K151293,K092873,PROXIMITY_ONLY,14
K151293,K100142,SECTION_HEADED,14
K151293,K112069,PROXIMITY_ONLY,14
K151293,K122698,SECTION_HEADED,14
K151293,K132285,SECTION_HEADED,14
K151293,K140082,SECTION_HEADED,14
K151293,K140478,SECTION_HEADED,14
K151293,K140904,PROXIMITY_ONLY,14
K151316,K003237,SECTION_HEADED,12
K151316,K022520,PROXIMITY_ONLY,12
K151316,K050262,PROXIMITY_ONLY,12
K151316,K101670,PROXIMITY_ONLY,12
K151316,K103497,PROXIMITY_ONLY,12
K151316,K111546,PROXIMITY_ONLY,12
K151316,K112463,PROXIMITY_ONLY,12
K151316,K121777,PROXIMITY_ONLY,12
K151316,K122185,PROXIMITY_ONLY,12
K151316,K122504,PROXIMITY_ONLY,12
K151316,K132455,PROXIMITY_ONLY,12
K151316,K994078,PROXIMITY_ONLY,12
K151422,K071438,SECTION_HEADED,11
K151422,K073240,SECTION_HEADED,11
K151422,K090033,SECTION_HEADED,11
K151422,K092128,SECTION_HEADED,11
K151422,K121172,SECTION_HEADED,11
K151422,K130279,SECTION_HEADED,11
K151422,K131343,SECTION_HEADED,11
K151422,K131615,SECTION_HEADED,11
K151422,K133746,SECTION_HEADED,11
K151422,K141804,SECTION_HEADED,11
K151422,K143248,SECTION_HEADED,11
K151704,K000236,SECTION_HEADED,13
K151704,K020279,SECTION_HEADED,13
K151704,K024096,SECTION_HEADED,13
K151704,K033901,SECTION_HEADED,13
K151704,K051971,SECTION_HEADED,13
K151704,K081080,SECTION_HEADED,13
K151704,K102870,PROXIMITY_ONLY,13
K151704,K103490,SECTION_HEADED,13
K151704,K110280,PROXIMITY_ONLY,13
K151704,K120838,PROXIMITY_ONLY,13
K151704,K123717,PROXIMITY_ONLY,13
K151704,K955348,SECTION_HEADED,13
K152084,K001733,SECTION_HEADED,18
K152084,K010367,SECTION_HEADED,18
K152084,K011623,SECTION_HEADED,18
K152084,K013350,PROXIMITY_ONLY,18
K152084,K042959,PROXIMITY_ONLY,18
K152084,K103431,PROXIMITY_ONLY,18
K152084,K103479,SECTION_HEADED,18
K152084,K110290,SECTION_HEADED,18
K152084,K112019,PROXIMITY_ONLY,18
K152084,K120578,SECTION_HEADED,18
K152084,K120924,PROXIMITY_ONLY,18
K152084,K121665,PROXIMITY_ONLY,18
K152084,K122099,PROXIMITY_ONLY,18
K152084,K150007,PROXIMITY_ONLY,18
K152084,K803126,SECTION_HEADED,18
K152084,K974054,SECTION_HEADED,18
K152267,K040432,SECTION_HEADED,12
K152267,K042021,SECTION_HEADED,12
K152267,K060535,SECTION_HEADED,12
K152267,K061454,SECTION_HEADED,12
K152267,K062273,SECTION_HEADED,12
K152267,K062274,SECTION_HEADED,12
K152267,K071032,SECTION_HEADED,12
K152267,K103466,SECTION_HEADED,12
K152267,K112470,SECTION_HEADED,12
K152267,K112983,SECTION_HEADED,12
K152267,K131135,SECTION_HEADED,12
K152267,K140063,SECTION_HEADED,12
K152430,K021657,PROXIMITY_ONLY,13
K152430,K051640,SECTION_HEADED,13
K152430,K082469,PROXIMITY_ONLY,13
K152430,K103733,PROXIMITY_ONLY,13
K152430,K120507,PROXIMITY_ONLY,13
K152430,K131864,SECTION_HEADED,13
K152430,K132752,SECTION_HEADED,13
K152430,K140073,PROXIMITY_ONLY,13
K152430,K140075,PROXIMITY_ONLY,13
K152430,K150829,PROXIMITY_ONLY,13
K152430,K150832,PROXIMITY_ONLY,13
K152430,K962152,SECTION_HEADED,13
K152430,K974556,SECTION_HEADED,13
K152631,K033890,PROXIMITY_ONLY,19
K152631,K043083,PROXIMITY_ONLY,19
K152631,K061223,PROXIMITY_ONLY,19
K152631,K063128,PROXIMITY_ONLY,19
K152631,K063731,PROXIMITY_ONLY,19
K152631,K093552,PROXIMITY_ONLY,19
K152631,K113325,PROXIMITY_ONLY,19
K152631,K122218,SECTION_HEADED,19
K152631,K131679,SECTION_HEADED,19
K152631,K140735,SECTION_HEADED,19
K152631,K142550,SECTION_HEADED,19
K152631,K894334,PROXIMITY_ONLY,19
K152631,K930228,PROXIMITY_ONLY,19
K152631,K932858,PROXIMITY_ONLY,19
K152631,K953439,PROXIMITY_ONLY,19
K152631,K960617,PROXIMITY_ONLY,19
K152631,K972626,PROXIMITY_ONLY,19
K152631,K973524,PROXIMITY_ONLY,19
K152631,K990030,PROXIMITY_ONLY,19
K153374,K000682,PROXIMITY_ONLY,20
K153374,K000684,PROXIMITY_ONLY,20
K153374,K001945,PROXIMITY_ONLY,20
K153374,K011978,PROXIMITY_ONLY,20
K153374,K012114,PROXIMITY_ONLY,20
K153374,K030597,PROXIMITY_ONLY,20
K153374,K030858,PROXIMITY_ONLY,20
K153374,K033995,PROXIMITY_ONLY,20
K153374,K040777,PROXIMITY_ONLY,20
K153374,K041860,PROXIMITY_ONLY,20
K153374,K050110,PROXIMITY_ONLY,20
K153374,K051986,PROXIMITY_ONLY,20
K153374,K061753,PROXIMITY_ONLY,20
K153374,K062564,PROXIMITY_ONLY,20
K153374,K082807,PROXIMITY_ONLY,20
K153374,K092609,PROXIMITY_ONLY,20
K153374,K112583,PROXIMITY_ONLY,20
K153374,K840954,PROXIMITY_ONLY,20
K153374,K923613,SECTION_HEADED,20
K153374,K953607,PROXIMITY_ONLY,20
K153602,K051075,PROXIMITY_ONLY,13
K153602,K080402,PROXIMITY_ONLY,13
K153602,K092873,PROXIMITY_ONLY,13
K153602,K100858,PROXIMITY_ONLY,13
K153602,K110598,PROXIMITY_ONLY,13
K153602,K111629,PROXIMITY_ONLY,13
K153602,K113254,PROXIMITY_ONLY,13
K153602,K130642,PROXIMITY_ONLY,13
K153602,K130895,PROXIMITY_ONLY,13
K153602,K131559,PROXIMITY_ONLY,13
K153602,K133349,PROXIMITY_ONLY,13
K153602,K142139,PROXIMITY_ONLY,13
K153602,K143256,PROXIMITY_ONLY,13
K153716,K000682,PROXIMITY_ONLY,23
K153716,K000684,PROXIMITY_ONLY,23
K153716,K001945,PROXIMITY_ONLY,23
K153716,K011978,PROXIMITY_ONLY,23
K153716,K012114,PROXIMITY_ONLY,23
K153716,K021932,PROXIMITY_ONLY,23
K153716,K023802,PROXIMITY_ONLY,23
K153716,K030597,PROXIMITY_ONLY,23
K153716,K030858,PROXIMITY_ONLY,23
K153716,K033975,PROXIMITY_ONLY,23
K153716,K033995,PROXIMITY_ONLY,23
K153716,K040777,PROXIMITY_ONLY,23
K153716,K041860,PROXIMITY_ONLY,23
K153716,K051567,PROXIMITY_ONLY,23
K153716,K051986,PROXIMITY_ONLY,23
K153716,K061753,PROXIMITY_ONLY,23
K153716,K062494,PROXIMITY_ONLY,23
K153716,K062564,PROXIMITY_ONLY,23
K153716,K082807,SECTION_HEADED,23
K153716,K092493,PROXIMITY_ONLY,23
K153716,K092812,PROXIMITY_ONLY,23
K153716,K982732,PROXIMITY_ONLY,23
K153716,K983787,PROXIMITY_ONLY,23
K153725,K003666,PROXIMITY_ONLY,11
K153725,K093472,PROXIMITY_ONLY,11
K153725,K110087,PROXIMITY_ONLY,11
K153725,K122305,PROXIMITY_ONLY,11
K153725,K123705,PROXIMITY_ONLY,11
K153725,K130128,PROXIMITY_ONLY,11
K153725,K130343,PROXIMITY_ONLY,11
K153725,K131647,PROXIMITY_ONLY,11
K153725,K142761,PROXIMITY_ONLY,11
K153725,K925897,PROXIMITY_ONLY,11
K153725,K992234,PROXIMITY_ONLY,11
K160124,K041119,SECTION_HEADED,17
K160124,K050461,SECTION_HEADED,17
K160124,K052761,SECTION_HEADED,17
K160124,K060361,SECTION_HEADED,17
K160124,K060748,SECTION_HEADED,17
K160124,K061520,SECTION_HEADED,17
K160124,K062174,SECTION_HEADED,17
K160124,K071373,SECTION_HEADED,17
K160124,K090230,SECTION_HEADED,17
K160124,K090648,SECTION_HEADED,17
K160124,K090799,SECTION_HEADED,17
K160124,K102701,SECTION_HEADED,17
K160124,K111571,SECTION_HEADED,17
K160124,K112607,SECTION_HEADED,17
K160124,K113666,SECTION_HEADED,17
K160124,K130302,SECTION_HEADED,17
K160124,K133575,SECTION_HEADED,17
K160515,K001456,PROXIMITY_ONLY,11
K160515,K100542,PROXIMITY_ONLY,11
K160515,K110950,SECTION_HEADED,11
K160515,K133919,PROXIMITY_ONLY,11
K160515,K143725,PROXIMITY_ONLY,11
K160515,K932837,PROXIMITY_ONLY,11
K160515,K945589,PROXIMITY_ONLY,11
K160515,K951987,PROXIMITY_ONLY,11
K160515,K954818,PROXIMITY_ONLY,11
K160515,K962137,PROXIMITY_ONLY,11
K160652,K080398,SECTION_HEADED,11
K160652,K092375,SECTION_HEADED,11
K160652,K110838,SECTION_HEADED,11
K160652,K122074,SECTION_HEADED,11
K160652,K123850,SECTION_HEADED,11
K160652,K131405,SECTION_HEADED,11
K160652,K141049,SECTION_HEADED,11
K160652,K150714,SECTION_HEADED,11
K160652,K150875,SECTION_HEADED,11
K160652,K151718,SECTION_HEADED,11
K160652,K152681,SECTION_HEADED,11
K160895,K000306,PROXIMITY_ONLY,19
K160895,K002747,PROXIMITY_ONLY,19
K160895,K013658,PROXIMITY_ONLY,19
K160895,K033716,PROXIMITY_ONLY,19
K160895,K042051,PROXIMITY_ONLY,19
K160895,K043537,SECTION_HEADED,19
K160895,K060031,SECTION_HEADED,19
K160895,K072963,PROXIMITY_ONLY,19
K160895,K102423,PROXIMITY_ONLY,19
K160895,K112115,PROXIMITY_ONLY,19
K160895,K120578,SECTION_HEADED,19
K160895,K883460,SECTION_HEADED,19
K160895,K931665,PROXIMITY_ONLY,19
K160895,K932755,PROXIMITY_ONLY,19
K160895,K934060,PROXIMITY_ONLY,19
K160895,K980513,SECTION_HEADED,19
K160895,K991026,PROXIMITY_ONLY,19
K160895,K993352,PROXIMITY_ONLY,19
K160926,K011182,SECTION_HEADED,13
K160926,K030383,SECTION_HEADED,13
K160926,K061520,SECTION_HEADED,13
K160926,K062196,SECTION_HEADED,13
K160926,K071860,SECTION_HEADED,13
K160926,K142531,SECTION_HEADED,13
K160926,K933881,SECTION_HEADED,13
K160926,K953915,SECTION_HEADED,13
K160926,K982011,SECTION_HEADED,13
K160926,K982320,SECTION_HEADED,13
K160926,K982511,SECTION_HEADED,13
K160926,K983583,SECTION_HEADED,13
K160926,K992168,SECTION_HEADED,13
K161592,K010685,SECTION_HEADED,13
K161592,K011954,SECTION_HEADED,13
K161592,K033363,SECTION_HEADED,13
K161592,K070695,PROXIMITY_ONLY,13
K161592,K113369,SECTION_HEADED,13
K161592,K121771,SECTION_HEADED,13
K161592,K122160,SECTION_HEADED,13
K161592,K122529,SECTION_HEADED,13
K161592,K141407,SECTION_HEADED,13
K161592,K150090,SECTION_HEADED,13
K161592,K880155,SECTION_HEADED,13
K161592,K942263,SECTION_HEADED,13
K161592,K971938,SECTION_HEADED,13
K162134,K032219,SECTION_HEADED,19
K162134,K041119,SECTION_HEADED,19
K162134,K062085,SECTION_HEADED,19
K162134,K070300,SECTION_HEADED,19
K162134,K071945,SECTION_HEADED,19
K162134,K073364,SECTION_HEADED,19
K162134,K082942,SECTION_HEADED,19
K162134,K090203,SECTION_HEADED,19
K162134,K090230,SECTION_HEADED,19
K162134,K090657,SECTION_HEADED,19
K162134,K100623,SECTION_HEADED,19
K162134,K111957,SECTION_HEADED,19
K162134,K112551,SECTION_HEADED,19
K162134,K123352,SECTION_HEADED,19
K162134,K123549,SECTION_HEADED,19
K162134,K123939,SECTION_HEADED,19
K162134,K130291,SECTION_HEADED,19
K162134,K133746,SECTION_HEADED,19
K162134,K151974,SECTION_HEADED,19
K162674,K001945,SECTION_HEADED,24
K162674,K013248,SECTION_HEADED,24
K162674,K061808,SECTION_HEADED,24
K162674,K063672,PROXIMITY_ONLY,24
K162674,K072740,SECTION_HEADED,24
K162674,K073460,SECTION_HEADED,24
K162674,K082807,SECTION_HEADED,24
K162674,K083213,SECTION_HEADED,24
K162674,K090675,SECTION_HEADED,24
K162674,K090692,PROXIMITY_ONLY,24
K162674,K091479,SECTION_HEADED,24
K162674,K092812,SECTION_HEADED,24
K162674,K100776,PROXIMITY_ONLY,24
K162674,K110908,PROXIMITY_ONLY,24
K162674,K111678,SECTION_HEADED,24
K162674,K120359,SECTION_HEADED,24
K162674,K121651,SECTION_HEADED,24
K162674,K123000,SECTION_HEADED,24
K162674,K132510,SECTION_HEADED,24
K162674,K140376,SECTION_HEADED,24
K162674,K141784,SECTION_HEADED,24
K162674,K141992,SECTION_HEADED,24
K162674,K142581,SECTION_HEADED,24
K162674,K922500,SECTION_HEADED,24
K162957,K003237,PROXIMITY_ONLY,15
K162957,K022520,SECTION_HEADED,15
K162957,K050262,PROXIMITY_ONLY,15
K162957,K062978,PROXIMITY_ONLY,15
K162957,K111546,SECTION_HEADED,15
K162957,K121777,PROXIMITY_ONLY,15
K162957,K122185,PROXIMITY_ONLY,15
K162957,K122504,SECTION_HEADED,15
K162957,K123550,PROXIMITY_ONLY,15
K162957,K132207,SECTION_HEADED,15
K162957,K132455,SECTION_HEADED,15
K162957,K151316,SECTION_HEADED,15
K162957,K152439,SECTION_HEADED,15
K162957,K152530,SECTION_HEADED,15
K162957,K994078,SECTION_HEADED,15
K163375,K003780,SECTION_HEADED,12
K163375,K052734,SECTION_HEADED,12
K163375,K070742,SECTION_HEADED,12
K163375,K071942,SECTION_HEADED,12
K163375,K082728,SECTION_HEADED,12
K163375,K090714,SECTION_HEADED,12
K163375,K091365,SECTION_HEADED,12
K163375,K123656,SECTION_HEADED,12
K163375,K123906,SECTION_HEADED,12
K163375,K143471,SECTION_HEADED,12
K163375,K152338,SECTION_HEADED,12
K163375,K162379,SECTION_HEADED,12
K163441,K003237,PROXIMITY_ONLY,15
K163441,K021911,PROXIMITY_ONLY,15
K163441,K022520,PROXIMITY_ONLY,15
K163441,K062978,PROXIMITY_ONLY,15
K163441,K103497,PROXIMITY_ONLY,15
K163441,K111546,PROXIMITY_ONLY,15
K163441,K122185,SECTION_HEADED,15
K163441,K122504,PROXIMITY_ONLY,15
K163441,K123550,PROXIMITY_ONLY,15
K163441,K132207,PROXIMITY_ONLY,15
K163441,K151316,PROXIMITY_ONLY,15
K163441,K152530,PROXIMITY_ONLY,15
K163441,K980774,SECTION_HEADED,15
K163441,K991026,SECTION_HEADED,15
K163441,K994078,PROXIMITY_ONLY,15
K163577,K022556,PROXIMITY_ONLY,16
K163577,K032726,SECTION_HEADED,16
K163577,K042344,PROXIMITY_ONLY,16
K163577,K061699,PROXIMITY_ONLY,16
K163577,K061786,PROXIMITY_ONLY,16
K163577,K071535,PROXIMITY_ONLY,16
K163577,K091508,PROXIMITY_ONLY,16
K163577,K120030,SECTION_HEADED,16
K163577,K130899,PROXIMITY_ONLY,16
K163577,K143407,PROXIMITY_ONLY,16
K163577,K161184,PROXIMITY_ONLY,16
K163577,K932755,PROXIMITY_ONLY,16
K163577,K964769,PROXIMITY_ONLY,16
K170038,K021932,SECTION_HEADED,11
K170038,K042310,SECTION_HEADED,11
K170038,K043583,SECTION_HEADED,11
K170038,K063298,SECTION_HEADED,11
K170038,K081510,SECTION_HEADED,11
K170038,K132217,SECTION_HEADED,11
K170038,K140053,SECTION_HEADED,11
K170038,K142290,SECTION_HEADED,11
K170038,K151021,SECTION_HEADED,11
K170038,K944330,SECTION_HEADED,11
K170038,K963172,SECTION_HEADED,11
K170444,K002149,PROXIMITY_ONLY,13
K170444,K052026,PROXIMITY_ONLY,13
K170444,K061547,PROXIMITY_ONLY,13
K170444,K140043,PROXIMITY_ONLY,13
K170444,K864626,SECTION_HEADED,13
K170444,K893685,PROXIMITY_ONLY,13
K170473,K030373,SECTION_HEADED,13
K170473,K033664,SECTION_HEADED,13
K170473,K072852,SECTION_HEADED,13
K170473,K100858,SECTION_HEADED,13
K170473,K112091,SECTION_HEADED,13
K170473,K112158,SECTION_HEADED,13
K170473,K120211,SECTION_HEADED,13
K170473,K141934,SECTION_HEADED,13
K170473,K143096,SECTION_HEADED,13
K170473,K150855,SECTION_HEADED,13
K170473,K151739,SECTION_HEADED,13
K170473,K160011,SECTION_HEADED,13
K170473,K962101,SECTION_HEADED,13
K170679,K113174,SECTION_HEADED,13
K170679,K113529,SECTION_HEADED,13
K170679,K121680,SECTION_HEADED,13
K170679,K122862,SECTION_HEADED,13
K170679,K132639,SECTION_HEADED,13
K170679,K141494,SECTION_HEADED,13
K170679,K143019,PROXIMITY_ONLY,13
K170679,K143375,SECTION_HEADED,13
K170679,K153463,SECTION_HEADED,13
K170679,K162379,PROXIMITY_ONLY,13
K170711,K030259,SECTION_HEADED,13
K170711,K051623,SECTION_HEADED,13
K170711,K052906,SECTION_HEADED,13
K170711,K053274,SECTION_HEADED,13
K170711,K062029,SECTION_HEADED,13
K170711,K080642,SECTION_HEADED,13
K170711,K103404,PROXIMITY_ONLY,13
K170711,K113069,SECTION_HEADED,13
K170711,K113121,SECTION_HEADED,13
K170711,K142403,SECTION_HEADED,13
K170711,K160085,PROXIMITY_ONLY,13
K170711,K161620,PROXIMITY_ONLY,13
K170711,K990136,SECTION_HEADED,13
K170893,K051075,PROXIMITY_ONLY,19
K170893,K052472,PROXIMITY_ONLY,19
K170893,K062250,PROXIMITY_ONLY,19
K170893,K080402,PROXIMITY_ONLY,19
K170893,K092122,PROXIMITY_ONLY,19
K170893,K092873,PROXIMITY_ONLY,19
K170893,K100858,PROXIMITY_ONLY,19
K170893,K110598,PROXIMITY_ONLY,19
K170893,K111629,PROXIMITY_ONLY,19
K170893,K113254,PROXIMITY_ONLY,19
K170893,K120174,PROXIMITY_ONLY,19
K170893,K130642,PROXIMITY_ONLY,19
K170893,K130895,PROXIMITY_ONLY,19
K170893,K131559,SECTION_HEADED,19
K170893,K133349,PROXIMITY_ONLY,19
K170893,K142139,PROXIMITY_ONLY,19
K170893,K143256,PROXIMITY_ONLY,19
K170893,K153602,PROXIMITY_ONLY,19
K170893,K162024,PROXIMITY_ONLY,19
K171054,K010212,SECTION_HEADED,19
K171054,K033489,PROXIMITY_ONLY,19
K171054,K040770,PROXIMITY_ONLY,19
K171054,K042757,PROXIMITY_ONLY,19
K171054,K060525,PROXIMITY_ONLY,19
K171054,K080204,PROXIMITY_ONLY,19
K171054,K080361,PROXIMITY_ONLY,19
K171054,K083782,PROXIMITY_ONLY,19
K171054,K102125,PROXIMITY_ONLY,19
K171054,K110362,PROXIMITY_ONLY,19
K171054,K113550,PROXIMITY_ONLY,19
K171054,K121149,PROXIMITY_ONLY,19
K171054,K140902,PROXIMITY_ONLY,19
K171054,K142933,SECTION_HEADED,19
K171054,K912245,SECTION_HEADED,19
K171054,K915132,SECTION_HEADED,19
K171054,K921182,SECTION_HEADED,19
K171054,K960856,SECTION_HEADED,19
K171054,K993159,SECTION_HEADED,19
K171156,K000788,PROXIMITY_ONLY,17
K171156,K012918,SECTION_HEADED,17
K171156,K031110,PROXIMITY_ONLY,17
K171156,K043123,SECTION_HEADED,17
K171156,K062489,PROXIMITY_ONLY,17
K171156,K073150,PROXIMITY_ONLY,17
K171156,K082468,SECTION_HEADED,17
K171156,K082705,PROXIMITY_ONLY,17
K171156,K092443,PROXIMITY_ONLY,17
K171156,K100151,SECTION_HEADED,17
K171156,K101451,SECTION_HEADED,17
K171156,K101575,SECTION_HEADED,17
K171156,K101976,PROXIMITY_ONLY,17
K171156,K112779,PROXIMITY_ONLY,17
K171156,K133381,PROXIMITY_ONLY,17
K171156,K142201,PROXIMITY_ONLY,17
K171156,K152919,PROXIMITY_ONLY,17
K171181,K002149,SECTION_HEADED,18
K171181,K052026,SECTION_HEADED,18
K171181,K061547,SECTION_HEADED,18
K171181,K072656,PROXIMITY_ONLY,18
K171181,K094035,SECTION_HEADED,18
K171181,K130376,PROXIMITY_ONLY,18
K171181,K140043,PROXIMITY_ONLY,18
K171181,K142119,PROXIMITY_ONLY,18
K171181,K170444,SECTION_HEADED,18
K171181,K893685,PROXIMITY_ONLY,18
K171181,K920593,PROXIMITY_ONLY,18
K171181,K925512,PROXIMITY_ONLY,18
K171181,K932222,PROXIMITY_ONLY,18
K171250,K032394,PROXIMITY_ONLY,21
K171250,K052201,SECTION_HEADED,21
K171250,K070573,SECTION_HEADED,21
K171250,K073654,SECTION_HEADED,21
K171250,K091689,SECTION_HEADED,21
K171250,K093319,SECTION_HEADED,21
K171250,K110353,PROXIMITY_ONLY,21
K171250,K111076,SECTION_HEADED,21
K171250,K111719,PROXIMITY_ONLY,21
K171250,K123906,SECTION_HEADED,21
K171250,K131833,PROXIMITY_ONLY,21
K171250,K132332,PROXIMITY_ONLY,21
K171250,K141897,SECTION_HEADED,21
K171250,K142741,PROXIMITY_ONLY,21
K171250,K143278,PROXIMITY_ONLY,21
K171250,K143471,SECTION_HEADED,21
K171250,K150474,SECTION_HEADED,21
K171250,K150650,SECTION_HEADED,21
K171250,K152338,SECTION_HEADED,21
K171250,K153336,SECTION_HEADED,21
K171250,K153631,SECTION_HEADED,21
K171320,K000682,PROXIMITY_ONLY,19
K171320,K020401,PROXIMITY_ONLY,19
K171320,K021932,PROXIMITY_ONLY,19
K171320,K031573,PROXIMITY_ONLY,19
K171320,K061753,SECTION_HEADED,19
K171320,K070946,PROXIMITY_ONLY,19
K171320,K071264,PROXIMITY_ONLY,19
K171320,K082625,SECTION_HEADED,19
K171320,K083654,SECTION_HEADED,19
K171320,K092609,PROXIMITY_ONLY,19
K171320,K102694,SECTION_HEADED,19
K171320,K110125,SECTION_HEADED,19
K171320,K112583,PROXIMITY_ONLY,19
K171320,K120717,SECTION_HEADED,19
K171320,K120854,SECTION_HEADED,19
K171320,K121601,SECTION_HEADED,19
K171320,K121672,SECTION_HEADED,19
K171320,K143331,SECTION_HEADED,19
K171320,K953644,SECTION_HEADED,19
K171369,K023675,SECTION_HEADED,13
K171369,K030197,PROXIMITY_ONLY,13
K171369,K070573,SECTION_HEADED,13
K171369,K110197,PROXIMITY_ONLY,13
K171369,K121725,PROXIMITY_ONLY,13
K171369,K123906,PROXIMITY_ONLY,13
K171369,K132878,PROXIMITY_ONLY,13
K171369,K141988,PROXIMITY_ONLY,13
K171369,K142838,SECTION_HEADED,13
K171369,K153664,PROXIMITY_ONLY,13
K171369,K162061,PROXIMITY_ONLY,13
K171369,K171170,PROXIMITY_ONLY,13
K171369,K991089,SECTION_HEADED,13
K171389,K063128,PROXIMITY_ONLY,21
K171389,K063731,PROXIMITY_ONLY,21
K171389,K093552,PROXIMITY_ONLY,21
K171389,K102380,PROXIMITY_ONLY,21
K171389,K142550,PROXIMITY_ONLY,21
K171389,K152298,PROXIMITY_ONLY,21
K171389,K162026,PROXIMITY_ONLY,21
K171389,K862837,PROXIMITY_ONLY,21
K171389,K863668,PROXIMITY_ONLY,21
K171389,K871769,PROXIMITY_ONLY,21
K171389,K882322,PROXIMITY_ONLY,21
K171389,K892800,PROXIMITY_ONLY,21
K171389,K895639,PROXIMITY_ONLY,21
K171389,K896542,PROXIMITY_ONLY,21
K171389,K901992,PROXIMITY_ONLY,21
K171389,K932677,PROXIMITY_ONLY,21
K171389,K953439,PROXIMITY_ONLY,21
K171389,K972626,PROXIMITY_ONLY,21
K171389,K972770,PROXIMITY_ONLY,21
K171389,K973524,PROXIMITY_ONLY,21
K171389,K990030,PROXIMITY_ONLY,21
K171444,K042508,SECTION_HEADED,13
K171444,K052402,SECTION_HEADED,13
K171444,K083071,SECTION_HEADED,13
K171444,K101084,SECTION_HEADED,13
K171444,K110353,SECTION_HEADED,13
K171444,K133556,SECTION_HEADED,13
K171444,K141147,SECTION_HEADED,13
K171444,K142838,SECTION_HEADED,13
K171444,K151224,SECTION_HEADED,13
K171444,K153370,SECTION_HEADED,13
K171444,K161369,SECTION_HEADED,13
K171444,K982322,SECTION_HEADED,13
K171444,K984377,SECTION_HEADED,13
K171689,K073291,SECTION_HEADED,11
K171689,K094025,SECTION_HEADED,11
K171689,K121332,SECTION_HEADED,11
K171689,K121333,SECTION_HEADED,11
K171689,K122037,SECTION_HEADED,11
K171689,K123027,SECTION_HEADED,11
K171689,K123045,SECTION_HEADED,11
K171689,K133205,SECTION_HEADED,11
K171689,K151128,SECTION_HEADED,11
K171689,K160547,SECTION_HEADED,11
K171689,K162358,SECTION_HEADED,11
K171841,K020345,SECTION_HEADED,14
K171841,K071032,SECTION_HEADED,14
K171841,K083435,SECTION_HEADED,14
K171841,K103466,SECTION_HEADED,14
K171841,K120044,SECTION_HEADED,14
K171841,K130129,SECTION_HEADED,14
K171841,K130675,SECTION_HEADED,14
K171841,K131633,PROXIMITY_ONLY,14
K171841,K142863,PROXIMITY_ONLY,14
K171841,K151527,PROXIMITY_ONLY,14
K171841,K153115,PROXIMITY_ONLY,14
K171841,K161108,PROXIMITY_ONLY,14
K171841,K161782,PROXIMITY_ONLY,14
K171848,K060665,SECTION_HEADED,21
K171848,K072465,SECTION_HEADED,21
K171848,K072991,SECTION_HEADED,21
K171848,K103382,PROXIMITY_ONLY,21
K171848,K112756,SECTION_HEADED,21
K171848,K113447,PROXIMITY_ONLY,21
K171848,K121107,SECTION_HEADED,21
K171848,K122097,SECTION_HEADED,21
K171848,K123231,PROXIMITY_ONLY,21
K171848,K123913,PROXIMITY_ONLY,21
K171848,K130478,SECTION_HEADED,21
K171848,K132559,PROXIMITY_ONLY,21
K171848,K140411,SECTION_HEADED,21
K171848,K142498,PROXIMITY_ONLY,21
K171848,K143578,PROXIMITY_ONLY,21
K171848,K151665,SECTION_HEADED,21
K171848,K151939,SECTION_HEADED,21
K171848,K160597,PROXIMITY_ONLY,21
K171848,K161223,SECTION_HEADED,21
K171848,K161379,PROXIMITY_ONLY,21
K171848,K170157,PROXIMITY_ONLY,21
K172054,K051075,PROXIMITY_ONLY,23
K172054,K052472,PROXIMITY_ONLY,23
K172054,K062250,PROXIMITY_ONLY,23
K172054,K080402,PROXIMITY_ONLY,23
K172054,K092122,PROXIMITY_ONLY,23
K172054,K092873,PROXIMITY_ONLY,23
K172054,K100858,PROXIMITY_ONLY,23
K172054,K110598,PROXIMITY_ONLY,23
K172054,K111629,PROXIMITY_ONLY,23
K172054,K112069,PROXIMITY_ONLY,23
K172054,K113254,PROXIMITY_ONLY,23
K172054,K120174,PROXIMITY_ONLY,23
K172054,K123982,PROXIMITY_ONLY,23
K172054,K130642,PROXIMITY_ONLY,23
K172054,K130895,PROXIMITY_ONLY,23
K172054,K131559,SECTION_HEADED,23
K172054,K133349,PROXIMITY_ONLY,23
K172054,K142139,PROXIMITY_ONLY,23
K172054,K143256,PROXIMITY_ONLY,23
K172054,K153602,SECTION_HEADED,23
K172054,K162024,PROXIMITY_ONLY,23
K172054,K162800,SECTION_HEADED,23
K172054,K170893,SECTION_HEADED,23
K172101,K081165,PROXIMITY_ONLY,12
K172101,K093170,PROXIMITY_ONLY,12
K172101,K093936,PROXIMITY_ONLY,12
K172101,K101678,PROXIMITY_ONLY,12
K172101,K111127,PROXIMITY_ONLY,12
K172101,K112108,PROXIMITY_ONLY,12
K172101,K130267,PROXIMITY_ONLY,12
K172101,K133188,SECTION_HEADED,12
K172101,K140948,PROXIMITY_ONLY,12
K172101,K142381,SECTION_HEADED,12
K172101,K143248,SECTION_HEADED,12
K172101,K151695,PROXIMITY_ONLY,12
K172235,K042344,SECTION_HEADED,13
K172235,K060437,SECTION_HEADED,13
K172235,K060918,SECTION_HEADED,13
K172235,K061344,SECTION_HEADED,13
K172235,K061699,SECTION_HEADED,13
K172235,K062684,SECTION_HEADED,13
K172235,K081973,SECTION_HEADED,13
K172235,K082991,SECTION_HEADED,13
K172235,K090299,SECTION_HEADED,13
K172235,K092143,SECTION_HEADED,13
K172235,K140915,SECTION_HEADED,13
K172235,K150062,SECTION_HEADED,13
K172326,K031729,PROXIMITY_ONLY,22
K172326,K040267,PROXIMITY_ONLY,22
K172326,K042883,PROXIMITY_ONLY,22
K172326,K042993,PROXIMITY_ONLY,22
K172326,K050539,PROXIMITY_ONLY,22
K172326,K051146,PROXIMITY_ONLY,22
K172326,K051380,PROXIMITY_ONLY,22
K172326,K053514,PROXIMITY_ONLY,22
K172326,K061521,PROXIMITY_ONLY,22
K172326,K062037,PROXIMITY_ONLY,22
K172326,K063423,PROXIMITY_ONLY,22
K172326,K070095,PROXIMITY_ONLY,22
K172326,K071881,PROXIMITY_ONLY,22
K172326,K072221,PROXIMITY_ONLY,22
K172326,K072575,PROXIMITY_ONLY,22
K172326,K090763,PROXIMITY_ONLY,22
K172326,K123166,PROXIMITY_ONLY,22
K172326,K123486,PROXIMITY_ONLY,22
K172326,K132624,PROXIMITY_ONLY,22
K172326,K141056,PROXIMITY_ONLY,22
K172326,K143393,PROXIMITY_ONLY,22
K172326,K150307,PROXIMITY_ONLY,22
K172456,K080642,SECTION_HEADED,12
K172456,K091508,SECTION_HEADED,12
K172456,K110598,PROXIMITY_ONLY,12
K172456,K112898,PROXIMITY_ONLY,12
K172456,K113121,SECTION_HEADED,12
K172456,K113254,PROXIMITY_ONLY,12
K172456,K133349,PROXIMITY_ONLY,12
K172456,K141395,PROXIMITY_ONLY,12
K172456,K161120,PROXIMITY_ONLY,12
K172456,K161742,SECTION_HEADED,12
K172456,K161863,SECTION_HEADED,12
K172456,K163397,PROXIMITY_ONLY,12
K173166,K012655,SECTION_HEADED,11
K173166,K061753,SECTION_HEADED,11
K173166,K071563,PROXIMITY_ONLY,11
K173166,K083286,PROXIMITY_ONLY,11
K173166,K092015,PROXIMITY_ONLY,11
K173166,K101536,SECTION_HEADED,11
K173166,K111540,SECTION_HEADED,11
K173166,K130116,PROXIMITY_ONLY,11
K173166,K133440,PROXIMITY_ONLY,11
K173166,K140259,PROXIMITY_ONLY,11
K173166,K163361,SECTION_HEADED,11
K173380,K001448,SECTION_HEADED,12
K173380,K010757,SECTION_HEADED,12
K173380,K052718,SECTION_HEADED,12
K173380,K082844,SECTION_HEADED,12
K173380,K091508,SECTION_HEADED,12
K173380,K103479,SECTION_HEADED,12
K173380,K111546,SECTION_HEADED,12
K173380,K112802,SECTION_HEADED,12
K173380,K120370,SECTION_HEADED,12
K173380,K121874,SECTION_HEADED,12
K173380,K122158,SECTION_HEADED,12
K173380,K161569,SECTION_HEADED,12
K173411,K052906,SECTION_HEADED,16
K173411,K060704,SECTION_HEADED,16
K173411,K080642,SECTION_HEADED,16
K173411,K111746,SECTION_HEADED,16
K173411,K112905,SECTION_HEADED,16
K173411,K113069,SECTION_HEADED,16
K173411,K113121,SECTION_HEADED,16
K173411,K120121,SECTION_HEADED,16
K173411,K121543,SECTION_HEADED,16
K173411,K122692,PROXIMITY_ONLY,16
K173411,K130661,PROXIMITY_ONLY,16
K173411,K131353,SECTION_HEADED,16
K173411,K133378,PROXIMITY_ONLY,16
K173411,K143659,SECTION_HEADED,16
K173411,K152754,SECTION_HEADED,16
K173411,K153398,SECTION_HEADED,16
K173556,K101557,SECTION_HEADED,11
K173556,K132502,SECTION_HEADED,11
K173556,K140769,SECTION_HEADED,11
K173556,K141493,PROXIMITY_ONLY,11
K173556,K142776,SECTION_HEADED,11
K173556,K151146,SECTION_HEADED,11
K173556,K151418,SECTION_HEADED,11
K173556,K161058,SECTION_HEADED,11
K173556,K161292,SECTION_HEADED,11
K173556,K162635,SECTION_HEADED,11
K173556,K172786,PROXIMITY_ONLY,11
K173787,K001340,SECTION_HEADED,19
K173787,K003043,SECTION_HEADED,19
K173787,K020522,SECTION_HEADED,19
K173787,K030249,SECTION_HEADED,19
K173787,K031635,PROXIMITY_ONLY,19
K173787,K073649,SECTION_HEADED,19
K173787,K080568,SECTION_HEADED,19
K173787,K081917,SECTION_HEADED,19
K173787,K101923,PROXIMITY_ONLY,19
K173787,K103488,SECTION_HEADED,19
K173787,K110694,PROXIMITY_ONLY,19
K173787,K120517,PROXIMITY_ONLY,19
K173787,K120966,PROXIMITY_ONLY,19
K173787,K140759,SECTION_HEADED,19
K173787,K151352,PROXIMITY_ONLY,19
K173787,K151773,PROXIMITY_ONLY,19
K173787,K162327,PROXIMITY_ONLY,19
K173787,K990148,SECTION_HEADED,19
K180951,K101679,SECTION_HEADED,11
K180951,K112237,PROXIMITY_ONLY,11
K180951,K112526,SECTION_HEADED,11
K180951,K112965,PROXIMITY_ONLY,11
K180951,K113274,SECTION_HEADED,11
K180951,K121018,PROXIMITY_ONLY,11
K180951,K131182,SECTION_HEADED,11
K180951,K140855,SECTION_HEADED,11
K180951,K143745,SECTION_HEADED,11
K180951,K171020,PROXIMITY_ONLY,11
K180973,K000306,SECTION_HEADED,12
K180973,K033273,SECTION_HEADED,12
K180973,K042992,SECTION_HEADED,12
K180973,K093472,SECTION_HEADED,12
K180973,K103120,SECTION_HEADED,12
K180973,K110087,SECTION_HEADED,12
K180973,K110290,PROXIMITY_ONLY,12
K180973,K111481,SECTION_HEADED,12
K180973,K130343,SECTION_HEADED,12
K180973,K172857,SECTION_HEADED,12
K180973,K974054,PROXIMITY_ONLY,12
K181068,K061202,SECTION_HEADED,11
K181068,K091782,SECTION_HEADED,11
K181068,K113395,SECTION_HEADED,11
K181068,K124058,SECTION_HEADED,11
K181068,K133350,SECTION_HEADED,11
K181068,K133904,SECTION_HEADED,11
K181068,K150200,SECTION_HEADED,11
K181068,K161028,SECTION_HEADED,11
K181068,K172269,SECTION_HEADED,11
K181068,K180210,SECTION_HEADED,11
K181139,K000536,PROXIMITY_ONLY,20
K181139,K060748,SECTION_HEADED,20
K181139,K071373,SECTION_HEADED,20
K181139,K090390,PROXIMITY_ONLY,20
K181139,K100952,SECTION_HEADED,20
K181139,K111136,SECTION_HEADED,20
K181139,K111358,SECTION_HEADED,20
K181139,K113395,SECTION_HEADED,20
K181139,K113666,SECTION_HEADED,20
K181139,K124058,SECTION_HEADED,20
K181139,K131802,SECTION_HEADED,20
K181139,K142381,SECTION_HEADED,20
K181139,K143633,SECTION_HEADED,20
K181139,K153446,SECTION_HEADED,20
K181139,K162379,PROXIMITY_ONLY,20
K181139,K162494,PROXIMITY_ONLY,20
K181139,K920116,PROXIMITY_ONLY,20
K181139,K940631,PROXIMITY_ONLY,20
K181139,K950099,PROXIMITY_ONLY,20
K181139,K955348,PROXIMITY_ONLY,20
K181254,K072857,PROXIMITY_ONLY,19
K181254,K073337,PROXIMITY_ONLY,19
K181254,K080885,PROXIMITY_ONLY,19
K181254,K082792,SECTION_HEADED,19
K181254,K083116,PROXIMITY_ONLY,19
K181254,K091967,PROXIMITY_ONLY,19
K181254,K092265,PROXIMITY_ONLY,19
K181254,K093944,PROXIMITY_ONLY,19
K181254,K103352,PROXIMITY_ONLY,19
K181254,K103721,PROXIMITY_ONLY,19
K181254,K111145,PROXIMITY_ONLY,19
K181254,K112115,PROXIMITY_ONLY,19
K181254,K121011,PROXIMITY_ONLY,19
K181254,K131518,PROXIMITY_ONLY,19
K181254,K132879,PROXIMITY_ONLY,19
K181254,K143453,PROXIMITY_ONLY,19
K181254,K161635,PROXIMITY_ONLY,19
K181254,K171966,PROXIMITY_ONLY,19
K181254,K173794,SECTION_HEADED,19
K181347,K072791,SECTION_HEADED,11
K181347,K082698,SECTION_HEADED,11
K181347,K090707,SECTION_HEADED,11
K181347,K091088,SECTION_HEADED,11
K181347,K101302,SECTION_HEADED,11
K181347,K150788,SECTION_HEADED,11
K181347,K160547,SECTION_HEADED,11
K181347,K162264,SECTION_HEADED,11
K181347,K170503,SECTION_HEADED,11
K181347,K172009,SECTION_HEADED,11
K181347,K172941,SECTION_HEADED,11
K181350,K013222,SECTION_HEADED,25
K181350,K022190,SECTION_HEADED,25
K181350,K030103,SECTION_HEADED,25
K181350,K041203,SECTION_HEADED,25
K181350,K042508,SECTION_HEADED,25
K181350,K080828,SECTION_HEADED,25
K181350,K090549,SECTION_HEADED,25
K181350,K090714,SECTION_HEADED,25
K181350,K091365,SECTION_HEADED,25
K181350,K093434,SECTION_HEADED,25
K181350,K103100,SECTION_HEADED,25
K181350,K110353,SECTION_HEADED,25
K181350,K110522,SECTION_HEADED,25
K181350,K123656,SECTION_HEADED,25
K181350,K132122,SECTION_HEADED,25
K181350,K132332,SECTION_HEADED,25
K181350,K133698,SECTION_HEADED,25
K181350,K141897,SECTION_HEADED,25
K181350,K142838,SECTION_HEADED,25
K181350,K143471,SECTION_HEADED,25
K181350,K143683,SECTION_HEADED,25
K181350,K150552,SECTION_HEADED,25
K181350,K151885,SECTION_HEADED,25
K181350,K954696,SECTION_HEADED,25
K181357,K072970,SECTION_HEADED,14
K181357,K093242,SECTION_HEADED,14
K181357,K100865,SECTION_HEADED,14
K181357,K102313,SECTION_HEADED,14
K181357,K122097,SECTION_HEADED,14
K181357,K123231,SECTION_HEADED,14
K181357,K130478,SECTION_HEADED,14
K181357,K131276,SECTION_HEADED,14
K181357,K143578,SECTION_HEADED,14
K181357,K151665,SECTION_HEADED,14
K181357,K152022,SECTION_HEADED,14
K181357,K161223,SECTION_HEADED,14
K181357,K170962,SECTION_HEADED,14
K181357,K171031,SECTION_HEADED,14
K181362,K001989,SECTION_HEADED,11
K181362,K013042,SECTION_HEADED,11
K181362,K051975,SECTION_HEADED,11
K181362,K053189,SECTION_HEADED,11
K181362,K090473,SECTION_HEADED,11
K181362,K100562,SECTION_HEADED,11
K181362,K100858,SECTION_HEADED,11
K181362,K123862,SECTION_HEADED,11
K181362,K133349,SECTION_HEADED,11
K181362,K171010,SECTION_HEADED,11
K181362,K980502,SECTION_HEADED,11
K181491,K023357,SECTION_HEADED,17
K181491,K032396,SECTION_HEADED,17
K181491,K042051,SECTION_HEADED,17
K181491,K070278,SECTION_HEADED,17
K181491,K070369,SECTION_HEADED,17
K181491,K103233,SECTION_HEADED,17
K181491,K110135,SECTION_HEADED,17
K181491,K112158,PROXIMITY_ONLY,17
K181491,K112556,SECTION_HEADED,17
K181491,K112898,PROXIMITY_ONLY,17
K181491,K122244,SECTION_HEADED,17
K181491,K141327,PROXIMITY_ONLY,17
K181491,K141395,PROXIMITY_ONLY,17
K181491,K143509,PROXIMITY_ONLY,17
K181491,K150522,SECTION_HEADED,17
K181491,K161190,SECTION_HEADED,17
K181491,K172456,PROXIMITY_ONLY,17
K181598,K002149,SECTION_HEADED,19
K181598,K052026,SECTION_HEADED,19
K181598,K061547,SECTION_HEADED,19
K181598,K072656,PROXIMITY_ONLY,19
K181598,K130376,PROXIMITY_ONLY,19
K181598,K140043,PROXIMITY_ONLY,19
K181598,K142119,PROXIMITY_ONLY,19
K181598,K170444,SECTION_HEADED,19
K181598,K171181,SECTION_HEADED,19
K181598,K180798,SECTION_HEADED,19
K181598,K893685,PROXIMITY_ONLY,19
K181598,K920593,PROXIMITY_ONLY,19
K181598,K925512,PROXIMITY_ONLY,19
K181598,K932222,PROXIMITY_ONLY,19
K181621,K071833,SECTION_HEADED,18
K181621,K072415,SECTION_HEADED,18
K181621,K102606,SECTION_HEADED,18
K181621,K103033,PROXIMITY_ONLY,18
K181621,K111119,PROXIMITY_ONLY,18
K181621,K113559,SECTION_HEADED,18
K181621,K120819,SECTION_HEADED,18
K181621,K122008,SECTION_HEADED,18
K181621,K133218,SECTION_HEADED,18
K181621,K142079,SECTION_HEADED,18
K181621,K150053,SECTION_HEADED,18
K181621,K150765,SECTION_HEADED,18
K181621,K151934,SECTION_HEADED,18
K181621,K153250,PROXIMITY_ONLY,18
K181621,K170297,SECTION_HEADED,18
K181621,K170961,PROXIMITY_ONLY,18
K181621,K171489,SECTION_HEADED,18
K181621,K181295,SECTION_HEADED,18
K181846,K040721,SECTION_HEADED,14
K181846,K062836,SECTION_HEADED,14
K181846,K070775,SECTION_HEADED,14
K181846,K080664,SECTION_HEADED,14
K181846,K081391,SECTION_HEADED,14
K181846,K092108,SECTION_HEADED,14
K181846,K092146,SECTION_HEADED,14
K181846,K102195,SECTION_HEADED,14
K181846,K120092,SECTION_HEADED,14
K181846,K121049,SECTION_HEADED,14
K181846,K132191,SECTION_HEADED,14
K181846,K133567,SECTION_HEADED,14
K181846,K171848,SECTION_HEADED,14
K181846,K180156,SECTION_HEADED,14
K181947,K013031,PROXIMITY_ONLY,24
K181947,K023528,PROXIMITY_ONLY,24
K181947,K024161,SECTION_HEADED,24
K181947,K031962,SECTION_HEADED,24
K181947,K040630,SECTION_HEADED,24
K181947,K042757,PROXIMITY_ONLY,24
K181947,K093293,PROXIMITY_ONLY,24
K181947,K103517,SECTION_HEADED,24
K181947,K113369,SECTION_HEADED,24
K181947,K121149,PROXIMITY_ONLY,24
K181947,K121771,SECTION_HEADED,24
K181947,K122765,SECTION_HEADED,24
K181947,K123459,SECTION_HEADED,24
K181947,K130143,SECTION_HEADED,24
K181947,K133737,SECTION_HEADED,24
K181947,K152494,SECTION_HEADED,24
K181947,K171054,PROXIMITY_ONLY,24
K181947,K173057,SECTION_HEADED,24
K181947,K933785,SECTION_HEADED,24
K181947,K946150,SECTION_HEADED,24
K181947,K960279,SECTION_HEADED,24
K181947,K972501,PROXIMITY_ONLY,24
K181947,K973412,PROXIMITY_ONLY,24
K181947,K982903,PROXIMITY_ONLY,24
K182301,K060515,PROXIMITY_ONLY,13
K182301,K062654,SECTION_HEADED,13
K182301,K063633,SECTION_HEADED,13
K182301,K882234,SECTION_HEADED,13
K182301,K884796,SECTION_HEADED,13
K182301,K943462,SECTION_HEADED,13
K182301,K950010,PROXIMITY_ONLY,13
K182301,K952830,SECTION_HEADED,13
K182301,K961685,SECTION_HEADED,13
K182301,K971189,SECTION_HEADED,13
K182301,K984158,PROXIMITY_ONLY,13
K182301,K991106,PROXIMITY_ONLY,13
K182468,K033716,SECTION_HEADED,13
K182468,K061434,SECTION_HEADED,13
K182468,K062419,SECTION_HEADED,13
K182468,K072020,SECTION_HEADED,13
K182468,K093644,SECTION_HEADED,13
K182468,K103233,SECTION_HEADED,13
K182468,K103479,SECTION_HEADED,13
K182468,K112556,SECTION_HEADED,13
K182468,K120578,SECTION_HEADED,13
K182468,K153345,SECTION_HEADED,13
K182468,K172634,SECTION_HEADED,13
K182468,K983382,SECTION_HEADED,13
K182468,K983502,SECTION_HEADED,13
K182746,K090782,SECTION_HEADED,11
K182746,K101255,SECTION_HEADED,11
K182746,K102402,PROXIMITY_ONLY,11
K182746,K121791,PROXIMITY_ONLY,11
K182746,K143740,SECTION_HEADED,11
K182746,K160958,SECTION_HEADED,11
K182746,K163543,PROXIMITY_ONLY,11
K182746,K173892,PROXIMITY_ONLY,11
K182746,K180480,SECTION_HEADED,11
K182746,K181453,SECTION_HEADED,11
K182785,K071264,SECTION_HEADED,11
K182785,K090692,SECTION_HEADED,11
K182785,K113652,SECTION_HEADED,11
K182785,K120359,SECTION_HEADED,11
K182785,K121651,SECTION_HEADED,11
K182785,K123875,SECTION_HEADED,11
K182785,K141949,SECTION_HEADED,11
K182785,K150456,SECTION_HEADED,11
K182785,K150520,SECTION_HEADED,11
K182785,K153034,SECTION_HEADED,11
K182885,K021461,SECTION_HEADED,15
K182885,K021761,SECTION_HEADED,15
K182885,K030327,SECTION_HEADED,15
K182885,K042922,SECTION_HEADED,15
K182885,K061274,SECTION_HEADED,15
K182885,K063100,SECTION_HEADED,15
K182885,K081038,SECTION_HEADED,15
K182885,K130640,SECTION_HEADED,15
K182885,K140417,SECTION_HEADED,15
K182885,K141599,SECTION_HEADED,15
K182885,K141632,SECTION_HEADED,15
K182885,K152623,SECTION_HEADED,15
K182885,K970806,SECTION_HEADED,15
K182885,K992110,SECTION_HEADED,15
K182885,K994239,SECTION_HEADED,15
K183042,K041066,SECTION_HEADED,15
K183042,K051075,SECTION_HEADED,15
K183042,K092873,SECTION_HEADED,15
K183042,K100858,SECTION_HEADED,15
K183042,K101263,SECTION_HEADED,15
K183042,K110598,SECTION_HEADED,15
K183042,K111212,SECTION_HEADED,15
K183042,K112069,SECTION_HEADED,15
K183042,K113254,SECTION_HEADED,15
K183042,K133349,SECTION_HEADED,15
K183042,K141006,SECTION_HEADED,15
K183042,K142139,SECTION_HEADED,15
K183042,K161742,PROXIMITY_ONLY,15
K183042,K163397,SECTION_HEADED,15
K183042,K172456,SECTION_HEADED,15
K183532,K033273,PROXIMITY_ONLY,12
K183532,K043537,PROXIMITY_ONLY,12
K183532,K103384,PROXIMITY_ONLY,12
K183532,K110087,SECTION_HEADED,12
K183532,K120030,PROXIMITY_ONLY,12
K183532,K172857,PROXIMITY_ONLY,12
K183532,K180973,SECTION_HEADED,12
K183532,K921301,PROXIMITY_ONLY,12
K183582,K072857,PROXIMITY_ONLY,13
K183582,K072963,SECTION_HEADED,13
K183582,K073337,PROXIMITY_ONLY,13
K183582,K080885,PROXIMITY_ONLY,13
K183582,K102423,SECTION_HEADED,13
K183582,K103721,SECTION_HEADED,13
K183582,K112115,PROXIMITY_ONLY,13
K183582,K121874,SECTION_HEADED,13
K183582,K122641,SECTION_HEADED,13
K183582,K131518,PROXIMITY_ONLY,13
K183582,K132879,SECTION_HEADED,13
K183582,K132959,SECTION_HEADED,13
K183582,K171966,PROXIMITY_ONLY,13
K190100,K002757,SECTION_HEADED,14
K190100,K013385,SECTION_HEADED,14
K190100,K023087,SECTION_HEADED,14
K190100,K052685,SECTION_HEADED,14
K190100,K070978,SECTION_HEADED,14
K190100,K082424,SECTION_HEADED,14
K190100,K100048,SECTION_HEADED,14
K190100,K100981,SECTION_HEADED,14
K190100,K110940,SECTION_HEADED,14
K190100,K111546,SECTION_HEADED,14
K190100,K122183,SECTION_HEADED,14
K190100,K123550,SECTION_HEADED,14
K190100,K130063,SECTION_HEADED,14
K190100,K152530,SECTION_HEADED,14
K190286,K051075,PROXIMITY_ONLY,18
K190286,K052472,PROXIMITY_ONLY,18
K190286,K062250,PROXIMITY_ONLY,18
K190286,K080402,PROXIMITY_ONLY,18
K190286,K092122,PROXIMITY_ONLY,18
K190286,K092873,PROXIMITY_ONLY,18
K190286,K100858,PROXIMITY_ONLY,18
K190286,K110598,PROXIMITY_ONLY,18
K190286,K111629,PROXIMITY_ONLY,18
K190286,K113254,PROXIMITY_ONLY,18
K190286,K120174,PROXIMITY_ONLY,18
K190286,K130642,PROXIMITY_ONLY,18
K190286,K133349,PROXIMITY_ONLY,18
K190286,K142139,PROXIMITY_ONLY,18
K190286,K143256,PROXIMITY_ONLY,18
K190286,K162024,PROXIMITY_ONLY,18
K190286,K183039,PROXIMITY_ONLY,18
K190286,K183077,PROXIMITY_ONLY,18
K190385,K152631,SECTION_HEADED,12
K190385,K153609,SECTION_HEADED,12
K190385,K160553,SECTION_HEADED,12
K190385,K161426,SECTION_HEADED,12
K190385,K163293,SECTION_HEADED,12
K190385,K170518,SECTION_HEADED,12
K190385,K172300,SECTION_HEADED,12
K190385,K172975,SECTION_HEADED,12
K190385,K173491,SECTION_HEADED,12
K190385,K180377,SECTION_HEADED,12
K190385,K181113,SECTION_HEADED,12
K190385,K182402,SECTION_HEADED,12
K190391,K030310,SECTION_HEADED,17
K190391,K050110,SECTION_HEADED,17
K190391,K060514,SECTION_HEADED,17
K190391,K061753,SECTION_HEADED,17
K190391,K063049,SECTION_HEADED,17
K190391,K073186,SECTION_HEADED,17
K190391,K082807,PROXIMITY_ONLY,17
K190391,K083213,PROXIMITY_ONLY,17
K190391,K090047,PROXIMITY_ONLY,17
K190391,K102694,PROXIMITY_ONLY,17
K190391,K120689,PROXIMITY_ONLY,17
K190391,K120854,PROXIMITY_ONLY,17
K190391,K141735,PROXIMITY_ONLY,17
K190391,K150099,PROXIMITY_ONLY,17
K190391,K163293,PROXIMITY_ONLY,17
K190391,K171808,SECTION_HEADED,17
K190391,K180310,PROXIMITY_ONLY,17
K190535,K094035,SECTION_HEADED,11
K190535,K142187,PROXIMITY_ONLY,11
K190535,K151008,PROXIMITY_ONLY,11
K190535,K161840,PROXIMITY_ONLY,11
K190535,K170359,SECTION_HEADED,11
K190535,K171273,SECTION_HEADED,11
K190535,K182321,SECTION_HEADED,11
K190535,K183141,PROXIMITY_ONLY,11
K190535,K920756,PROXIMITY_ONLY,11
K190535,K931571,PROXIMITY_ONLY,11
K190535,K953653,PROXIMITY_ONLY,11
K191708,K023794,PROXIMITY_ONLY,14
K191708,K072154,PROXIMITY_ONLY,14
K191708,K082844,PROXIMITY_ONLY,14
K191708,K121297,SECTION_HEADED,14
K191708,K130365,PROXIMITY_ONLY,14
K191708,K133370,SECTION_HEADED,14
K191708,K140130,PROXIMITY_ONLY,14
K191708,K161155,SECTION_HEADED,14
K191708,K163081,SECTION_HEADED,14
K191708,K190057,PROXIMITY_ONLY,14
K191708,K953510,PROXIMITY_ONLY,14
K191708,K973119,PROXIMITY_ONLY,14
K191708,K974093,PROXIMITY_ONLY,14
K191708,K974095,PROXIMITY_ONLY,14
K191786,K013877,SECTION_HEADED,11
K191786,K030866,SECTION_HEADED,11
K191786,K031276,SECTION_HEADED,11
K191786,K052292,SECTION_HEADED,11
K191786,K080646,SECTION_HEADED,11
K191786,K121658,SECTION_HEADED,11
K191786,K133518,SECTION_HEADED,11
K191786,K150759,SECTION_HEADED,11
K191786,K926453,SECTION_HEADED,11
K191786,K945700,SECTION_HEADED,11
K191786,K971883,SECTION_HEADED,11
K191788,K073291,SECTION_HEADED,12
K191788,K082342,SECTION_HEADED,12
K191788,K082732,SECTION_HEADED,12
K191788,K094025,SECTION_HEADED,12
K191788,K110543,SECTION_HEADED,12
K191788,K121760,SECTION_HEADED,12
K191788,K122037,SECTION_HEADED,12
K191788,K133205,SECTION_HEADED,12
K191788,K133650,SECTION_HEADED,12
K191788,K150135,SECTION_HEADED,12
K191788,K171689,SECTION_HEADED,12
K191788,K172199,SECTION_HEADED,12
K191793,K000682,PROXIMITY_ONLY,19
K191793,K000684,PROXIMITY_ONLY,19
K191793,K001945,PROXIMITY_ONLY,19
K191793,K011978,PROXIMITY_ONLY,19
K191793,K030597,PROXIMITY_ONLY,19
K191793,K032269,PROXIMITY_ONLY,19
K191793,K033995,PROXIMITY_ONLY,19
K191793,K041860,PROXIMITY_ONLY,19
K191793,K051986,PROXIMITY_ONLY,19
K191793,K061621,PROXIMITY_ONLY,19
K191793,K062564,PROXIMITY_ONLY,19
K191793,K073460,PROXIMITY_ONLY,19
K191793,K082807,SECTION_HEADED,19
K191793,K092812,PROXIMITY_ONLY,19
K191793,K111540,PROXIMITY_ONLY,19
K191793,K112583,PROXIMITY_ONLY,19
K191793,K953607,PROXIMITY_ONLY,19
K191793,K953644,SECTION_HEADED,19
K191793,K961413,PROXIMITY_ONLY,19
K192003,K000089,SECTION_HEADED,12
K192003,K012190,PROXIMITY_ONLY,12
K192003,K032687,SECTION_HEADED,12
K192003,K033071,PROXIMITY_ONLY,12
K192003,K040336,PROXIMITY_ONLY,12
K192003,K040762,SECTION_HEADED,12
K192003,K051557,PROXIMITY_ONLY,12
K192003,K100238,PROXIMITY_ONLY,12
K192003,K120807,PROXIMITY_ONLY,12
K192003,K131548,SECTION_HEADED,12
K192003,K962047,SECTION_HEADED,12
K192003,K970097,SECTION_HEADED,12
K192121,K090984,SECTION_HEADED,14
K192121,K091291,SECTION_HEADED,14
K192121,K101278,SECTION_HEADED,14
K192121,K113666,SECTION_HEADED,14
K192121,K131810,SECTION_HEADED,14
K192121,K132412,SECTION_HEADED,14
K192121,K132925,SECTION_HEADED,14
K192121,K142381,SECTION_HEADED,14
K192121,K150896,SECTION_HEADED,14
K192121,K153453,SECTION_HEADED,14
K192121,K940631,SECTION_HEADED,14
K192121,K950099,SECTION_HEADED,14
K192121,K950697,SECTION_HEADED,14
K192121,K954696,SECTION_HEADED,14
K192745,K000066,SECTION_HEADED,18
K192745,K001720,SECTION_HEADED,18
K192745,K011583,SECTION_HEADED,18
K192745,K023879,PROXIMITY_ONLY,18
K192745,K032559,SECTION_HEADED,18
K192745,K040765,SECTION_HEADED,18
K192745,K041533,SECTION_HEADED,18
K192745,K050683,SECTION_HEADED,18
K192745,K052483,SECTION_HEADED,18
K192745,K061621,SECTION_HEADED,18
K192745,K081071,SECTION_HEADED,18
K192745,K100776,PROXIMITY_ONLY,18
K192745,K112583,SECTION_HEADED,18
K192745,K161616,SECTION_HEADED,18
K192745,K180541,SECTION_HEADED,18
K192745,K961413,SECTION_HEADED,18
K192745,K962823,SECTION_HEADED,18
K192745,K974537,SECTION_HEADED,18
K192984,K051567,PROXIMITY_ONLY,13
K192984,K073186,SECTION_HEADED,13
K192984,K091479,PROXIMITY_ONLY,13
K192984,K092038,PROXIMITY_ONLY,13
K192984,K101536,SECTION_HEADED,13
K192984,K103332,PROXIMITY_ONLY,13
K192984,K110176,SECTION_HEADED,13
K192984,K111540,SECTION_HEADED,13
K192984,K112111,SECTION_HEADED,13
K192984,K181425,SECTION_HEADED,13
K192984,K191848,SECTION_HEADED,13
K193429,K011623,SECTION_HEADED,14
K193429,K052718,SECTION_HEADED,14
K193429,K110290,SECTION_HEADED,14
K193429,K111848,SECTION_HEADED,14
K193429,K121308,SECTION_HEADED,14
K193429,K153345,SECTION_HEADED,14
K193429,K171768,SECTION_HEADED,14
K193429,K172634,SECTION_HEADED,14
K193429,K173499,SECTION_HEADED,14
K193429,K173849,SECTION_HEADED,14
K193429,K182468,SECTION_HEADED,14
K193429,K191414,SECTION_HEADED,14
K193633,K000684,SECTION_HEADED,13
K193633,K011335,SECTION_HEADED,13
K193633,K013248,SECTION_HEADED,13
K193633,K051567,PROXIMITY_ONLY,13
K193633,K083213,SECTION_HEADED,13
K193633,K091479,SECTION_HEADED,13
K193633,K092038,PROXIMITY_ONLY,13
K193633,K092812,SECTION_HEADED,13
K193633,K103332,SECTION_HEADED,13
K193633,K110908,PROXIMITY_ONLY,13
K193633,K112560,SECTION_HEADED,13
K193633,K191848,SECTION_HEADED,13
K193633,K192297,SECTION_HEADED,13
K193639,K000684,SECTION_HEADED,11
K193639,K051567,SECTION_HEADED,11
K193639,K052614,SECTION_HEADED,11
K193639,K061808,SECTION_HEADED,11
K193639,K091479,SECTION_HEADED,11
K193639,K092038,PROXIMITY_ONLY,11
K193639,K110908,PROXIMITY_ONLY,11
K193639,K181425,SECTION_HEADED,11
K193639,K191848,SECTION_HEADED,11
K193639,K192297,SECTION_HEADED,11
K200267,K071373,SECTION_HEADED,11
K200267,K083393,SECTION_HEADED,11
K200267,K091291,SECTION_HEADED,11
K200267,K092076,SECTION_HEADED,11
K200267,K110283,PROXIMITY_ONLY,11
K200267,K132644,SECTION_HEADED,11
K200267,K142185,PROXIMITY_ONLY,11
K200267,K143363,SECTION_HEADED,11
K200267,K160124,SECTION_HEADED,11
K200267,K161766,PROXIMITY_ONLY,11
K200267,K183117,PROXIMITY_ONLY,11
K200823,K030923,PROXIMITY_ONLY,17
K200823,K051491,SECTION_HEADED,17
K200823,K061226,PROXIMITY_ONLY,17
K200823,K091508,PROXIMITY_ONLY,17
K200823,K093846,PROXIMITY_ONLY,17
K200823,K101229,PROXIMITY_ONLY,17
K200823,K101730,PROXIMITY_ONLY,17
K200823,K103662,PROXIMITY_ONLY,17
K200823,K113296,SECTION_HEADED,17
K200823,K120370,PROXIMITY_ONLY,17
K200823,K181171,SECTION_HEADED,17
K200823,K182678,PROXIMITY_ONLY,17
K200823,K191735,SECTION_HEADED,17
K200823,K192660,SECTION_HEADED,17
K200823,K972393,PROXIMITY_ONLY,17
K200823,K983509,PROXIMITY_ONLY,17
K200823,K993259,PROXIMITY_ONLY,17
K200880,K003018,SECTION_HEADED,14
K200880,K010801,SECTION_HEADED,14
K200880,K020384,PROXIMITY_ONLY,14
K200880,K021744,SECTION_HEADED,14
K200880,K023267,SECTION_HEADED,14
K200880,K032898,SECTION_HEADED,14
K200880,K051590,PROXIMITY_ONLY,14
K200880,K081152,SECTION_HEADED,14
K200880,K101438,SECTION_HEADED,14
K200880,K102992,SECTION_HEADED,14
K200880,K131365,SECTION_HEADED,14
K200880,K172774,SECTION_HEADED,14
K200880,K180436,PROXIMITY_ONLY,14
K200880,K923580,SECTION_HEADED,14
K201047,K073567,SECTION_HEADED,12
K201047,K093363,PROXIMITY_ONLY,12
K201047,K102172,PROXIMITY_ONLY,12
K201047,K121297,SECTION_HEADED,12
K201047,K133370,SECTION_HEADED,12
K201047,K143184,SECTION_HEADED,12
K201047,K153131,PROXIMITY_ONLY,12
K201047,K161155,PROXIMITY_ONLY,12
K201047,K163625,SECTION_HEADED,12
K201047,K190704,SECTION_HEADED,12
K201047,K192883,PROXIMITY_ONLY,12
K201047,K201278,SECTION_HEADED,12
K201193,K142488,SECTION_HEADED,11
K201193,K171046,PROXIMITY_ONLY,11
K201193,K173260,SECTION_HEADED,11
K201193,K173606,SECTION_HEADED,11
K201193,K183083,PROXIMITY_ONLY,11
K201193,K192132,PROXIMITY_ONLY,11
K201193,K193636,PROXIMITY_ONLY,11
K201193,K200879,PROXIMITY_ONLY,11
K201193,K201267,PROXIMITY_ONLY,11
K201193,K201605,PROXIMITY_ONLY,11
K201193,K201646,SECTION_HEADED,11
K201229,K013248,PROXIMITY_ONLY,15
K201229,K030597,PROXIMITY_ONLY,15
K201229,K033805,PROXIMITY_ONLY,15
K201229,K040022,SECTION_HEADED,15
K201229,K041860,SECTION_HEADED,15
K201229,K042377,PROXIMITY_ONLY,15
K201229,K043185,PROXIMITY_ONLY,15
K201229,K060710,PROXIMITY_ONLY,15
K201229,K061753,SECTION_HEADED,15
K201229,K062564,PROXIMITY_ONLY,15
K201229,K073186,SECTION_HEADED,15
K201229,K073460,PROXIMITY_ONLY,15
K201229,K082078,SECTION_HEADED,15
K201229,K092609,SECTION_HEADED,15
K201229,K093928,PROXIMITY_ONLY,15
K201253,K023134,SECTION_HEADED,14
K201253,K023921,SECTION_HEADED,14
K201253,K042312,SECTION_HEADED,14
K201253,K042436,SECTION_HEADED,14
K201253,K072212,SECTION_HEADED,14
K201253,K090926,SECTION_HEADED,14
K201253,K093047,SECTION_HEADED,14
K201253,K120871,SECTION_HEADED,14
K201253,K130479,SECTION_HEADED,14
K201253,K920024,SECTION_HEADED,14
K201253,K953397,SECTION_HEADED,14
K201253,K970713,SECTION_HEADED,14
K201253,K970751,SECTION_HEADED,14
K201253,K994143,SECTION_HEADED,14
K201585,K073109,SECTION_HEADED,14
K201585,K120869,SECTION_HEADED,14
K201585,K143163,SECTION_HEADED,14
K201585,K150673,PROXIMITY_ONLY,14
K201585,K151481,SECTION_HEADED,14
K201585,K152304,SECTION_HEADED,14
K201585,K160955,SECTION_HEADED,14
K201585,K170157,PROXIMITY_ONLY,14
K201585,K171496,PROXIMITY_ONLY,14
K201585,K173476,SECTION_HEADED,14
K201585,K181014,SECTION_HEADED,14
K201585,K183249,PROXIMITY_ONLY,14
K201585,K200002,PROXIMITY_ONLY,14
K201585,K200613,PROXIMITY_ONLY,14
K201673,K072857,PROXIMITY_ONLY,22
K201673,K073337,PROXIMITY_ONLY,22
K201673,K080885,PROXIMITY_ONLY,22
K201673,K082792,PROXIMITY_ONLY,22
K201673,K083116,PROXIMITY_ONLY,22
K201673,K091967,PROXIMITY_ONLY,22
K201673,K092265,PROXIMITY_ONLY,22
K201673,K093944,PROXIMITY_ONLY,22
K201673,K103352,PROXIMITY_ONLY,22
K201673,K103721,PROXIMITY_ONLY,22
K201673,K111145,PROXIMITY_ONLY,22
K201673,K112115,PROXIMITY_ONLY,22
K201673,K121011,PROXIMITY_ONLY,22
K201673,K131518,PROXIMITY_ONLY,22
K201673,K132879,PROXIMITY_ONLY,22
K201673,K143453,PROXIMITY_ONLY,22
K201673,K161635,PROXIMITY_ONLY,22
K201673,K170845,PROXIMITY_ONLY,22
K201673,K171966,PROXIMITY_ONLY,22
K201673,K173794,PROXIMITY_ONLY,22
K201673,K181693,SECTION_HEADED,22
K201728,K042695,PROXIMITY_ONLY,12
K201728,K061211,PROXIMITY_ONLY,12
K201728,K081759,PROXIMITY_ONLY,12
K201728,K082527,SECTION_HEADED,12
K201728,K100111,PROXIMITY_ONLY,12
K201728,K110354,SECTION_HEADED,12
K201728,K120772,SECTION_HEADED,12
K201728,K151716,PROXIMITY_ONLY,12
K201728,K151907,SECTION_HEADED,12
K201728,K161616,PROXIMITY_ONLY,12
K201728,K162124,PROXIMITY_ONLY,12
K201728,K182718,PROXIMITY_ONLY,12
K201820,K153419,SECTION_HEADED,12
K201820,K161230,SECTION_HEADED,12
K201820,K163506,PROXIMITY_ONLY,12
K201820,K170592,SECTION_HEADED,12
K201820,K170962,SECTION_HEADED,12
K201820,K172341,PROXIMITY_ONLY,12
K201820,K173153,PROXIMITY_ONLY,12
K201820,K181386,SECTION_HEADED,12
K201820,K181860,PROXIMITY_ONLY,12
K201820,K192760,PROXIMITY_ONLY,12
K201820,K193541,PROXIMITY_ONLY,12
K201820,K193593,PROXIMITY_ONLY,12
K201905,K041066,SECTION_HEADED,18
K201905,K051075,SECTION_HEADED,18
K201905,K092873,SECTION_HEADED,18
K201905,K100858,PROXIMITY_ONLY,18
K201905,K101263,PROXIMITY_ONLY,18
K201905,K110598,PROXIMITY_ONLY,18
K201905,K111212,PROXIMITY_ONLY,18
K201905,K112069,SECTION_HEADED,18
K201905,K113254,SECTION_HEADED,18
K201905,K113523,PROXIMITY_ONLY,18
K201905,K131112,PROXIMITY_ONLY,18
K201905,K133349,SECTION_HEADED,18
K201905,K141006,SECTION_HEADED,18
K201905,K142139,PROXIMITY_ONLY,18
K201905,K163397,SECTION_HEADED,18
K201905,K172456,SECTION_HEADED,18
K201905,K191746,SECTION_HEADED,18
K201905,K191963,PROXIMITY_ONLY,18
K202730,K072857,PROXIMITY_ONLY,19
K202730,K073337,PROXIMITY_ONLY,19
K202730,K080885,PROXIMITY_ONLY,19
K202730,K083116,PROXIMITY_ONLY,19
K202730,K083558,PROXIMITY_ONLY,19
K202730,K091967,PROXIMITY_ONLY,19
K202730,K092265,PROXIMITY_ONLY,19
K202730,K103352,PROXIMITY_ONLY,19
K202730,K103721,PROXIMITY_ONLY,19
K202730,K111145,PROXIMITY_ONLY,19
K202730,K112115,PROXIMITY_ONLY,19
K202730,K121011,SECTION_HEADED,19
K202730,K131518,PROXIMITY_ONLY,19
K202730,K132879,PROXIMITY_ONLY,19
K202730,K143453,PROXIMITY_ONLY,19
K202730,K171966,PROXIMITY_ONLY,19
K202730,K173794,SECTION_HEADED,19
K202730,K181254,SECTION_HEADED,19
K202730,K192827,SECTION_HEADED,19
K203041,K072857,PROXIMITY_ONLY,23
K203041,K073337,PROXIMITY_ONLY,23
K203041,K080885,PROXIMITY_ONLY,23
K203041,K082792,PROXIMITY_ONLY,23
K203041,K083116,PROXIMITY_ONLY,23
K203041,K091967,PROXIMITY_ONLY,23
K203041,K092265,PROXIMITY_ONLY,23
K203041,K093944,PROXIMITY_ONLY,23
K203041,K103352,PROXIMITY_ONLY,23
K203041,K103721,PROXIMITY_ONLY,23
K203041,K111145,PROXIMITY_ONLY,23
K203041,K112115,PROXIMITY_ONLY,23
K203041,K121011,PROXIMITY_ONLY,23
K203041,K131518,PROXIMITY_ONLY,23
K203041,K132879,PROXIMITY_ONLY,23
K203041,K143453,PROXIMITY_ONLY,23
K203041,K161635,PROXIMITY_ONLY,23
K203041,K170845,PROXIMITY_ONLY,23
K203041,K171966,PROXIMITY_ONLY,23
K203041,K173794,PROXIMITY_ONLY,23
K203041,K181693,SECTION_HEADED,23
K203041,K192827,SECTION_HEADED,23
K203041,K201673,SECTION_HEADED,23
K203149,K023675,SECTION_HEADED,11
K203149,K042508,SECTION_HEADED,11
K203149,K070573,PROXIMITY_ONLY,11
K203149,K141988,SECTION_HEADED,11
K203149,K142838,PROXIMITY_ONLY,11
K203149,K162061,SECTION_HEADED,11
K203149,K171369,SECTION_HEADED,11
K203149,K182837,SECTION_HEADED,11
K203149,K190631,SECTION_HEADED,11
K203149,K200130,SECTION_HEADED,11
K203149,K991089,SECTION_HEADED,11
K203201,K141665,PROXIMITY_ONLY,14
K203201,K153419,SECTION_HEADED,14
K203201,K161230,SECTION_HEADED,14
K203201,K170592,PROXIMITY_ONLY,14
K203201,K170962,SECTION_HEADED,14
K203201,K172341,PROXIMITY_ONLY,14
K203201,K173153,PROXIMITY_ONLY,14
K203201,K181386,SECTION_HEADED,14
K203201,K181860,PROXIMITY_ONLY,14
K203201,K192760,PROXIMITY_ONLY,14
K203201,K193541,PROXIMITY_ONLY,14
K203201,K193593,PROXIMITY_ONLY,14
K203201,K200953,PROXIMITY_ONLY,14
K203201,K201820,SECTION_HEADED,14
K203230,K000575,SECTION_HEADED,19
K203230,K011047,SECTION_HEADED,19
K203230,K011099,SECTION_HEADED,19
K203230,K021478,SECTION_HEADED,19
K203230,K033516,SECTION_HEADED,19
K203230,K050315,SECTION_HEADED,19
K203230,K052472,SECTION_HEADED,19
K203230,K060874,SECTION_HEADED,19
K203230,K062116,SECTION_HEADED,19
K203230,K063652,SECTION_HEADED,19
K203230,K080990,SECTION_HEADED,19
K203230,K082715,SECTION_HEADED,19
K203230,K092122,SECTION_HEADED,19
K203230,K122442,SECTION_HEADED,19
K203230,K905786,SECTION_HEADED,19
K203230,K914000,SECTION_HEADED,19
K203230,K981487,SECTION_HEADED,19
K203230,K984541,SECTION_HEADED,19
K203230,K992065,SECTION_HEADED,19
K203278,K082252,SECTION_HEADED,15
K203278,K103382,SECTION_HEADED,15
K203278,K120101,SECTION_HEADED,15
K203278,K132559,SECTION_HEADED,15
K203278,K142498,SECTION_HEADED,15
K203278,K153495,PROXIMITY_ONLY,15
K203278,K160597,SECTION_HEADED,15
K203278,K161223,SECTION_HEADED,15
K203278,K161379,PROXIMITY_ONLY,15
K203278,K170157,SECTION_HEADED,15
K203278,K171848,SECTION_HEADED,15
K203278,K181386,PROXIMITY_ONLY,15
K203278,K191391,SECTION_HEADED,15
K203278,K201087,SECTION_HEADED,15
K203278,K201820,PROXIMITY_ONLY,15
K210263,K072857,SECTION_HEADED,13
K210263,K073337,SECTION_HEADED,13
K210263,K080885,SECTION_HEADED,13
K210263,K083312,SECTION_HEADED,13
K210263,K103721,SECTION_HEADED,13
K210263,K111046,SECTION_HEADED,13
K210263,K111145,SECTION_HEADED,13
K210263,K112115,SECTION_HEADED,13
K210263,K131518,PROXIMITY_ONLY,13
K210263,K170845,SECTION_HEADED,13
K210263,K181693,SECTION_HEADED,13
K210263,K181963,SECTION_HEADED,13
K210263,K201673,SECTION_HEADED,13
K210425,K094025,SECTION_HEADED,13
K210425,K100175,SECTION_HEADED,13
K210425,K132897,SECTION_HEADED,13
K210425,K133216,SECTION_HEADED,13
K210425,K133577,SECTION_HEADED,13
K210425,K142559,SECTION_HEADED,13
K210425,K171031,SECTION_HEADED,13
K210425,K171689,SECTION_HEADED,13
K210425,K190959,SECTION_HEADED,13
K210425,K201267,PROXIMITY_ONLY,13
K210497,K142488,SECTION_HEADED,11
K210497,K171046,PROXIMITY_ONLY,11
K210497,K173260,SECTION_HEADED,11
K210497,K173606,SECTION_HEADED,11
K210497,K181079,PROXIMITY_ONLY,11
K210497,K183083,PROXIMITY_ONLY,11
K210497,K190655,PROXIMITY_ONLY,11
K210497,K192132,PROXIMITY_ONLY,11
K210497,K193636,PROXIMITY_ONLY,11
K210497,K200879,PROXIMITY_ONLY,11
K210497,K201193,PROXIMITY_ONLY,11
K210637,K042025,SECTION_HEADED,11
K210637,K061591,SECTION_HEADED,11
K210637,K113174,SECTION_HEADED,11
K210637,K170679,SECTION_HEADED,11
K210637,K201362,SECTION_HEADED,11
K210637,K201407,SECTION_HEADED,11
K210637,K203678,SECTION_HEADED,11
K211002,K102298,SECTION_HEADED,12
K211002,K182898,SECTION_HEADED,12
K211002,K183690,SECTION_HEADED,12
K211002,K191227,SECTION_HEADED,12
K211002,K191483,SECTION_HEADED,12
K211002,K201083,SECTION_HEADED,12
K211004,K090988,PROXIMITY_ONLY,11
K211004,K120790,PROXIMITY_ONLY,11
K211004,K121416,SECTION_HEADED,11
K211004,K122232,PROXIMITY_ONLY,11
K211004,K140826,SECTION_HEADED,11
K211004,K142069,PROXIMITY_ONLY,11
K211004,K162035,SECTION_HEADED,11
K211004,K173890,SECTION_HEADED,11
K211004,K181635,PROXIMITY_ONLY,11
K211004,K202022,SECTION_HEADED,11
K211004,K202684,PROXIMITY_ONLY,11
K211891,K083116,SECTION_HEADED,12
K211891,K092265,SECTION_HEADED,12
K211891,K103352,PROXIMITY_ONLY,12
K211891,K103721,PROXIMITY_ONLY,12
K211891,K122641,PROXIMITY_ONLY,12
K211891,K131458,SECTION_HEADED,12
K211891,K132879,PROXIMITY_ONLY,12
K211891,K143453,SECTION_HEADED,12
K211891,K171966,PROXIMITY_ONLY,12
K211891,K191765,SECTION_HEADED,12
K211891,K193122,SECTION_HEADED,12
K212381,K050358,SECTION_HEADED,20
K212381,K061665,SECTION_HEADED,20
K212381,K063453,SECTION_HEADED,20
K212381,K070758,SECTION_HEADED,20
K212381,K071257,SECTION_HEADED,20
K212381,K101679,SECTION_HEADED,20
K212381,K111000,SECTION_HEADED,20
K212381,K120942,SECTION_HEADED,20
K212381,K121018,SECTION_HEADED,20
K212381,K130274,SECTION_HEADED,20
K212381,K130917,SECTION_HEADED,20
K212381,K173788,SECTION_HEADED,20
K212381,K190728,SECTION_HEADED,20
K212381,K193295,SECTION_HEADED,20
K212381,K200523,SECTION_HEADED,20
K212381,K201083,SECTION_HEADED,20
K212381,K201786,SECTION_HEADED,20
K212381,K203495,SECTION_HEADED,20
K212524,K073291,SECTION_HEADED,12
K212524,K091813,SECTION_HEADED,12
K212524,K132897,SECTION_HEADED,12
K212524,K133577,SECTION_HEADED,12
K212524,K151128,SECTION_HEADED,12
K212524,K152277,SECTION_HEADED,12
K212524,K190959,SECTION_HEADED,12
K212524,K201267,SECTION_HEADED,12
K212524,K210425,SECTION_HEADED,12
K212524,K211258,SECTION_HEADED,12
K212737,K052906,PROXIMITY_ONLY,16
K212737,K060692,SECTION_HEADED,16
K212737,K062250,PROXIMITY_ONLY,16
K212737,K071379,PROXIMITY_ONLY,16
K212737,K081620,PROXIMITY_ONLY,16
K212737,K120174,PROXIMITY_ONLY,16
K212737,K122698,PROXIMITY_ONLY,16
K212737,K130048,SECTION_HEADED,16
K212737,K130050,PROXIMITY_ONLY,16
K212737,K161742,PROXIMITY_ONLY,16
K212737,K172351,PROXIMITY_ONLY,16
K212737,K181611,SECTION_HEADED,16
K212737,K183077,PROXIMITY_ONLY,16
K212737,K193373,SECTION_HEADED,16
K212737,K202716,SECTION_HEADED,16
K212737,K203108,PROXIMITY_ONLY,16
K212761,K033273,PROXIMITY_ONLY,15
K212761,K062148,PROXIMITY_ONLY,15
K212761,K100761,PROXIMITY_ONLY,15
K212761,K151264,PROXIMITY_ONLY,15
K212761,K182468,PROXIMITY_ONLY,15
K212761,K193122,PROXIMITY_ONLY,15
K212761,K201219,PROXIMITY_ONLY,15
K212761,K842202,PROXIMITY_ONLY,15
K212761,K882146,PROXIMITY_ONLY,15
K212761,K884888,PROXIMITY_ONLY,15
K212761,K895886,PROXIMITY_ONLY,15
K212761,K912641,PROXIMITY_ONLY,15
K212761,K922500,PROXIMITY_ONLY,15
K212761,K925682,PROXIMITY_ONLY,15
K212761,K954768,PROXIMITY_ONLY,15
K212800,K081016,SECTION_HEADED,11
K212800,K110598,PROXIMITY_ONLY,11
K212800,K122698,SECTION_HEADED,11
K212800,K133349,SECTION_HEADED,11
K212800,K142139,PROXIMITY_ONLY,11
K212800,K162024,SECTION_HEADED,11
K212800,K163397,PROXIMITY_ONLY,11
K212800,K172351,SECTION_HEADED,11
K212800,K173073,SECTION_HEADED,11
K212800,K190290,SECTION_HEADED,11
K212800,K201315,SECTION_HEADED,11
K212815,K002149,SECTION_HEADED,12
K212815,K021673,SECTION_HEADED,12
K212815,K110135,SECTION_HEADED,12
K212815,K130728,SECTION_HEADED,12
K212815,K143739,SECTION_HEADED,12
K212815,K151902,SECTION_HEADED,12
K212815,K162303,SECTION_HEADED,12
K212815,K894334,SECTION_HEADED,12
K212815,K963509,SECTION_HEADED,12
K212815,K983035,SECTION_HEADED,12
K213059,K011978,PROXIMITY_ONLY,14
K213059,K013248,SECTION_HEADED,14
K213059,K020602,SECTION_HEADED,14
K213059,K030597,PROXIMITY_ONLY,14
K213059,K050646,PROXIMITY_ONLY,14
K213059,K052390,PROXIMITY_ONLY,14
K213059,K061098,PROXIMITY_ONLY,14
K213059,K073460,SECTION_HEADED,14
K213059,K082624,PROXIMITY_ONLY,14
K213059,K111039,PROXIMITY_ONLY,14
K213059,K120360,PROXIMITY_ONLY,14
K213059,K120689,PROXIMITY_ONLY,14
K213059,K120854,PROXIMITY_ONLY,14
K213059,K141680,SECTION_HEADED,14
K213071,K090988,PROXIMITY_ONLY,12
K213071,K120790,PROXIMITY_ONLY,12
K213071,K121416,PROXIMITY_ONLY,12
K213071,K122232,PROXIMITY_ONLY,12
K213071,K140826,PROXIMITY_ONLY,12
K213071,K142069,PROXIMITY_ONLY,12
K213071,K162084,PROXIMITY_ONLY,12
K213071,K183029,SECTION_HEADED,12
K213071,K200122,SECTION_HEADED,12
K213071,K202022,SECTION_HEADED,12
K213071,K202684,SECTION_HEADED,12
K213071,K211004,PROXIMITY_ONLY,12
K213214,K042355,SECTION_HEADED,12
K213214,K051567,SECTION_HEADED,12
K213214,K060041,SECTION_HEADED,12
K213214,K131764,PROXIMITY_ONLY,12
K213214,K140372,PROXIMITY_ONLY,12
K213214,K141548,PROXIMITY_ONLY,12
K213214,K142906,SECTION_HEADED,12
K213214,K143061,PROXIMITY_ONLY,12
K213214,K170843,SECTION_HEADED,12
K213214,K172170,SECTION_HEADED,12
K213214,K173641,PROXIMITY_ONLY,12
K213214,K182492,PROXIMITY_ONLY,12
K213827,K032686,SECTION_HEADED,11
K213827,K032806,SECTION_HEADED,11
K213827,K062861,SECTION_HEADED,11
K213827,K100448,SECTION_HEADED,11
K213827,K112438,SECTION_HEADED,11
K213827,K142413,SECTION_HEADED,11
K213827,K152047,SECTION_HEADED,11
K213827,K161189,SECTION_HEADED,11
K213827,K173717,SECTION_HEADED,11
K213827,K181999,SECTION_HEADED,11
K213827,K190588,SECTION_HEADED,11
K220025,K090320,PROXIMITY_ONLY,12
K220025,K123373,SECTION_HEADED,12
K220025,K133214,PROXIMITY_ONLY,12
K220025,K141222,PROXIMITY_ONLY,12
K220025,K143249,PROXIMITY_ONLY,12
K220025,K170804,PROXIMITY_ONLY,12
K220025,K171907,PROXIMITY_ONLY,12
K220025,K190751,PROXIMITY_ONLY,12
K220025,K191575,PROXIMITY_ONLY,12
K220025,K200070,PROXIMITY_ONLY,12
K220025,K203163,PROXIMITY_ONLY,12
K220025,K210549,PROXIMITY_ONLY,12
K220405,K072857,PROXIMITY_ONLY,19
K220405,K073337,PROXIMITY_ONLY,19
K220405,K080885,PROXIMITY_ONLY,19
K220405,K083116,PROXIMITY_ONLY,19
K220405,K083558,SECTION_HEADED,19
K220405,K091967,PROXIMITY_ONLY,19
K220405,K092265,PROXIMITY_ONLY,19
K220405,K103352,PROXIMITY_ONLY,19
K220405,K103721,PROXIMITY_ONLY,19
K220405,K111145,PROXIMITY_ONLY,19
K220405,K112115,PROXIMITY_ONLY,19
K220405,K120531,PROXIMITY_ONLY,19
K220405,K122911,PROXIMITY_ONLY,19
K220405,K132879,PROXIMITY_ONLY,19
K220405,K143453,PROXIMITY_ONLY,19
K220405,K171966,PROXIMITY_ONLY,19
K220405,K192827,SECTION_HEADED,19
K220405,K201471,SECTION_HEADED,19
K220847,K063569,SECTION_HEADED,14
K220847,K081016,SECTION_HEADED,14
K220847,K100448,SECTION_HEADED,14
K220847,K121543,SECTION_HEADED,14
K220847,K122698,SECTION_HEADED,14
K220847,K130050,SECTION_HEADED,14
K220847,K142413,SECTION_HEADED,14
K220847,K151293,SECTION_HEADED,14
K220847,K152047,SECTION_HEADED,14
K220847,K160975,SECTION_HEADED,14
K220847,K161742,SECTION_HEADED,14
K220847,K181611,SECTION_HEADED,14
K220847,K181999,SECTION_HEADED,14
K220847,K190588,SECTION_HEADED,14
K221150,K090692,SECTION_HEADED,12
K221150,K103243,SECTION_HEADED,12
K221150,K130108,SECTION_HEADED,12
K221150,K132886,PROXIMITY_ONLY,12
K221150,K132898,PROXIMITY_ONLY,12
K221150,K141383,PROXIMITY_ONLY,12
K221150,K141527,SECTION_HEADED,12
K221150,K142121,SECTION_HEADED,12
K221150,K151277,PROXIMITY_ONLY,12
K221150,K152974,SECTION_HEADED,12
K221150,K171852,SECTION_HEADED,12
K221150,K222194,PROXIMITY_ONLY,12
K221675,K003237,PROXIMITY_ONLY,16
K221675,K062978,PROXIMITY_ONLY,16
K221675,K103497,SECTION_HEADED,16
K221675,K110245,PROXIMITY_ONLY,16
K221675,K111546,PROXIMITY_ONLY,16
K221675,K112463,SECTION_HEADED,16
K221675,K122185,SECTION_HEADED,16
K221675,K123550,PROXIMITY_ONLY,16
K221675,K132207,PROXIMITY_ONLY,16
K221675,K151316,PROXIMITY_ONLY,16
K221675,K152439,SECTION_HEADED,16
K221675,K162957,SECTION_HEADED,16
K221675,K163193,PROXIMITY_ONLY,16
K221675,K172251,PROXIMITY_ONLY,16
K221675,K180929,SECTION_HEADED,16
K221675,K183312,PROXIMITY_ONLY,16
K221705,K021657,PROXIMITY_ONLY,19
K221705,K051640,SECTION_HEADED,19
K221705,K082469,PROXIMITY_ONLY,19
K221705,K103733,PROXIMITY_ONLY,19
K221705,K120507,SECTION_HEADED,19
K221705,K123486,SECTION_HEADED,19
K221705,K131864,PROXIMITY_ONLY,19
K221705,K132752,PROXIMITY_ONLY,19
K221705,K140075,SECTION_HEADED,19
K221705,K140942,PROXIMITY_ONLY,19
K221705,K150829,SECTION_HEADED,19
K221705,K150832,SECTION_HEADED,19
K221705,K151316,PROXIMITY_ONLY,19
K221705,K152430,PROXIMITY_ONLY,19
K221705,K161705,PROXIMITY_ONLY,19
K221705,K162256,SECTION_HEADED,19
K221705,K181794,SECTION_HEADED,19
K221705,K190100,PROXIMITY_ONLY,19
K221705,K210961,PROXIMITY_ONLY,19
K221758,K100858,SECTION_HEADED,15
K221758,K110598,SECTION_HEADED,15
K221758,K110847,SECTION_HEADED,15
K221758,K113254,SECTION_HEADED,15
K221758,K130642,PROXIMITY_ONLY,15
K221758,K133349,SECTION_HEADED,15
K221758,K143256,SECTION_HEADED,15
K221758,K143552,SECTION_HEADED,15
K221758,K153722,SECTION_HEADED,15
K221758,K161476,SECTION_HEADED,15
K221758,K163397,SECTION_HEADED,15
K221758,K171858,SECTION_HEADED,15
K221758,K173388,SECTION_HEADED,15
K221758,K183194,SECTION_HEADED,15
K221758,K212800,PROXIMITY_ONLY,15
K221894,K102293,SECTION_HEADED,15
K221894,K113447,SECTION_HEADED,15
K221894,K123231,SECTION_HEADED,15
K221894,K123913,SECTION_HEADED,15
K221894,K132559,SECTION_HEADED,15
K221894,K140411,SECTION_HEADED,15
K221894,K142498,SECTION_HEADED,15
K221894,K171848,SECTION_HEADED,15
K221894,K191391,SECTION_HEADED,15
K221894,K192115,SECTION_HEADED,15
K221894,K203038,SECTION_HEADED,15
K221894,K203278,SECTION_HEADED,15
K221894,K210214,PROXIMITY_ONLY,15
K221894,K210439,PROXIMITY_ONLY,15
K221894,K213355,SECTION_HEADED,15
K222282,K001945,PROXIMITY_ONLY,14
K222282,K011978,PROXIMITY_ONLY,14
K222282,K021932,PROXIMITY_ONLY,14
K222282,K032269,PROXIMITY_ONLY,14
K222282,K033995,SECTION_HEADED,14
K222282,K041860,PROXIMITY_ONLY,14
K222282,K061621,PROXIMITY_ONLY,14
K222282,K062564,PROXIMITY_ONLY,14
K222282,K071184,SECTION_HEADED,14
K222282,K082807,SECTION_HEADED,14
K222282,K111540,SECTION_HEADED,14
K222282,K112583,PROXIMITY_ONLY,14
K222282,K120070,SECTION_HEADED,14
K222282,K962011,PROXIMITY_ONLY,14
K222684,K061854,SECTION_HEADED,12
K222684,K113802,PROXIMITY_ONLY,12
K222684,K122845,SECTION_HEADED,12
K222684,K133188,SECTION_HEADED,12
K222684,K142114,SECTION_HEADED,12
K222684,K151755,PROXIMITY_ONLY,12
K222684,K160208,PROXIMITY_ONLY,12
K222684,K161332,PROXIMITY_ONLY,12
K222684,K170496,SECTION_HEADED,12
K222684,K172724,SECTION_HEADED,12
K222684,K181603,PROXIMITY_ONLY,12
K222684,K192818,SECTION_HEADED,12
K223069,K001548,SECTION_HEADED,13
K223069,K001957,SECTION_HEADED,13
K223069,K002552,SECTION_HEADED,13
K223069,K031480,PROXIMITY_ONLY,13
K223069,K060360,PROXIMITY_ONLY,13
K223069,K792089,PROXIMITY_ONLY,13
K223069,K904208,PROXIMITY_ONLY,13
K223069,K915512,PROXIMITY_ONLY,13
K223069,K924482,PROXIMITY_ONLY,13
K223069,K972863,PROXIMITY_ONLY,13
K223069,K973164,PROXIMITY_ONLY,13
K223069,K992346,PROXIMITY_ONLY,13
K223069,K994207,SECTION_HEADED,13
K223150,K000682,SECTION_HEADED,18
K223150,K000684,SECTION_HEADED,18
K223150,K001945,SECTION_HEADED,18
K223150,K012114,SECTION_HEADED,18
K223150,K013248,SECTION_HEADED,18
K223150,K030597,PROXIMITY_ONLY,18
K223150,K032269,PROXIMITY_ONLY,18
K223150,K041860,SECTION_HEADED,18
K223150,K061753,PROXIMITY_ONLY,18
K223150,K062564,PROXIMITY_ONLY,18
K223150,K063049,PROXIMITY_ONLY,18
K223150,K073186,PROXIMITY_ONLY,18
K223150,K073460,PROXIMITY_ONLY,18
K223150,K083694,PROXIMITY_ONLY,18
K223150,K090047,PROXIMITY_ONLY,18
K223150,K091644,PROXIMITY_ONLY,18
K223150,K131186,PROXIMITY_ONLY,18
K223150,K944330,PROXIMITY_ONLY,18
K223528,K001548,SECTION_HEADED,22
K223528,K001957,SECTION_HEADED,22
K223528,K002552,SECTION_HEADED,22
K223528,K023087,PROXIMITY_ONLY,22
K223528,K031729,SECTION_HEADED,22
K223528,K040267,SECTION_HEADED,22
K223528,K051146,SECTION_HEADED,22
K223528,K051948,SECTION_HEADED,22
K223528,K052917,SECTION_HEADED,22
K223528,K053514,SECTION_HEADED,22
K223528,K061521,SECTION_HEADED,22
K223528,K070095,SECTION_HEADED,22
K223528,K072221,SECTION_HEADED,22
K223528,K132624,SECTION_HEADED,22
K223528,K141056,SECTION_HEADED,22
K223528,K153345,SECTION_HEADED,22
K223528,K172326,SECTION_HEADED,22
K223528,K172634,SECTION_HEADED,22
K223528,K190991,SECTION_HEADED,22
K223528,K983226,SECTION_HEADED,22
K223528,K994207,SECTION_HEADED,22
K223745,K011533,SECTION_HEADED,11
K223745,K042959,SECTION_HEADED,11
K223745,K042992,SECTION_HEADED,11
K223745,K082239,SECTION_HEADED,11
K223745,K111572,SECTION_HEADED,11
K223745,K123991,SECTION_HEADED,11
K223745,K150862,SECTION_HEADED,11
K223745,K160907,SECTION_HEADED,11
K223745,K181744,SECTION_HEADED,11
K223745,K190344,SECTION_HEADED,11
K223745,K980513,SECTION_HEADED,11
K230257,K012190,SECTION_HEADED,15
K230257,K021008,SECTION_HEADED,15
K230257,K070444,SECTION_HEADED,15
K230257,K103533,SECTION_HEADED,15
K230257,K120148,SECTION_HEADED,15
K230257,K123569,SECTION_HEADED,15
K230257,K130625,SECTION_HEADED,15
K230257,K132005,SECTION_HEADED,15
K230257,K133081,SECTION_HEADED,15
K230257,K141228,SECTION_HEADED,15
K230257,K202099,SECTION_HEADED,15
K230257,K213837,SECTION_HEADED,15
K230257,K221031,SECTION_HEADED,15
K230257,K222267,SECTION_HEADED,15
K230416,K002552,SECTION_HEADED,16
K230416,K031729,SECTION_HEADED,16
K230416,K070095,SECTION_HEADED,16
K230416,K072221,SECTION_HEADED,16
K230416,K132624,SECTION_HEADED,16
K230416,K141056,SECTION_HEADED,16
K230416,K153345,SECTION_HEADED,16
K230416,K172326,SECTION_HEADED,16
K230416,K172634,SECTION_HEADED,16
K230416,K222056,SECTION_HEADED,16
K230416,K223069,SECTION_HEADED,16
K230416,K223528,SECTION_HEADED,16
K230416,K915512,SECTION_HEADED,16
K230416,K973164,SECTION_HEADED,16
K230416,K983226,SECTION_HEADED,16
K230416,K994207,SECTION_HEADED,16
K230563,K013035,SECTION_HEADED,13
K230563,K021489,PROXIMITY_ONLY,13
K230563,K081479,PROXIMITY_ONLY,13
K230563,K093552,SECTION_HEADED,13
K230563,K122218,SECTION_HEADED,13
K230563,K140735,PROXIMITY_ONLY,13
K230563,K142550,SECTION_HEADED,13
K230563,K162026,SECTION_HEADED,13
K230563,K171389,SECTION_HEADED,13
K230563,K182125,SECTION_HEADED,13
K230563,K953439,PROXIMITY_ONLY,13
K230563,K973524,PROXIMITY_ONLY,13
K230563,K990030,PROXIMITY_ONLY,13
K230572,K052906,SECTION_HEADED,11
K230572,K130050,PROXIMITY_ONLY,11
K230572,K130129,SECTION_HEADED,11
K230572,K142139,PROXIMITY_ONLY,11
K230572,K152047,PROXIMITY_ONLY,11
K230572,K172351,SECTION_HEADED,11
K230572,K181999,PROXIMITY_ONLY,11
K230572,K200171,SECTION_HEADED,11
K230572,K201315,SECTION_HEADED,11
K230572,K210717,PROXIMITY_ONLY,11
K230572,K220847,SECTION_HEADED,11
K232265,K030941,PROXIMITY_ONLY,21
K232265,K050316,PROXIMITY_ONLY,21
K232265,K061439,PROXIMITY_ONLY,21
K232265,K081059,PROXIMITY_ONLY,21
K232265,K100142,PROXIMITY_ONLY,21
K232265,K111902,PROXIMITY_ONLY,21
K232265,K122698,PROXIMITY_ONLY,21
K232265,K132285,PROXIMITY_ONLY,21
K232265,K140082,PROXIMITY_ONLY,21
K232265,K140478,PROXIMITY_ONLY,21
K232265,K143552,PROXIMITY_ONLY,21
K232265,K150583,PROXIMITY_ONLY,21
K232265,K151293,PROXIMITY_ONLY,21
K232265,K160975,PROXIMITY_ONLY,21
K232265,K183696,PROXIMITY_ONLY,21
K232265,K191318,PROXIMITY_ONLY,21
K232265,K201315,PROXIMITY_ONLY,21
K232265,K202289,PROXIMITY_ONLY,21
K232265,K203315,SECTION_HEADED,21
K232265,K211359,SECTION_HEADED,21
K232265,K220418,PROXIMITY_ONLY,21
K232394,K011815,SECTION_HEADED,11
K232394,K032269,PROXIMITY_ONLY,11
K232394,K033995,SECTION_HEADED,11
K232394,K062564,SECTION_HEADED,11
K232394,K063049,SECTION_HEADED,11
K232394,K073186,SECTION_HEADED,11
K232394,K082807,PROXIMITY_ONLY,11
K232394,K083213,PROXIMITY_ONLY,11
K232394,K083694,SECTION_HEADED,11
K232394,K092812,PROXIMITY_ONLY,11
K232394,K222031,SECTION_HEADED,11
K232605,K021932,SECTION_HEADED,11
K232605,K093776,SECTION_HEADED,11
K232605,K121060,SECTION_HEADED,11
K232605,K131471,SECTION_HEADED,11
K232605,K150017,SECTION_HEADED,11
K232605,K163104,SECTION_HEADED,11
K232605,K213266,SECTION_HEADED,11
K232605,K223708,SECTION_HEADED,11
K233498,K153345,SECTION_HEADED,13
K233498,K173499,SECTION_HEADED,13
K233498,K182468,PROXIMITY_ONLY,13
K233498,K191358,PROXIMITY_ONLY,13
K233498,K191414,PROXIMITY_ONLY,13
K233498,K202016,PROXIMITY_ONLY,13
K233498,K210893,PROXIMITY_ONLY,13
K233498,K212187,PROXIMITY_ONLY,13
K233498,K213701,PROXIMITY_ONLY,13
K233498,K220376,PROXIMITY_ONLY,13
K233498,K220731,PROXIMITY_ONLY,13
K233498,K222632,PROXIMITY_ONLY,13
K233665,K000684,SECTION_HEADED,11
K233665,K011335,SECTION_HEADED,11
K233665,K033805,SECTION_HEADED,11
K233665,K063049,PROXIMITY_ONLY,11
K233665,K082072,PROXIMITY_ONLY,11
K233665,K082807,SECTION_HEADED,11
K233665,K092247,PROXIMITY_ONLY,11
K233665,K100776,PROXIMITY_ONLY,11
K233665,K112583,PROXIMITY_ONLY,11
K233665,K131186,SECTION_HEADED,11
K233665,K150099,PROXIMITY_ONLY,11
K233980,K003182,SECTION_HEADED,12
K233980,K033959,SECTION_HEADED,12
K233980,K061648,SECTION_HEADED,12
K233980,K070267,SECTION_HEADED,12
K233980,K070849,SECTION_HEADED,12
K233980,K091453,SECTION_HEADED,12
K233980,K111433,SECTION_HEADED,12
K233980,K140881,SECTION_HEADED,12
K233980,K170806,SECTION_HEADED,12
K233980,K212746,PROXIMITY_ONLY,12
K233980,K230295,PROXIMITY_ONLY,12
K233980,K232303,SECTION_HEADED,12
K240046,K002149,SECTION_HEADED,14
K240046,K061547,SECTION_HEADED,14
K240046,K140043,PROXIMITY_ONLY,14
K240046,K142119,PROXIMITY_ONLY,14
K240046,K170444,PROXIMITY_ONLY,14
K240046,K171181,PROXIMITY_ONLY,14
K240046,K173776,PROXIMITY_ONLY,14
K240046,K180798,PROXIMITY_ONLY,14
K240046,K181598,PROXIMITY_ONLY,14
K240046,K200011,PROXIMITY_ONLY,14
K240046,K892398,PROXIMITY_ONLY,14
K240046,K911052,PROXIMITY_ONLY,14
K240046,K931333,PROXIMITY_ONLY,14
K240783,K021673,PROXIMITY_ONLY,14
K240783,K052792,SECTION_HEADED,14
K240783,K070756,PROXIMITY_ONLY,14
K240783,K081124,PROXIMITY_ONLY,14
K240783,K092386,PROXIMITY_ONLY,14
K240783,K113848,PROXIMITY_ONLY,14
K240783,K211176,PROXIMITY_ONLY,14
K240783,K823722,PROXIMITY_ONLY,14
K240783,K831884,PROXIMITY_ONLY,14
K240783,K963486,PROXIMITY_ONLY,14
K240783,K963509,SECTION_HEADED,14
K240783,K970351,SECTION_HEADED,14
K240783,K990369,PROXIMITY_ONLY,14
K240783,K991485,PROXIMITY_ONLY,14
K240830,K203714,SECTION_HEADED,12
K240830,K210497,SECTION_HEADED,12
K240830,K212540,SECTION_HEADED,12
K240830,K212904,SECTION_HEADED,12
K240830,K213359,SECTION_HEADED,12
K240830,K213420,SECTION_HEADED,12
K240830,K213951,PROXIMITY_ONLY,12
K240830,K221751,SECTION_HEADED,12
K240830,K231076,SECTION_HEADED,12
K240830,K231735,SECTION_HEADED,12
K240830,K233414,PROXIMITY_ONLY,12
K240830,K233694,PROXIMITY_ONLY,12
K240846,K082236,PROXIMITY_ONLY,11
K240846,K153442,PROXIMITY_ONLY,11
K240846,K170347,PROXIMITY_ONLY,11
K240846,K190526,SECTION_HEADED,11
K240846,K190545,PROXIMITY_ONLY,11
K240846,K193423,PROXIMITY_ONLY,11
K240846,K200596,PROXIMITY_ONLY,11
K240846,K210716,SECTION_HEADED,11
K240846,K222789,PROXIMITY_ONLY,11
K240846,K231280,SECTION_HEADED,11
K240846,K233944,SECTION_HEADED,11
K241472,K000788,SECTION_HEADED,20
K241472,K082525,PROXIMITY_ONLY,20
K241472,K093472,PROXIMITY_ONLY,20
K241472,K103120,PROXIMITY_ONLY,20
K241472,K110087,PROXIMITY_ONLY,20
K241472,K121439,PROXIMITY_ONLY,20
K241472,K122305,PROXIMITY_ONLY,20
K241472,K123705,PROXIMITY_ONLY,20
K241472,K130128,PROXIMITY_ONLY,20
K241472,K130343,PROXIMITY_ONLY,20
K241472,K131647,PROXIMITY_ONLY,20
K241472,K150862,SECTION_HEADED,20
K241472,K153381,SECTION_HEADED,20
K241472,K170359,PROXIMITY_ONLY,20
K241472,K172551,PROXIMITY_ONLY,20
K241472,K173880,SECTION_HEADED,20
K241472,K183114,PROXIMITY_ONLY,20
K241472,K191831,PROXIMITY_ONLY,20
K241472,K201657,SECTION_HEADED,20
K241472,K212069,SECTION_HEADED,20
K242249,K022520,PROXIMITY_ONLY,11
K242249,K103497,PROXIMITY_ONLY,11
K242249,K111546,PROXIMITY_ONLY,11
K242249,K112463,PROXIMITY_ONLY,11
K242249,K122185,PROXIMITY_ONLY,11
K242249,K122504,PROXIMITY_ONLY,11
K242249,K152439,PROXIMITY_ONLY,11
K242249,K162957,PROXIMITY_ONLY,11
K242249,K183312,SECTION_HEADED,11
K242249,K221675,PROXIMITY_ONLY,11
K242249,K994078,PROXIMITY_ONLY,11
K242296,K061665,SECTION_HEADED,15
K242296,K063453,SECTION_HEADED,15
K242296,K070758,SECTION_HEADED,15
K242296,K070908,SECTION_HEADED,15
K242296,K071257,SECTION_HEADED,15
K242296,K111000,SECTION_HEADED,15
K242296,K130274,SECTION_HEADED,15
K242296,K130917,SECTION_HEADED,15
K242296,K151342,PROXIMITY_ONLY,15
K242296,K173788,SECTION_HEADED,15
K242296,K190728,SECTION_HEADED,15
K242296,K200523,SECTION_HEADED,15
K242296,K203495,SECTION_HEADED,15
K242296,K212381,SECTION_HEADED,15
K242315,K003237,SECTION_HEADED,20
K242315,K022520,PROXIMITY_ONLY,20
K242315,K022549,SECTION_HEADED,20
K242315,K050262,SECTION_HEADED,20
K242315,K051363,SECTION_HEADED,20
K242315,K103497,PROXIMITY_ONLY,20
K242315,K110245,SECTION_HEADED,20
K242315,K111546,PROXIMITY_ONLY,20
K242315,K112463,PROXIMITY_ONLY,20
K242315,K122185,PROXIMITY_ONLY,20
K242315,K122504,PROXIMITY_ONLY,20
K242315,K152439,PROXIMITY_ONLY,20
K242315,K162957,PROXIMITY_ONLY,20
K242315,K172251,SECTION_HEADED,20
K242315,K183312,SECTION_HEADED,20
K242315,K213129,SECTION_HEADED,20
K242315,K221675,PROXIMITY_ONLY,20
K242315,K994078,PROXIMITY_ONLY,20
K242315,K994126,SECTION_HEADED,20
K242361,K070229,PROXIMITY_ONLY,23
K242361,K081380,PROXIMITY_ONLY,23
K242361,K103440,PROXIMITY_ONLY,23
K242361,K112920,PROXIMITY_ONLY,23
K242361,K113666,PROXIMITY_ONLY,23
K242361,K131533,PROXIMITY_ONLY,23
K242361,K133944,PROXIMITY_ONLY,23
K242361,K140765,PROXIMITY_ONLY,23
K242361,K141873,PROXIMITY_ONLY,23
K242361,K142381,PROXIMITY_ONLY,23
K242361,K143334,PROXIMITY_ONLY,23
K242361,K143350,PROXIMITY_ONLY,23
K242361,K151727,PROXIMITY_ONLY,23
K242361,K153526,PROXIMITY_ONLY,23
K242361,K161369,PROXIMITY_ONLY,23
K242361,K172104,PROXIMITY_ONLY,23
K242361,K172941,PROXIMITY_ONLY,23
K242361,K173508,PROXIMITY_ONLY,23
K242361,K180376,SECTION_HEADED,23
K242361,K181603,SECTION_HEADED,23
K242361,K182473,SECTION_HEADED,23
K242361,K190584,PROXIMITY_ONLY,23
K242361,K222684,PROXIMITY_ONLY,23
K242364,K161363,SECTION_HEADED,12
K242364,K180480,SECTION_HEADED,12
K242364,K182746,SECTION_HEADED,12
K242364,K192938,SECTION_HEADED,12
K242364,K202587,PROXIMITY_ONLY,12
K242364,K203714,SECTION_HEADED,12
K242364,K222028,SECTION_HEADED,12
K242364,K222973,SECTION_HEADED,12
K242364,K223611,SECTION_HEADED,12
K242364,K231438,SECTION_HEADED,12
K242364,K232275,SECTION_HEADED,12
K242554,K040907,PROXIMITY_ONLY,15
K242554,K082516,SECTION_HEADED,15
K242554,K103705,SECTION_HEADED,15
K242554,K123241,PROXIMITY_ONLY,15
K242554,K141478,PROXIMITY_ONLY,15
K242554,K150456,PROXIMITY_ONLY,15
K242554,K151732,PROXIMITY_ONLY,15
K242554,K191344,PROXIMITY_ONLY,15
K242554,K193345,PROXIMITY_ONLY,15
K242554,K201132,SECTION_HEADED,15
K242554,K201235,PROXIMITY_ONLY,15
K242554,K203294,SECTION_HEADED,15
K242554,K203834,PROXIMITY_ONLY,15
K242554,K213837,PROXIMITY_ONLY,15
K242554,K220937,SECTION_HEADED,15
K243029,K121297,SECTION_HEADED,11
K243029,K133370,PROXIMITY_ONLY,11
K243029,K143184,PROXIMITY_ONLY,11
K243029,K150862,SECTION_HEADED,11
K243029,K153131,PROXIMITY_ONLY,11
K243029,K160907,SECTION_HEADED,11
K243029,K163081,PROXIMITY_ONLY,11
K243029,K190704,PROXIMITY_ONLY,11
K243029,K192883,SECTION_HEADED,11
K243029,K211505,SECTION_HEADED,11
K243029,K241690,PROXIMITY_ONLY,11
K243466,K022520,PROXIMITY_ONLY,12
K243466,K103497,PROXIMITY_ONLY,12
K243466,K111546,PROXIMITY_ONLY,12
K243466,K112463,PROXIMITY_ONLY,12
K243466,K122185,PROXIMITY_ONLY,12
K243466,K122504,PROXIMITY_ONLY,12
K243466,K152439,PROXIMITY_ONLY,12
K243466,K162957,PROXIMITY_ONLY,12
K243466,K183312,SECTION_HEADED,12
K243466,K221675,PROXIMITY_ONLY,12
K243466,K242249,SECTION_HEADED,12
K243466,K994078,PROXIMITY_ONLY,12
K243469,K000684,PROXIMITY_ONLY,23
K243469,K011335,PROXIMITY_ONLY,23
K243469,K012114,PROXIMITY_ONLY,23
K243469,K041860,PROXIMITY_ONLY,23
K243469,K050646,PROXIMITY_ONLY,23
K243469,K051567,SECTION_HEADED,23
K243469,K061753,PROXIMITY_ONLY,23
K243469,K062564,PROXIMITY_ONLY,23
K243469,K082072,PROXIMITY_ONLY,23
K243469,K083213,PROXIMITY_ONLY,23
K243469,K083694,PROXIMITY_ONLY,23
K243469,K090053,SECTION_HEADED,23
K243469,K091479,SECTION_HEADED,23
K243469,K092609,PROXIMITY_ONLY,23
K243469,K102537,SECTION_HEADED,23
K243469,K102998,SECTION_HEADED,23
K243469,K103332,SECTION_HEADED,23
K243469,K110908,SECTION_HEADED,23
K243469,K111540,PROXIMITY_ONLY,23
K243469,K112583,PROXIMITY_ONLY,23
K243469,K120070,PROXIMITY_ONLY,23
K243469,K141796,PROXIMITY_ONLY,23
K243469,K230546,SECTION_HEADED,23
K243656,K051640,PROXIMITY_ONLY,11
K243656,K082424,PROXIMITY_ONLY,11
K243656,K120507,PROXIMITY_ONLY,11
K243656,K132624,SECTION_HEADED,11
K243656,K140073,PROXIMITY_ONLY,11
K243656,K140075,PROXIMITY_ONLY,11
K243656,K150829,PROXIMITY_ONLY,11
K243656,K150832,PROXIMITY_ONLY,11
K243656,K190100,SECTION_HEADED,11
K243656,K212941,SECTION_HEADED,11
K243656,K221705,SECTION_HEADED,11
K243809,K112091,PROXIMITY_ONLY,18
K243809,K112158,SECTION_HEADED,18
K243809,K112898,PROXIMITY_ONLY,18
K243809,K140975,PROXIMITY_ONLY,18
K243809,K141327,PROXIMITY_ONLY,18
K243809,K141395,PROXIMITY_ONLY,18
K243809,K143509,PROXIMITY_ONLY,18
K243809,K150855,PROXIMITY_ONLY,18
K243809,K151739,PROXIMITY_ONLY,18
K243809,K160011,PROXIMITY_ONLY,18
K243809,K161226,PROXIMITY_ONLY,18
K243809,K170473,PROXIMITY_ONLY,18
K243809,K181491,PROXIMITY_ONLY,18
K243809,K182099,PROXIMITY_ONLY,18
K243809,K191622,PROXIMITY_ONLY,18
K243809,K192683,SECTION_HEADED,18
K243809,K200656,PROXIMITY_ONLY,18
K243809,K213580,SECTION_HEADED,18
K243839,K010081,SECTION_HEADED,22
K243839,K013211,SECTION_HEADED,22
K243839,K032964,SECTION_HEADED,22
K243839,K041906,SECTION_HEADED,22
K243839,K050398,SECTION_HEADED,22
K243839,K051556,SECTION_HEADED,22
K243839,K051682,SECTION_HEADED,22
K243839,K060107,SECTION_HEADED,22
K243839,K070479,SECTION_HEADED,22
K243839,K071676,PROXIMITY_ONLY,22
K243839,K100269,SECTION_HEADED,22
K243839,K102975,PROXIMITY_ONLY,22
K243839,K103012,SECTION_HEADED,22
K243839,K121392,SECTION_HEADED,22
K243839,K122798,PROXIMITY_ONLY,22
K243839,K141960,SECTION_HEADED,22
K243839,K162732,SECTION_HEADED,22
K243839,K173583,PROXIMITY_ONLY,22
K243839,K182502,PROXIMITY_ONLY,22
K243839,K963313,SECTION_HEADED,22
K243839,K993082,SECTION_HEADED,22
K250037,K051023,SECTION_HEADED,13
K250037,K053569,SECTION_HEADED,13
K250037,K110360,SECTION_HEADED,13
K250037,K123059,SECTION_HEADED,13
K250037,K123954,SECTION_HEADED,13
K250037,K133585,SECTION_HEADED,13
K250037,K140749,SECTION_HEADED,13
K250037,K172633,SECTION_HEADED,13
K250037,K181557,SECTION_HEADED,13
K250037,K191393,SECTION_HEADED,13
K250037,K193067,SECTION_HEADED,13
K250037,K201315,PROXIMITY_ONLY,13
K250450,K082792,PROXIMITY_ONLY,21
K250450,K093944,PROXIMITY_ONLY,21
K250450,K103352,SECTION_HEADED,21
K250450,K103721,PROXIMITY_ONLY,21
K250450,K121011,PROXIMITY_ONLY,21
K250450,K122641,PROXIMITY_ONLY,21
K250450,K122911,SECTION_HEADED,21
K250450,K132879,PROXIMITY_ONLY,21
K250450,K161635,SECTION_HEADED,21
K250450,K170845,PROXIMITY_ONLY,21
K250450,K173794,PROXIMITY_ONLY,21
K250450,K181254,SECTION_HEADED,21
K250450,K181693,PROXIMITY_ONLY,21
K250450,K192126,PROXIMITY_ONLY,21
K250450,K192352,PROXIMITY_ONLY,21
K250450,K192827,SECTION_HEADED,21
K250450,K201673,PROXIMITY_ONLY,21
K250450,K202730,SECTION_HEADED,21
K250450,K203041,PROXIMITY_ONLY,21
K250450,K210263,PROXIMITY_ONLY,21
K250450,K230011,PROXIMITY_ONLY,21
K250644,K130759,SECTION_HEADED,11
K250644,K170452,SECTION_HEADED,11
K250644,K170910,SECTION_HEADED,11
K250644,K180089,SECTION_HEADED,11
K250644,K202022,SECTION_HEADED,11
K250644,K202568,SECTION_HEADED,11
K250644,K210207,PROXIMITY_ONLY,11
K250644,K212737,SECTION_HEADED,11
K250644,K213117,SECTION_HEADED,11
K250644,K223801,SECTION_HEADED,11
K250644,K231911,PROXIMITY_ONLY,11
K251166,K072857,PROXIMITY_ONLY,15
K251166,K073337,PROXIMITY_ONLY,15
K251166,K080885,PROXIMITY_ONLY,15
K251166,K103721,PROXIMITY_ONLY,15
K251166,K111145,PROXIMITY_ONLY,15
K251166,K112115,PROXIMITY_ONLY,15
K251166,K131518,PROXIMITY_ONLY,15
K251166,K150862,SECTION_HEADED,15
K251166,K151531,SECTION_HEADED,15
K251166,K160907,SECTION_HEADED,15
K251166,K173794,SECTION_HEADED,15
K251166,K181254,SECTION_HEADED,15
K251166,K192827,SECTION_HEADED,15
K251166,K210581,SECTION_HEADED,15
K251166,K223548,SECTION_HEADED,15
K251575,K072253,PROXIMITY_ONLY,11
K251575,K083475,SECTION_HEADED,11
K251575,K102402,SECTION_HEADED,11
K251575,K160597,SECTION_HEADED,11
K251575,K161363,SECTION_HEADED,11
K251575,K180480,SECTION_HEADED,11
K251575,K182746,PROXIMITY_ONLY,11
K251575,K192938,SECTION_HEADED,11
K251575,K203742,SECTION_HEADED,11
K251575,K241375,SECTION_HEADED,11
K251575,K242364,SECTION_HEADED,11
K251665,K002552,SECTION_HEADED,19
K251665,K023087,SECTION_HEADED,19
K251665,K040267,SECTION_HEADED,19
K251665,K051146,SECTION_HEADED,19
K251665,K051948,SECTION_HEADED,19
K251665,K052917,SECTION_HEADED,19
K251665,K053514,SECTION_HEADED,19
K251665,K061521,SECTION_HEADED,19
K251665,K070095,SECTION_HEADED,19
K251665,K132624,SECTION_HEADED,19
K251665,K141056,SECTION_HEADED,19
K251665,K143393,SECTION_HEADED,19
K251665,K172326,SECTION_HEADED,19
K251665,K172634,SECTION_HEADED,19
K251665,K190991,SECTION_HEADED,19
K251665,K222056,SECTION_HEADED,19
K251665,K223528,PROXIMITY_ONLY,19
K251665,K230416,SECTION_HEADED,19
K251665,K994207,SECTION_HEADED,19
K253314,K082019,SECTION_HEADED,11
K253314,K090411,SECTION_HEADED,11
K253314,K091280,PROXIMITY_ONLY,11
K253314,K111785,SECTION_HEADED,11
K253314,K131481,SECTION_HEADED,11
K253314,K150680,SECTION_HEADED,11
K253314,K182574,SECTION_HEADED,11
K253314,K192148,SECTION_HEADED,11
K253314,K241597,SECTION_HEADED,11
K253314,K243277,SECTION_HEADED,11
K253314,K251717,SECTION_HEADED,11
K253713,K103705,PROXIMITY_ONLY,12
K253713,K111253,PROXIMITY_ONLY,12
K253713,K123241,SECTION_HEADED,12
K253713,K143614,PROXIMITY_ONLY,12
K253713,K150456,PROXIMITY_ONLY,12
K253713,K203294,PROXIMITY_ONLY,12
K253713,K210837,SECTION_HEADED,12
K253713,K213837,PROXIMITY_ONLY,12
K253713,K220937,PROXIMITY_ONLY,12
K253713,K222244,SECTION_HEADED,12
K253713,K241592,PROXIMITY_ONLY,12
K253713,K242554,PROXIMITY_ONLY,12
K253739,K061202,SECTION_HEADED,11
K253739,K113395,SECTION_HEADED,11
K253739,K124058,SECTION_HEADED,11
K253739,K132014,SECTION_HEADED,11
K253739,K133350,SECTION_HEADED,11
K253739,K140738,SECTION_HEADED,11
K253739,K143633,SECTION_HEADED,11
K253739,K181068,SECTION_HEADED,11
K253739,K203153,SECTION_HEADED,11
K253739,K220724,SECTION_HEADED,11
K253739,K223181,SECTION_HEADED,11
