k_number,status,path
K000003,404,
K000009,200,data/summaries/K000009.pdf
K000019,200,data/summaries/K000019.pdf
K000020,404,
K000066,200,data/summaries/K000066.pdf
K000080,404,
K000083,404,
K000089,404,
K000091,404,
K000094,404,
K000122,404,
K000172,404,
K000207,200,data/summaries/K000207.pdf
K000236,404,
K000242,404,
K000254,200,data/summaries/K000254.pdf
K000262,404,
K000279,404,
K000306,200,data/summaries/K000306.pdf
K000319,404,
K000334,404,
K000335,200,data/summaries/K000335.pdf
K000392,200,data/summaries/K000392.pdf
K000425,404,
K000432,200,data/summaries/K000432.pdf
K000450,404,
K000453,404,
K000476,404,
K000486,200,data/summaries/K000486.pdf
K000506,200,data/summaries/K000506.pdf
K000513,404,
K000515,200,data/summaries/K000515.pdf
K000521,404,
K000536,404,
K000538,404,
K000558,404,
K000575,404,
K000590,404,
K000616,404,
K000636,404,
K000641,404,
K000658,404,
K000666,200,data/summaries/K000666.pdf
K000682,200,data/summaries/K000682.pdf
K000683,404,
K000684,200,data/summaries/K000684.pdf
K000694,404,
K000734,404,
K000742,404,
K000760,404,
K000764,404,
K000766,404,
K000788,200,data/summaries/K000788.pdf
K000797,404,
K000827,404,
K000876,404,
K000943,404,
K000957,404,
K000965,404,
K000972,200,data/summaries/K000972.pdf
K000978,404,
K000991,404,
K001010,200,data/summaries/K001010.pdf
K001024,404,
K001037,404,
K001039,404,
K001066,404,
K001078,404,
K001080,200,data/summaries/K001080.pdf
K001105,404,
K001147,404,
K001160,404,
K001231,404,
K001255,200,data/summaries/K001255.pdf
K001271,404,
K001272,404,
K001277,200,data/summaries/K001277.pdf
K001307,404,
K001311,404,
K001319,404,
K001320,404,
K001335,200,data/summaries/K001335.pdf
K001340,404,
K001350,404,
K001354,404,
K001357,404,
K001358,200,data/summaries/K001358.pdf
K001372,404,
K001374,404,
K001376,404,
K001378,404,
K001385,200,data/summaries/K001385.pdf
K001419,404,
K001448,200,data/summaries/K001448.pdf
K001449,200,data/summaries/K001449.pdf
K001451,404,
K001470,404,
K001471,404,
K001532,404,
K001534,200,data/summaries/K001534.pdf
K001535,404,
K001548,404,
K001559,404,
K001580,404,
K001581,404,
K001614,200,data/summaries/K001614.pdf
K001627,404,
K001653,404,
K001660,404,
K001668,200,data/summaries/K001668.pdf
K001706,200,data/summaries/K001706.pdf
K001709,404,
K001720,200,data/summaries/K001720.pdf
K001724,200,data/summaries/K001724.pdf
K001733,404,
K001759,404,
K001760,404,
K001778,404,
K001793,404,
K001844,404,
K001847,404,
K001864,404,
K001886,404,
K001922,200,data/summaries/K001922.pdf
K001932,404,
K001941,404,
K001942,200,data/summaries/K001942.pdf
K001945,200,data/summaries/K001945.pdf
K001956,404,
K001957,404,
K001982,200,data/summaries/K001982.pdf
K001989,404,
K001991,200,data/summaries/K001991.pdf
K002020,200,data/summaries/K002020.pdf
K002057,404,
K002059,404,
K002069,404,
K002070,200,data/summaries/K002070.pdf
K002082,404,
K002103,404,
K002106,404,
K002110,404,
K002125,404,
K002141,200,data/summaries/K002141.pdf
K002149,200,data/summaries/K002149.pdf
K002184,404,
K002271,404,
K002274,404,
K002278,404,
K002320,200,data/summaries/K002320.pdf
K002324,404,
K002325,404,
K002335,404,
K002356,404,
K002361,404,
K002362,200,data/summaries/K002362.pdf
K002371,404,
K002399,404,
K002406,200,data/summaries/K002406.pdf
K002413,404,
K002441,404,
K002486,404,
K002505,404,
K002517,404,
K002552,404,
K002575,404,
K002592,404,
K002600,404,
K002605,404,
K002607,404,
K002644,404,
K002654,404,
K002678,404,
K002683,200,data/summaries/K002683.pdf
K002695,404,
K002710,404,
K002729,200,data/summaries/K002729.pdf
K002733,200,data/summaries/K002733.pdf
K002735,404,
K002740,404,
K002747,404,
K002757,404,
K002772,404,
K002775,404,
K002783,404,
K002824,200,data/summaries/K002824.pdf
K002829,404,
K002858,404,
K002923,404,
K002941,404,
K002959,404,
K002960,404,
K002980,404,
K002996,200,data/summaries/K002996.pdf
K002998,200,data/summaries/K002998.pdf
K003016,200,data/summaries/K003016.pdf
K003018,200,data/summaries/K003018.pdf
K003026,200,data/summaries/K003026.pdf
K003033,404,
K003043,200,data/summaries/K003043.pdf
K003044,404,
K003061,404,
K003076,404,
K003077,404,
K003131,404,
K003155,404,
K003181,404,
K003182,200,data/summaries/K003182.pdf
K003211,404,
K003212,404,
K003215,404,
K003227,404,
K003235,404,
K003237,404,
K003240,404,
K003253,404,
K003269,404,
K003273,404,
K003274,404,
K003275,404,
K003294,404,
K003296,404,
K003324,404,
K003351,404,
K003363,404,
K003379,404,
K003384,404,
K003391,404,
K003397,404,
K003413,404,
K003421,404,
K003428,404,
K003429,404,
K003463,404,
K003478,404,
K003490,404,
K003496,200,data/summaries/K003496.pdf
K003504,404,
K003527,404,
K003566,404,
K003599,404,
K003618,404,
K003641,200,data/summaries/K003641.pdf
K003659,404,
K003666,200,data/summaries/K003666.pdf
K003700,404,
K003709,404,
K003728,404,
K003733,404,
K003735,404,
K003743,404,
K003764,404,
K003780,200,data/summaries/K003780.pdf
K003788,404,
K003797,404,
K003800,200,data/summaries/K003800.pdf
K003801,404,
K003816,200,data/summaries/K003816.pdf
K003822,404,
K003823,404,
K003832,404,
K003836,200,data/summaries/K003836.pdf
K003848,404,
K003875,404,
K003910,404,
K003923,404,
K003951,404,
K003954,404,
K003960,404,
K003970,200,data/summaries/K003970.pdf
K003971,404,
K003984,404,
K004003,404,
K004013,404,
K004032,404,
K010003,404,
K010027,404,
K010051,404,
K010081,200,data/summaries/K010081.pdf
K010100,404,
K010108,404,
K010115,200,data/summaries/K010115.pdf
K010120,200,data/summaries/K010120.pdf
K010121,404,
K010124,404,
K010170,404,
K010171,404,
K010181,404,
K010212,404,
K010243,200,data/summaries/K010243.pdf
K010249,404,
K010310,200,data/summaries/K010310.pdf
K010321,404,
K010322,200,data/summaries/K010322.pdf
K010344,200,data/summaries/K010344.pdf
K010367,200,data/summaries/K010367.pdf
K010369,404,
K010378,404,
K010434,404,
K010437,404,
K010457,404,
K010466,200,data/summaries/K010466.pdf
K010479,404,
K010515,404,
K010518,404,
K010525,200,data/summaries/K010525.pdf
K010529,404,
K010530,404,
K010532,200,data/summaries/K010532.pdf
K010535,404,
K010545,200,data/summaries/K010545.pdf
K010551,404,
K010554,404,
K010555,404,
K010557,404,
K010560,404,
K010563,404,
K010576,200,data/summaries/K010576.pdf
K010586,404,
K010594,404,
K010595,404,
K010632,404,
K010633,200,data/summaries/K010633.pdf
K010635,404,
K010639,404,
K010657,200,data/summaries/K010657.pdf
K010658,404,
K010664,200,data/summaries/K010664.pdf
K010681,404,
K010685,404,
K010720,404,
K010742,404,
K010757,200,data/summaries/K010757.pdf
K010766,200,data/summaries/K010766.pdf
K010774,404,
K010776,404,
K010780,404,
K010783,404,
K010786,404,
K010801,404,
K010810,404,
K010827,200,data/summaries/K010827.pdf
K010839,404,
K010845,404,
K010847,404,
K010901,404,
K010903,404,
K010911,404,
K010922,404,
K010930,404,
K010943,404,
K010964,404,
K010972,404,
K010983,404,
K010988,200,data/summaries/K010988.pdf
K010989,404,
K011007,200,data/summaries/K011007.pdf
K011029,404,
K011034,200,data/summaries/K011034.pdf
K011037,404,
K011047,404,
K011048,404,
K011067,404,
K011076,404,
K011081,404,
K011099,200,data/summaries/K011099.pdf
K011102,404,
K011118,404,
K011129,404,
K011136,404,
K011137,404,
K011138,200,data/summaries/K011138.pdf
K011139,404,
K011170,404,
K011172,200,data/summaries/K011172.pdf
K011182,404,
K011218,404,
K011219,404,
K011237,404,
K011258,200,data/summaries/K011258.pdf
K011262,404,
K011288,404,
K011299,404,
K011319,404,
K011334,404,
K011335,200,data/summaries/K011335.pdf
K011354,404,
K011367,200,data/summaries/K011367.pdf
K011386,404,
K011390,404,
K011406,200,data/summaries/K011406.pdf
K011437,404,
K011451,200,data/summaries/K011451.pdf
K011455,404,
K011458,404,
K011459,404,
K011460,404,
K011489,200,data/summaries/K011489.pdf
K011495,200,data/summaries/K011495.pdf
K011508,404,
K011509,404,
K011522,404,
K011529,404,
K011531,404,
K011533,200,data/summaries/K011533.pdf
K011556,200,data/summaries/K011556.pdf
K011567,200,data/summaries/K011567.pdf
K011583,200,data/summaries/K011583.pdf
K011603,200,data/summaries/K011603.pdf
K011622,200,data/summaries/K011622.pdf
K011623,200,data/summaries/K011623.pdf
K011643,200,data/summaries/K011643.pdf
K011697,200,data/summaries/K011697.pdf
K011711,200,data/summaries/K011711.pdf
K011715,200,data/summaries/K011715.pdf
K011716,200,data/summaries/K011716.pdf
K011719,200,data/summaries/K011719.pdf
K011795,200,data/summaries/K011795.pdf
K011807,200,data/summaries/K011807.pdf
K011810,200,data/summaries/K011810.pdf
K011815,200,data/summaries/K011815.pdf
K011819,200,data/summaries/K011819.pdf
K011821,200,data/summaries/K011821.pdf
K011830,200,data/summaries/K011830.pdf
K011836,200,data/summaries/K011836.pdf
K011857,200,data/summaries/K011857.pdf
K011875,200,data/summaries/K011875.pdf
K011897,200,data/summaries/K011897.pdf
K011904,200,data/summaries/K011904.pdf
K011910,200,data/summaries/K011910.pdf
K011912,200,data/summaries/K011912.pdf
K011942,200,data/summaries/K011942.pdf
K011946,200,data/summaries/K011946.pdf
K011948,200,data/summaries/K011948.pdf
K011954,200,data/summaries/K011954.pdf
K011969,200,data/summaries/K011969.pdf
K011976,200,data/summaries/K011976.pdf
K011978,200,data/summaries/K011978.pdf
K011985,200,data/summaries/K011985.pdf
K012000,200,data/summaries/K012000.pdf
K012001,200,data/summaries/K012001.pdf
K012019,200,data/summaries/K012019.pdf
K012024,200,data/summaries/K012024.pdf
K012026,200,data/summaries/K012026.pdf
K012027,200,data/summaries/K012027.pdf
K012045,200,data/summaries/K012045.pdf
K012062,200,data/summaries/K012062.pdf
K012078,200,data/summaries/K012078.pdf
K012081,200,data/summaries/K012081.pdf
K012091,200,data/summaries/K012091.pdf
K012095,200,data/summaries/K012095.pdf
K012114,200,data/summaries/K012114.pdf
K012158,200,data/summaries/K012158.pdf
K012161,200,data/summaries/K012161.pdf
K012162,200,data/summaries/K012162.pdf
K012172,200,data/summaries/K012172.pdf
K012173,200,data/summaries/K012173.pdf
K012175,200,data/summaries/K012175.pdf
K012184,200,data/summaries/K012184.pdf
K012190,200,data/summaries/K012190.pdf
K012193,200,data/summaries/K012193.pdf
K012212,200,data/summaries/K012212.pdf
K012251,200,data/summaries/K012251.pdf
K012254,200,data/summaries/K012254.pdf
K012270,200,data/summaries/K012270.pdf
K012273,200,data/summaries/K012273.pdf
K012294,200,data/summaries/K012294.pdf
K012305,200,data/summaries/K012305.pdf
K012334,200,data/summaries/K012334.pdf
K012348,200,data/summaries/K012348.pdf
K012364,200,data/summaries/K012364.pdf
K012377,200,data/summaries/K012377.pdf
K012378,200,data/summaries/K012378.pdf
K012465,200,data/summaries/K012465.pdf
K012469,200,data/summaries/K012469.pdf
K012493,200,data/summaries/K012493.pdf
K012503,200,data/summaries/K012503.pdf
K012506,200,data/summaries/K012506.pdf
K012507,200,data/summaries/K012507.pdf
K012516,200,data/summaries/K012516.pdf
K012551,200,data/summaries/K012551.pdf
K012572,200,data/summaries/K012572.pdf
K012591,200,data/summaries/K012591.pdf
K012623,200,data/summaries/K012623.pdf
K012634,200,data/summaries/K012634.pdf
K012645,200,data/summaries/K012645.pdf
K012648,200,data/summaries/K012648.pdf
K012655,200,data/summaries/K012655.pdf
K012739,200,data/summaries/K012739.pdf
K012751,200,data/summaries/K012751.pdf
K012776,200,data/summaries/K012776.pdf
K012778,200,data/summaries/K012778.pdf
K012787,200,data/summaries/K012787.pdf
K012788,200,data/summaries/K012788.pdf
K012798,200,data/summaries/K012798.pdf
K012800,200,data/summaries/K012800.pdf
K012866,200,data/summaries/K012866.pdf
K012870,200,data/summaries/K012870.pdf
K012871,200,data/summaries/K012871.pdf
K012872,200,data/summaries/K012872.pdf
K012881,200,data/summaries/K012881.pdf
K012916,200,data/summaries/K012916.pdf
K012918,200,data/summaries/K012918.pdf
K012945,200,data/summaries/K012945.pdf
K012961,200,data/summaries/K012961.pdf
K012967,200,data/summaries/K012967.pdf
K012971,200,data/summaries/K012971.pdf
K013031,200,data/summaries/K013031.pdf
K013035,200,data/summaries/K013035.pdf
K013042,200,data/summaries/K013042.pdf
K013044,200,data/summaries/K013044.pdf
K013057,200,data/summaries/K013057.pdf
K013072,200,data/summaries/K013072.pdf
K013106,200,data/summaries/K013106.pdf
K013107,200,data/summaries/K013107.pdf
K013131,200,data/summaries/K013131.pdf
K013132,200,data/summaries/K013132.pdf
K013191,200,data/summaries/K013191.pdf
K013196,200,data/summaries/K013196.pdf
K013211,200,data/summaries/K013211.pdf
K013222,200,data/summaries/K013222.pdf
K013248,200,data/summaries/K013248.pdf
K013294,200,data/summaries/K013294.pdf
K013295,200,data/summaries/K013295.pdf
K013296,200,data/summaries/K013296.pdf
K013301,200,data/summaries/K013301.pdf
K013312,200,data/summaries/K013312.pdf
K013340,200,data/summaries/K013340.pdf
K013350,200,data/summaries/K013350.pdf
K013352,200,data/summaries/K013352.pdf
K013378,200,data/summaries/K013378.pdf
K013382,200,data/summaries/K013382.pdf
K013385,200,data/summaries/K013385.pdf
K013403,200,data/summaries/K013403.pdf
K013415,200,data/summaries/K013415.pdf
K013424,200,data/summaries/K013424.pdf
K013430,200,data/summaries/K013430.pdf
K013431,200,data/summaries/K013431.pdf
K013439,200,data/summaries/K013439.pdf
K013440,200,data/summaries/K013440.pdf
K013441,200,data/summaries/K013441.pdf
K013442,200,data/summaries/K013442.pdf
K013444,200,data/summaries/K013444.pdf
K013447,200,data/summaries/K013447.pdf
K013449,200,data/summaries/K013449.pdf
K013468,200,data/summaries/K013468.pdf
K013475,200,data/summaries/K013475.pdf
K013490,200,data/summaries/K013490.pdf
K013503,200,data/summaries/K013503.pdf
K013524,200,data/summaries/K013524.pdf
K013534,200,data/summaries/K013534.pdf
K013540,200,data/summaries/K013540.pdf
K013546,200,data/summaries/K013546.pdf
K013553,200,data/summaries/K013553.pdf
K013557,200,data/summaries/K013557.pdf
K013558,200,data/summaries/K013558.pdf
K013563,200,data/summaries/K013563.pdf
K013572,200,data/summaries/K013572.pdf
K013616,200,data/summaries/K013616.pdf
K013629,200,data/summaries/K013629.pdf
K013657,200,data/summaries/K013657.pdf
K013658,200,data/summaries/K013658.pdf
K013665,200,data/summaries/K013665.pdf
K013676,200,data/summaries/K013676.pdf
K013685,404,
K013688,200,data/summaries/K013688.pdf
K013739,200,data/summaries/K013739.pdf
K013772,200,data/summaries/K013772.pdf
K013775,200,data/summaries/K013775.pdf
K013781,200,data/summaries/K013781.pdf
K013790,200,data/summaries/K013790.pdf
K013806,200,data/summaries/K013806.pdf
K013818,200,data/summaries/K013818.pdf
K013823,200,data/summaries/K013823.pdf
K013877,200,data/summaries/K013877.pdf
K013885,200,data/summaries/K013885.pdf
K013887,200,data/summaries/K013887.pdf
K013888,200,data/summaries/K013888.pdf
K013890,200,data/summaries/K013890.pdf
K013906,200,data/summaries/K013906.pdf
K013923,200,data/summaries/K013923.pdf
K013935,200,data/summaries/K013935.pdf
K013954,200,data/summaries/K013954.pdf
K013960,200,data/summaries/K013960.pdf
K013962,200,data/summaries/K013962.pdf
K013966,200,data/summaries/K013966.pdf
K013979,200,data/summaries/K013979.pdf
K013989,200,data/summaries/K013989.pdf
K013991,200,data/summaries/K013991.pdf
K014053,200,data/summaries/K014053.pdf
K014070,200,data/summaries/K014070.pdf
K014072,200,data/summaries/K014072.pdf
K014076,200,data/summaries/K014076.pdf
K014090,200,data/summaries/K014090.pdf
K014107,200,data/summaries/K014107.pdf
K014137,200,data/summaries/K014137.pdf
K014145,200,data/summaries/K014145.pdf
K014153,200,data/summaries/K014153.pdf
K014155,200,data/summaries/K014155.pdf
K014156,200,data/summaries/K014156.pdf
K014164,200,data/summaries/K014164.pdf
K014171,200,data/summaries/K014171.pdf
K014185,200,data/summaries/K014185.pdf
K014189,200,data/summaries/K014189.pdf
K014194,200,data/summaries/K014194.pdf
K014197,200,data/summaries/K014197.pdf
K014199,200,data/summaries/K014199.pdf
K014220,200,data/summaries/K014220.pdf
K014226,200,data/summaries/K014226.pdf
K014229,200,data/summaries/K014229.pdf
K014267,200,data/summaries/K014267.pdf
K014276,200,data/summaries/K014276.pdf
K014296,200,data/summaries/K014296.pdf
K014302,200,data/summaries/K014302.pdf
K014305,200,data/summaries/K014305.pdf
K020043,200,data/summaries/K020043.pdf
K020045,200,data/summaries/K020045.pdf
K020048,200,data/summaries/K020048.pdf
K020056,200,data/summaries/K020056.pdf
K020076,200,data/summaries/K020076.pdf
K020078,200,data/summaries/K020078.pdf
K020085,200,data/summaries/K020085.pdf
K020097,200,data/summaries/K020097.pdf
K020114,200,data/summaries/K020114.pdf
K020134,200,data/summaries/K020134.pdf
K020141,200,data/summaries/K020141.pdf
K020145,200,data/summaries/K020145.pdf
K020152,200,data/summaries/K020152.pdf
K020155,200,data/summaries/K020155.pdf
K020159,200,data/summaries/K020159.pdf
K020170,200,data/summaries/K020170.pdf
K020172,200,data/summaries/K020172.pdf
K020196,200,data/summaries/K020196.pdf
K020204,200,data/summaries/K020204.pdf
K020214,200,data/summaries/K020214.pdf
K020221,200,data/summaries/K020221.pdf
K020222,200,data/summaries/K020222.pdf
K020236,200,data/summaries/K020236.pdf
K020240,200,data/summaries/K020240.pdf
K020244,200,data/summaries/K020244.pdf
K020245,200,data/summaries/K020245.pdf
K020247,200,data/summaries/K020247.pdf
K020264,200,data/summaries/K020264.pdf
K020266,200,data/summaries/K020266.pdf
K020274,200,data/summaries/K020274.pdf
K020279,200,data/summaries/K020279.pdf
K020291,200,data/summaries/K020291.pdf
K020293,200,data/summaries/K020293.pdf
K020295,200,data/summaries/K020295.pdf
K020311,200,data/summaries/K020311.pdf
K020345,200,data/summaries/K020345.pdf
K020352,200,data/summaries/K020352.pdf
K020356,200,data/summaries/K020356.pdf
K020377,200,data/summaries/K020377.pdf
K020381,200,data/summaries/K020381.pdf
K020383,200,data/summaries/K020383.pdf
K020384,200,data/summaries/K020384.pdf
K020401,200,data/summaries/K020401.pdf
K020403,200,data/summaries/K020403.pdf
K020426,200,data/summaries/K020426.pdf
K020446,200,data/summaries/K020446.pdf
K020497,200,data/summaries/K020497.pdf
K020517,200,data/summaries/K020517.pdf
K020522,200,data/summaries/K020522.pdf
K020541,200,data/summaries/K020541.pdf
K020554,200,data/summaries/K020554.pdf
K020562,200,data/summaries/K020562.pdf
K020572,200,data/summaries/K020572.pdf
K020580,200,data/summaries/K020580.pdf
K020600,200,data/summaries/K020600.pdf
K020602,200,data/summaries/K020602.pdf
K020611,200,data/summaries/K020611.pdf
K020615,200,data/summaries/K020615.pdf
K020620,200,data/summaries/K020620.pdf
K020649,200,data/summaries/K020649.pdf
K020650,200,data/summaries/K020650.pdf
K020674,200,data/summaries/K020674.pdf
K020677,200,data/summaries/K020677.pdf
K020681,200,data/summaries/K020681.pdf
K020699,200,data/summaries/K020699.pdf
K020703,200,data/summaries/K020703.pdf
K020709,200,data/summaries/K020709.pdf
K020713,200,data/summaries/K020713.pdf
K020741,200,data/summaries/K020741.pdf
K020772,200,data/summaries/K020772.pdf
K020773,200,data/summaries/K020773.pdf
K020791,200,data/summaries/K020791.pdf
K020819,200,data/summaries/K020819.pdf
K020830,200,data/summaries/K020830.pdf
K020841,200,data/summaries/K020841.pdf
K020872,200,data/summaries/K020872.pdf
K020885,200,data/summaries/K020885.pdf
K020887,200,data/summaries/K020887.pdf
K020895,200,data/summaries/K020895.pdf
K020905,200,data/summaries/K020905.pdf
K020948,200,data/summaries/K020948.pdf
K020962,200,data/summaries/K020962.pdf
K020963,200,data/summaries/K020963.pdf
K020970,200,data/summaries/K020970.pdf
K020986,200,data/summaries/K020986.pdf
K020989,200,data/summaries/K020989.pdf
K021008,200,data/summaries/K021008.pdf
K021009,200,data/summaries/K021009.pdf
K021025,200,data/summaries/K021025.pdf
K021026,200,data/summaries/K021026.pdf
K021027,200,data/summaries/K021027.pdf
K021030,200,data/summaries/K021030.pdf
K021031,200,data/summaries/K021031.pdf
K021039,200,data/summaries/K021039.pdf
K021061,200,data/summaries/K021061.pdf
K021063,200,data/summaries/K021063.pdf
K021091,200,data/summaries/K021091.pdf
K021106,200,data/summaries/K021106.pdf
K021108,200,data/summaries/K021108.pdf
K021109,200,data/summaries/K021109.pdf
K021148,200,data/summaries/K021148.pdf
K021164,200,data/summaries/K021164.pdf
K021170,200,data/summaries/K021170.pdf
K021178,200,data/summaries/K021178.pdf
K021182,200,data/summaries/K021182.pdf
K021226,200,data/summaries/K021226.pdf
K021233,200,data/summaries/K021233.pdf
K021254,200,data/summaries/K021254.pdf
K021260,200,data/summaries/K021260.pdf
K021275,200,data/summaries/K021275.pdf
K021280,200,data/summaries/K021280.pdf
K021310,200,data/summaries/K021310.pdf
K021312,200,data/summaries/K021312.pdf
K021313,200,data/summaries/K021313.pdf
K021321,200,data/summaries/K021321.pdf
K021324,200,data/summaries/K021324.pdf
K021335,200,data/summaries/K021335.pdf
K021336,200,data/summaries/K021336.pdf
K021346,200,data/summaries/K021346.pdf
K021351,200,data/summaries/K021351.pdf
K021379,200,data/summaries/K021379.pdf
K021380,200,data/summaries/K021380.pdf
K021403,200,data/summaries/K021403.pdf
K021451,200,data/summaries/K021451.pdf
K021458,200,data/summaries/K021458.pdf
K021461,200,data/summaries/K021461.pdf
K021478,200,data/summaries/K021478.pdf
K021489,200,data/summaries/K021489.pdf
K021499,200,data/summaries/K021499.pdf
K021507,200,data/summaries/K021507.pdf
K021510,200,data/summaries/K021510.pdf
K021549,200,data/summaries/K021549.pdf
K021551,404,
K021556,200,data/summaries/K021556.pdf
K021559,200,data/summaries/K021559.pdf
K021564,200,data/summaries/K021564.pdf
K021578,200,data/summaries/K021578.pdf
K021579,200,data/summaries/K021579.pdf
K021621,200,data/summaries/K021621.pdf
K021623,200,data/summaries/K021623.pdf
K021626,200,data/summaries/K021626.pdf
K021657,200,data/summaries/K021657.pdf
K021661,200,data/summaries/K021661.pdf
K021662,200,data/summaries/K021662.pdf
K021673,200,data/summaries/K021673.pdf
K021679,200,data/summaries/K021679.pdf
K021695,200,data/summaries/K021695.pdf
K021714,200,data/summaries/K021714.pdf
K021715,200,data/summaries/K021715.pdf
K021728,200,data/summaries/K021728.pdf
K021740,200,data/summaries/K021740.pdf
K021744,200,data/summaries/K021744.pdf
K021749,200,data/summaries/K021749.pdf
K021761,200,data/summaries/K021761.pdf
K021782,200,data/summaries/K021782.pdf
K021786,200,data/summaries/K021786.pdf
K021791,200,data/summaries/K021791.pdf
K021799,200,data/summaries/K021799.pdf
K021803,200,data/summaries/K021803.pdf
K021825,200,data/summaries/K021825.pdf
K021826,200,data/summaries/K021826.pdf
K021828,200,data/summaries/K021828.pdf
K021832,200,data/summaries/K021832.pdf
K021859,200,data/summaries/K021859.pdf
K021878,200,data/summaries/K021878.pdf
K021879,200,data/summaries/K021879.pdf
K021880,200,data/summaries/K021880.pdf
K021881,200,data/summaries/K021881.pdf
K021883,200,data/summaries/K021883.pdf
K021891,200,data/summaries/K021891.pdf
K021911,200,data/summaries/K021911.pdf
K021919,200,data/summaries/K021919.pdf
K021932,200,data/summaries/K021932.pdf
K021933,200,data/summaries/K021933.pdf
K021953,200,data/summaries/K021953.pdf
K021963,200,data/summaries/K021963.pdf
K021967,200,data/summaries/K021967.pdf
K021970,200,data/summaries/K021970.pdf
K022010,200,data/summaries/K022010.pdf
K022015,200,data/summaries/K022015.pdf
K022048,200,data/summaries/K022048.pdf
K022065,200,data/summaries/K022065.pdf
K022070,200,data/summaries/K022070.pdf
K022077,200,data/summaries/K022077.pdf
K022079,200,data/summaries/K022079.pdf
K022094,200,data/summaries/K022094.pdf
K022120,200,data/summaries/K022120.pdf
K022139,200,data/summaries/K022139.pdf
K022143,200,data/summaries/K022143.pdf
K022160,200,data/summaries/K022160.pdf
K022190,200,data/summaries/K022190.pdf
K022191,200,data/summaries/K022191.pdf
K022204,200,data/summaries/K022204.pdf
K022207,200,data/summaries/K022207.pdf
K022211,200,data/summaries/K022211.pdf
K022230,200,data/summaries/K022230.pdf
K022231,200,data/summaries/K022231.pdf
K022234,200,data/summaries/K022234.pdf
K022251,200,data/summaries/K022251.pdf
K022255,200,data/summaries/K022255.pdf
K022271,200,data/summaries/K022271.pdf
K022285,200,data/summaries/K022285.pdf
K022319,200,data/summaries/K022319.pdf
K022323,200,data/summaries/K022323.pdf
K022324,200,data/summaries/K022324.pdf
K022325,200,data/summaries/K022325.pdf
K022344,200,data/summaries/K022344.pdf
K022374,200,data/summaries/K022374.pdf
K022377,200,data/summaries/K022377.pdf
K022382,200,data/summaries/K022382.pdf
K022399,200,data/summaries/K022399.pdf
K022403,200,data/summaries/K022403.pdf
K022419,200,data/summaries/K022419.pdf
K022423,200,data/summaries/K022423.pdf
K022437,200,data/summaries/K022437.pdf
K022461,200,data/summaries/K022461.pdf
K022463,200,data/summaries/K022463.pdf
K022481,200,data/summaries/K022481.pdf
K022515,200,data/summaries/K022515.pdf
K022520,200,data/summaries/K022520.pdf
K022531,200,data/summaries/K022531.pdf
K022549,200,data/summaries/K022549.pdf
K022555,200,data/summaries/K022555.pdf
K022556,200,data/summaries/K022556.pdf
K022563,200,data/summaries/K022563.pdf
K022586,200,data/summaries/K022586.pdf
K022597,200,data/summaries/K022597.pdf
K022599,200,data/summaries/K022599.pdf
K022605,200,data/summaries/K022605.pdf
K022622,200,data/summaries/K022622.pdf
K022623,200,data/summaries/K022623.pdf
K022629,200,data/summaries/K022629.pdf
K022632,200,data/summaries/K022632.pdf
K022651,200,data/summaries/K022651.pdf
K022672,200,data/summaries/K022672.pdf
K022676,200,data/summaries/K022676.pdf
K022688,200,data/summaries/K022688.pdf
K022711,200,data/summaries/K022711.pdf
K022726,200,data/summaries/K022726.pdf
K022768,200,data/summaries/K022768.pdf
K022771,200,data/summaries/K022771.pdf
K022778,200,data/summaries/K022778.pdf
K022791,200,data/summaries/K022791.pdf
K022793,200,data/summaries/K022793.pdf
K022798,200,data/summaries/K022798.pdf
K022799,200,data/summaries/K022799.pdf
K022827,200,data/summaries/K022827.pdf
K022828,200,data/summaries/K022828.pdf
K022853,200,data/summaries/K022853.pdf
K022886,200,data/summaries/K022886.pdf
K022887,200,data/summaries/K022887.pdf
K022892,200,data/summaries/K022892.pdf
K022902,200,data/summaries/K022902.pdf
K022908,200,data/summaries/K022908.pdf
K022949,200,data/summaries/K022949.pdf
K022952,200,data/summaries/K022952.pdf
K022958,200,data/summaries/K022958.pdf
K022965,200,data/summaries/K022965.pdf
K022966,200,data/summaries/K022966.pdf
K022981,200,data/summaries/K022981.pdf
K022985,200,data/summaries/K022985.pdf
K022997,200,data/summaries/K022997.pdf
K023007,200,data/summaries/K023007.pdf
K023012,200,data/summaries/K023012.pdf
K023013,200,data/summaries/K023013.pdf
K023021,200,data/summaries/K023021.pdf
K023022,200,data/summaries/K023022.pdf
K023063,200,data/summaries/K023063.pdf
K023085,200,data/summaries/K023085.pdf
K023086,200,data/summaries/K023086.pdf
K023087,200,data/summaries/K023087.pdf
K023096,200,data/summaries/K023096.pdf
K023102,200,data/summaries/K023102.pdf
K023103,200,data/summaries/K023103.pdf
K023115,200,data/summaries/K023115.pdf
K023119,200,data/summaries/K023119.pdf
K023133,200,data/summaries/K023133.pdf
K023134,200,data/summaries/K023134.pdf
K023186,200,data/summaries/K023186.pdf
K023188,200,data/summaries/K023188.pdf
K023192,200,data/summaries/K023192.pdf
K023203,200,data/summaries/K023203.pdf
K023204,200,data/summaries/K023204.pdf
K023211,200,data/summaries/K023211.pdf
K023241,200,data/summaries/K023241.pdf
K023260,200,data/summaries/K023260.pdf
K023267,200,data/summaries/K023267.pdf
K023294,200,data/summaries/K023294.pdf
K023299,200,data/summaries/K023299.pdf
K023302,200,data/summaries/K023302.pdf
K023314,200,data/summaries/K023314.pdf
K023319,200,data/summaries/K023319.pdf
K023324,200,data/summaries/K023324.pdf
K023357,200,data/summaries/K023357.pdf
K023360,200,data/summaries/K023360.pdf
K023365,200,data/summaries/K023365.pdf
K023375,200,data/summaries/K023375.pdf
K023377,404,
K023378,200,data/summaries/K023378.pdf
K023388,200,data/summaries/K023388.pdf
K023399,200,data/summaries/K023399.pdf
K023409,200,data/summaries/K023409.pdf
K023415,200,data/summaries/K023415.pdf
K023416,200,data/summaries/K023416.pdf
K023417,200,data/summaries/K023417.pdf
K023437,200,data/summaries/K023437.pdf
K023438,200,data/summaries/K023438.pdf
K023453,200,data/summaries/K023453.pdf
K023498,200,data/summaries/K023498.pdf
K023528,200,data/summaries/K023528.pdf
K023531,200,data/summaries/K023531.pdf
K023546,200,data/summaries/K023546.pdf
K023553,200,data/summaries/K023553.pdf
K023555,200,data/summaries/K023555.pdf
K023562,200,data/summaries/K023562.pdf
K023564,200,data/summaries/K023564.pdf
K023570,200,data/summaries/K023570.pdf
K023604,200,data/summaries/K023604.pdf
K023644,200,data/summaries/K023644.pdf
K023646,404,
K023667,200,data/summaries/K023667.pdf
K023675,200,data/summaries/K023675.pdf
K023692,200,data/summaries/K023692.pdf
K023703,200,data/summaries/K023703.pdf
K023714,200,data/summaries/K023714.pdf
K023724,200,data/summaries/K023724.pdf
K023743,200,data/summaries/K023743.pdf
K023770,200,data/summaries/K023770.pdf
K023788,200,data/summaries/K023788.pdf
K023794,200,data/summaries/K023794.pdf
K023797,200,data/summaries/K023797.pdf
K023802,200,data/summaries/K023802.pdf
K023804,200,data/summaries/K023804.pdf
K023835,200,data/summaries/K023835.pdf
K023851,200,data/summaries/K023851.pdf
K023862,200,data/summaries/K023862.pdf
K023879,200,data/summaries/K023879.pdf
K023884,200,data/summaries/K023884.pdf
K023887,200,data/summaries/K023887.pdf
K023901,200,data/summaries/K023901.pdf
K023921,200,data/summaries/K023921.pdf
K023922,200,data/summaries/K023922.pdf
K023941,200,data/summaries/K023941.pdf
K023963,200,data/summaries/K023963.pdf
K023983,200,data/summaries/K023983.pdf
K023994,200,data/summaries/K023994.pdf
K024037,200,data/summaries/K024037.pdf
K024049,200,data/summaries/K024049.pdf
K024060,200,data/summaries/K024060.pdf
K024086,200,data/summaries/K024086.pdf
K024096,200,data/summaries/K024096.pdf
K024115,200,data/summaries/K024115.pdf
K024125,200,data/summaries/K024125.pdf
K024129,200,data/summaries/K024129.pdf
K024134,200,data/summaries/K024134.pdf
K024161,200,data/summaries/K024161.pdf
K024185,200,data/summaries/K024185.pdf
K024233,200,data/summaries/K024233.pdf
K024248,200,data/summaries/K024248.pdf
K024313,200,data/summaries/K024313.pdf
K024326,200,data/summaries/K024326.pdf
K024336,200,data/summaries/K024336.pdf
K024340,200,data/summaries/K024340.pdf
K024348,200,data/summaries/K024348.pdf
K024364,200,data/summaries/K024364.pdf
K030037,200,data/summaries/K030037.pdf
K030047,200,data/summaries/K030047.pdf
K030048,200,data/summaries/K030048.pdf
K030055,200,data/summaries/K030055.pdf
K030079,200,data/summaries/K030079.pdf
K030086,200,data/summaries/K030086.pdf
K030087,200,data/summaries/K030087.pdf
K030103,200,data/summaries/K030103.pdf
K030122,200,data/summaries/K030122.pdf
K030131,200,data/summaries/K030131.pdf
K030153,200,data/summaries/K030153.pdf
K030178,200,data/summaries/K030178.pdf
K030193,200,data/summaries/K030193.pdf
K030197,200,data/summaries/K030197.pdf
K030198,200,data/summaries/K030198.pdf
K030236,200,data/summaries/K030236.pdf
K030237,200,data/summaries/K030237.pdf
K030241,200,data/summaries/K030241.pdf
K030249,200,data/summaries/K030249.pdf
K030252,200,data/summaries/K030252.pdf
K030253,200,data/summaries/K030253.pdf
K030259,200,data/summaries/K030259.pdf
K030265,200,data/summaries/K030265.pdf
K030266,200,data/summaries/K030266.pdf
K030285,200,data/summaries/K030285.pdf
K030288,200,data/summaries/K030288.pdf
K030301,200,data/summaries/K030301.pdf
K030310,200,data/summaries/K030310.pdf
K030319,200,data/summaries/K030319.pdf
K030327,200,data/summaries/K030327.pdf
K030336,200,data/summaries/K030336.pdf
K030344,200,data/summaries/K030344.pdf
K030367,200,data/summaries/K030367.pdf
K030368,200,data/summaries/K030368.pdf
K030369,200,data/summaries/K030369.pdf
K030372,200,data/summaries/K030372.pdf
K030373,200,data/summaries/K030373.pdf
K030377,200,data/summaries/K030377.pdf
K030383,200,data/summaries/K030383.pdf
K030384,200,data/summaries/K030384.pdf
K030388,200,data/summaries/K030388.pdf
K030390,200,data/summaries/K030390.pdf
K030446,200,data/summaries/K030446.pdf
K030500,200,data/summaries/K030500.pdf
K030501,200,data/summaries/K030501.pdf
K030519,200,data/summaries/K030519.pdf
K030554,200,data/summaries/K030554.pdf
K030581,200,data/summaries/K030581.pdf
K030595,200,data/summaries/K030595.pdf
K030597,200,data/summaries/K030597.pdf
K030601,200,data/summaries/K030601.pdf
K030612,200,data/summaries/K030612.pdf
K030619,200,data/summaries/K030619.pdf
K030623,200,data/summaries/K030623.pdf
K030625,200,data/summaries/K030625.pdf
K030665,200,data/summaries/K030665.pdf
K030667,200,data/summaries/K030667.pdf
K030686,200,data/summaries/K030686.pdf
K030706,200,data/summaries/K030706.pdf
K030710,200,data/summaries/K030710.pdf
K030724,200,data/summaries/K030724.pdf
K030733,200,data/summaries/K030733.pdf
K030735,200,data/summaries/K030735.pdf
K030736,200,data/summaries/K030736.pdf
K030744,200,data/summaries/K030744.pdf
K030766,200,data/summaries/K030766.pdf
K030816,200,data/summaries/K030816.pdf
K030833,200,data/summaries/K030833.pdf
K030840,200,data/summaries/K030840.pdf
K030848,200,data/summaries/K030848.pdf
K030858,200,data/summaries/K030858.pdf
K030861,200,data/summaries/K030861.pdf
K030862,200,data/summaries/K030862.pdf
K030866,200,data/summaries/K030866.pdf
K030867,200,data/summaries/K030867.pdf
K030875,200,data/summaries/K030875.pdf
K030877,200,data/summaries/K030877.pdf
K030881,200,data/summaries/K030881.pdf
K030900,200,data/summaries/K030900.pdf
K030902,200,data/summaries/K030902.pdf
K030903,200,data/summaries/K030903.pdf
K030904,200,data/summaries/K030904.pdf
K030909,200,data/summaries/K030909.pdf
K030923,200,data/summaries/K030923.pdf
K030932,200,data/summaries/K030932.pdf
K030941,200,data/summaries/K030941.pdf
K030958,200,data/summaries/K030958.pdf
K030971,200,data/summaries/K030971.pdf
K030972,200,data/summaries/K030972.pdf
K030978,200,data/summaries/K030978.pdf
K030979,200,data/summaries/K030979.pdf
K030995,200,data/summaries/K030995.pdf
K031040,200,data/summaries/K031040.pdf
K031050,200,data/summaries/K031050.pdf
K031061,200,data/summaries/K031061.pdf
K031090,200,data/summaries/K031090.pdf
K031093,200,data/summaries/K031093.pdf
K031100,200,data/summaries/K031100.pdf
K031110,200,data/summaries/K031110.pdf
K031127,200,data/summaries/K031127.pdf
K031154,200,data/summaries/K031154.pdf
K031155,200,data/summaries/K031155.pdf
K031162,200,data/summaries/K031162.pdf
K031165,200,data/summaries/K031165.pdf
K031175,200,data/summaries/K031175.pdf
K031178,200,data/summaries/K031178.pdf
K031181,200,data/summaries/K031181.pdf
K031183,200,data/summaries/K031183.pdf
K031201,200,data/summaries/K031201.pdf
K031203,200,data/summaries/K031203.pdf
K031214,200,data/summaries/K031214.pdf
K031217,200,data/summaries/K031217.pdf
K031218,200,data/summaries/K031218.pdf
K031219,200,data/summaries/K031219.pdf
K031265,200,data/summaries/K031265.pdf
K031276,200,data/summaries/K031276.pdf
K031290,200,data/summaries/K031290.pdf
K031302,200,data/summaries/K031302.pdf
K031319,200,data/summaries/K031319.pdf
K031334,200,data/summaries/K031334.pdf
K031354,200,data/summaries/K031354.pdf
K031355,200,data/summaries/K031355.pdf
K031381,200,data/summaries/K031381.pdf
K031399,200,data/summaries/K031399.pdf
K031401,200,data/summaries/K031401.pdf
K031402,200,data/summaries/K031402.pdf
K031423,200,data/summaries/K031423.pdf
K031424,200,data/summaries/K031424.pdf
K031428,200,data/summaries/K031428.pdf
K031430,200,data/summaries/K031430.pdf
K031435,200,data/summaries/K031435.pdf
K031438,200,data/summaries/K031438.pdf
K031449,200,data/summaries/K031449.pdf
K031452,200,data/summaries/K031452.pdf
K031455,200,data/summaries/K031455.pdf
K031462,200,data/summaries/K031462.pdf
K031471,200,data/summaries/K031471.pdf
K031474,200,data/summaries/K031474.pdf
K031480,200,data/summaries/K031480.pdf
K031493,200,data/summaries/K031493.pdf
K031495,200,data/summaries/K031495.pdf
K031508,200,data/summaries/K031508.pdf
K031511,200,data/summaries/K031511.pdf
K031519,200,data/summaries/K031519.pdf
K031533,200,data/summaries/K031533.pdf
K031572,200,data/summaries/K031572.pdf
K031573,200,data/summaries/K031573.pdf
K031585,200,data/summaries/K031585.pdf
K031595,200,data/summaries/K031595.pdf
K031609,200,data/summaries/K031609.pdf
K031635,200,data/summaries/K031635.pdf
K031645,404,
K031651,200,data/summaries/K031651.pdf
K031655,200,data/summaries/K031655.pdf
K031666,200,data/summaries/K031666.pdf
K031672,200,data/summaries/K031672.pdf
K031673,200,data/summaries/K031673.pdf
K031677,200,data/summaries/K031677.pdf
K031685,200,data/summaries/K031685.pdf
K031687,200,data/summaries/K031687.pdf
K031693,200,data/summaries/K031693.pdf
K031702,200,data/summaries/K031702.pdf
K031712,200,data/summaries/K031712.pdf
K031714,200,data/summaries/K031714.pdf
K031724,200,data/summaries/K031724.pdf
K031725,200,data/summaries/K031725.pdf
K031729,200,data/summaries/K031729.pdf
K031730,200,data/summaries/K031730.pdf
K031734,200,data/summaries/K031734.pdf
K031744,200,data/summaries/K031744.pdf
K031751,200,data/summaries/K031751.pdf
K031757,200,data/summaries/K031757.pdf
K031772,200,data/summaries/K031772.pdf
K031780,200,data/summaries/K031780.pdf
K031782,200,data/summaries/K031782.pdf
K031803,200,data/summaries/K031803.pdf
K031804,200,data/summaries/K031804.pdf
K031817,200,data/summaries/K031817.pdf
K031823,200,data/summaries/K031823.pdf
K031826,200,data/summaries/K031826.pdf
K031833,200,data/summaries/K031833.pdf
K031838,200,data/summaries/K031838.pdf
K031841,200,data/summaries/K031841.pdf
K031855,200,data/summaries/K031855.pdf
K031859,200,data/summaries/K031859.pdf
K031875,200,data/summaries/K031875.pdf
K031888,200,data/summaries/K031888.pdf
K031893,200,data/summaries/K031893.pdf
K031914,200,data/summaries/K031914.pdf
K031919,200,data/summaries/K031919.pdf
K031937,200,data/summaries/K031937.pdf
K031939,200,data/summaries/K031939.pdf
K031941,200,data/summaries/K031941.pdf
K031945,200,data/summaries/K031945.pdf
K031959,200,data/summaries/K031959.pdf
K031961,200,data/summaries/K031961.pdf
K031962,200,data/summaries/K031962.pdf
K031967,200,data/summaries/K031967.pdf
K031971,200,data/summaries/K031971.pdf
K031973,200,data/summaries/K031973.pdf
K031981,200,data/summaries/K031981.pdf
K031985,200,data/summaries/K031985.pdf
K032032,200,data/summaries/K032032.pdf
K032033,200,data/summaries/K032033.pdf
K032037,200,data/summaries/K032037.pdf
K032052,200,data/summaries/K032052.pdf
K032058,200,data/summaries/K032058.pdf
K032059,200,data/summaries/K032059.pdf
K032064,200,data/summaries/K032064.pdf
K032072,200,data/summaries/K032072.pdf
K032078,200,data/summaries/K032078.pdf
K032079,200,data/summaries/K032079.pdf
K032094,200,data/summaries/K032094.pdf
K032097,200,data/summaries/K032097.pdf
K032098,200,data/summaries/K032098.pdf
K032102,200,data/summaries/K032102.pdf
K032108,200,data/summaries/K032108.pdf
K032126,200,data/summaries/K032126.pdf
K032130,200,data/summaries/K032130.pdf
K032151,200,data/summaries/K032151.pdf
K032163,200,data/summaries/K032163.pdf
K032167,200,data/summaries/K032167.pdf
K032169,200,data/summaries/K032169.pdf
K032187,200,data/summaries/K032187.pdf
K032197,200,data/summaries/K032197.pdf
K032215,200,data/summaries/K032215.pdf
K032219,200,data/summaries/K032219.pdf
K032224,200,data/summaries/K032224.pdf
K032228,200,data/summaries/K032228.pdf
K032244,200,data/summaries/K032244.pdf
K032264,200,data/summaries/K032264.pdf
K032265,200,data/summaries/K032265.pdf
K032268,200,data/summaries/K032268.pdf
K032269,200,data/summaries/K032269.pdf
K032286,200,data/summaries/K032286.pdf
K032288,200,data/summaries/K032288.pdf
K032295,200,data/summaries/K032295.pdf
K032300,200,data/summaries/K032300.pdf
K032348,200,data/summaries/K032348.pdf
K032367,200,data/summaries/K032367.pdf
K032368,200,data/summaries/K032368.pdf
K032371,200,data/summaries/K032371.pdf
K032380,200,data/summaries/K032380.pdf
K032385,200,data/summaries/K032385.pdf
K032394,200,data/summaries/K032394.pdf
K032396,200,data/summaries/K032396.pdf
K032398,200,data/summaries/K032398.pdf
K032409,200,data/summaries/K032409.pdf
K032413,200,data/summaries/K032413.pdf
K032418,200,data/summaries/K032418.pdf
K032427,200,data/summaries/K032427.pdf
K032447,200,data/summaries/K032447.pdf
K032476,200,data/summaries/K032476.pdf
K032479,200,data/summaries/K032479.pdf
K032507,200,data/summaries/K032507.pdf
K032522,200,data/summaries/K032522.pdf
K032523,200,data/summaries/K032523.pdf
K032527,200,data/summaries/K032527.pdf
K032532,200,data/summaries/K032532.pdf
K032534,200,data/summaries/K032534.pdf
K032548,200,data/summaries/K032548.pdf
K032559,200,data/summaries/K032559.pdf
K032560,200,data/summaries/K032560.pdf
K032578,200,data/summaries/K032578.pdf
K032579,200,data/summaries/K032579.pdf
K032581,200,data/summaries/K032581.pdf
K032588,200,data/summaries/K032588.pdf
K032604,200,data/summaries/K032604.pdf
K032606,200,data/summaries/K032606.pdf
K032634,200,data/summaries/K032634.pdf
K032641,200,data/summaries/K032641.pdf
K032659,200,data/summaries/K032659.pdf
K032679,200,data/summaries/K032679.pdf
K032682,200,data/summaries/K032682.pdf
K032683,200,data/summaries/K032683.pdf
K032686,200,data/summaries/K032686.pdf
K032687,200,data/summaries/K032687.pdf
K032700,200,data/summaries/K032700.pdf
K032705,200,data/summaries/K032705.pdf
K032709,200,data/summaries/K032709.pdf
K032717,200,data/summaries/K032717.pdf
K032722,200,data/summaries/K032722.pdf
K032726,200,data/summaries/K032726.pdf
K032730,200,data/summaries/K032730.pdf
K032739,200,data/summaries/K032739.pdf
K032752,200,data/summaries/K032752.pdf
K032770,200,data/summaries/K032770.pdf
K032806,200,data/summaries/K032806.pdf
K032812,200,data/summaries/K032812.pdf
K032815,200,data/summaries/K032815.pdf
K032829,200,data/summaries/K032829.pdf
K032830,200,data/summaries/K032830.pdf
K032855,200,data/summaries/K032855.pdf
K032894,200,data/summaries/K032894.pdf
K032895,200,data/summaries/K032895.pdf
K032898,200,data/summaries/K032898.pdf
K032902,200,data/summaries/K032902.pdf
K032905,200,data/summaries/K032905.pdf
K032945,200,data/summaries/K032945.pdf
K032964,200,data/summaries/K032964.pdf
K033034,200,data/summaries/K033034.pdf
K033046,200,data/summaries/K033046.pdf
K033071,200,data/summaries/K033071.pdf
K033090,200,data/summaries/K033090.pdf
K033109,200,data/summaries/K033109.pdf
K033112,200,data/summaries/K033112.pdf
K033138,200,data/summaries/K033138.pdf
K033145,200,data/summaries/K033145.pdf
K033148,200,data/summaries/K033148.pdf
K033150,200,data/summaries/K033150.pdf
K033158,200,data/summaries/K033158.pdf
K033233,200,data/summaries/K033233.pdf
K033242,200,data/summaries/K033242.pdf
K033252,200,data/summaries/K033252.pdf
K033258,200,data/summaries/K033258.pdf
K033260,200,data/summaries/K033260.pdf
K033271,200,data/summaries/K033271.pdf
K033272,200,data/summaries/K033272.pdf
K033273,200,data/summaries/K033273.pdf
K033280,200,data/summaries/K033280.pdf
K033289,200,data/summaries/K033289.pdf
K033303,200,data/summaries/K033303.pdf
K033312,200,data/summaries/K033312.pdf
K033313,200,data/summaries/K033313.pdf
K033322,200,data/summaries/K033322.pdf
K033329,200,data/summaries/K033329.pdf
K033338,200,data/summaries/K033338.pdf
K033342,200,data/summaries/K033342.pdf
K033351,200,data/summaries/K033351.pdf
K033352,200,data/summaries/K033352.pdf
K033355,200,data/summaries/K033355.pdf
K033363,200,data/summaries/K033363.pdf
K033382,200,data/summaries/K033382.pdf
K033406,200,data/summaries/K033406.pdf
K033411,200,data/summaries/K033411.pdf
K033442,200,data/summaries/K033442.pdf
K033456,200,data/summaries/K033456.pdf
K033476,200,data/summaries/K033476.pdf
K033489,200,data/summaries/K033489.pdf
K033495,200,data/summaries/K033495.pdf
K033506,200,data/summaries/K033506.pdf
K033508,200,data/summaries/K033508.pdf
K033509,200,data/summaries/K033509.pdf
K033512,200,data/summaries/K033512.pdf
K033516,200,data/summaries/K033516.pdf
K033517,200,data/summaries/K033517.pdf
K033519,200,data/summaries/K033519.pdf
K033524,200,data/summaries/K033524.pdf
K033529,200,data/summaries/K033529.pdf
K033546,200,data/summaries/K033546.pdf
K033552,200,data/summaries/K033552.pdf
K033556,200,data/summaries/K033556.pdf
K033563,200,data/summaries/K033563.pdf
K033580,200,data/summaries/K033580.pdf
K033596,200,data/summaries/K033596.pdf
K033611,200,data/summaries/K033611.pdf
K033618,200,data/summaries/K033618.pdf
K033635,200,data/summaries/K033635.pdf
K033639,200,data/summaries/K033639.pdf
K033663,200,data/summaries/K033663.pdf
K033664,200,data/summaries/K033664.pdf
K033669,200,data/summaries/K033669.pdf
K033679,200,data/summaries/K033679.pdf
K033702,200,data/summaries/K033702.pdf
K033707,200,data/summaries/K033707.pdf
K033716,200,data/summaries/K033716.pdf
K033717,200,data/summaries/K033717.pdf
K033722,200,data/summaries/K033722.pdf
K033740,200,data/summaries/K033740.pdf
K033749,200,data/summaries/K033749.pdf
K033756,200,data/summaries/K033756.pdf
K033763,200,data/summaries/K033763.pdf
K033769,200,data/summaries/K033769.pdf
K033772,200,data/summaries/K033772.pdf
K033792,200,data/summaries/K033792.pdf
K033801,200,data/summaries/K033801.pdf
K033804,404,
K033805,200,data/summaries/K033805.pdf
K033806,200,data/summaries/K033806.pdf
K033810,200,data/summaries/K033810.pdf
K033816,200,data/summaries/K033816.pdf
K033826,200,data/summaries/K033826.pdf
K033837,200,data/summaries/K033837.pdf
K033838,200,data/summaries/K033838.pdf
K033844,200,data/summaries/K033844.pdf
K033871,200,data/summaries/K033871.pdf
K033878,200,data/summaries/K033878.pdf
K033883,200,data/summaries/K033883.pdf
K033890,200,data/summaries/K033890.pdf
K033893,200,data/summaries/K033893.pdf
K033901,200,data/summaries/K033901.pdf
K033918,200,data/summaries/K033918.pdf
K033926,200,data/summaries/K033926.pdf
K033930,200,data/summaries/K033930.pdf
K033947,200,data/summaries/K033947.pdf
K033951,200,data/summaries/K033951.pdf
K033959,200,data/summaries/K033959.pdf
K033961,200,data/summaries/K033961.pdf
K033965,200,data/summaries/K033965.pdf
K033968,200,data/summaries/K033968.pdf
K033971,200,data/summaries/K033971.pdf
K033972,200,data/summaries/K033972.pdf
K033975,200,data/summaries/K033975.pdf
K033980,200,data/summaries/K033980.pdf
K033995,200,data/summaries/K033995.pdf
K034002,200,data/summaries/K034002.pdf
K034028,200,data/summaries/K034028.pdf
K034056,200,data/summaries/K034056.pdf
K040003,200,data/summaries/K040003.pdf
K040017,200,data/summaries/K040017.pdf
K040022,200,data/summaries/K040022.pdf
K040034,404,
K040047,200,data/summaries/K040047.pdf
K040064,200,data/summaries/K040064.pdf
K040070,200,data/summaries/K040070.pdf
K040072,200,data/summaries/K040072.pdf
K040082,200,data/summaries/K040082.pdf
K040096,200,data/summaries/K040096.pdf
K040112,200,data/summaries/K040112.pdf
K040128,200,data/summaries/K040128.pdf
K040130,200,data/summaries/K040130.pdf
K040134,200,data/summaries/K040134.pdf
K040166,200,data/summaries/K040166.pdf
K040168,200,data/summaries/K040168.pdf
K040191,200,data/summaries/K040191.pdf
K040197,200,data/summaries/K040197.pdf
K040199,200,data/summaries/K040199.pdf
K040212,200,data/summaries/K040212.pdf
K040216,200,data/summaries/K040216.pdf
K040250,200,data/summaries/K040250.pdf
K040258,200,data/summaries/K040258.pdf
K040261,200,data/summaries/K040261.pdf
K040262,200,data/summaries/K040262.pdf
K040265,200,data/summaries/K040265.pdf
K040267,200,data/summaries/K040267.pdf
K040268,200,data/summaries/K040268.pdf
K040281,200,data/summaries/K040281.pdf
K040284,200,data/summaries/K040284.pdf
K040331,200,data/summaries/K040331.pdf
K040336,200,data/summaries/K040336.pdf
K040346,200,data/summaries/K040346.pdf
K040356,200,data/summaries/K040356.pdf
K040363,200,data/summaries/K040363.pdf
K040381,200,data/summaries/K040381.pdf
K040383,200,data/summaries/K040383.pdf
K040389,200,data/summaries/K040389.pdf
K040397,200,data/summaries/K040397.pdf
K040401,200,data/summaries/K040401.pdf
K040405,200,data/summaries/K040405.pdf
K040412,200,data/summaries/K040412.pdf
K040419,200,data/summaries/K040419.pdf
K040422,200,data/summaries/K040422.pdf
K040426,200,data/summaries/K040426.pdf
K040432,200,data/summaries/K040432.pdf
K040442,200,data/summaries/K040442.pdf
K040454,200,data/summaries/K040454.pdf
K040462,200,data/summaries/K040462.pdf
K040475,200,data/summaries/K040475.pdf
K040482,200,data/summaries/K040482.pdf
K040487,200,data/summaries/K040487.pdf
K040493,200,data/summaries/K040493.pdf
K040497,200,data/summaries/K040497.pdf
K040500,200,data/summaries/K040500.pdf
K040514,200,data/summaries/K040514.pdf
K040536,200,data/summaries/K040536.pdf
K040542,200,data/summaries/K040542.pdf
K040544,200,data/summaries/K040544.pdf
K040583,200,data/summaries/K040583.pdf
K040588,200,data/summaries/K040588.pdf
K040593,200,data/summaries/K040593.pdf
K040594,200,data/summaries/K040594.pdf
K040598,200,data/summaries/K040598.pdf
K040600,200,data/summaries/K040600.pdf
K040601,200,data/summaries/K040601.pdf
K040610,200,data/summaries/K040610.pdf
K040611,200,data/summaries/K040611.pdf
K040613,200,data/summaries/K040613.pdf
K040630,200,data/summaries/K040630.pdf
K040644,200,data/summaries/K040644.pdf
K040655,200,data/summaries/K040655.pdf
K040656,200,data/summaries/K040656.pdf
K040669,200,data/summaries/K040669.pdf
K040680,200,data/summaries/K040680.pdf
K040701,200,data/summaries/K040701.pdf
K040721,200,data/summaries/K040721.pdf
K040731,200,data/summaries/K040731.pdf
K040734,200,data/summaries/K040734.pdf
K040740,200,data/summaries/K040740.pdf
K040747,200,data/summaries/K040747.pdf
K040749,200,data/summaries/K040749.pdf
K040755,200,data/summaries/K040755.pdf
K040762,200,data/summaries/K040762.pdf
K040765,200,data/summaries/K040765.pdf
K040770,200,data/summaries/K040770.pdf
K040777,200,data/summaries/K040777.pdf
K040803,200,data/summaries/K040803.pdf
K040827,200,data/summaries/K040827.pdf
K040833,200,data/summaries/K040833.pdf
K040844,200,data/summaries/K040844.pdf
K040850,200,data/summaries/K040850.pdf
K040860,200,data/summaries/K040860.pdf
K040889,200,data/summaries/K040889.pdf
K040907,200,data/summaries/K040907.pdf
K040908,200,data/summaries/K040908.pdf
K040928,200,data/summaries/K040928.pdf
K040929,200,data/summaries/K040929.pdf
K040935,200,data/summaries/K040935.pdf
K040938,200,data/summaries/K040938.pdf
K040947,200,data/summaries/K040947.pdf
K040962,200,data/summaries/K040962.pdf
K040964,200,data/summaries/K040964.pdf
K040980,200,data/summaries/K040980.pdf
K041001,200,data/summaries/K041001.pdf
K041030,200,data/summaries/K041030.pdf
K041046,200,data/summaries/K041046.pdf
K041064,200,data/summaries/K041064.pdf
K041065,200,data/summaries/K041065.pdf
K041066,200,data/summaries/K041066.pdf
K041069,200,data/summaries/K041069.pdf
K041075,200,data/summaries/K041075.pdf
K041081,200,data/summaries/K041081.pdf
K041085,200,data/summaries/K041085.pdf
K041089,200,data/summaries/K041089.pdf
K041100,200,data/summaries/K041100.pdf
K041105,200,data/summaries/K041105.pdf
K041106,200,data/summaries/K041106.pdf
K041109,200,data/summaries/K041109.pdf
K041115,200,data/summaries/K041115.pdf
K041116,200,data/summaries/K041116.pdf
K041117,200,data/summaries/K041117.pdf
K041118,200,data/summaries/K041118.pdf
K041119,200,data/summaries/K041119.pdf
K041128,200,data/summaries/K041128.pdf
K041157,200,data/summaries/K041157.pdf
K041160,200,data/summaries/K041160.pdf
K041167,200,data/summaries/K041167.pdf
K041168,200,data/summaries/K041168.pdf
K041170,200,data/summaries/K041170.pdf
K041177,200,data/summaries/K041177.pdf
K041189,200,data/summaries/K041189.pdf
K041197,200,data/summaries/K041197.pdf
K041203,200,data/summaries/K041203.pdf
K041205,200,data/summaries/K041205.pdf
K041217,200,data/summaries/K041217.pdf
K041261,200,data/summaries/K041261.pdf
K041274,200,data/summaries/K041274.pdf
K041282,200,data/summaries/K041282.pdf
K041288,200,data/summaries/K041288.pdf
K041305,200,data/summaries/K041305.pdf
K041307,200,data/summaries/K041307.pdf
K041310,200,data/summaries/K041310.pdf
K041339,200,data/summaries/K041339.pdf
K041352,200,data/summaries/K041352.pdf
K041355,200,data/summaries/K041355.pdf
K041356,200,data/summaries/K041356.pdf
K041389,200,data/summaries/K041389.pdf
K041393,200,data/summaries/K041393.pdf
K041407,200,data/summaries/K041407.pdf
K041421,200,data/summaries/K041421.pdf
K041440,200,data/summaries/K041440.pdf
K041447,200,data/summaries/K041447.pdf
K041449,200,data/summaries/K041449.pdf
K041451,200,data/summaries/K041451.pdf
K041452,200,data/summaries/K041452.pdf
K041460,200,data/summaries/K041460.pdf
K041461,200,data/summaries/K041461.pdf
K041466,200,data/summaries/K041466.pdf
K041469,200,data/summaries/K041469.pdf
K041493,200,data/summaries/K041493.pdf
K041533,200,data/summaries/K041533.pdf
K041549,200,data/summaries/K041549.pdf
K041556,200,data/summaries/K041556.pdf
K041584,200,data/summaries/K041584.pdf
K041591,200,data/summaries/K041591.pdf
K041592,200,data/summaries/K041592.pdf
K041601,200,data/summaries/K041601.pdf
K041613,200,data/summaries/K041613.pdf
K041616,200,data/summaries/K041616.pdf
K041617,200,data/summaries/K041617.pdf
K041625,200,data/summaries/K041625.pdf
K041656,200,data/summaries/K041656.pdf
K041663,200,data/summaries/K041663.pdf
K041698,200,data/summaries/K041698.pdf
K041706,200,data/summaries/K041706.pdf
K041709,200,data/summaries/K041709.pdf
K041713,200,data/summaries/K041713.pdf
K041722,200,data/summaries/K041722.pdf
K041749,200,data/summaries/K041749.pdf
K041777,200,data/summaries/K041777.pdf
K041786,200,data/summaries/K041786.pdf
K041794,200,data/summaries/K041794.pdf
K041798,200,data/summaries/K041798.pdf
K041801,200,data/summaries/K041801.pdf
K041808,200,data/summaries/K041808.pdf
K041825,200,data/summaries/K041825.pdf
K041835,200,data/summaries/K041835.pdf
K041842,200,data/summaries/K041842.pdf
K041850,200,data/summaries/K041850.pdf
K041858,200,data/summaries/K041858.pdf
K041860,200,data/summaries/K041860.pdf
K041862,200,data/summaries/K041862.pdf
K041872,200,data/summaries/K041872.pdf
K041873,200,data/summaries/K041873.pdf
K041888,200,data/summaries/K041888.pdf
K041889,200,data/summaries/K041889.pdf
K041906,200,data/summaries/K041906.pdf
K041911,200,data/summaries/K041911.pdf
K041925,200,data/summaries/K041925.pdf
K041936,200,data/summaries/K041936.pdf
K041939,200,data/summaries/K041939.pdf
K041940,200,data/summaries/K041940.pdf
K041950,200,data/summaries/K041950.pdf
K041961,200,data/summaries/K041961.pdf
K041965,200,data/summaries/K041965.pdf
K041988,200,data/summaries/K041988.pdf
K041989,200,data/summaries/K041989.pdf
K042019,200,data/summaries/K042019.pdf
K042021,200,data/summaries/K042021.pdf
K042025,200,data/summaries/K042025.pdf
K042029,200,data/summaries/K042029.pdf
K042032,200,data/summaries/K042032.pdf
K042035,200,data/summaries/K042035.pdf
K042051,200,data/summaries/K042051.pdf
K042059,404,
K042066,200,data/summaries/K042066.pdf
K042073,200,data/summaries/K042073.pdf
K042078,200,data/summaries/K042078.pdf
K042091,200,data/summaries/K042091.pdf
K042093,200,data/summaries/K042093.pdf
K042100,200,data/summaries/K042100.pdf
K042125,200,data/summaries/K042125.pdf
K042127,200,data/summaries/K042127.pdf
K042135,200,data/summaries/K042135.pdf
K042143,200,data/summaries/K042143.pdf
K042167,200,data/summaries/K042167.pdf
K042168,200,data/summaries/K042168.pdf
K042201,200,data/summaries/K042201.pdf
K042205,200,data/summaries/K042205.pdf
K042210,200,data/summaries/K042210.pdf
K042235,200,data/summaries/K042235.pdf
K042237,200,data/summaries/K042237.pdf
K042244,200,data/summaries/K042244.pdf
K042249,200,data/summaries/K042249.pdf
K042252,200,data/summaries/K042252.pdf
K042268,200,data/summaries/K042268.pdf
K042271,200,data/summaries/K042271.pdf
K042295,200,data/summaries/K042295.pdf
K042305,200,data/summaries/K042305.pdf
K042310,200,data/summaries/K042310.pdf
K042312,200,data/summaries/K042312.pdf
K042317,200,data/summaries/K042317.pdf
K042321,200,data/summaries/K042321.pdf
K042325,200,data/summaries/K042325.pdf
K042332,200,data/summaries/K042332.pdf
K042337,200,data/summaries/K042337.pdf
K042340,200,data/summaries/K042340.pdf
K042343,200,data/summaries/K042343.pdf
K042344,200,data/summaries/K042344.pdf
K042355,200,data/summaries/K042355.pdf
K042356,200,data/summaries/K042356.pdf
K042358,200,data/summaries/K042358.pdf
K042377,200,data/summaries/K042377.pdf
K042396,200,data/summaries/K042396.pdf
K042402,200,data/summaries/K042402.pdf
K042409,200,data/summaries/K042409.pdf
K042415,200,data/summaries/K042415.pdf
K042436,200,data/summaries/K042436.pdf
K042437,200,data/summaries/K042437.pdf
K042440,200,data/summaries/K042440.pdf
K042453,200,data/summaries/K042453.pdf
K042458,200,data/summaries/K042458.pdf
K042460,200,data/summaries/K042460.pdf
K042498,200,data/summaries/K042498.pdf
K042499,200,data/summaries/K042499.pdf
K042508,200,data/summaries/K042508.pdf
K042514,200,data/summaries/K042514.pdf
K042515,200,data/summaries/K042515.pdf
K042524,200,data/summaries/K042524.pdf
K042544,200,data/summaries/K042544.pdf
K042552,200,data/summaries/K042552.pdf
K042571,200,data/summaries/K042571.pdf
K042584,200,data/summaries/K042584.pdf
K042598,200,data/summaries/K042598.pdf
K042600,200,data/summaries/K042600.pdf
K042635,200,data/summaries/K042635.pdf
K042636,200,data/summaries/K042636.pdf
K042640,200,data/summaries/K042640.pdf
K042664,200,data/summaries/K042664.pdf
K042673,200,data/summaries/K042673.pdf
K042690,200,data/summaries/K042690.pdf
K042691,200,data/summaries/K042691.pdf
K042695,200,data/summaries/K042695.pdf
K042702,200,data/summaries/K042702.pdf
K042713,200,data/summaries/K042713.pdf
K042714,200,data/summaries/K042714.pdf
K042757,200,data/summaries/K042757.pdf
K042761,200,data/summaries/K042761.pdf
K042766,200,data/summaries/K042766.pdf
K042772,200,data/summaries/K042772.pdf
K042774,200,data/summaries/K042774.pdf
K042776,200,data/summaries/K042776.pdf
K042778,200,data/summaries/K042778.pdf
K042789,200,data/summaries/K042789.pdf
K042790,200,data/summaries/K042790.pdf
K042796,200,data/summaries/K042796.pdf
K042798,200,data/summaries/K042798.pdf
K042829,200,data/summaries/K042829.pdf
K042842,200,data/summaries/K042842.pdf
K042859,200,data/summaries/K042859.pdf
K042871,200,data/summaries/K042871.pdf
K042883,200,data/summaries/K042883.pdf
K042886,200,data/summaries/K042886.pdf
K042895,200,data/summaries/K042895.pdf
K042896,200,data/summaries/K042896.pdf
K042902,200,data/summaries/K042902.pdf
K042911,200,data/summaries/K042911.pdf
K042914,200,data/summaries/K042914.pdf
K042922,200,data/summaries/K042922.pdf
K042928,200,data/summaries/K042928.pdf
K042930,200,data/summaries/K042930.pdf
K042947,200,data/summaries/K042947.pdf
K042953,200,data/summaries/K042953.pdf
K042959,200,data/summaries/K042959.pdf
K042962,200,data/summaries/K042962.pdf
K042964,200,data/summaries/K042964.pdf
K042966,200,data/summaries/K042966.pdf
K042989,200,data/summaries/K042989.pdf
K042992,200,data/summaries/K042992.pdf
K042993,200,data/summaries/K042993.pdf
K043001,200,data/summaries/K043001.pdf
K043005,200,data/summaries/K043005.pdf
K043020,200,data/summaries/K043020.pdf
K043039,200,data/summaries/K043039.pdf
K043045,200,data/summaries/K043045.pdf
K043048,200,data/summaries/K043048.pdf
K043052,200,data/summaries/K043052.pdf
K043053,200,data/summaries/K043053.pdf
K043058,200,data/summaries/K043058.pdf
K043059,200,data/summaries/K043059.pdf
K043061,200,data/summaries/K043061.pdf
K043066,200,data/summaries/K043066.pdf
K043077,200,data/summaries/K043077.pdf
K043079,200,data/summaries/K043079.pdf
K043082,200,data/summaries/K043082.pdf
K043083,200,data/summaries/K043083.pdf
K043094,200,data/summaries/K043094.pdf
K043100,200,data/summaries/K043100.pdf
K043101,200,data/summaries/K043101.pdf
K043102,200,data/summaries/K043102.pdf
K043106,200,data/summaries/K043106.pdf
K043113,200,data/summaries/K043113.pdf
K043123,200,data/summaries/K043123.pdf
K043142,200,data/summaries/K043142.pdf
K043145,200,data/summaries/K043145.pdf
K043151,200,data/summaries/K043151.pdf
K043152,200,data/summaries/K043152.pdf
K043174,200,data/summaries/K043174.pdf
K043176,200,data/summaries/K043176.pdf
K043180,200,data/summaries/K043180.pdf
K043181,200,data/summaries/K043181.pdf
K043185,200,data/summaries/K043185.pdf
K043200,200,data/summaries/K043200.pdf
K043206,200,data/summaries/K043206.pdf
K043209,200,data/summaries/K043209.pdf
K043227,200,data/summaries/K043227.pdf
K043229,200,data/summaries/K043229.pdf
K043232,200,data/summaries/K043232.pdf
K043233,200,data/summaries/K043233.pdf
K043248,200,data/summaries/K043248.pdf
K043252,200,data/summaries/K043252.pdf
K043263,200,data/summaries/K043263.pdf
K043270,200,data/summaries/K043270.pdf
K043281,200,data/summaries/K043281.pdf
K043289,200,data/summaries/K043289.pdf
K043308,200,data/summaries/K043308.pdf
K043316,200,data/summaries/K043316.pdf
K043321,200,data/summaries/K043321.pdf
K043337,200,data/summaries/K043337.pdf
K043338,200,data/summaries/K043338.pdf
K043339,200,data/summaries/K043339.pdf
K043343,200,data/summaries/K043343.pdf
K043346,200,data/summaries/K043346.pdf
K043347,200,data/summaries/K043347.pdf
K043349,200,data/summaries/K043349.pdf
K043355,200,data/summaries/K043355.pdf
K043356,200,data/summaries/K043356.pdf
K043374,200,data/summaries/K043374.pdf
K043403,200,data/summaries/K043403.pdf
K043404,200,data/summaries/K043404.pdf
K043405,200,data/summaries/K043405.pdf
K043406,200,data/summaries/K043406.pdf
K043410,200,data/summaries/K043410.pdf
K043411,200,data/summaries/K043411.pdf
K043420,200,data/summaries/K043420.pdf
K043421,200,data/summaries/K043421.pdf
K043431,200,data/summaries/K043431.pdf
K043440,200,data/summaries/K043440.pdf
K043473,200,data/summaries/K043473.pdf
K043479,200,data/summaries/K043479.pdf
K043484,200,data/summaries/K043484.pdf
K043488,200,data/summaries/K043488.pdf
K043505,200,data/summaries/K043505.pdf
K043514,200,data/summaries/K043514.pdf
K043518,200,data/summaries/K043518.pdf
K043522,200,data/summaries/K043522.pdf
K043537,200,data/summaries/K043537.pdf
K043542,200,data/summaries/K043542.pdf
K043548,200,data/summaries/K043548.pdf
K043560,200,data/summaries/K043560.pdf
K043561,200,data/summaries/K043561.pdf
K043565,200,data/summaries/K043565.pdf
K043566,200,data/summaries/K043566.pdf
K043570,200,data/summaries/K043570.pdf
K043578,200,data/summaries/K043578.pdf
K043583,200,data/summaries/K043583.pdf
K043593,200,data/summaries/K043593.pdf
K050025,200,data/summaries/K050025.pdf
K050028,200,data/summaries/K050028.pdf
K050041,200,data/summaries/K050041.pdf
K050048,200,data/summaries/K050048.pdf
K050058,200,data/summaries/K050058.pdf
K050060,200,data/summaries/K050060.pdf
K050078,200,data/summaries/K050078.pdf
K050079,200,data/summaries/K050079.pdf
K050082,200,data/summaries/K050082.pdf
K050085,200,data/summaries/K050085.pdf
K050101,200,data/summaries/K050101.pdf
K050105,200,data/summaries/K050105.pdf
K050110,200,data/summaries/K050110.pdf
K050117,200,data/summaries/K050117.pdf
K050118,200,data/summaries/K050118.pdf
K050121,200,data/summaries/K050121.pdf
K050189,200,data/summaries/K050189.pdf
K050210,200,data/summaries/K050210.pdf
K050222,200,data/summaries/K050222.pdf
K050226,200,data/summaries/K050226.pdf
K050227,200,data/summaries/K050227.pdf
K050241,200,data/summaries/K050241.pdf
K050259,200,data/summaries/K050259.pdf
K050262,200,data/summaries/K050262.pdf
K050269,200,data/summaries/K050269.pdf
K050275,200,data/summaries/K050275.pdf
K050282,404,
K050315,200,data/summaries/K050315.pdf
K050316,200,data/summaries/K050316.pdf
K050327,200,data/summaries/K050327.pdf
K050346,200,data/summaries/K050346.pdf
K050348,200,data/summaries/K050348.pdf
K050357,200,data/summaries/K050357.pdf
K050358,200,data/summaries/K050358.pdf
K050373,200,data/summaries/K050373.pdf
K050388,200,data/summaries/K050388.pdf
K050390,200,data/summaries/K050390.pdf
K050391,200,data/summaries/K050391.pdf
K050398,200,data/summaries/K050398.pdf
K050407,200,data/summaries/K050407.pdf
K050416,200,data/summaries/K050416.pdf
K050439,404,
K050441,200,data/summaries/K050441.pdf
K050449,200,data/summaries/K050449.pdf
K050451,200,data/summaries/K050451.pdf
K050457,200,data/summaries/K050457.pdf
K050461,200,data/summaries/K050461.pdf
K050462,200,data/summaries/K050462.pdf
K050468,200,data/summaries/K050468.pdf
K050471,200,data/summaries/K050471.pdf
K050473,200,data/summaries/K050473.pdf
K050484,200,data/summaries/K050484.pdf
K050490,200,data/summaries/K050490.pdf
K050492,200,data/summaries/K050492.pdf
K050497,200,data/summaries/K050497.pdf
K050512,200,data/summaries/K050512.pdf
K050539,200,data/summaries/K050539.pdf
K050553,200,data/summaries/K050553.pdf
K050556,200,data/summaries/K050556.pdf
K050588,200,data/summaries/K050588.pdf
K050607,200,data/summaries/K050607.pdf
K050624,200,data/summaries/K050624.pdf
K050631,200,data/summaries/K050631.pdf
K050634,200,data/summaries/K050634.pdf
K050636,200,data/summaries/K050636.pdf
K050642,200,data/summaries/K050642.pdf
K050646,200,data/summaries/K050646.pdf
K050655,200,data/summaries/K050655.pdf
K050657,200,data/summaries/K050657.pdf
K050666,200,data/summaries/K050666.pdf
K050675,200,data/summaries/K050675.pdf
K050681,200,data/summaries/K050681.pdf
K050683,200,data/summaries/K050683.pdf
K050690,200,data/summaries/K050690.pdf
K050723,200,data/summaries/K050723.pdf
K050749,200,data/summaries/K050749.pdf
K050754,200,data/summaries/K050754.pdf
K050761,200,data/summaries/K050761.pdf
K050764,200,data/summaries/K050764.pdf
K050767,200,data/summaries/K050767.pdf
K050774,200,data/summaries/K050774.pdf
K050789,200,data/summaries/K050789.pdf
K050804,200,data/summaries/K050804.pdf
K050806,200,data/summaries/K050806.pdf
K050809,200,data/summaries/K050809.pdf
K050813,200,data/summaries/K050813.pdf
K050819,200,data/summaries/K050819.pdf
K050830,200,data/summaries/K050830.pdf
K050848,200,data/summaries/K050848.pdf
K050849,200,data/summaries/K050849.pdf
K050850,200,data/summaries/K050850.pdf
K050852,200,data/summaries/K050852.pdf
K050854,200,data/summaries/K050854.pdf
K050855,200,data/summaries/K050855.pdf
K050861,200,data/summaries/K050861.pdf
K050864,200,data/summaries/K050864.pdf
K050868,200,data/summaries/K050868.pdf
K050882,200,data/summaries/K050882.pdf
K050892,200,data/summaries/K050892.pdf
K050924,200,data/summaries/K050924.pdf
K050932,200,data/summaries/K050932.pdf
K050937,200,data/summaries/K050937.pdf
K050938,200,data/summaries/K050938.pdf
K050965,200,data/summaries/K050965.pdf
K050979,200,data/summaries/K050979.pdf
K050981,200,data/summaries/K050981.pdf
K050997,200,data/summaries/K050997.pdf
K051000,200,data/summaries/K051000.pdf
K051017,200,data/summaries/K051017.pdf
K051023,200,data/summaries/K051023.pdf
K051024,200,data/summaries/K051024.pdf
K051027,200,data/summaries/K051027.pdf
K051032,200,data/summaries/K051032.pdf
K051039,200,data/summaries/K051039.pdf
K051044,200,data/summaries/K051044.pdf
K051047,200,data/summaries/K051047.pdf
K051049,200,data/summaries/K051049.pdf
K051063,200,data/summaries/K051063.pdf
K051069,200,data/summaries/K051069.pdf
K051075,200,data/summaries/K051075.pdf
K051083,200,data/summaries/K051083.pdf
K051086,200,data/summaries/K051086.pdf
K051089,200,data/summaries/K051089.pdf
K051098,200,data/summaries/K051098.pdf
K051105,200,data/summaries/K051105.pdf
K051123,200,data/summaries/K051123.pdf
K051146,200,data/summaries/K051146.pdf
K051155,200,data/summaries/K051155.pdf
K051162,200,data/summaries/K051162.pdf
K051165,200,data/summaries/K051165.pdf
K051180,200,data/summaries/K051180.pdf
K051181,200,data/summaries/K051181.pdf
K051195,200,data/summaries/K051195.pdf
K051196,200,data/summaries/K051196.pdf
K051205,200,data/summaries/K051205.pdf
K051216,200,data/summaries/K051216.pdf
K051219,200,data/summaries/K051219.pdf
K051223,200,data/summaries/K051223.pdf
K051229,200,data/summaries/K051229.pdf
K051246,200,data/summaries/K051246.pdf
K051250,200,data/summaries/K051250.pdf
K051275,200,data/summaries/K051275.pdf
K051286,200,data/summaries/K051286.pdf
K051296,200,data/summaries/K051296.pdf
K051306,200,data/summaries/K051306.pdf
K051309,200,data/summaries/K051309.pdf
K051310,200,data/summaries/K051310.pdf
K051323,200,data/summaries/K051323.pdf
K051335,200,data/summaries/K051335.pdf
K051362,200,data/summaries/K051362.pdf
K051363,200,data/summaries/K051363.pdf
K051380,200,data/summaries/K051380.pdf
K051385,200,data/summaries/K051385.pdf
K051386,200,data/summaries/K051386.pdf
K051406,200,data/summaries/K051406.pdf
K051408,200,data/summaries/K051408.pdf
K051410,200,data/summaries/K051410.pdf
K051411,200,data/summaries/K051411.pdf
K051412,200,data/summaries/K051412.pdf
K051454,200,data/summaries/K051454.pdf
K051479,200,data/summaries/K051479.pdf
K051491,200,data/summaries/K051491.pdf
K051496,200,data/summaries/K051496.pdf
K051510,404,
K051516,200,data/summaries/K051516.pdf
K051525,200,data/summaries/K051525.pdf
K051531,200,data/summaries/K051531.pdf
K051532,200,data/summaries/K051532.pdf
K051554,200,data/summaries/K051554.pdf
K051556,200,data/summaries/K051556.pdf
K051557,200,data/summaries/K051557.pdf
K051567,200,data/summaries/K051567.pdf
K051569,200,data/summaries/K051569.pdf
K051570,200,data/summaries/K051570.pdf
K051588,200,data/summaries/K051588.pdf
K051590,200,data/summaries/K051590.pdf
K051600,200,data/summaries/K051600.pdf
K051603,200,data/summaries/K051603.pdf
K051605,200,data/summaries/K051605.pdf
K051611,200,data/summaries/K051611.pdf
K051615,200,data/summaries/K051615.pdf
K051616,200,data/summaries/K051616.pdf
K051617,200,data/summaries/K051617.pdf
K051623,200,data/summaries/K051623.pdf
K051624,200,data/summaries/K051624.pdf
K051640,200,data/summaries/K051640.pdf
K051642,200,data/summaries/K051642.pdf
K051659,200,data/summaries/K051659.pdf
K051663,200,data/summaries/K051663.pdf
K051665,200,data/summaries/K051665.pdf
K051674,200,data/summaries/K051674.pdf
K051678,200,data/summaries/K051678.pdf
K051682,200,data/summaries/K051682.pdf
K051697,200,data/summaries/K051697.pdf
K051698,200,data/summaries/K051698.pdf
K051704,200,data/summaries/K051704.pdf
K051716,200,data/summaries/K051716.pdf
K051721,404,
K051722,200,data/summaries/K051722.pdf
K051726,200,data/summaries/K051726.pdf
K051728,200,data/summaries/K051728.pdf
K051735,200,data/summaries/K051735.pdf
K051737,200,data/summaries/K051737.pdf
K051738,200,data/summaries/K051738.pdf
K051740,200,data/summaries/K051740.pdf
K051741,200,data/summaries/K051741.pdf
K051747,200,data/summaries/K051747.pdf
K051756,200,data/summaries/K051756.pdf
K051764,200,data/summaries/K051764.pdf
K051774,200,data/summaries/K051774.pdf
K051775,200,data/summaries/K051775.pdf
K051781,200,data/summaries/K051781.pdf
K051815,200,data/summaries/K051815.pdf
K051821,200,data/summaries/K051821.pdf
K051826,200,data/summaries/K051826.pdf
K051843,200,data/summaries/K051843.pdf
K051844,200,data/summaries/K051844.pdf
K051858,200,data/summaries/K051858.pdf
K051884,200,data/summaries/K051884.pdf
K051908,200,data/summaries/K051908.pdf
K051914,200,data/summaries/K051914.pdf
K051942,200,data/summaries/K051942.pdf
K051945,200,data/summaries/K051945.pdf
K051948,200,data/summaries/K051948.pdf
K051951,200,data/summaries/K051951.pdf
K051957,200,data/summaries/K051957.pdf
K051959,200,data/summaries/K051959.pdf
K051965,200,data/summaries/K051965.pdf
K051971,200,data/summaries/K051971.pdf
K051973,200,data/summaries/K051973.pdf
K051975,200,data/summaries/K051975.pdf
K051977,200,data/summaries/K051977.pdf
K051978,200,data/summaries/K051978.pdf
K051983,200,data/summaries/K051983.pdf
K051986,200,data/summaries/K051986.pdf
K051989,200,data/summaries/K051989.pdf
K052005,200,data/summaries/K052005.pdf
K052011,200,data/summaries/K052011.pdf
K052026,200,data/summaries/K052026.pdf
K052037,200,data/summaries/K052037.pdf
K052041,200,data/summaries/K052041.pdf
K052054,200,data/summaries/K052054.pdf
K052062,200,data/summaries/K052062.pdf
K052064,200,data/summaries/K052064.pdf
K052065,200,data/summaries/K052065.pdf
K052069,200,data/summaries/K052069.pdf
K052072,200,data/summaries/K052072.pdf
K052079,200,data/summaries/K052079.pdf
K052080,200,data/summaries/K052080.pdf
K052086,200,data/summaries/K052086.pdf
K052089,200,data/summaries/K052089.pdf
K052096,200,data/summaries/K052096.pdf
K052098,200,data/summaries/K052098.pdf
K052123,200,data/summaries/K052123.pdf
K052131,200,data/summaries/K052131.pdf
K052137,200,data/summaries/K052137.pdf
K052144,200,data/summaries/K052144.pdf
K052150,200,data/summaries/K052150.pdf
K052151,200,data/summaries/K052151.pdf
K052152,200,data/summaries/K052152.pdf
K052170,200,data/summaries/K052170.pdf
K052180,200,data/summaries/K052180.pdf
K052181,200,data/summaries/K052181.pdf
K052187,200,data/summaries/K052187.pdf
K052196,200,data/summaries/K052196.pdf
K052201,200,data/summaries/K052201.pdf
K052210,200,data/summaries/K052210.pdf
K052237,200,data/summaries/K052237.pdf
K052239,200,data/summaries/K052239.pdf
K052247,200,data/summaries/K052247.pdf
K052248,200,data/summaries/K052248.pdf
K052255,200,data/summaries/K052255.pdf
K052261,200,data/summaries/K052261.pdf
K052265,200,data/summaries/K052265.pdf
K052275,200,data/summaries/K052275.pdf
K052292,200,data/summaries/K052292.pdf
K052294,200,data/summaries/K052294.pdf
K052317,200,data/summaries/K052317.pdf
K052321,200,data/summaries/K052321.pdf
K052368,200,data/summaries/K052368.pdf
K052376,200,data/summaries/K052376.pdf
K052384,200,data/summaries/K052384.pdf
K052385,200,data/summaries/K052385.pdf
K052390,200,data/summaries/K052390.pdf
K052398,200,data/summaries/K052398.pdf
K052402,200,data/summaries/K052402.pdf
K052404,200,data/summaries/K052404.pdf
K052405,200,data/summaries/K052405.pdf
K052406,200,data/summaries/K052406.pdf
K052426,200,data/summaries/K052426.pdf
K052472,200,data/summaries/K052472.pdf
K052483,200,data/summaries/K052483.pdf
K052491,200,data/summaries/K052491.pdf
K052494,200,data/summaries/K052494.pdf
K052498,200,data/summaries/K052498.pdf
K052533,200,data/summaries/K052533.pdf
K052538,200,data/summaries/K052538.pdf
K052542,200,data/summaries/K052542.pdf
K052546,200,data/summaries/K052546.pdf
K052552,200,data/summaries/K052552.pdf
K052566,200,data/summaries/K052566.pdf
K052572,200,data/summaries/K052572.pdf
K052576,200,data/summaries/K052576.pdf
K052596,200,data/summaries/K052596.pdf
K052605,200,data/summaries/K052605.pdf
K052607,404,
K052609,200,data/summaries/K052609.pdf
K052614,200,data/summaries/K052614.pdf
K052624,200,data/summaries/K052624.pdf
K052630,200,data/summaries/K052630.pdf
K052631,200,data/summaries/K052631.pdf
K052639,200,data/summaries/K052639.pdf
K052641,200,data/summaries/K052641.pdf
K052670,200,data/summaries/K052670.pdf
K052677,200,data/summaries/K052677.pdf
K052683,200,data/summaries/K052683.pdf
K052685,200,data/summaries/K052685.pdf
K052687,200,data/summaries/K052687.pdf
K052718,200,data/summaries/K052718.pdf
K052734,200,data/summaries/K052734.pdf
K052735,200,data/summaries/K052735.pdf
K052736,200,data/summaries/K052736.pdf
K052746,200,data/summaries/K052746.pdf
K052747,200,data/summaries/K052747.pdf
K052748,200,data/summaries/K052748.pdf
K052754,200,data/summaries/K052754.pdf
K052761,200,data/summaries/K052761.pdf
K052763,200,data/summaries/K052763.pdf
K052776,200,data/summaries/K052776.pdf
K052787,200,data/summaries/K052787.pdf
K052792,200,data/summaries/K052792.pdf
K052799,200,data/summaries/K052799.pdf
K052810,200,data/summaries/K052810.pdf
K052812,200,data/summaries/K052812.pdf
K052847,200,data/summaries/K052847.pdf
K052879,200,data/summaries/K052879.pdf
K052901,200,data/summaries/K052901.pdf
K052906,200,data/summaries/K052906.pdf
K052913,200,data/summaries/K052913.pdf
K052917,200,data/summaries/K052917.pdf
K052918,200,data/summaries/K052918.pdf
K052931,200,data/summaries/K052931.pdf
K052950,200,data/summaries/K052950.pdf
K052971,200,data/summaries/K052971.pdf
K052990,200,data/summaries/K052990.pdf
K052996,200,data/summaries/K052996.pdf
K053002,200,data/summaries/K053002.pdf
K053003,200,data/summaries/K053003.pdf
K053038,200,data/summaries/K053038.pdf
K053051,200,data/summaries/K053051.pdf
K053053,200,data/summaries/K053053.pdf
K053070,200,data/summaries/K053070.pdf
K053080,200,data/summaries/K053080.pdf
K053093,200,data/summaries/K053093.pdf
K053094,200,data/summaries/K053094.pdf
K053098,200,data/summaries/K053098.pdf
K053101,200,data/summaries/K053101.pdf
K053105,200,data/summaries/K053105.pdf
K053115,200,data/summaries/K053115.pdf
K053119,200,data/summaries/K053119.pdf
K053136,200,data/summaries/K053136.pdf
K053180,200,data/summaries/K053180.pdf
K053182,200,data/summaries/K053182.pdf
K053189,200,data/summaries/K053189.pdf
K053198,200,data/summaries/K053198.pdf
K053213,200,data/summaries/K053213.pdf
K053218,200,data/summaries/K053218.pdf
K053228,200,data/summaries/K053228.pdf
K053246,200,data/summaries/K053246.pdf
K053261,200,data/summaries/K053261.pdf
K053274,200,data/summaries/K053274.pdf
K053276,200,data/summaries/K053276.pdf
K053292,200,data/summaries/K053292.pdf
K053299,200,data/summaries/K053299.pdf
K053319,200,data/summaries/K053319.pdf
K053336,200,data/summaries/K053336.pdf
K053338,200,data/summaries/K053338.pdf
K053340,200,data/summaries/K053340.pdf
K053344,200,data/summaries/K053344.pdf
K053349,200,data/summaries/K053349.pdf
K053390,200,data/summaries/K053390.pdf
K053394,200,data/summaries/K053394.pdf
K053408,200,data/summaries/K053408.pdf
K053417,200,data/summaries/K053417.pdf
K053418,200,data/summaries/K053418.pdf
K053445,200,data/summaries/K053445.pdf
K053461,200,data/summaries/K053461.pdf
K053472,200,data/summaries/K053472.pdf
K053474,200,data/summaries/K053474.pdf
K053483,200,data/summaries/K053483.pdf
K053488,200,data/summaries/K053488.pdf
K053492,200,data/summaries/K053492.pdf
K053505,200,data/summaries/K053505.pdf
K053508,200,data/summaries/K053508.pdf
K053513,200,data/summaries/K053513.pdf
K053514,200,data/summaries/K053514.pdf
K053528,200,data/summaries/K053528.pdf
K053543,200,data/summaries/K053543.pdf
K053557,200,data/summaries/K053557.pdf
K053561,200,data/summaries/K053561.pdf
K053569,200,data/summaries/K053569.pdf
K053573,200,data/summaries/K053573.pdf
K053579,200,data/summaries/K053579.pdf
K053581,200,data/summaries/K053581.pdf
K053623,200,data/summaries/K053623.pdf
K053624,200,data/summaries/K053624.pdf
K053642,200,data/summaries/K053642.pdf
K060009,200,data/summaries/K060009.pdf
K060011,200,data/summaries/K060011.pdf
K060014,200,data/summaries/K060014.pdf
K060017,200,data/summaries/K060017.pdf
K060025,200,data/summaries/K060025.pdf
K060026,200,data/summaries/K060026.pdf
K060031,200,data/summaries/K060031.pdf
K060038,200,data/summaries/K060038.pdf
K060040,200,data/summaries/K060040.pdf
K060041,200,data/summaries/K060041.pdf
K060061,200,data/summaries/K060061.pdf
K060071,200,data/summaries/K060071.pdf
K060072,200,data/summaries/K060072.pdf
K060081,200,data/summaries/K060081.pdf
K060107,200,data/summaries/K060107.pdf
K060118,200,data/summaries/K060118.pdf
K060127,200,data/summaries/K060127.pdf
K060131,200,data/summaries/K060131.pdf
K060148,200,data/summaries/K060148.pdf
K060152,200,data/summaries/K060152.pdf
K060156,200,data/summaries/K060156.pdf
K060161,200,data/summaries/K060161.pdf
K060180,200,data/summaries/K060180.pdf
K060192,200,data/summaries/K060192.pdf
K060203,200,data/summaries/K060203.pdf
K060209,200,data/summaries/K060209.pdf
K060225,200,data/summaries/K060225.pdf
K060248,200,data/summaries/K060248.pdf
K060249,200,data/summaries/K060249.pdf
K060253,200,data/summaries/K060253.pdf
K060271,200,data/summaries/K060271.pdf
K060283,200,data/summaries/K060283.pdf
K060290,200,data/summaries/K060290.pdf
K060294,200,data/summaries/K060294.pdf
K060300,200,data/summaries/K060300.pdf
K060303,200,data/summaries/K060303.pdf
K060350,200,data/summaries/K060350.pdf
K060360,200,data/summaries/K060360.pdf
K060361,200,data/summaries/K060361.pdf
K060370,200,data/summaries/K060370.pdf
K060379,200,data/summaries/K060379.pdf
K060386,200,data/summaries/K060386.pdf
K060393,200,data/summaries/K060393.pdf
K060403,200,data/summaries/K060403.pdf
K060406,200,data/summaries/K060406.pdf
K060408,200,data/summaries/K060408.pdf
K060412,200,data/summaries/K060412.pdf
K060416,200,data/summaries/K060416.pdf
K060425,200,data/summaries/K060425.pdf
K060428,200,data/summaries/K060428.pdf
K060432,200,data/summaries/K060432.pdf
K060437,200,data/summaries/K060437.pdf
K060438,200,data/summaries/K060438.pdf
K060442,200,data/summaries/K060442.pdf
K060473,200,data/summaries/K060473.pdf
K060474,200,data/summaries/K060474.pdf
K060476,200,data/summaries/K060476.pdf
K060478,200,data/summaries/K060478.pdf
K060491,200,data/summaries/K060491.pdf
K060506,200,data/summaries/K060506.pdf
K060513,200,data/summaries/K060513.pdf
K060514,200,data/summaries/K060514.pdf
K060515,200,data/summaries/K060515.pdf
K060522,200,data/summaries/K060522.pdf
K060525,200,data/summaries/K060525.pdf
K060535,200,data/summaries/K060535.pdf
K060536,200,data/summaries/K060536.pdf
K060544,200,data/summaries/K060544.pdf
K060545,200,data/summaries/K060545.pdf
K060553,200,data/summaries/K060553.pdf
K060560,200,data/summaries/K060560.pdf
K060581,200,data/summaries/K060581.pdf
K060613,200,data/summaries/K060613.pdf
K060615,200,data/summaries/K060615.pdf
K060630,200,data/summaries/K060630.pdf
K060634,200,data/summaries/K060634.pdf
K060635,200,data/summaries/K060635.pdf
K060638,200,data/summaries/K060638.pdf
K060654,200,data/summaries/K060654.pdf
K060664,200,data/summaries/K060664.pdf
K060665,200,data/summaries/K060665.pdf
K060670,200,data/summaries/K060670.pdf
K060683,200,data/summaries/K060683.pdf
K060692,200,data/summaries/K060692.pdf
K060693,404,
K060694,200,data/summaries/K060694.pdf
K060696,200,data/summaries/K060696.pdf
K060702,200,data/summaries/K060702.pdf
K060704,200,data/summaries/K060704.pdf
K060707,200,data/summaries/K060707.pdf
K060710,200,data/summaries/K060710.pdf
K060714,200,data/summaries/K060714.pdf
K060716,200,data/summaries/K060716.pdf
K060719,200,data/summaries/K060719.pdf
K060722,200,data/summaries/K060722.pdf
K060728,200,data/summaries/K060728.pdf
K060731,200,data/summaries/K060731.pdf
K060736,200,data/summaries/K060736.pdf
K060742,200,data/summaries/K060742.pdf
K060746,200,data/summaries/K060746.pdf
K060748,200,data/summaries/K060748.pdf
K060762,200,data/summaries/K060762.pdf
K060794,200,data/summaries/K060794.pdf
K060798,200,data/summaries/K060798.pdf
K060809,200,data/summaries/K060809.pdf
K060830,200,data/summaries/K060830.pdf
K060864,200,data/summaries/K060864.pdf
K060874,200,data/summaries/K060874.pdf
K060914,200,data/summaries/K060914.pdf
K060916,200,data/summaries/K060916.pdf
K060917,200,data/summaries/K060917.pdf
K060918,200,data/summaries/K060918.pdf
K060921,200,data/summaries/K060921.pdf
K060969,200,data/summaries/K060969.pdf
K060970,200,data/summaries/K060970.pdf
K060979,200,data/summaries/K060979.pdf
K060988,200,data/summaries/K060988.pdf
K060990,200,data/summaries/K060990.pdf
K061002,200,data/summaries/K061002.pdf
K061011,200,data/summaries/K061011.pdf
K061012,200,data/summaries/K061012.pdf
K061016,200,data/summaries/K061016.pdf
K061017,200,data/summaries/K061017.pdf
K061019,200,data/summaries/K061019.pdf
K061022,200,data/summaries/K061022.pdf
K061066,200,data/summaries/K061066.pdf
K061067,200,data/summaries/K061067.pdf
K061082,200,data/summaries/K061082.pdf
K061098,200,data/summaries/K061098.pdf
K061124,200,data/summaries/K061124.pdf
K061131,200,data/summaries/K061131.pdf
K061144,200,data/summaries/K061144.pdf
K061146,200,data/summaries/K061146.pdf
K061147,200,data/summaries/K061147.pdf
K061151,200,data/summaries/K061151.pdf
K061154,200,data/summaries/K061154.pdf
K061155,200,data/summaries/K061155.pdf
K061162,200,data/summaries/K061162.pdf
K061164,200,data/summaries/K061164.pdf
K061168,200,data/summaries/K061168.pdf
K061202,200,data/summaries/K061202.pdf
K061206,200,data/summaries/K061206.pdf
K061211,200,data/summaries/K061211.pdf
K061223,200,data/summaries/K061223.pdf
K061226,200,data/summaries/K061226.pdf
K061229,200,data/summaries/K061229.pdf
K061243,200,data/summaries/K061243.pdf
K061253,200,data/summaries/K061253.pdf
K061262,200,data/summaries/K061262.pdf
K061274,200,data/summaries/K061274.pdf
K061294,200,data/summaries/K061294.pdf
K061304,200,data/summaries/K061304.pdf
K061311,200,data/summaries/K061311.pdf
K061312,200,data/summaries/K061312.pdf
K061321,200,data/summaries/K061321.pdf
K061340,200,data/summaries/K061340.pdf
K061342,200,data/summaries/K061342.pdf
K061344,200,data/summaries/K061344.pdf
K061349,200,data/summaries/K061349.pdf
K061352,200,data/summaries/K061352.pdf
K061353,200,data/summaries/K061353.pdf
K061364,200,data/summaries/K061364.pdf
K061380,200,data/summaries/K061380.pdf
K061384,200,data/summaries/K061384.pdf
K061385,200,data/summaries/K061385.pdf
K061389,200,data/summaries/K061389.pdf
K061400,200,data/summaries/K061400.pdf
K061401,200,data/summaries/K061401.pdf
K061433,200,data/summaries/K061433.pdf
K061434,200,data/summaries/K061434.pdf
K061439,200,data/summaries/K061439.pdf
K061441,200,data/summaries/K061441.pdf
K061451,200,data/summaries/K061451.pdf
K061454,200,data/summaries/K061454.pdf
K061461,200,data/summaries/K061461.pdf
K061462,200,data/summaries/K061462.pdf
K061482,200,data/summaries/K061482.pdf
K061493,200,data/summaries/K061493.pdf
K061498,200,data/summaries/K061498.pdf
K061499,200,data/summaries/K061499.pdf
K061520,200,data/summaries/K061520.pdf
K061521,200,data/summaries/K061521.pdf
K061531,200,data/summaries/K061531.pdf
K061547,200,data/summaries/K061547.pdf
K061563,200,data/summaries/K061563.pdf
K061564,200,data/summaries/K061564.pdf
K061569,200,data/summaries/K061569.pdf
K061576,200,data/summaries/K061576.pdf
K061578,200,data/summaries/K061578.pdf
K061579,404,
K061591,200,data/summaries/K061591.pdf
K061592,200,data/summaries/K061592.pdf
K061594,200,data/summaries/K061594.pdf
K061599,200,data/summaries/K061599.pdf
K061600,200,data/summaries/K061600.pdf
K061607,200,data/summaries/K061607.pdf
K061620,200,data/summaries/K061620.pdf
K061621,200,data/summaries/K061621.pdf
K061648,200,data/summaries/K061648.pdf
K061654,200,data/summaries/K061654.pdf
K061657,200,data/summaries/K061657.pdf
K061665,200,data/summaries/K061665.pdf
K061668,200,data/summaries/K061668.pdf
K061677,200,data/summaries/K061677.pdf
K061681,200,data/summaries/K061681.pdf
K061699,200,data/summaries/K061699.pdf
K061748,200,data/summaries/K061748.pdf
K061749,200,data/summaries/K061749.pdf
K061752,200,data/summaries/K061752.pdf
K061753,200,data/summaries/K061753.pdf
K061759,200,data/summaries/K061759.pdf
K061763,200,data/summaries/K061763.pdf
K061765,200,data/summaries/K061765.pdf
K061774,200,data/summaries/K061774.pdf
K061776,200,data/summaries/K061776.pdf
K061778,200,data/summaries/K061778.pdf
K061779,200,data/summaries/K061779.pdf
K061783,200,data/summaries/K061783.pdf
K061786,200,data/summaries/K061786.pdf
K061789,200,data/summaries/K061789.pdf
K061801,200,data/summaries/K061801.pdf
K061808,200,data/summaries/K061808.pdf
K061813,200,data/summaries/K061813.pdf
K061833,200,data/summaries/K061833.pdf
K061836,200,data/summaries/K061836.pdf
K061854,200,data/summaries/K061854.pdf
K061862,200,data/summaries/K061862.pdf
K061863,200,data/summaries/K061863.pdf
K061880,200,data/summaries/K061880.pdf
K061882,200,data/summaries/K061882.pdf
K061891,200,data/summaries/K061891.pdf
K061910,200,data/summaries/K061910.pdf
K061915,200,data/summaries/K061915.pdf
K061917,200,data/summaries/K061917.pdf
K061925,200,data/summaries/K061925.pdf
K061938,200,data/summaries/K061938.pdf
K061939,200,data/summaries/K061939.pdf
K061940,200,data/summaries/K061940.pdf
K061943,200,data/summaries/K061943.pdf
K061949,200,data/summaries/K061949.pdf
K061954,200,data/summaries/K061954.pdf
K061955,200,data/summaries/K061955.pdf
K061956,200,data/summaries/K061956.pdf
K061973,200,data/summaries/K061973.pdf
K061978,200,data/summaries/K061978.pdf
K061982,200,data/summaries/K061982.pdf
K062004,200,data/summaries/K062004.pdf
K062012,200,data/summaries/K062012.pdf
K062029,200,data/summaries/K062029.pdf
K062037,200,data/summaries/K062037.pdf
K062040,200,data/summaries/K062040.pdf
K062066,200,data/summaries/K062066.pdf
K062073,200,data/summaries/K062073.pdf
K062083,200,data/summaries/K062083.pdf
K062085,200,data/summaries/K062085.pdf
K062103,200,data/summaries/K062103.pdf
K062110,200,data/summaries/K062110.pdf
K062113,200,data/summaries/K062113.pdf
K062116,200,data/summaries/K062116.pdf
K062132,200,data/summaries/K062132.pdf
K062133,200,data/summaries/K062133.pdf
K062136,200,data/summaries/K062136.pdf
K062148,200,data/summaries/K062148.pdf
K062151,200,data/summaries/K062151.pdf
K062170,200,data/summaries/K062170.pdf
K062174,200,data/summaries/K062174.pdf
K062181,200,data/summaries/K062181.pdf
K062196,200,data/summaries/K062196.pdf
K062200,200,data/summaries/K062200.pdf
K062205,200,data/summaries/K062205.pdf
K062216,200,data/summaries/K062216.pdf
K062250,200,data/summaries/K062250.pdf
K062254,200,data/summaries/K062254.pdf
K062270,200,data/summaries/K062270.pdf
K062273,200,data/summaries/K062273.pdf
K062274,200,data/summaries/K062274.pdf
K062301,200,data/summaries/K062301.pdf
K062310,200,data/summaries/K062310.pdf
K062317,200,data/summaries/K062317.pdf
K062327,200,data/summaries/K062327.pdf
K062348,200,data/summaries/K062348.pdf
K062352,200,data/summaries/K062352.pdf
K062353,200,data/summaries/K062353.pdf
K062371,200,data/summaries/K062371.pdf
K062383,200,data/summaries/K062383.pdf
K062407,200,data/summaries/K062407.pdf
K062408,200,data/summaries/K062408.pdf
K062419,200,data/summaries/K062419.pdf
K062424,200,data/summaries/K062424.pdf
K062427,200,data/summaries/K062427.pdf
K062447,200,data/summaries/K062447.pdf
K062452,200,data/summaries/K062452.pdf
K062459,200,data/summaries/K062459.pdf
K062466,200,data/summaries/K062466.pdf
K062487,200,data/summaries/K062487.pdf
K062489,200,data/summaries/K062489.pdf
K062494,200,data/summaries/K062494.pdf
K062495,200,data/summaries/K062495.pdf
K062496,200,data/summaries/K062496.pdf
K062498,200,data/summaries/K062498.pdf
K062505,200,data/summaries/K062505.pdf
K062513,200,data/summaries/K062513.pdf
K062553,200,data/summaries/K062553.pdf
K062564,200,data/summaries/K062564.pdf
K062590,200,data/summaries/K062590.pdf
K062606,200,data/summaries/K062606.pdf
K062607,200,data/summaries/K062607.pdf
K062617,200,data/summaries/K062617.pdf
K062630,200,data/summaries/K062630.pdf
K062643,200,data/summaries/K062643.pdf
K062654,200,data/summaries/K062654.pdf
K062661,200,data/summaries/K062661.pdf
K062670,200,data/summaries/K062670.pdf
K062679,200,data/summaries/K062679.pdf
K062684,200,data/summaries/K062684.pdf
K062685,200,data/summaries/K062685.pdf
K062686,200,data/summaries/K062686.pdf
K062691,200,data/summaries/K062691.pdf
K062693,200,data/summaries/K062693.pdf
K062698,200,data/summaries/K062698.pdf
K062734,404,
K062739,200,data/summaries/K062739.pdf
K062747,200,data/summaries/K062747.pdf
K062748,200,data/summaries/K062748.pdf
K062759,200,data/summaries/K062759.pdf
K062768,200,data/summaries/K062768.pdf
K062775,200,data/summaries/K062775.pdf
K062782,200,data/summaries/K062782.pdf
K062785,200,data/summaries/K062785.pdf
K062807,200,data/summaries/K062807.pdf
K062810,200,data/summaries/K062810.pdf
K062820,200,data/summaries/K062820.pdf
K062831,200,data/summaries/K062831.pdf
K062836,200,data/summaries/K062836.pdf
K062845,200,data/summaries/K062845.pdf
K062853,200,data/summaries/K062853.pdf
K062861,200,data/summaries/K062861.pdf
K062863,200,data/summaries/K062863.pdf
K062872,200,data/summaries/K062872.pdf
K062879,200,data/summaries/K062879.pdf
K062898,200,data/summaries/K062898.pdf
K062903,200,data/summaries/K062903.pdf
K062908,200,data/summaries/K062908.pdf
K062912,200,data/summaries/K062912.pdf
K062920,200,data/summaries/K062920.pdf
K062933,200,data/summaries/K062933.pdf
K062934,200,data/summaries/K062934.pdf
K062960,200,data/summaries/K062960.pdf
K062978,200,data/summaries/K062978.pdf
K062980,200,data/summaries/K062980.pdf
K062997,200,data/summaries/K062997.pdf
K063009,200,data/summaries/K063009.pdf
K063017,200,data/summaries/K063017.pdf
K063020,200,data/summaries/K063020.pdf
K063033,200,data/summaries/K063033.pdf
K063049,200,data/summaries/K063049.pdf
K063050,200,data/summaries/K063050.pdf
K063058,200,data/summaries/K063058.pdf
K063067,200,data/summaries/K063067.pdf
K063070,200,data/summaries/K063070.pdf
K063081,200,data/summaries/K063081.pdf
K063083,200,data/summaries/K063083.pdf
K063095,200,data/summaries/K063095.pdf
K063100,200,data/summaries/K063100.pdf
K063124,200,data/summaries/K063124.pdf
K063128,200,data/summaries/K063128.pdf
K063156,200,data/summaries/K063156.pdf
K063157,200,data/summaries/K063157.pdf
K063158,200,data/summaries/K063158.pdf
K063166,200,data/summaries/K063166.pdf
K063205,200,data/summaries/K063205.pdf
K063211,200,data/summaries/K063211.pdf
K063225,200,data/summaries/K063225.pdf
K063244,200,data/summaries/K063244.pdf
K063248,200,data/summaries/K063248.pdf
K063257,200,data/summaries/K063257.pdf
K063273,200,data/summaries/K063273.pdf
K063278,200,data/summaries/K063278.pdf
K063279,200,data/summaries/K063279.pdf
K063298,200,data/summaries/K063298.pdf
K063303,200,data/summaries/K063303.pdf
K063346,200,data/summaries/K063346.pdf
K063359,200,data/summaries/K063359.pdf
K063370,200,data/summaries/K063370.pdf
K063393,200,data/summaries/K063393.pdf
K063399,200,data/summaries/K063399.pdf
K063406,200,data/summaries/K063406.pdf
K063410,200,data/summaries/K063410.pdf
K063417,200,data/summaries/K063417.pdf
K063423,200,data/summaries/K063423.pdf
K063428,200,data/summaries/K063428.pdf
K063430,200,data/summaries/K063430.pdf
K063432,200,data/summaries/K063432.pdf
K063438,200,data/summaries/K063438.pdf
K063445,200,data/summaries/K063445.pdf
K063453,200,data/summaries/K063453.pdf
K063460,200,data/summaries/K063460.pdf
K063464,200,data/summaries/K063464.pdf
K063478,200,data/summaries/K063478.pdf
K063479,200,data/summaries/K063479.pdf
K063487,200,data/summaries/K063487.pdf
K063491,200,data/summaries/K063491.pdf
K063497,200,data/summaries/K063497.pdf
K063499,200,data/summaries/K063499.pdf
K063506,200,data/summaries/K063506.pdf
K063509,200,data/summaries/K063509.pdf
K063515,200,data/summaries/K063515.pdf
K063527,200,data/summaries/K063527.pdf
K063544,200,data/summaries/K063544.pdf
K063550,200,data/summaries/K063550.pdf
K063551,404,
K063552,200,data/summaries/K063552.pdf
K063569,200,data/summaries/K063569.pdf
K063570,200,data/summaries/K063570.pdf
K063577,200,data/summaries/K063577.pdf
K063578,200,data/summaries/K063578.pdf
K063584,200,data/summaries/K063584.pdf
K063588,200,data/summaries/K063588.pdf
K063589,200,data/summaries/K063589.pdf
K063601,200,data/summaries/K063601.pdf
K063606,200,data/summaries/K063606.pdf
K063616,200,data/summaries/K063616.pdf
K063633,200,data/summaries/K063633.pdf
K063635,200,data/summaries/K063635.pdf
K063637,200,data/summaries/K063637.pdf
K063652,200,data/summaries/K063652.pdf
K063668,200,data/summaries/K063668.pdf
K063670,200,data/summaries/K063670.pdf
K063672,200,data/summaries/K063672.pdf
K063676,200,data/summaries/K063676.pdf
K063685,404,
K063686,200,data/summaries/K063686.pdf
K063708,200,data/summaries/K063708.pdf
K063709,200,data/summaries/K063709.pdf
K063719,200,data/summaries/K063719.pdf
K063726,200,data/summaries/K063726.pdf
K063731,200,data/summaries/K063731.pdf
K063732,200,data/summaries/K063732.pdf
K063741,200,data/summaries/K063741.pdf
K063764,200,data/summaries/K063764.pdf
K063772,200,data/summaries/K063772.pdf
K063782,200,data/summaries/K063782.pdf
K063791,200,data/summaries/K063791.pdf
K063794,200,data/summaries/K063794.pdf
K063816,200,data/summaries/K063816.pdf
K063820,200,data/summaries/K063820.pdf
K063822,200,data/summaries/K063822.pdf
K063831,200,data/summaries/K063831.pdf
K063832,200,data/summaries/K063832.pdf
K063857,200,data/summaries/K063857.pdf
K063875,200,data/summaries/K063875.pdf
K070015,200,data/summaries/K070015.pdf
K070016,200,data/summaries/K070016.pdf
K070031,200,data/summaries/K070031.pdf
K070033,200,data/summaries/K070033.pdf
K070039,200,data/summaries/K070039.pdf
K070050,200,data/summaries/K070050.pdf
K070052,200,data/summaries/K070052.pdf
K070061,200,data/summaries/K070061.pdf
K070082,200,data/summaries/K070082.pdf
K070095,200,data/summaries/K070095.pdf
K070132,200,data/summaries/K070132.pdf
K070148,200,data/summaries/K070148.pdf
K070160,200,data/summaries/K070160.pdf
K070167,200,data/summaries/K070167.pdf
K070169,200,data/summaries/K070169.pdf
K070170,200,data/summaries/K070170.pdf
K070173,200,data/summaries/K070173.pdf
K070178,200,data/summaries/K070178.pdf
K070181,200,data/summaries/K070181.pdf
K070208,200,data/summaries/K070208.pdf
K070214,200,data/summaries/K070214.pdf
K070218,200,data/summaries/K070218.pdf
K070220,200,data/summaries/K070220.pdf
K070227,200,data/summaries/K070227.pdf
K070229,200,data/summaries/K070229.pdf
K070236,200,data/summaries/K070236.pdf
K070241,200,data/summaries/K070241.pdf
K070245,200,data/summaries/K070245.pdf
K070267,200,data/summaries/K070267.pdf
K070273,200,data/summaries/K070273.pdf
K070276,200,data/summaries/K070276.pdf
K070278,200,data/summaries/K070278.pdf
K070281,200,data/summaries/K070281.pdf
K070282,200,data/summaries/K070282.pdf
K070285,200,data/summaries/K070285.pdf
K070292,200,data/summaries/K070292.pdf
K070294,200,data/summaries/K070294.pdf
K070295,200,data/summaries/K070295.pdf
K070300,200,data/summaries/K070300.pdf
K070316,200,data/summaries/K070316.pdf
K070335,200,data/summaries/K070335.pdf
K070341,200,data/summaries/K070341.pdf
K070347,200,data/summaries/K070347.pdf
K070351,200,data/summaries/K070351.pdf
K070364,200,data/summaries/K070364.pdf
K070367,200,data/summaries/K070367.pdf
K070368,200,data/summaries/K070368.pdf
K070369,200,data/summaries/K070369.pdf
K070381,200,data/summaries/K070381.pdf
K070382,200,data/summaries/K070382.pdf
K070385,200,data/summaries/K070385.pdf
K070387,200,data/summaries/K070387.pdf
K070389,200,data/summaries/K070389.pdf
K070393,200,data/summaries/K070393.pdf
K070399,200,data/summaries/K070399.pdf
K070437,200,data/summaries/K070437.pdf
K070441,200,data/summaries/K070441.pdf
K070444,200,data/summaries/K070444.pdf
K070447,200,data/summaries/K070447.pdf
K070454,200,data/summaries/K070454.pdf
K070460,200,data/summaries/K070460.pdf
K070479,200,data/summaries/K070479.pdf
K070507,200,data/summaries/K070507.pdf
K070525,200,data/summaries/K070525.pdf
K070527,200,data/summaries/K070527.pdf
K070530,200,data/summaries/K070530.pdf
K070551,200,data/summaries/K070551.pdf
K070554,200,data/summaries/K070554.pdf
K070555,200,data/summaries/K070555.pdf
K070561,200,data/summaries/K070561.pdf
K070565,200,data/summaries/K070565.pdf
K070573,200,data/summaries/K070573.pdf
K070592,200,data/summaries/K070592.pdf
K070598,200,data/summaries/K070598.pdf
K070617,200,data/summaries/K070617.pdf
K070631,200,data/summaries/K070631.pdf
K070638,200,data/summaries/K070638.pdf
K070681,200,data/summaries/K070681.pdf
K070688,200,data/summaries/K070688.pdf
K070695,200,data/summaries/K070695.pdf
K070724,200,data/summaries/K070724.pdf
K070742,200,data/summaries/K070742.pdf
K070751,200,data/summaries/K070751.pdf
K070754,200,data/summaries/K070754.pdf
K070756,200,data/summaries/K070756.pdf
K070758,200,data/summaries/K070758.pdf
K070761,200,data/summaries/K070761.pdf
K070773,200,data/summaries/K070773.pdf
K070775,200,data/summaries/K070775.pdf
K070780,200,data/summaries/K070780.pdf
K070786,200,data/summaries/K070786.pdf
K070787,200,data/summaries/K070787.pdf
K070793,200,data/summaries/K070793.pdf
K070794,200,data/summaries/K070794.pdf
K070823,200,data/summaries/K070823.pdf
K070843,200,data/summaries/K070843.pdf
K070849,200,data/summaries/K070849.pdf
K070864,200,data/summaries/K070864.pdf
K070882,200,data/summaries/K070882.pdf
K070883,200,data/summaries/K070883.pdf
K070885,200,data/summaries/K070885.pdf
K070891,200,data/summaries/K070891.pdf
K070897,200,data/summaries/K070897.pdf
K070906,200,data/summaries/K070906.pdf
K070908,200,data/summaries/K070908.pdf
K070922,200,data/summaries/K070922.pdf
K070925,200,data/summaries/K070925.pdf
K070928,200,data/summaries/K070928.pdf
K070933,200,data/summaries/K070933.pdf
K070946,200,data/summaries/K070946.pdf
K070955,404,
K070962,200,data/summaries/K070962.pdf
K070963,200,data/summaries/K070963.pdf
K070966,200,data/summaries/K070966.pdf
K070973,200,data/summaries/K070973.pdf
K070978,200,data/summaries/K070978.pdf
K070981,200,data/summaries/K070981.pdf
K070994,200,data/summaries/K070994.pdf
K070995,200,data/summaries/K070995.pdf
K070998,200,data/summaries/K070998.pdf
K071004,200,data/summaries/K071004.pdf
K071031,200,data/summaries/K071031.pdf
K071032,200,data/summaries/K071032.pdf
K071033,200,data/summaries/K071033.pdf
K071035,200,data/summaries/K071035.pdf
K071046,200,data/summaries/K071046.pdf
K071053,200,data/summaries/K071053.pdf
K071059,200,data/summaries/K071059.pdf
K071064,200,data/summaries/K071064.pdf
K071071,200,data/summaries/K071071.pdf
K071074,200,data/summaries/K071074.pdf
K071082,200,data/summaries/K071082.pdf
K071090,200,data/summaries/K071090.pdf
K071091,200,data/summaries/K071091.pdf
K071092,200,data/summaries/K071092.pdf
K071105,200,data/summaries/K071105.pdf
K071107,200,data/summaries/K071107.pdf
K071115,200,data/summaries/K071115.pdf
K071117,200,data/summaries/K071117.pdf
K071121,200,data/summaries/K071121.pdf
K071147,200,data/summaries/K071147.pdf
K071151,200,data/summaries/K071151.pdf
K071155,404,
K071157,200,data/summaries/K071157.pdf
K071160,404,
K071174,200,data/summaries/K071174.pdf
K071176,200,data/summaries/K071176.pdf
K071177,200,data/summaries/K071177.pdf
K071184,200,data/summaries/K071184.pdf
K071187,200,data/summaries/K071187.pdf
K071199,200,data/summaries/K071199.pdf
K071206,200,data/summaries/K071206.pdf
K071220,200,data/summaries/K071220.pdf
K071237,200,data/summaries/K071237.pdf
K071243,200,data/summaries/K071243.pdf
K071257,200,data/summaries/K071257.pdf
K071261,200,data/summaries/K071261.pdf
K071264,200,data/summaries/K071264.pdf
K071271,200,data/summaries/K071271.pdf
K071274,200,data/summaries/K071274.pdf
K071325,200,data/summaries/K071325.pdf
K071329,200,data/summaries/K071329.pdf
K071372,200,data/summaries/K071372.pdf
K071373,200,data/summaries/K071373.pdf
K071374,200,data/summaries/K071374.pdf
K071375,200,data/summaries/K071375.pdf
K071376,200,data/summaries/K071376.pdf
K071377,200,data/summaries/K071377.pdf
K071379,200,data/summaries/K071379.pdf
K071380,200,data/summaries/K071380.pdf
K071394,200,data/summaries/K071394.pdf
K071395,200,data/summaries/K071395.pdf
K071413,200,data/summaries/K071413.pdf
K071416,200,data/summaries/K071416.pdf
K071417,200,data/summaries/K071417.pdf
K071428,200,data/summaries/K071428.pdf
K071435,200,data/summaries/K071435.pdf
K071437,200,data/summaries/K071437.pdf
K071438,200,data/summaries/K071438.pdf
K071456,200,data/summaries/K071456.pdf
K071464,200,data/summaries/K071464.pdf
K071471,200,data/summaries/K071471.pdf
K071476,200,data/summaries/K071476.pdf
K071477,200,data/summaries/K071477.pdf
K071479,200,data/summaries/K071479.pdf
K071481,200,data/summaries/K071481.pdf
K071495,200,data/summaries/K071495.pdf
K071497,200,data/summaries/K071497.pdf
K071498,200,data/summaries/K071498.pdf
K071499,200,data/summaries/K071499.pdf
K071520,200,data/summaries/K071520.pdf
K071535,200,data/summaries/K071535.pdf
K071540,200,data/summaries/K071540.pdf
K071541,200,data/summaries/K071541.pdf
K071549,200,data/summaries/K071549.pdf
K071563,200,data/summaries/K071563.pdf
K071569,404,
K071577,200,data/summaries/K071577.pdf
K071583,200,data/summaries/K071583.pdf
K071586,200,data/summaries/K071586.pdf
K071616,200,data/summaries/K071616.pdf
K071633,200,data/summaries/K071633.pdf
K071637,200,data/summaries/K071637.pdf
K071639,200,data/summaries/K071639.pdf
K071656,200,data/summaries/K071656.pdf
K071667,200,data/summaries/K071667.pdf
K071668,200,data/summaries/K071668.pdf
K071676,200,data/summaries/K071676.pdf
K071679,200,data/summaries/K071679.pdf
K071704,200,data/summaries/K071704.pdf
K071715,200,data/summaries/K071715.pdf
K071718,200,data/summaries/K071718.pdf
K071724,200,data/summaries/K071724.pdf
K071726,200,data/summaries/K071726.pdf
K071738,200,data/summaries/K071738.pdf
K071743,200,data/summaries/K071743.pdf
K071784,200,data/summaries/K071784.pdf
K071790,200,data/summaries/K071790.pdf
K071795,200,data/summaries/K071795.pdf
K071797,200,data/summaries/K071797.pdf
K071798,200,data/summaries/K071798.pdf
K071809,200,data/summaries/K071809.pdf
K071810,200,data/summaries/K071810.pdf
K071813,200,data/summaries/K071813.pdf
K071816,200,data/summaries/K071816.pdf
K071824,200,data/summaries/K071824.pdf
K071830,200,data/summaries/K071830.pdf
K071833,200,data/summaries/K071833.pdf
K071849,200,data/summaries/K071849.pdf
K071852,200,data/summaries/K071852.pdf
K071857,200,data/summaries/K071857.pdf
K071860,200,data/summaries/K071860.pdf
K071863,200,data/summaries/K071863.pdf
K071876,200,data/summaries/K071876.pdf
K071877,200,data/summaries/K071877.pdf
K071879,200,data/summaries/K071879.pdf
K071880,200,data/summaries/K071880.pdf
K071881,200,data/summaries/K071881.pdf
K071890,200,data/summaries/K071890.pdf
K071905,200,data/summaries/K071905.pdf
K071912,200,data/summaries/K071912.pdf
K071916,200,data/summaries/K071916.pdf
K071921,200,data/summaries/K071921.pdf
K071922,200,data/summaries/K071922.pdf
K071927,200,data/summaries/K071927.pdf
K071941,200,data/summaries/K071941.pdf
K071942,200,data/summaries/K071942.pdf
K071944,200,data/summaries/K071944.pdf
K071945,200,data/summaries/K071945.pdf
K071948,200,data/summaries/K071948.pdf
K071952,200,data/summaries/K071952.pdf
K071978,200,data/summaries/K071978.pdf
K071983,200,data/summaries/K071983.pdf
K071990,200,data/summaries/K071990.pdf
K071991,200,data/summaries/K071991.pdf
K072020,200,data/summaries/K072020.pdf
K072022,200,data/summaries/K072022.pdf
K072029,200,data/summaries/K072029.pdf
K072040,200,data/summaries/K072040.pdf
K072063,200,data/summaries/K072063.pdf
K072081,200,data/summaries/K072081.pdf
K072083,200,data/summaries/K072083.pdf
K072095,200,data/summaries/K072095.pdf
K072101,200,data/summaries/K072101.pdf
K072116,200,data/summaries/K072116.pdf
K072118,200,data/summaries/K072118.pdf
K072120,200,data/summaries/K072120.pdf
K072121,200,data/summaries/K072121.pdf
K072127,200,data/summaries/K072127.pdf
K072132,200,data/summaries/K072132.pdf
K072133,200,data/summaries/K072133.pdf
K072154,200,data/summaries/K072154.pdf
K072160,200,data/summaries/K072160.pdf
K072161,200,data/summaries/K072161.pdf
K072170,200,data/summaries/K072170.pdf
K072175,200,data/summaries/K072175.pdf
K072183,200,data/summaries/K072183.pdf
K072184,200,data/summaries/K072184.pdf
K072187,200,data/summaries/K072187.pdf
K072212,200,data/summaries/K072212.pdf
K072221,200,data/summaries/K072221.pdf
K072226,200,data/summaries/K072226.pdf
K072231,200,data/summaries/K072231.pdf
K072238,200,data/summaries/K072238.pdf
K072250,200,data/summaries/K072250.pdf
K072253,200,data/summaries/K072253.pdf
K072265,200,data/summaries/K072265.pdf
K072281,200,data/summaries/K072281.pdf
K072282,404,
K072289,200,data/summaries/K072289.pdf
K072291,200,data/summaries/K072291.pdf
K072317,200,data/summaries/K072317.pdf
K072321,200,data/summaries/K072321.pdf
K072326,200,data/summaries/K072326.pdf
K072327,200,data/summaries/K072327.pdf
K072336,200,data/summaries/K072336.pdf
K072339,200,data/summaries/K072339.pdf
K072355,200,data/summaries/K072355.pdf
K072367,200,data/summaries/K072367.pdf
K072368,200,data/summaries/K072368.pdf
K072384,200,data/summaries/K072384.pdf
K072407,200,data/summaries/K072407.pdf
K072411,200,data/summaries/K072411.pdf
K072415,200,data/summaries/K072415.pdf
K072417,200,data/summaries/K072417.pdf
K072423,200,data/summaries/K072423.pdf
K072426,200,data/summaries/K072426.pdf
K072429,200,data/summaries/K072429.pdf
K072432,200,data/summaries/K072432.pdf
K072434,200,data/summaries/K072434.pdf
K072436,200,data/summaries/K072436.pdf
K072444,200,data/summaries/K072444.pdf
K072465,200,data/summaries/K072465.pdf
K072496,200,data/summaries/K072496.pdf
K072531,200,data/summaries/K072531.pdf
K072537,200,data/summaries/K072537.pdf
K072546,200,data/summaries/K072546.pdf
K072562,200,data/summaries/K072562.pdf
K072568,200,data/summaries/K072568.pdf
K072575,200,data/summaries/K072575.pdf
K072578,200,data/summaries/K072578.pdf
K072586,200,data/summaries/K072586.pdf
K072597,200,data/summaries/K072597.pdf
K072605,200,data/summaries/K072605.pdf
K072619,200,data/summaries/K072619.pdf
K072636,200,data/summaries/K072636.pdf
K072650,200,data/summaries/K072650.pdf
K072656,200,data/summaries/K072656.pdf
K072672,200,data/summaries/K072672.pdf
K072678,200,data/summaries/K072678.pdf
K072685,200,data/summaries/K072685.pdf
K072703,200,data/summaries/K072703.pdf
K072704,200,data/summaries/K072704.pdf
K072710,200,data/summaries/K072710.pdf
K072729,200,data/summaries/K072729.pdf
K072740,404,
K072785,200,data/summaries/K072785.pdf
K072791,200,data/summaries/K072791.pdf
K072804,200,data/summaries/K072804.pdf
K072817,200,data/summaries/K072817.pdf
K072818,200,data/summaries/K072818.pdf
K072832,200,data/summaries/K072832.pdf
K072840,404,
K072848,404,
K072852,200,data/summaries/K072852.pdf
K072857,200,data/summaries/K072857.pdf
K072858,200,data/summaries/K072858.pdf
K072866,200,data/summaries/K072866.pdf
K072888,200,data/summaries/K072888.pdf
K072914,200,data/summaries/K072914.pdf
K072922,200,data/summaries/K072922.pdf
K072943,200,data/summaries/K072943.pdf
K072963,200,data/summaries/K072963.pdf
K072969,404,
K072970,200,data/summaries/K072970.pdf
K072981,200,data/summaries/K072981.pdf
K072991,200,data/summaries/K072991.pdf
K073054,200,data/summaries/K073054.pdf
K073064,200,data/summaries/K073064.pdf
K073065,200,data/summaries/K073065.pdf
K073068,200,data/summaries/K073068.pdf
K073076,200,data/summaries/K073076.pdf
K073102,200,data/summaries/K073102.pdf
K073109,200,data/summaries/K073109.pdf
K073115,200,data/summaries/K073115.pdf
K073120,404,
K073125,200,data/summaries/K073125.pdf
K073126,200,data/summaries/K073126.pdf
K073135,200,data/summaries/K073135.pdf
K073143,200,data/summaries/K073143.pdf
K073144,200,data/summaries/K073144.pdf
K073150,200,data/summaries/K073150.pdf
K073151,200,data/summaries/K073151.pdf
K073159,200,data/summaries/K073159.pdf
K073172,200,data/summaries/K073172.pdf
K073175,200,data/summaries/K073175.pdf
K073177,200,data/summaries/K073177.pdf
K073186,200,data/summaries/K073186.pdf
K073202,200,data/summaries/K073202.pdf
K073214,200,data/summaries/K073214.pdf
K073226,200,data/summaries/K073226.pdf
K073228,200,data/summaries/K073228.pdf
K073232,200,data/summaries/K073232.pdf
K073233,200,data/summaries/K073233.pdf
K073240,200,data/summaries/K073240.pdf
K073245,200,data/summaries/K073245.pdf
K073248,200,data/summaries/K073248.pdf
K073267,200,data/summaries/K073267.pdf
K073275,200,data/summaries/K073275.pdf
K073278,200,data/summaries/K073278.pdf
K073281,200,data/summaries/K073281.pdf
K073285,200,data/summaries/K073285.pdf
K073286,200,data/summaries/K073286.pdf
K073291,200,data/summaries/K073291.pdf
K073303,200,data/summaries/K073303.pdf
K073311,200,data/summaries/K073311.pdf
K073312,200,data/summaries/K073312.pdf
K073316,200,data/summaries/K073316.pdf
K073320,200,data/summaries/K073320.pdf
K073325,200,data/summaries/K073325.pdf
K073329,200,data/summaries/K073329.pdf
K073331,200,data/summaries/K073331.pdf
K073337,200,data/summaries/K073337.pdf
K073341,200,data/summaries/K073341.pdf
K073344,200,data/summaries/K073344.pdf
K073347,200,data/summaries/K073347.pdf
K073348,200,data/summaries/K073348.pdf
K073349,200,data/summaries/K073349.pdf
K073351,200,data/summaries/K073351.pdf
K073364,200,data/summaries/K073364.pdf
K073375,200,data/summaries/K073375.pdf
K073402,200,data/summaries/K073402.pdf
K073405,200,data/summaries/K073405.pdf
K073412,200,data/summaries/K073412.pdf
K073420,200,data/summaries/K073420.pdf
K073426,200,data/summaries/K073426.pdf
K073430,200,data/summaries/K073430.pdf
K073432,200,data/summaries/K073432.pdf
K073437,200,data/summaries/K073437.pdf
K073439,200,data/summaries/K073439.pdf
K073440,200,data/summaries/K073440.pdf
K073460,200,data/summaries/K073460.pdf
K073470,200,data/summaries/K073470.pdf
K073479,200,data/summaries/K073479.pdf
K073480,200,data/summaries/K073480.pdf
K073481,200,data/summaries/K073481.pdf
K073500,200,data/summaries/K073500.pdf
K073502,200,data/summaries/K073502.pdf
K073505,200,data/summaries/K073505.pdf
K073509,200,data/summaries/K073509.pdf
K073510,200,data/summaries/K073510.pdf
K073514,200,data/summaries/K073514.pdf
K073517,200,data/summaries/K073517.pdf
K073527,200,data/summaries/K073527.pdf
K073529,200,data/summaries/K073529.pdf
K073530,200,data/summaries/K073530.pdf
K073531,200,data/summaries/K073531.pdf
K073535,200,data/summaries/K073535.pdf
K073556,200,data/summaries/K073556.pdf
K073562,200,data/summaries/K073562.pdf
K073567,200,data/summaries/K073567.pdf
K073570,404,
K073602,200,data/summaries/K073602.pdf
K073624,200,data/summaries/K073624.pdf
K073635,200,data/summaries/K073635.pdf
K073643,200,data/summaries/K073643.pdf
K073649,200,data/summaries/K073649.pdf
K073654,200,data/summaries/K073654.pdf
K073669,200,data/summaries/K073669.pdf
K073674,200,data/summaries/K073674.pdf
K073676,200,data/summaries/K073676.pdf
K073688,200,data/summaries/K073688.pdf
K073708,200,data/summaries/K073708.pdf
K080009,200,data/summaries/K080009.pdf
K080020,200,data/summaries/K080020.pdf
K080024,404,
K080026,200,data/summaries/K080026.pdf
K080029,200,data/summaries/K080029.pdf
K080058,200,data/summaries/K080058.pdf
K080065,200,data/summaries/K080065.pdf
K080071,200,data/summaries/K080071.pdf
K080075,200,data/summaries/K080075.pdf
K080083,200,data/summaries/K080083.pdf
K080088,200,data/summaries/K080088.pdf
K080099,200,data/summaries/K080099.pdf
K080101,200,data/summaries/K080101.pdf
K080108,200,data/summaries/K080108.pdf
K080109,200,data/summaries/K080109.pdf
K080111,200,data/summaries/K080111.pdf
K080143,200,data/summaries/K080143.pdf
K080184,200,data/summaries/K080184.pdf
K080191,200,data/summaries/K080191.pdf
K080199,200,data/summaries/K080199.pdf
K080204,200,data/summaries/K080204.pdf
K080229,200,data/summaries/K080229.pdf
K080241,200,data/summaries/K080241.pdf
K080258,200,data/summaries/K080258.pdf
K080259,200,data/summaries/K080259.pdf
K080280,200,data/summaries/K080280.pdf
K080281,200,data/summaries/K080281.pdf
K080295,200,data/summaries/K080295.pdf
K080302,200,data/summaries/K080302.pdf
K080313,200,data/summaries/K080313.pdf
K080314,200,data/summaries/K080314.pdf
K080329,200,data/summaries/K080329.pdf
K080330,200,data/summaries/K080330.pdf
K080335,200,data/summaries/K080335.pdf
K080349,200,data/summaries/K080349.pdf
K080352,200,data/summaries/K080352.pdf
K080358,200,data/summaries/K080358.pdf
K080361,200,data/summaries/K080361.pdf
K080368,200,data/summaries/K080368.pdf
K080394,200,data/summaries/K080394.pdf
K080398,200,data/summaries/K080398.pdf
K080399,200,data/summaries/K080399.pdf
K080401,200,data/summaries/K080401.pdf
K080402,200,data/summaries/K080402.pdf
K080405,200,data/summaries/K080405.pdf
K080407,200,data/summaries/K080407.pdf
K080408,200,data/summaries/K080408.pdf
K080411,200,data/summaries/K080411.pdf
K080426,200,data/summaries/K080426.pdf
K080429,200,data/summaries/K080429.pdf
K080434,200,data/summaries/K080434.pdf
K080447,200,data/summaries/K080447.pdf
K080502,200,data/summaries/K080502.pdf
K080504,200,data/summaries/K080504.pdf
K080511,200,data/summaries/K080511.pdf
K080518,200,data/summaries/K080518.pdf
K080522,200,data/summaries/K080522.pdf
K080526,200,data/summaries/K080526.pdf
K080528,200,data/summaries/K080528.pdf
K080537,200,data/summaries/K080537.pdf
K080539,200,data/summaries/K080539.pdf
K080568,200,data/summaries/K080568.pdf
K080569,200,data/summaries/K080569.pdf
K080572,200,data/summaries/K080572.pdf
K080584,200,data/summaries/K080584.pdf
K080588,200,data/summaries/K080588.pdf
K080590,200,data/summaries/K080590.pdf
K080611,200,data/summaries/K080611.pdf
K080615,200,data/summaries/K080615.pdf
K080625,200,data/summaries/K080625.pdf
K080642,200,data/summaries/K080642.pdf
K080646,200,data/summaries/K080646.pdf
K080647,200,data/summaries/K080647.pdf
K080649,200,data/summaries/K080649.pdf
K080664,200,data/summaries/K080664.pdf
K080667,200,data/summaries/K080667.pdf
K080673,200,data/summaries/K080673.pdf
K080685,200,data/summaries/K080685.pdf
K080690,200,data/summaries/K080690.pdf
K080699,200,data/summaries/K080699.pdf
K080706,200,data/summaries/K080706.pdf
K080728,200,data/summaries/K080728.pdf
K080736,200,data/summaries/K080736.pdf
K080758,200,data/summaries/K080758.pdf
K080767,200,data/summaries/K080767.pdf
K080773,200,data/summaries/K080773.pdf
K080778,200,data/summaries/K080778.pdf
K080790,200,data/summaries/K080790.pdf
K080792,200,data/summaries/K080792.pdf
K080805,200,data/summaries/K080805.pdf
K080815,200,data/summaries/K080815.pdf
K080822,200,data/summaries/K080822.pdf
K080828,200,data/summaries/K080828.pdf
K080841,200,data/summaries/K080841.pdf
K080842,200,data/summaries/K080842.pdf
K080850,200,data/summaries/K080850.pdf
K080860,200,data/summaries/K080860.pdf
K080873,200,data/summaries/K080873.pdf
K080876,200,data/summaries/K080876.pdf
K080879,200,data/summaries/K080879.pdf
K080885,200,data/summaries/K080885.pdf
K080928,200,data/summaries/K080928.pdf
K080936,200,data/summaries/K080936.pdf
K080943,200,data/summaries/K080943.pdf
K080963,200,data/summaries/K080963.pdf
K080971,200,data/summaries/K080971.pdf
K080974,200,data/summaries/K080974.pdf
K080979,200,data/summaries/K080979.pdf
K080980,200,data/summaries/K080980.pdf
K080990,200,data/summaries/K080990.pdf
K080992,200,data/summaries/K080992.pdf
K080997,200,data/summaries/K080997.pdf
K081011,200,data/summaries/K081011.pdf
K081016,200,data/summaries/K081016.pdf
K081023,200,data/summaries/K081023.pdf
K081025,200,data/summaries/K081025.pdf
K081038,200,data/summaries/K081038.pdf
K081041,200,data/summaries/K081041.pdf
K081044,200,data/summaries/K081044.pdf
K081059,200,data/summaries/K081059.pdf
K081071,200,data/summaries/K081071.pdf
K081080,200,data/summaries/K081080.pdf
K081097,200,data/summaries/K081097.pdf
K081098,200,data/summaries/K081098.pdf
K081106,200,data/summaries/K081106.pdf
K081107,200,data/summaries/K081107.pdf
K081108,200,data/summaries/K081108.pdf
K081111,200,data/summaries/K081111.pdf
K081122,200,data/summaries/K081122.pdf
K081124,200,data/summaries/K081124.pdf
K081127,200,data/summaries/K081127.pdf
K081132,200,data/summaries/K081132.pdf
K081145,200,data/summaries/K081145.pdf
K081152,200,data/summaries/K081152.pdf
K081153,200,data/summaries/K081153.pdf
K081155,200,data/summaries/K081155.pdf
K081158,200,data/summaries/K081158.pdf
K081163,200,data/summaries/K081163.pdf
K081165,200,data/summaries/K081165.pdf
K081171,200,data/summaries/K081171.pdf
K081172,200,data/summaries/K081172.pdf
K081177,200,data/summaries/K081177.pdf
K081194,200,data/summaries/K081194.pdf
K081195,200,data/summaries/K081195.pdf
K081196,200,data/summaries/K081196.pdf
K081205,200,data/summaries/K081205.pdf
K081227,200,data/summaries/K081227.pdf
K081228,200,data/summaries/K081228.pdf
K081230,200,data/summaries/K081230.pdf
K081243,200,data/summaries/K081243.pdf
K081244,200,data/summaries/K081244.pdf
K081252,200,data/summaries/K081252.pdf
K081278,200,data/summaries/K081278.pdf
K081284,200,data/summaries/K081284.pdf
K081293,200,data/summaries/K081293.pdf
K081296,200,data/summaries/K081296.pdf
K081297,200,data/summaries/K081297.pdf
K081331,200,data/summaries/K081331.pdf
K081332,200,data/summaries/K081332.pdf
K081342,200,data/summaries/K081342.pdf
K081348,200,data/summaries/K081348.pdf
K081351,200,data/summaries/K081351.pdf
K081353,200,data/summaries/K081353.pdf
K081356,200,data/summaries/K081356.pdf
K081373,200,data/summaries/K081373.pdf
K081374,200,data/summaries/K081374.pdf
K081380,200,data/summaries/K081380.pdf
K081381,200,data/summaries/K081381.pdf
K081383,200,data/summaries/K081383.pdf
K081390,200,data/summaries/K081390.pdf
K081391,200,data/summaries/K081391.pdf
K081392,200,data/summaries/K081392.pdf
K081395,200,data/summaries/K081395.pdf
K081407,200,data/summaries/K081407.pdf
K081414,200,data/summaries/K081414.pdf
K081418,200,data/summaries/K081418.pdf
K081428,404,
K081439,200,data/summaries/K081439.pdf
K081448,200,data/summaries/K081448.pdf
K081452,200,data/summaries/K081452.pdf
K081479,200,data/summaries/K081479.pdf
K081497,200,data/summaries/K081497.pdf
K081501,200,data/summaries/K081501.pdf
K081510,200,data/summaries/K081510.pdf
K081511,200,data/summaries/K081511.pdf
K081513,200,data/summaries/K081513.pdf
K081546,200,data/summaries/K081546.pdf
K081548,200,data/summaries/K081548.pdf
K081558,200,data/summaries/K081558.pdf
K081564,200,data/summaries/K081564.pdf
K081566,200,data/summaries/K081566.pdf
K081567,200,data/summaries/K081567.pdf
K081568,200,data/summaries/K081568.pdf
K081586,200,data/summaries/K081586.pdf
K081588,200,data/summaries/K081588.pdf
K081597,200,data/summaries/K081597.pdf
K081598,200,data/summaries/K081598.pdf
K081608,200,data/summaries/K081608.pdf
K081611,200,data/summaries/K081611.pdf
K081614,200,data/summaries/K081614.pdf
K081620,200,data/summaries/K081620.pdf
K081622,200,data/summaries/K081622.pdf
K081623,200,data/summaries/K081623.pdf
K081631,200,data/summaries/K081631.pdf
K081636,200,data/summaries/K081636.pdf
K081673,200,data/summaries/K081673.pdf
K081679,200,data/summaries/K081679.pdf
K081684,200,data/summaries/K081684.pdf
K081700,200,data/summaries/K081700.pdf
K081707,200,data/summaries/K081707.pdf
K081711,200,data/summaries/K081711.pdf
K081717,200,data/summaries/K081717.pdf
K081730,200,data/summaries/K081730.pdf
K081755,200,data/summaries/K081755.pdf
K081758,200,data/summaries/K081758.pdf
K081759,200,data/summaries/K081759.pdf
K081770,200,data/summaries/K081770.pdf
K081790,200,data/summaries/K081790.pdf
K081813,200,data/summaries/K081813.pdf
K081817,200,data/summaries/K081817.pdf
K081832,200,data/summaries/K081832.pdf
K081849,200,data/summaries/K081849.pdf
K081860,200,data/summaries/K081860.pdf
K081876,200,data/summaries/K081876.pdf
K081880,200,data/summaries/K081880.pdf
K081883,200,data/summaries/K081883.pdf
K081888,200,data/summaries/K081888.pdf
K081893,200,data/summaries/K081893.pdf
K081898,200,data/summaries/K081898.pdf
K081906,200,data/summaries/K081906.pdf
K081917,200,data/summaries/K081917.pdf
K081934,200,data/summaries/K081934.pdf
K081952,200,data/summaries/K081952.pdf
K081968,200,data/summaries/K081968.pdf
K081973,200,data/summaries/K081973.pdf
K081978,200,data/summaries/K081978.pdf
K081979,200,data/summaries/K081979.pdf
K082002,200,data/summaries/K082002.pdf
K082014,200,data/summaries/K082014.pdf
K082017,200,data/summaries/K082017.pdf
K082018,200,data/summaries/K082018.pdf
K082019,200,data/summaries/K082019.pdf
K082022,200,data/summaries/K082022.pdf
K082032,404,
K082037,200,data/summaries/K082037.pdf
K082069,200,data/summaries/K082069.pdf
K082070,200,data/summaries/K082070.pdf
K082072,200,data/summaries/K082072.pdf
K082073,200,data/summaries/K082073.pdf
K082078,200,data/summaries/K082078.pdf
K082081,200,data/summaries/K082081.pdf
K082088,200,data/summaries/K082088.pdf
K082095,200,data/summaries/K082095.pdf
K082112,200,data/summaries/K082112.pdf
K082120,200,data/summaries/K082120.pdf
K082128,200,data/summaries/K082128.pdf
K082146,200,data/summaries/K082146.pdf
K082148,200,data/summaries/K082148.pdf
K082166,200,data/summaries/K082166.pdf
K082172,200,data/summaries/K082172.pdf
K082187,200,data/summaries/K082187.pdf
K082195,200,data/summaries/K082195.pdf
K082215,200,data/summaries/K082215.pdf
K082231,200,data/summaries/K082231.pdf
K082235,200,data/summaries/K082235.pdf
K082236,200,data/summaries/K082236.pdf
K082239,200,data/summaries/K082239.pdf
K082252,200,data/summaries/K082252.pdf
K082260,200,data/summaries/K082260.pdf
K082262,200,data/summaries/K082262.pdf
K082270,200,data/summaries/K082270.pdf
K082273,200,data/summaries/K082273.pdf
K082282,200,data/summaries/K082282.pdf
K082300,200,data/summaries/K082300.pdf
K082309,200,data/summaries/K082309.pdf
K082310,200,data/summaries/K082310.pdf
K082320,200,data/summaries/K082320.pdf
K082332,200,data/summaries/K082332.pdf
K082338,200,data/summaries/K082338.pdf
K082342,200,data/summaries/K082342.pdf
K082353,200,data/summaries/K082353.pdf
K082358,200,data/summaries/K082358.pdf
K082371,404,
K082375,200,data/summaries/K082375.pdf
K082381,200,data/summaries/K082381.pdf
K082384,200,data/summaries/K082384.pdf
K082398,200,data/summaries/K082398.pdf
K082406,200,data/summaries/K082406.pdf
K082419,200,data/summaries/K082419.pdf
K082424,200,data/summaries/K082424.pdf
K082442,200,data/summaries/K082442.pdf
K082453,200,data/summaries/K082453.pdf
K082466,200,data/summaries/K082466.pdf
K082468,200,data/summaries/K082468.pdf
K082498,200,data/summaries/K082498.pdf
K082500,200,data/summaries/K082500.pdf
K082504,200,data/summaries/K082504.pdf
K082509,200,data/summaries/K082509.pdf
K082516,200,data/summaries/K082516.pdf
K082525,200,data/summaries/K082525.pdf
K082527,200,data/summaries/K082527.pdf
K082567,200,data/summaries/K082567.pdf
K082572,200,data/summaries/K082572.pdf
K082574,200,data/summaries/K082574.pdf
K082575,200,data/summaries/K082575.pdf
K082577,200,data/summaries/K082577.pdf
K082592,200,data/summaries/K082592.pdf
K082608,200,data/summaries/K082608.pdf
K082615,200,data/summaries/K082615.pdf
K082617,200,data/summaries/K082617.pdf
K082624,200,data/summaries/K082624.pdf
K082625,200,data/summaries/K082625.pdf
K082650,200,data/summaries/K082650.pdf
K082672,200,data/summaries/K082672.pdf
K082673,200,data/summaries/K082673.pdf
K082679,200,data/summaries/K082679.pdf
K082698,200,data/summaries/K082698.pdf
K082702,200,data/summaries/K082702.pdf
K082705,200,data/summaries/K082705.pdf
K082712,200,data/summaries/K082712.pdf
K082715,200,data/summaries/K082715.pdf
K082728,200,data/summaries/K082728.pdf
K082729,200,data/summaries/K082729.pdf
K082732,200,data/summaries/K082732.pdf
K082754,200,data/summaries/K082754.pdf
K082769,200,data/summaries/K082769.pdf
K082770,200,data/summaries/K082770.pdf
K082774,200,data/summaries/K082774.pdf
K082792,200,data/summaries/K082792.pdf
K082793,200,data/summaries/K082793.pdf
K082797,200,data/summaries/K082797.pdf
K082801,200,data/summaries/K082801.pdf
K082807,200,data/summaries/K082807.pdf
K082810,200,data/summaries/K082810.pdf
K082821,200,data/summaries/K082821.pdf
K082826,200,data/summaries/K082826.pdf
K082833,200,data/summaries/K082833.pdf
K082839,200,data/summaries/K082839.pdf
K082844,200,data/summaries/K082844.pdf
K082848,200,data/summaries/K082848.pdf
K082874,200,data/summaries/K082874.pdf
K082892,200,data/summaries/K082892.pdf
K082906,200,data/summaries/K082906.pdf
K082914,200,data/summaries/K082914.pdf
K082918,200,data/summaries/K082918.pdf
K082926,200,data/summaries/K082926.pdf
K082934,200,data/summaries/K082934.pdf
K082942,200,data/summaries/K082942.pdf
K082949,200,data/summaries/K082949.pdf
K082991,200,data/summaries/K082991.pdf
K082996,200,data/summaries/K082996.pdf
K082999,200,data/summaries/K082999.pdf
K083004,200,data/summaries/K083004.pdf
K083020,200,data/summaries/K083020.pdf
K083025,200,data/summaries/K083025.pdf
K083026,200,data/summaries/K083026.pdf
K083028,200,data/summaries/K083028.pdf
K083032,200,data/summaries/K083032.pdf
K083033,200,data/summaries/K083033.pdf
K083070,200,data/summaries/K083070.pdf
K083071,200,data/summaries/K083071.pdf
K083073,200,data/summaries/K083073.pdf
K083077,200,data/summaries/K083077.pdf
K083096,200,data/summaries/K083096.pdf
K083107,200,data/summaries/K083107.pdf
K083116,200,data/summaries/K083116.pdf
K083118,200,data/summaries/K083118.pdf
K083144,200,data/summaries/K083144.pdf
K083150,200,data/summaries/K083150.pdf
K083151,200,data/summaries/K083151.pdf
K083154,200,data/summaries/K083154.pdf
K083167,200,data/summaries/K083167.pdf
K083178,200,data/summaries/K083178.pdf
K083186,200,data/summaries/K083186.pdf
K083213,200,data/summaries/K083213.pdf
K083226,200,data/summaries/K083226.pdf
K083230,200,data/summaries/K083230.pdf
K083232,200,data/summaries/K083232.pdf
K083240,200,data/summaries/K083240.pdf
K083268,200,data/summaries/K083268.pdf
K083270,200,data/summaries/K083270.pdf
K083279,200,data/summaries/K083279.pdf
K083286,200,data/summaries/K083286.pdf
K083308,200,data/summaries/K083308.pdf
K083311,200,data/summaries/K083311.pdf
K083312,200,data/summaries/K083312.pdf
K083338,200,data/summaries/K083338.pdf
K083341,200,data/summaries/K083341.pdf
K083353,200,data/summaries/K083353.pdf
K083364,200,data/summaries/K083364.pdf
K083389,200,data/summaries/K083389.pdf
K083392,200,data/summaries/K083392.pdf
K083393,200,data/summaries/K083393.pdf
K083416,200,data/summaries/K083416.pdf
K083425,200,data/summaries/K083425.pdf
K083435,200,data/summaries/K083435.pdf
K083437,200,data/summaries/K083437.pdf
K083439,200,data/summaries/K083439.pdf
K083447,200,data/summaries/K083447.pdf
K083449,200,data/summaries/K083449.pdf
K083458,200,data/summaries/K083458.pdf
K083469,200,data/summaries/K083469.pdf
K083475,200,data/summaries/K083475.pdf
K083490,200,data/summaries/K083490.pdf
K083495,200,data/summaries/K083495.pdf
K083497,200,data/summaries/K083497.pdf
K083558,200,data/summaries/K083558.pdf
K083562,200,data/summaries/K083562.pdf
K083566,200,data/summaries/K083566.pdf
K083567,200,data/summaries/K083567.pdf
K083573,200,data/summaries/K083573.pdf
K083581,200,data/summaries/K083581.pdf
K083582,200,data/summaries/K083582.pdf
K083607,200,data/summaries/K083607.pdf
K083609,200,data/summaries/K083609.pdf
K083612,200,data/summaries/K083612.pdf
K083619,200,data/summaries/K083619.pdf
K083626,200,data/summaries/K083626.pdf
K083635,200,data/summaries/K083635.pdf
K083636,200,data/summaries/K083636.pdf
K083637,200,data/summaries/K083637.pdf
K083648,200,data/summaries/K083648.pdf
K083654,200,data/summaries/K083654.pdf
K083661,200,data/summaries/K083661.pdf
K083663,200,data/summaries/K083663.pdf
K083694,200,data/summaries/K083694.pdf
K083714,200,data/summaries/K083714.pdf
K083726,200,data/summaries/K083726.pdf
K083743,200,data/summaries/K083743.pdf
K083762,200,data/summaries/K083762.pdf
K083772,200,data/summaries/K083772.pdf
K083779,200,data/summaries/K083779.pdf
K083782,404,
K083789,200,data/summaries/K083789.pdf
K083792,200,data/summaries/K083792.pdf
K083798,200,data/summaries/K083798.pdf
K083810,200,data/summaries/K083810.pdf
K083815,200,data/summaries/K083815.pdf
K083825,200,data/summaries/K083825.pdf
K083826,200,data/summaries/K083826.pdf
K083827,200,data/summaries/K083827.pdf
K083843,200,data/summaries/K083843.pdf
K083857,200,data/summaries/K083857.pdf
K083863,200,data/summaries/K083863.pdf
K083865,200,data/summaries/K083865.pdf
K083894,200,data/summaries/K083894.pdf
K083912,200,data/summaries/K083912.pdf
K090024,200,data/summaries/K090024.pdf
K090033,200,data/summaries/K090033.pdf
K090047,200,data/summaries/K090047.pdf
K090048,200,data/summaries/K090048.pdf
K090053,200,data/summaries/K090053.pdf
K090060,200,data/summaries/K090060.pdf
K090063,200,data/summaries/K090063.pdf
K090064,200,data/summaries/K090064.pdf
K090075,200,data/summaries/K090075.pdf
K090076,200,data/summaries/K090076.pdf
K090091,200,data/summaries/K090091.pdf
K090099,200,data/summaries/K090099.pdf
K090103,200,data/summaries/K090103.pdf
K090107,200,data/summaries/K090107.pdf
K090124,200,data/summaries/K090124.pdf
K090127,200,data/summaries/K090127.pdf
K090139,200,data/summaries/K090139.pdf
K090166,200,data/summaries/K090166.pdf
K090175,200,data/summaries/K090175.pdf
K090176,200,data/summaries/K090176.pdf
K090177,200,data/summaries/K090177.pdf
K090186,200,data/summaries/K090186.pdf
K090203,200,data/summaries/K090203.pdf
K090211,200,data/summaries/K090211.pdf
K090222,200,data/summaries/K090222.pdf
K090224,200,data/summaries/K090224.pdf
K090228,200,data/summaries/K090228.pdf
K090230,200,data/summaries/K090230.pdf
K090241,200,data/summaries/K090241.pdf
K090242,200,data/summaries/K090242.pdf
K090252,200,data/summaries/K090252.pdf
K090289,200,data/summaries/K090289.pdf
K090299,200,data/summaries/K090299.pdf
K090304,200,data/summaries/K090304.pdf
K090310,200,data/summaries/K090310.pdf
K090315,200,data/summaries/K090315.pdf
K090316,200,data/summaries/K090316.pdf
K090320,200,data/summaries/K090320.pdf
K090343,200,data/summaries/K090343.pdf
K090353,200,data/summaries/K090353.pdf
K090354,200,data/summaries/K090354.pdf
K090374,200,data/summaries/K090374.pdf
K090376,200,data/summaries/K090376.pdf
K090380,404,
K090387,200,data/summaries/K090387.pdf
K090390,200,data/summaries/K090390.pdf
K090401,200,data/summaries/K090401.pdf
K090408,200,data/summaries/K090408.pdf
K090411,200,data/summaries/K090411.pdf
K090415,200,data/summaries/K090415.pdf
K090424,200,data/summaries/K090424.pdf
K090425,200,data/summaries/K090425.pdf
K090435,200,data/summaries/K090435.pdf
K090440,200,data/summaries/K090440.pdf
K090460,200,data/summaries/K090460.pdf
K090473,200,data/summaries/K090473.pdf
K090477,200,data/summaries/K090477.pdf
K090478,200,data/summaries/K090478.pdf
K090492,200,data/summaries/K090492.pdf
K090507,200,data/summaries/K090507.pdf
K090522,200,data/summaries/K090522.pdf
K090523,200,data/summaries/K090523.pdf
K090530,200,data/summaries/K090530.pdf
K090549,200,data/summaries/K090549.pdf
K090565,200,data/summaries/K090565.pdf
K090566,200,data/summaries/K090566.pdf
K090582,200,data/summaries/K090582.pdf
K090596,200,data/summaries/K090596.pdf
K090605,200,data/summaries/K090605.pdf
K090615,200,data/summaries/K090615.pdf
K090641,200,data/summaries/K090641.pdf
K090648,200,data/summaries/K090648.pdf
K090656,200,data/summaries/K090656.pdf
K090657,200,data/summaries/K090657.pdf
K090658,200,data/summaries/K090658.pdf
K090666,200,data/summaries/K090666.pdf
K090669,200,data/summaries/K090669.pdf
K090675,200,data/summaries/K090675.pdf
K090686,200,data/summaries/K090686.pdf
K090692,200,data/summaries/K090692.pdf
K090705,200,data/summaries/K090705.pdf
K090707,200,data/summaries/K090707.pdf
K090714,200,data/summaries/K090714.pdf
K090731,200,data/summaries/K090731.pdf
K090740,200,data/summaries/K090740.pdf
K090751,200,data/summaries/K090751.pdf
K090763,200,data/summaries/K090763.pdf
K090764,200,data/summaries/K090764.pdf
K090779,200,data/summaries/K090779.pdf
K090782,200,data/summaries/K090782.pdf
K090786,200,data/summaries/K090786.pdf
K090799,200,data/summaries/K090799.pdf
K090816,200,data/summaries/K090816.pdf
K090835,200,data/summaries/K090835.pdf
K090839,200,data/summaries/K090839.pdf
K090841,200,data/summaries/K090841.pdf
K090845,200,data/summaries/K090845.pdf
K090855,200,data/summaries/K090855.pdf
K090857,200,data/summaries/K090857.pdf
K090861,200,data/summaries/K090861.pdf
K090871,200,data/summaries/K090871.pdf
K090877,200,data/summaries/K090877.pdf
K090887,200,data/summaries/K090887.pdf
K090897,200,data/summaries/K090897.pdf
K090899,200,data/summaries/K090899.pdf
K090923,200,data/summaries/K090923.pdf
K090926,200,data/summaries/K090926.pdf
K090949,200,data/summaries/K090949.pdf
K090981,200,data/summaries/K090981.pdf
K090982,200,data/summaries/K090982.pdf
K090983,200,data/summaries/K090983.pdf
K090984,200,data/summaries/K090984.pdf
K090986,200,data/summaries/K090986.pdf
K090988,200,data/summaries/K090988.pdf
K090994,200,data/summaries/K090994.pdf
K090998,200,data/summaries/K090998.pdf
K091014,200,data/summaries/K091014.pdf
K091031,200,data/summaries/K091031.pdf
K091041,200,data/summaries/K091041.pdf
K091044,200,data/summaries/K091044.pdf
K091058,200,data/summaries/K091058.pdf
K091067,200,data/summaries/K091067.pdf
K091069,200,data/summaries/K091069.pdf
K091071,200,data/summaries/K091071.pdf
K091088,200,data/summaries/K091088.pdf
K091093,200,data/summaries/K091093.pdf
K091094,200,data/summaries/K091094.pdf
K091110,200,data/summaries/K091110.pdf
K091122,200,data/summaries/K091122.pdf
K091134,200,data/summaries/K091134.pdf
K091156,200,data/summaries/K091156.pdf
K091159,200,data/summaries/K091159.pdf
K091161,200,data/summaries/K091161.pdf
K091189,200,data/summaries/K091189.pdf
K091190,200,data/summaries/K091190.pdf
K091193,200,data/summaries/K091193.pdf
K091196,200,data/summaries/K091196.pdf
K091202,200,data/summaries/K091202.pdf
K091207,200,data/summaries/K091207.pdf
K091218,200,data/summaries/K091218.pdf
K091219,200,data/summaries/K091219.pdf
K091243,200,data/summaries/K091243.pdf
K091253,200,data/summaries/K091253.pdf
K091258,200,data/summaries/K091258.pdf
K091263,200,data/summaries/K091263.pdf
K091266,200,data/summaries/K091266.pdf
K091278,200,data/summaries/K091278.pdf
K091280,200,data/summaries/K091280.pdf
K091291,200,data/summaries/K091291.pdf
K091294,200,data/summaries/K091294.pdf
K091301,200,data/summaries/K091301.pdf
K091302,200,data/summaries/K091302.pdf
K091309,200,data/summaries/K091309.pdf
K091321,200,data/summaries/K091321.pdf
K091359,200,data/summaries/K091359.pdf
K091365,200,data/summaries/K091365.pdf
K091381,200,data/summaries/K091381.pdf
K091396,200,data/summaries/K091396.pdf
K091406,200,data/summaries/K091406.pdf
K091425,200,data/summaries/K091425.pdf
K091426,200,data/summaries/K091426.pdf
K091442,200,data/summaries/K091442.pdf
K091445,200,data/summaries/K091445.pdf
K091453,200,data/summaries/K091453.pdf
K091479,200,data/summaries/K091479.pdf
K091493,200,data/summaries/K091493.pdf
K091502,200,data/summaries/K091502.pdf
K091503,200,data/summaries/K091503.pdf
K091508,200,data/summaries/K091508.pdf
K091531,200,data/summaries/K091531.pdf
K091543,200,data/summaries/K091543.pdf
K091549,200,data/summaries/K091549.pdf
K091566,200,data/summaries/K091566.pdf
K091577,200,data/summaries/K091577.pdf
K091587,200,data/summaries/K091587.pdf
K091606,200,data/summaries/K091606.pdf
K091607,200,data/summaries/K091607.pdf
K091608,200,data/summaries/K091608.pdf
K091609,200,data/summaries/K091609.pdf
K091614,200,data/summaries/K091614.pdf
K091619,200,data/summaries/K091619.pdf
K091623,200,data/summaries/K091623.pdf
K091638,200,data/summaries/K091638.pdf
K091644,200,data/summaries/K091644.pdf
K091686,200,data/summaries/K091686.pdf
K091688,200,data/summaries/K091688.pdf
K091689,200,data/summaries/K091689.pdf
K091694,200,data/summaries/K091694.pdf
K091717,200,data/summaries/K091717.pdf
K091725,200,data/summaries/K091725.pdf
K091743,200,data/summaries/K091743.pdf
K091751,200,data/summaries/K091751.pdf
K091763,200,data/summaries/K091763.pdf
K091782,200,data/summaries/K091782.pdf
K091788,200,data/summaries/K091788.pdf
K091797,200,data/summaries/K091797.pdf
K091798,200,data/summaries/K091798.pdf
K091799,200,data/summaries/K091799.pdf
K091813,200,data/summaries/K091813.pdf
K091844,200,data/summaries/K091844.pdf
K091870,200,data/summaries/K091870.pdf
K091873,200,data/summaries/K091873.pdf
K091883,200,data/summaries/K091883.pdf
K091912,200,data/summaries/K091912.pdf
K091926,200,data/summaries/K091926.pdf
K091936,200,data/summaries/K091936.pdf
K091944,200,data/summaries/K091944.pdf
K091946,200,data/summaries/K091946.pdf
K091951,200,data/summaries/K091951.pdf
K091955,200,data/summaries/K091955.pdf
K091956,200,data/summaries/K091956.pdf
K091967,200,data/summaries/K091967.pdf
K091974,200,data/summaries/K091974.pdf
K091976,200,data/summaries/K091976.pdf
K091988,200,data/summaries/K091988.pdf
K091994,200,data/summaries/K091994.pdf
K091995,200,data/summaries/K091995.pdf
K092002,200,data/summaries/K092002.pdf
K092011,200,data/summaries/K092011.pdf
K092015,200,data/summaries/K092015.pdf
K092017,200,data/summaries/K092017.pdf
K092038,200,data/summaries/K092038.pdf
K092046,200,data/summaries/K092046.pdf
K092047,200,data/summaries/K092047.pdf
K092070,200,data/summaries/K092070.pdf
K092073,200,data/summaries/K092073.pdf
K092076,200,data/summaries/K092076.pdf
K092078,200,data/summaries/K092078.pdf
K092098,200,data/summaries/K092098.pdf
K092108,200,data/summaries/K092108.pdf
K092110,404,
K092122,200,data/summaries/K092122.pdf
K092124,200,data/summaries/K092124.pdf
K092128,200,data/summaries/K092128.pdf
K092133,200,data/summaries/K092133.pdf
K092138,200,data/summaries/K092138.pdf
K092143,200,data/summaries/K092143.pdf
K092146,200,data/summaries/K092146.pdf
K092150,200,data/summaries/K092150.pdf
K092162,200,data/summaries/K092162.pdf
K092178,200,data/summaries/K092178.pdf
K092189,200,data/summaries/K092189.pdf
K092190,200,data/summaries/K092190.pdf
K092193,200,data/summaries/K092193.pdf
K092198,200,data/summaries/K092198.pdf
K092201,200,data/summaries/K092201.pdf
K092211,200,data/summaries/K092211.pdf
K092234,200,data/summaries/K092234.pdf
K092265,200,data/summaries/K092265.pdf
K092287,200,data/summaries/K092287.pdf
K092295,200,data/summaries/K092295.pdf
K092317,200,data/summaries/K092317.pdf
K092325,200,data/summaries/K092325.pdf
K092336,200,data/summaries/K092336.pdf
K092360,200,data/summaries/K092360.pdf
K092375,200,data/summaries/K092375.pdf
K092381,200,data/summaries/K092381.pdf
K092386,200,data/summaries/K092386.pdf
K092406,200,data/summaries/K092406.pdf
K092419,200,data/summaries/K092419.pdf
K092420,200,data/summaries/K092420.pdf
K092440,200,data/summaries/K092440.pdf
K092441,200,data/summaries/K092441.pdf
K092443,200,data/summaries/K092443.pdf
K092473,200,data/summaries/K092473.pdf
K092474,200,data/summaries/K092474.pdf
K092493,200,data/summaries/K092493.pdf
K092521,200,data/summaries/K092521.pdf
K092528,200,data/summaries/K092528.pdf
K092531,200,data/summaries/K092531.pdf
K092536,200,data/summaries/K092536.pdf
K092540,200,data/summaries/K092540.pdf
K092541,200,data/summaries/K092541.pdf
K092548,200,data/summaries/K092548.pdf
K092556,200,data/summaries/K092556.pdf
K092561,200,data/summaries/K092561.pdf
K092574,200,data/summaries/K092574.pdf
K092605,200,data/summaries/K092605.pdf
K092608,200,data/summaries/K092608.pdf
K092609,200,data/summaries/K092609.pdf
K092610,200,data/summaries/K092610.pdf
K092624,200,data/summaries/K092624.pdf
K092626,200,data/summaries/K092626.pdf
K092631,200,data/summaries/K092631.pdf
K092640,200,data/summaries/K092640.pdf
K092646,200,data/summaries/K092646.pdf
K092656,200,data/summaries/K092656.pdf
K092659,200,data/summaries/K092659.pdf
K092670,200,data/summaries/K092670.pdf
K092671,200,data/summaries/K092671.pdf
K092676,200,data/summaries/K092676.pdf
K092695,200,data/summaries/K092695.pdf
K092720,200,data/summaries/K092720.pdf
K092721,200,data/summaries/K092721.pdf
K092748,200,data/summaries/K092748.pdf
K092754,200,data/summaries/K092754.pdf
K092765,200,data/summaries/K092765.pdf
K092771,200,data/summaries/K092771.pdf
K092773,200,data/summaries/K092773.pdf
K092774,200,data/summaries/K092774.pdf
K092794,200,data/summaries/K092794.pdf
K092803,200,data/summaries/K092803.pdf
K092812,200,data/summaries/K092812.pdf
K092815,200,data/summaries/K092815.pdf
K092825,200,data/summaries/K092825.pdf
K092834,200,data/summaries/K092834.pdf
K092836,200,data/summaries/K092836.pdf
K092873,200,data/summaries/K092873.pdf
K092889,200,data/summaries/K092889.pdf
K092898,200,data/summaries/K092898.pdf
K092900,200,data/summaries/K092900.pdf
K092901,200,data/summaries/K092901.pdf
K092904,200,data/summaries/K092904.pdf
K092909,200,data/summaries/K092909.pdf
K092914,200,data/summaries/K092914.pdf
K092929,200,data/summaries/K092929.pdf
K092998,200,data/summaries/K092998.pdf
K093015,200,data/summaries/K093015.pdf
K093047,200,data/summaries/K093047.pdf
K093055,200,data/summaries/K093055.pdf
K093056,200,data/summaries/K093056.pdf
K093057,200,data/summaries/K093057.pdf
K093058,200,data/summaries/K093058.pdf
K093077,200,data/summaries/K093077.pdf
K093078,200,data/summaries/K093078.pdf
K093089,200,data/summaries/K093089.pdf
K093093,200,data/summaries/K093093.pdf
K093104,200,data/summaries/K093104.pdf
K093127,200,data/summaries/K093127.pdf
K093163,200,data/summaries/K093163.pdf
K093170,200,data/summaries/K093170.pdf
K093200,200,data/summaries/K093200.pdf
K093207,200,data/summaries/K093207.pdf
K093228,200,data/summaries/K093228.pdf
K093242,200,data/summaries/K093242.pdf
K093275,200,data/summaries/K093275.pdf
K093285,200,data/summaries/K093285.pdf
K093293,200,data/summaries/K093293.pdf
K093294,200,data/summaries/K093294.pdf
K093319,200,data/summaries/K093319.pdf
K093342,200,data/summaries/K093342.pdf
K093343,200,data/summaries/K093343.pdf
K093360,200,data/summaries/K093360.pdf
K093363,200,data/summaries/K093363.pdf
K093405,200,data/summaries/K093405.pdf
K093419,200,data/summaries/K093419.pdf
K093428,200,data/summaries/K093428.pdf
K093430,200,data/summaries/K093430.pdf
K093433,200,data/summaries/K093433.pdf
K093434,200,data/summaries/K093434.pdf
K093438,200,data/summaries/K093438.pdf
K093442,200,data/summaries/K093442.pdf
K093447,200,data/summaries/K093447.pdf
K093463,200,data/summaries/K093463.pdf
K093472,200,data/summaries/K093472.pdf
K093474,200,data/summaries/K093474.pdf
K093477,200,data/summaries/K093477.pdf
K093513,200,data/summaries/K093513.pdf
K093533,200,data/summaries/K093533.pdf
K093534,200,data/summaries/K093534.pdf
K093549,200,data/summaries/K093549.pdf
K093550,200,data/summaries/K093550.pdf
K093552,200,data/summaries/K093552.pdf
K093561,200,data/summaries/K093561.pdf
K093567,200,data/summaries/K093567.pdf
K093599,200,data/summaries/K093599.pdf
K093629,200,data/summaries/K093629.pdf
K093644,200,data/summaries/K093644.pdf
K093646,200,data/summaries/K093646.pdf
K093668,200,data/summaries/K093668.pdf
K093669,200,data/summaries/K093669.pdf
K093670,200,data/summaries/K093670.pdf
K093675,200,data/summaries/K093675.pdf
K093676,200,data/summaries/K093676.pdf
K093692,200,data/summaries/K093692.pdf
K093704,200,data/summaries/K093704.pdf
K093707,200,data/summaries/K093707.pdf
K093736,200,data/summaries/K093736.pdf
K093746,200,data/summaries/K093746.pdf
K093753,200,data/summaries/K093753.pdf
K093761,200,data/summaries/K093761.pdf
K093762,200,data/summaries/K093762.pdf
K093770,200,data/summaries/K093770.pdf
K093771,200,data/summaries/K093771.pdf
K093772,200,data/summaries/K093772.pdf
K093776,200,data/summaries/K093776.pdf
K093781,200,data/summaries/K093781.pdf
K093803,200,data/summaries/K093803.pdf
K093804,200,data/summaries/K093804.pdf
K093806,200,data/summaries/K093806.pdf
K093808,200,data/summaries/K093808.pdf
K093820,200,data/summaries/K093820.pdf
K093828,200,data/summaries/K093828.pdf
K093833,200,data/summaries/K093833.pdf
K093844,200,data/summaries/K093844.pdf
K093846,200,data/summaries/K093846.pdf
K093864,200,data/summaries/K093864.pdf
K093868,200,data/summaries/K093868.pdf
K093880,200,data/summaries/K093880.pdf
K093897,200,data/summaries/K093897.pdf
K093900,200,data/summaries/K093900.pdf
K093912,200,data/summaries/K093912.pdf
K093914,200,data/summaries/K093914.pdf
K093926,200,data/summaries/K093926.pdf
K093928,200,data/summaries/K093928.pdf
K093935,404,
K093936,200,data/summaries/K093936.pdf
K093943,200,data/summaries/K093943.pdf
K093944,200,data/summaries/K093944.pdf
K093950,200,data/summaries/K093950.pdf
K093978,200,data/summaries/K093978.pdf
K093983,200,data/summaries/K093983.pdf
K093991,200,data/summaries/K093991.pdf
K094002,200,data/summaries/K094002.pdf
K094013,200,data/summaries/K094013.pdf
K094017,200,data/summaries/K094017.pdf
K094025,200,data/summaries/K094025.pdf
K094035,200,data/summaries/K094035.pdf
K094037,200,data/summaries/K094037.pdf
K094042,200,data/summaries/K094042.pdf
K094043,200,data/summaries/K094043.pdf
K094045,200,data/summaries/K094045.pdf
K094050,200,data/summaries/K094050.pdf
K100008,200,data/summaries/K100008.pdf
K100012,200,data/summaries/K100012.pdf
K100037,200,data/summaries/K100037.pdf
K100042,200,data/summaries/K100042.pdf
K100043,200,data/summaries/K100043.pdf
K100044,200,data/summaries/K100044.pdf
K100048,200,data/summaries/K100048.pdf
K100061,200,data/summaries/K100061.pdf
K100070,200,data/summaries/K100070.pdf
K100089,200,data/summaries/K100089.pdf
K100111,200,data/summaries/K100111.pdf
K100112,200,data/summaries/K100112.pdf
K100122,200,data/summaries/K100122.pdf
K100123,200,data/summaries/K100123.pdf
K100137,200,data/summaries/K100137.pdf
K100138,200,data/summaries/K100138.pdf
K100142,200,data/summaries/K100142.pdf
K100146,200,data/summaries/K100146.pdf
K100147,200,data/summaries/K100147.pdf
K100151,200,data/summaries/K100151.pdf
K100159,200,data/summaries/K100159.pdf
K100175,200,data/summaries/K100175.pdf
K100176,200,data/summaries/K100176.pdf
K100191,200,data/summaries/K100191.pdf
K100197,200,data/summaries/K100197.pdf
K100210,200,data/summaries/K100210.pdf
K100214,200,data/summaries/K100214.pdf
K100215,200,data/summaries/K100215.pdf
K100220,200,data/summaries/K100220.pdf
K100238,200,data/summaries/K100238.pdf
K100240,200,data/summaries/K100240.pdf
K100243,200,data/summaries/K100243.pdf
K100265,200,data/summaries/K100265.pdf
K100269,200,data/summaries/K100269.pdf
K100271,200,data/summaries/K100271.pdf
K100297,200,data/summaries/K100297.pdf
K100305,200,data/summaries/K100305.pdf
K100312,200,data/summaries/K100312.pdf
K100325,200,data/summaries/K100325.pdf
K100354,200,data/summaries/K100354.pdf
K100359,200,data/summaries/K100359.pdf
K100361,200,data/summaries/K100361.pdf
K100370,200,data/summaries/K100370.pdf
K100373,200,data/summaries/K100373.pdf
K100377,200,data/summaries/K100377.pdf
K100391,200,data/summaries/K100391.pdf
K100404,200,data/summaries/K100404.pdf
K100407,200,data/summaries/K100407.pdf
K100409,200,data/summaries/K100409.pdf
K100412,200,data/summaries/K100412.pdf
K100414,200,data/summaries/K100414.pdf
K100438,200,data/summaries/K100438.pdf
K100445,200,data/summaries/K100445.pdf
K100448,200,data/summaries/K100448.pdf
K100457,200,data/summaries/K100457.pdf
K100475,200,data/summaries/K100475.pdf
K100479,200,data/summaries/K100479.pdf
K100481,200,data/summaries/K100481.pdf
K100484,404,
K100497,200,data/summaries/K100497.pdf
K100502,404,
K100516,200,data/summaries/K100516.pdf
K100532,200,data/summaries/K100532.pdf
K100544,200,data/summaries/K100544.pdf
K100555,200,data/summaries/K100555.pdf
K100562,200,data/summaries/K100562.pdf
K100575,200,data/summaries/K100575.pdf
K100579,200,data/summaries/K100579.pdf
K100604,200,data/summaries/K100604.pdf
K100605,200,data/summaries/K100605.pdf
K100614,200,data/summaries/K100614.pdf
K100618,200,data/summaries/K100618.pdf
K100623,200,data/summaries/K100623.pdf
K100630,200,data/summaries/K100630.pdf
K100634,200,data/summaries/K100634.pdf
K100652,200,data/summaries/K100652.pdf
K100676,200,data/summaries/K100676.pdf
K100685,200,data/summaries/K100685.pdf
K100698,200,data/summaries/K100698.pdf
K100706,200,data/summaries/K100706.pdf
K100708,200,data/summaries/K100708.pdf
K100721,200,data/summaries/K100721.pdf
K100736,200,data/summaries/K100736.pdf
K100737,200,data/summaries/K100737.pdf
K100741,200,data/summaries/K100741.pdf
K100743,200,data/summaries/K100743.pdf
K100757,200,data/summaries/K100757.pdf
K100761,200,data/summaries/K100761.pdf
K100765,200,data/summaries/K100765.pdf
K100776,200,data/summaries/K100776.pdf
K100788,200,data/summaries/K100788.pdf
K100795,200,data/summaries/K100795.pdf
K100802,200,data/summaries/K100802.pdf
K100805,200,data/summaries/K100805.pdf
K100820,200,data/summaries/K100820.pdf
K100841,200,data/summaries/K100841.pdf
K100845,200,data/summaries/K100845.pdf
K100851,200,data/summaries/K100851.pdf
K100857,200,data/summaries/K100857.pdf
K100858,200,data/summaries/K100858.pdf
K100865,200,data/summaries/K100865.pdf
K100866,200,data/summaries/K100866.pdf
K100886,200,data/summaries/K100886.pdf
K100888,200,data/summaries/K100888.pdf
K100889,200,data/summaries/K100889.pdf
K100897,200,data/summaries/K100897.pdf
K100900,200,data/summaries/K100900.pdf
K100925,200,data/summaries/K100925.pdf
K100926,200,data/summaries/K100926.pdf
K100933,200,data/summaries/K100933.pdf
K100935,200,data/summaries/K100935.pdf
K100944,200,data/summaries/K100944.pdf
K100945,200,data/summaries/K100945.pdf
K100952,200,data/summaries/K100952.pdf
K100956,200,data/summaries/K100956.pdf
K100967,200,data/summaries/K100967.pdf
K100970,200,data/summaries/K100970.pdf
K100973,200,data/summaries/K100973.pdf
K100976,200,data/summaries/K100976.pdf
K100981,200,data/summaries/K100981.pdf
K100986,200,data/summaries/K100986.pdf
K101030,200,data/summaries/K101030.pdf
K101032,200,data/summaries/K101032.pdf
K101051,200,data/summaries/K101051.pdf
K101056,200,data/summaries/K101056.pdf
K101063,200,data/summaries/K101063.pdf
K101070,200,data/summaries/K101070.pdf
K101072,200,data/summaries/K101072.pdf
K101074,200,data/summaries/K101074.pdf
K101083,200,data/summaries/K101083.pdf
K101084,200,data/summaries/K101084.pdf
K101085,200,data/summaries/K101085.pdf
K101100,200,data/summaries/K101100.pdf
K101112,200,data/summaries/K101112.pdf
K101126,200,data/summaries/K101126.pdf
K101144,200,data/summaries/K101144.pdf
K101151,200,data/summaries/K101151.pdf
K101165,200,data/summaries/K101165.pdf
K101170,200,data/summaries/K101170.pdf
K101171,200,data/summaries/K101171.pdf
K101175,200,data/summaries/K101175.pdf
K101183,200,data/summaries/K101183.pdf
K101184,200,data/summaries/K101184.pdf
K101206,200,data/summaries/K101206.pdf
K101229,200,data/summaries/K101229.pdf
K101240,200,data/summaries/K101240.pdf
K101254,200,data/summaries/K101254.pdf
K101255,200,data/summaries/K101255.pdf
K101263,200,data/summaries/K101263.pdf
K101278,200,data/summaries/K101278.pdf
K101281,404,
K101288,200,data/summaries/K101288.pdf
K101296,404,
K101301,200,data/summaries/K101301.pdf
K101302,200,data/summaries/K101302.pdf
K101310,200,data/summaries/K101310.pdf
K101336,200,data/summaries/K101336.pdf
K101338,200,data/summaries/K101338.pdf
K101353,200,data/summaries/K101353.pdf
K101356,200,data/summaries/K101356.pdf
K101363,200,data/summaries/K101363.pdf
K101374,200,data/summaries/K101374.pdf
K101375,200,data/summaries/K101375.pdf
K101400,404,
K101421,200,data/summaries/K101421.pdf
K101433,200,data/summaries/K101433.pdf
K101437,200,data/summaries/K101437.pdf
K101438,200,data/summaries/K101438.pdf
K101446,404,
K101448,200,data/summaries/K101448.pdf
K101451,200,data/summaries/K101451.pdf
K101459,200,data/summaries/K101459.pdf
K101471,200,data/summaries/K101471.pdf
K101472,200,data/summaries/K101472.pdf
K101484,200,data/summaries/K101484.pdf
K101499,200,data/summaries/K101499.pdf
K101525,200,data/summaries/K101525.pdf
K101536,200,data/summaries/K101536.pdf
K101557,200,data/summaries/K101557.pdf
K101575,200,data/summaries/K101575.pdf
K101588,200,data/summaries/K101588.pdf
K101616,200,data/summaries/K101616.pdf
K101622,200,data/summaries/K101622.pdf
K101670,200,data/summaries/K101670.pdf
K101678,200,data/summaries/K101678.pdf
K101679,200,data/summaries/K101679.pdf
K101682,200,data/summaries/K101682.pdf
K101696,200,data/summaries/K101696.pdf
K101700,200,data/summaries/K101700.pdf
K101704,200,data/summaries/K101704.pdf
K101720,200,data/summaries/K101720.pdf
K101730,200,data/summaries/K101730.pdf
K101759,404,
K101761,200,data/summaries/K101761.pdf
K101772,200,data/summaries/K101772.pdf
K101790,200,data/summaries/K101790.pdf
K101808,200,data/summaries/K101808.pdf
K101812,200,data/summaries/K101812.pdf
K101815,200,data/summaries/K101815.pdf
K101818,200,data/summaries/K101818.pdf
K101823,200,data/summaries/K101823.pdf
K101837,404,
K101848,200,data/summaries/K101848.pdf
K101860,200,data/summaries/K101860.pdf
K101886,200,data/summaries/K101886.pdf
K101909,200,data/summaries/K101909.pdf
K101923,200,data/summaries/K101923.pdf
K101930,200,data/summaries/K101930.pdf
K101933,404,
K101934,200,data/summaries/K101934.pdf
K101936,200,data/summaries/K101936.pdf
K101939,200,data/summaries/K101939.pdf
K101962,200,data/summaries/K101962.pdf
K101971,200,data/summaries/K101971.pdf
K101976,200,data/summaries/K101976.pdf
K101981,404,
K101993,200,data/summaries/K101993.pdf
K101994,200,data/summaries/K101994.pdf
K101996,200,data/summaries/K101996.pdf
K101997,200,data/summaries/K101997.pdf
K102019,200,data/summaries/K102019.pdf
K102020,200,data/summaries/K102020.pdf
K102057,200,data/summaries/K102057.pdf
K102067,200,data/summaries/K102067.pdf
K102069,200,data/summaries/K102069.pdf
K102072,200,data/summaries/K102072.pdf
K102080,200,data/summaries/K102080.pdf
K102090,200,data/summaries/K102090.pdf
K102095,200,data/summaries/K102095.pdf
K102107,200,data/summaries/K102107.pdf
K102121,200,data/summaries/K102121.pdf
K102125,200,data/summaries/K102125.pdf
K102143,200,data/summaries/K102143.pdf
K102156,200,data/summaries/K102156.pdf
K102162,200,data/summaries/K102162.pdf
K102172,200,data/summaries/K102172.pdf
K102180,200,data/summaries/K102180.pdf
K102195,200,data/summaries/K102195.pdf
K102201,200,data/summaries/K102201.pdf
K102204,200,data/summaries/K102204.pdf
K102215,200,data/summaries/K102215.pdf
K102235,200,data/summaries/K102235.pdf
K102248,200,data/summaries/K102248.pdf
K102249,200,data/summaries/K102249.pdf
K102262,200,data/summaries/K102262.pdf
K102265,200,data/summaries/K102265.pdf
K102277,200,data/summaries/K102277.pdf
K102282,200,data/summaries/K102282.pdf
K102293,200,data/summaries/K102293.pdf
K102298,200,data/summaries/K102298.pdf
K102313,200,data/summaries/K102313.pdf
K102315,200,data/summaries/K102315.pdf
K102322,200,data/summaries/K102322.pdf
K102323,200,data/summaries/K102323.pdf
K102324,200,data/summaries/K102324.pdf
K102326,200,data/summaries/K102326.pdf
K102331,200,data/summaries/K102331.pdf
K102334,200,data/summaries/K102334.pdf
K102343,200,data/summaries/K102343.pdf
K102352,200,data/summaries/K102352.pdf
K102367,200,data/summaries/K102367.pdf
K102369,200,data/summaries/K102369.pdf
K102370,200,data/summaries/K102370.pdf
K102380,200,data/summaries/K102380.pdf
K102387,200,data/summaries/K102387.pdf
K102392,200,data/summaries/K102392.pdf
K102397,200,data/summaries/K102397.pdf
K102399,200,data/summaries/K102399.pdf
K102401,200,data/summaries/K102401.pdf
K102402,200,data/summaries/K102402.pdf
K102406,200,data/summaries/K102406.pdf
K102410,200,data/summaries/K102410.pdf
K102413,200,data/summaries/K102413.pdf
K102423,200,data/summaries/K102423.pdf
K102424,200,data/summaries/K102424.pdf
K102429,200,data/summaries/K102429.pdf
K102437,200,data/summaries/K102437.pdf
K102443,200,data/summaries/K102443.pdf
K102449,200,data/summaries/K102449.pdf
K102458,200,data/summaries/K102458.pdf
K102487,200,data/summaries/K102487.pdf
K102488,200,data/summaries/K102488.pdf
K102505,200,data/summaries/K102505.pdf
K102514,200,data/summaries/K102514.pdf
K102528,200,data/summaries/K102528.pdf
K102537,200,data/summaries/K102537.pdf
K102539,200,data/summaries/K102539.pdf
K102545,200,data/summaries/K102545.pdf
K102547,200,data/summaries/K102547.pdf
K102555,200,data/summaries/K102555.pdf
K102574,200,data/summaries/K102574.pdf
K102577,200,data/summaries/K102577.pdf
K102578,200,data/summaries/K102578.pdf
K102580,200,data/summaries/K102580.pdf
K102597,200,data/summaries/K102597.pdf
K102601,200,data/summaries/K102601.pdf
K102606,200,data/summaries/K102606.pdf
K102636,200,data/summaries/K102636.pdf
K102660,200,data/summaries/K102660.pdf
K102670,200,data/summaries/K102670.pdf
K102682,404,
K102688,200,data/summaries/K102688.pdf
K102689,200,data/summaries/K102689.pdf
K102694,200,data/summaries/K102694.pdf
K102701,200,data/summaries/K102701.pdf
K102722,200,data/summaries/K102722.pdf
K102738,200,data/summaries/K102738.pdf
K102777,200,data/summaries/K102777.pdf
K102785,200,data/summaries/K102785.pdf
K102795,200,data/summaries/K102795.pdf
K102807,200,data/summaries/K102807.pdf
K102820,200,data/summaries/K102820.pdf
K102834,200,data/summaries/K102834.pdf
K102843,200,data/summaries/K102843.pdf
K102845,200,data/summaries/K102845.pdf
K102853,200,data/summaries/K102853.pdf
K102870,200,data/summaries/K102870.pdf
K102885,200,data/summaries/K102885.pdf
K102886,200,data/summaries/K102886.pdf
K102896,200,data/summaries/K102896.pdf
K102903,200,data/summaries/K102903.pdf
K102907,200,data/summaries/K102907.pdf
K102924,200,data/summaries/K102924.pdf
K102927,200,data/summaries/K102927.pdf
K102937,200,data/summaries/K102937.pdf
K102951,200,data/summaries/K102951.pdf
K102957,200,data/summaries/K102957.pdf
K102975,200,data/summaries/K102975.pdf
K102982,200,data/summaries/K102982.pdf
K102992,200,data/summaries/K102992.pdf
K102995,200,data/summaries/K102995.pdf
K102998,200,data/summaries/K102998.pdf
K103001,200,data/summaries/K103001.pdf
K103002,200,data/summaries/K103002.pdf
K103007,200,data/summaries/K103007.pdf
K103012,200,data/summaries/K103012.pdf
K103015,200,data/summaries/K103015.pdf
K103033,200,data/summaries/K103033.pdf
K103034,200,data/summaries/K103034.pdf
K103036,200,data/summaries/K103036.pdf
K103040,200,data/summaries/K103040.pdf
K103049,200,data/summaries/K103049.pdf
K103060,200,data/summaries/K103060.pdf
K103064,200,data/summaries/K103064.pdf
K103068,200,data/summaries/K103068.pdf
K103070,200,data/summaries/K103070.pdf
K103072,200,data/summaries/K103072.pdf
K103085,200,data/summaries/K103085.pdf
K103091,200,data/summaries/K103091.pdf
K103100,200,data/summaries/K103100.pdf
K103102,200,data/summaries/K103102.pdf
K103104,200,data/summaries/K103104.pdf
K103111,200,data/summaries/K103111.pdf
K103117,200,data/summaries/K103117.pdf
K103120,200,data/summaries/K103120.pdf
K103124,200,data/summaries/K103124.pdf
K103133,200,data/summaries/K103133.pdf
K103137,200,data/summaries/K103137.pdf
K103145,200,data/summaries/K103145.pdf
K103147,200,data/summaries/K103147.pdf
K103169,200,data/summaries/K103169.pdf
K103170,200,data/summaries/K103170.pdf
K103173,200,data/summaries/K103173.pdf
K103183,200,data/summaries/K103183.pdf
K103189,200,data/summaries/K103189.pdf
K103205,200,data/summaries/K103205.pdf
K103208,200,data/summaries/K103208.pdf
K103223,200,data/summaries/K103223.pdf
K103228,404,
K103232,200,data/summaries/K103232.pdf
K103233,200,data/summaries/K103233.pdf
K103237,200,data/summaries/K103237.pdf
K103243,200,data/summaries/K103243.pdf
K103251,200,data/summaries/K103251.pdf
K103256,200,data/summaries/K103256.pdf
K103262,200,data/summaries/K103262.pdf
K103272,200,data/summaries/K103272.pdf
K103284,200,data/summaries/K103284.pdf
K103287,200,data/summaries/K103287.pdf
K103292,200,data/summaries/K103292.pdf
K103297,200,data/summaries/K103297.pdf
K103309,200,data/summaries/K103309.pdf
K103320,200,data/summaries/K103320.pdf
K103332,200,data/summaries/K103332.pdf
K103352,200,data/summaries/K103352.pdf
K103369,200,data/summaries/K103369.pdf
K103374,200,data/summaries/K103374.pdf
K103382,200,data/summaries/K103382.pdf
K103383,200,data/summaries/K103383.pdf
K103384,200,data/summaries/K103384.pdf
K103393,200,data/summaries/K103393.pdf
K103404,200,data/summaries/K103404.pdf
K103408,200,data/summaries/K103408.pdf
K103414,200,data/summaries/K103414.pdf
K103419,200,data/summaries/K103419.pdf
K103423,200,data/summaries/K103423.pdf
K103431,200,data/summaries/K103431.pdf
K103433,200,data/summaries/K103433.pdf
K103440,200,data/summaries/K103440.pdf
K103466,200,data/summaries/K103466.pdf
K103479,200,data/summaries/K103479.pdf
K103488,200,data/summaries/K103488.pdf
K103490,200,data/summaries/K103490.pdf
K103491,200,data/summaries/K103491.pdf
K103497,404,
K103505,200,data/summaries/K103505.pdf
K103513,200,data/summaries/K103513.pdf
K103517,200,data/summaries/K103517.pdf
K103518,200,data/summaries/K103518.pdf
K103533,200,data/summaries/K103533.pdf
K103573,200,data/summaries/K103573.pdf
K103598,200,data/summaries/K103598.pdf
K103623,200,data/summaries/K103623.pdf
K103655,200,data/summaries/K103655.pdf
K103660,200,data/summaries/K103660.pdf
K103662,200,data/summaries/K103662.pdf
K103666,200,data/summaries/K103666.pdf
K103671,200,data/summaries/K103671.pdf
K103705,200,data/summaries/K103705.pdf
K103712,200,data/summaries/K103712.pdf
K103721,200,data/summaries/K103721.pdf
K103729,200,data/summaries/K103729.pdf
K103731,200,data/summaries/K103731.pdf
K103733,200,data/summaries/K103733.pdf
K103742,200,data/summaries/K103742.pdf
K103743,200,data/summaries/K103743.pdf
K103748,200,data/summaries/K103748.pdf
K103750,200,data/summaries/K103750.pdf
K103756,200,data/summaries/K103756.pdf
K103784,200,data/summaries/K103784.pdf
K103795,200,data/summaries/K103795.pdf
K103797,200,data/summaries/K103797.pdf
K103799,200,data/summaries/K103799.pdf
K103807,200,data/summaries/K103807.pdf
K103814,200,data/summaries/K103814.pdf
K103816,200,data/summaries/K103816.pdf
K103819,200,data/summaries/K103819.pdf
K103831,200,data/summaries/K103831.pdf
K103835,200,data/summaries/K103835.pdf
K103837,200,data/summaries/K103837.pdf
K103838,200,data/summaries/K103838.pdf
K110003,200,data/summaries/K110003.pdf
K110039,200,data/summaries/K110039.pdf
K110045,200,data/summaries/K110045.pdf
K110046,200,data/summaries/K110046.pdf
K110047,200,data/summaries/K110047.pdf
K110063,200,data/summaries/K110063.pdf
K110067,200,data/summaries/K110067.pdf
K110069,200,data/summaries/K110069.pdf
K110070,200,data/summaries/K110070.pdf
K110086,200,data/summaries/K110086.pdf
K110087,200,data/summaries/K110087.pdf
K110101,200,data/summaries/K110101.pdf
K110123,200,data/summaries/K110123.pdf
K110125,200,data/summaries/K110125.pdf
K110135,200,data/summaries/K110135.pdf
K110145,200,data/summaries/K110145.pdf
K110153,200,data/summaries/K110153.pdf
K110164,200,data/summaries/K110164.pdf
K110176,200,data/summaries/K110176.pdf
K110177,200,data/summaries/K110177.pdf
K110183,200,data/summaries/K110183.pdf
K110197,200,data/summaries/K110197.pdf
K110201,200,data/summaries/K110201.pdf
K110216,200,data/summaries/K110216.pdf
K110226,200,data/summaries/K110226.pdf
K110229,200,data/summaries/K110229.pdf
K110230,200,data/summaries/K110230.pdf
K110245,200,data/summaries/K110245.pdf
K110270,200,data/summaries/K110270.pdf
K110271,200,data/summaries/K110271.pdf
K110280,200,data/summaries/K110280.pdf
K110283,200,data/summaries/K110283.pdf
K110284,200,data/summaries/K110284.pdf
K110290,200,data/summaries/K110290.pdf
K110320,200,data/summaries/K110320.pdf
K110321,200,data/summaries/K110321.pdf
K110322,200,data/summaries/K110322.pdf
K110327,200,data/summaries/K110327.pdf
K110348,200,data/summaries/K110348.pdf
K110353,200,data/summaries/K110353.pdf
K110354,200,data/summaries/K110354.pdf
K110360,200,data/summaries/K110360.pdf
K110362,200,data/summaries/K110362.pdf
K110367,200,data/summaries/K110367.pdf
K110368,200,data/summaries/K110368.pdf
K110397,200,data/summaries/K110397.pdf
K110404,200,data/summaries/K110404.pdf
K110415,200,data/summaries/K110415.pdf
K110426,200,data/summaries/K110426.pdf
K110442,200,data/summaries/K110442.pdf
K110445,200,data/summaries/K110445.pdf
K110454,200,data/summaries/K110454.pdf
K110472,200,data/summaries/K110472.pdf
K110473,200,data/summaries/K110473.pdf
K110476,200,data/summaries/K110476.pdf
K110497,200,data/summaries/K110497.pdf
K110512,200,data/summaries/K110512.pdf
K110522,200,data/summaries/K110522.pdf
K110533,200,data/summaries/K110533.pdf
K110538,200,data/summaries/K110538.pdf
K110541,200,data/summaries/K110541.pdf
K110542,200,data/summaries/K110542.pdf
K110543,200,data/summaries/K110543.pdf
K110545,200,data/summaries/K110545.pdf
K110547,200,data/summaries/K110547.pdf
K110551,200,data/summaries/K110551.pdf
K110552,200,data/summaries/K110552.pdf
K110555,200,data/summaries/K110555.pdf
K110561,200,data/summaries/K110561.pdf
K110562,200,data/summaries/K110562.pdf
K110574,200,data/summaries/K110574.pdf
K110585,200,data/summaries/K110585.pdf
K110588,404,
K110592,200,data/summaries/K110592.pdf
K110598,200,data/summaries/K110598.pdf
K110599,200,data/summaries/K110599.pdf
K110604,200,data/summaries/K110604.pdf
K110632,200,data/summaries/K110632.pdf
K110633,200,data/summaries/K110633.pdf
K110650,200,data/summaries/K110650.pdf
K110655,200,data/summaries/K110655.pdf
K110658,200,data/summaries/K110658.pdf
K110659,200,data/summaries/K110659.pdf
K110660,200,data/summaries/K110660.pdf
K110662,200,data/summaries/K110662.pdf
K110670,200,data/summaries/K110670.pdf
K110676,200,data/summaries/K110676.pdf
K110679,200,data/summaries/K110679.pdf
K110692,200,data/summaries/K110692.pdf
K110694,200,data/summaries/K110694.pdf
K110700,200,data/summaries/K110700.pdf
K110706,200,data/summaries/K110706.pdf
K110708,200,data/summaries/K110708.pdf
K110733,200,data/summaries/K110733.pdf
K110763,200,data/summaries/K110763.pdf
K110773,200,data/summaries/K110773.pdf
K110781,200,data/summaries/K110781.pdf
K110783,200,data/summaries/K110783.pdf
K110787,200,data/summaries/K110787.pdf
K110789,200,data/summaries/K110789.pdf
K110791,200,data/summaries/K110791.pdf
K110800,200,data/summaries/K110800.pdf
K110805,200,data/summaries/K110805.pdf
K110807,200,data/summaries/K110807.pdf
K110837,200,data/summaries/K110837.pdf
K110838,200,data/summaries/K110838.pdf
K110842,200,data/summaries/K110842.pdf
K110843,200,data/summaries/K110843.pdf
K110847,200,data/summaries/K110847.pdf
K110864,200,data/summaries/K110864.pdf
K110865,200,data/summaries/K110865.pdf
K110879,200,data/summaries/K110879.pdf
K110895,200,data/summaries/K110895.pdf
K110896,200,data/summaries/K110896.pdf
K110905,200,data/summaries/K110905.pdf
K110906,200,data/summaries/K110906.pdf
K110908,200,data/summaries/K110908.pdf
K110915,200,data/summaries/K110915.pdf
K110925,200,data/summaries/K110925.pdf
K110927,200,data/summaries/K110927.pdf
K110933,200,data/summaries/K110933.pdf
K110940,200,data/summaries/K110940.pdf
K110947,200,data/summaries/K110947.pdf
K110949,200,data/summaries/K110949.pdf
K110950,200,data/summaries/K110950.pdf
K110959,200,data/summaries/K110959.pdf
K110963,200,data/summaries/K110963.pdf
K110965,200,data/summaries/K110965.pdf
K110976,200,data/summaries/K110976.pdf
K110990,200,data/summaries/K110990.pdf
K110991,200,data/summaries/K110991.pdf
K110998,200,data/summaries/K110998.pdf
K111000,200,data/summaries/K111000.pdf
K111001,200,data/summaries/K111001.pdf
K111008,200,data/summaries/K111008.pdf
K111018,200,data/summaries/K111018.pdf
K111025,200,data/summaries/K111025.pdf
K111032,200,data/summaries/K111032.pdf
K111039,200,data/summaries/K111039.pdf
K111041,200,data/summaries/K111041.pdf
K111044,200,data/summaries/K111044.pdf
K111046,404,
K111056,200,data/summaries/K111056.pdf
K111061,200,data/summaries/K111061.pdf
K111062,200,data/summaries/K111062.pdf
K111068,200,data/summaries/K111068.pdf
K111076,200,data/summaries/K111076.pdf
K111077,200,data/summaries/K111077.pdf
K111086,200,data/summaries/K111086.pdf
K111097,200,data/summaries/K111097.pdf
K111099,200,data/summaries/K111099.pdf
K111115,200,data/summaries/K111115.pdf
K111119,200,data/summaries/K111119.pdf
K111122,200,data/summaries/K111122.pdf
K111123,200,data/summaries/K111123.pdf
K111127,200,data/summaries/K111127.pdf
K111132,200,data/summaries/K111132.pdf
K111135,200,data/summaries/K111135.pdf
K111136,200,data/summaries/K111136.pdf
K111145,200,data/summaries/K111145.pdf
K111155,200,data/summaries/K111155.pdf
K111166,200,data/summaries/K111166.pdf
K111183,200,data/summaries/K111183.pdf
K111184,200,data/summaries/K111184.pdf
K111193,200,data/summaries/K111193.pdf
K111212,200,data/summaries/K111212.pdf
K111230,200,data/summaries/K111230.pdf
K111232,200,data/summaries/K111232.pdf
K111253,200,data/summaries/K111253.pdf
K111264,200,data/summaries/K111264.pdf
K111265,200,data/summaries/K111265.pdf
K111266,200,data/summaries/K111266.pdf
K111272,200,data/summaries/K111272.pdf
K111283,200,data/summaries/K111283.pdf
K111294,200,data/summaries/K111294.pdf
K111301,200,data/summaries/K111301.pdf
K111316,200,data/summaries/K111316.pdf
K111326,200,data/summaries/K111326.pdf
K111352,200,data/summaries/K111352.pdf
K111354,200,data/summaries/K111354.pdf
K111358,200,data/summaries/K111358.pdf
K111362,200,data/summaries/K111362.pdf
K111370,200,data/summaries/K111370.pdf
K111376,200,data/summaries/K111376.pdf
K111379,200,data/summaries/K111379.pdf
K111397,200,data/summaries/K111397.pdf
K111399,200,data/summaries/K111399.pdf
K111400,200,data/summaries/K111400.pdf
K111410,200,data/summaries/K111410.pdf
K111418,200,data/summaries/K111418.pdf
K111419,200,data/summaries/K111419.pdf
K111432,200,data/summaries/K111432.pdf
K111433,200,data/summaries/K111433.pdf
K111439,200,data/summaries/K111439.pdf
K111444,200,data/summaries/K111444.pdf
K111447,200,data/summaries/K111447.pdf
K111448,200,data/summaries/K111448.pdf
K111449,200,data/summaries/K111449.pdf
K111457,200,data/summaries/K111457.pdf
K111469,200,data/summaries/K111469.pdf
K111471,200,data/summaries/K111471.pdf
K111472,200,data/summaries/K111472.pdf
K111478,200,data/summaries/K111478.pdf
K111479,200,data/summaries/K111479.pdf
K111481,200,data/summaries/K111481.pdf
K111484,200,data/summaries/K111484.pdf
K111492,200,data/summaries/K111492.pdf
K111502,200,data/summaries/K111502.pdf
K111510,200,data/summaries/K111510.pdf
K111512,200,data/summaries/K111512.pdf
K111525,200,data/summaries/K111525.pdf
K111528,200,data/summaries/K111528.pdf
K111536,200,data/summaries/K111536.pdf
K111540,200,data/summaries/K111540.pdf
K111546,200,data/summaries/K111546.pdf
K111550,200,data/summaries/K111550.pdf
K111553,200,data/summaries/K111553.pdf
K111564,200,data/summaries/K111564.pdf
K111569,200,data/summaries/K111569.pdf
K111571,200,data/summaries/K111571.pdf
K111572,200,data/summaries/K111572.pdf
K111590,200,data/summaries/K111590.pdf
K111593,200,data/summaries/K111593.pdf
K111596,200,data/summaries/K111596.pdf
K111608,200,data/summaries/K111608.pdf
K111620,200,data/summaries/K111620.pdf
K111626,200,data/summaries/K111626.pdf
K111629,200,data/summaries/K111629.pdf
K111631,200,data/summaries/K111631.pdf
K111634,200,data/summaries/K111634.pdf
K111635,200,data/summaries/K111635.pdf
K111661,200,data/summaries/K111661.pdf
K111663,200,data/summaries/K111663.pdf
K111667,200,data/summaries/K111667.pdf
K111675,200,data/summaries/K111675.pdf
K111678,200,data/summaries/K111678.pdf
K111690,200,data/summaries/K111690.pdf
K111711,200,data/summaries/K111711.pdf
K111716,200,data/summaries/K111716.pdf
K111719,200,data/summaries/K111719.pdf
K111726,200,data/summaries/K111726.pdf
K111729,200,data/summaries/K111729.pdf
K111735,200,data/summaries/K111735.pdf
K111746,200,data/summaries/K111746.pdf
K111774,200,data/summaries/K111774.pdf
K111779,200,data/summaries/K111779.pdf
K111785,404,
K111786,200,data/summaries/K111786.pdf
K111792,200,data/summaries/K111792.pdf
K111796,200,data/summaries/K111796.pdf
K111799,200,data/summaries/K111799.pdf
K111801,200,data/summaries/K111801.pdf
K111820,200,data/summaries/K111820.pdf
K111834,200,data/summaries/K111834.pdf
K111835,200,data/summaries/K111835.pdf
K111838,200,data/summaries/K111838.pdf
K111848,200,data/summaries/K111848.pdf
K111863,200,data/summaries/K111863.pdf
K111866,200,data/summaries/K111866.pdf
K111880,200,data/summaries/K111880.pdf
K111883,200,data/summaries/K111883.pdf
K111891,200,data/summaries/K111891.pdf
K111902,200,data/summaries/K111902.pdf
K111908,200,data/summaries/K111908.pdf
K111911,200,data/summaries/K111911.pdf
K111913,200,data/summaries/K111913.pdf
K111916,200,data/summaries/K111916.pdf
K111936,200,data/summaries/K111936.pdf
K111940,200,data/summaries/K111940.pdf
K111942,200,data/summaries/K111942.pdf
K111944,200,data/summaries/K111944.pdf
K111953,200,data/summaries/K111953.pdf
K111957,200,data/summaries/K111957.pdf
K111965,200,data/summaries/K111965.pdf
K111970,200,data/summaries/K111970.pdf
K111971,200,data/summaries/K111971.pdf
K111981,200,data/summaries/K111981.pdf
K111983,200,data/summaries/K111983.pdf
K111993,200,data/summaries/K111993.pdf
K111994,200,data/summaries/K111994.pdf
K111995,200,data/summaries/K111995.pdf
K112014,200,data/summaries/K112014.pdf
K112019,200,data/summaries/K112019.pdf
K112025,200,data/summaries/K112025.pdf
K112028,200,data/summaries/K112028.pdf
K112030,200,data/summaries/K112030.pdf
K112036,200,data/summaries/K112036.pdf
K112037,200,data/summaries/K112037.pdf
K112040,200,data/summaries/K112040.pdf
K112059,200,data/summaries/K112059.pdf
K112068,200,data/summaries/K112068.pdf
K112069,200,data/summaries/K112069.pdf
K112085,200,data/summaries/K112085.pdf
K112091,200,data/summaries/K112091.pdf
K112095,200,data/summaries/K112095.pdf
K112108,200,data/summaries/K112108.pdf
K112111,200,data/summaries/K112111.pdf
K112115,200,data/summaries/K112115.pdf
K112144,200,data/summaries/K112144.pdf
K112158,200,data/summaries/K112158.pdf
K112169,200,data/summaries/K112169.pdf
K112174,200,data/summaries/K112174.pdf
K112193,200,data/summaries/K112193.pdf
K112197,200,data/summaries/K112197.pdf
K112206,200,data/summaries/K112206.pdf
K112218,200,data/summaries/K112218.pdf
K112237,200,data/summaries/K112237.pdf
K112240,200,data/summaries/K112240.pdf
K112249,200,data/summaries/K112249.pdf
K112254,200,data/summaries/K112254.pdf
K112278,200,data/summaries/K112278.pdf
K112285,200,data/summaries/K112285.pdf
K112296,200,data/summaries/K112296.pdf
K112301,200,data/summaries/K112301.pdf
K112316,200,data/summaries/K112316.pdf
K112345,404,
K112359,200,data/summaries/K112359.pdf
K112361,404,
K112383,200,data/summaries/K112383.pdf
K112388,200,data/summaries/K112388.pdf
K112405,200,data/summaries/K112405.pdf
K112406,200,data/summaries/K112406.pdf
K112417,200,data/summaries/K112417.pdf
K112429,200,data/summaries/K112429.pdf
K112437,200,data/summaries/K112437.pdf
K112438,200,data/summaries/K112438.pdf
K112444,200,data/summaries/K112444.pdf
K112453,200,data/summaries/K112453.pdf
K112455,200,data/summaries/K112455.pdf
K112459,200,data/summaries/K112459.pdf
K112463,200,data/summaries/K112463.pdf
K112470,200,data/summaries/K112470.pdf
K112473,200,data/summaries/K112473.pdf
K112481,200,data/summaries/K112481.pdf
K112484,200,data/summaries/K112484.pdf
K112493,200,data/summaries/K112493.pdf
K112496,200,data/summaries/K112496.pdf
K112509,200,data/summaries/K112509.pdf
K112526,200,data/summaries/K112526.pdf
K112533,200,data/summaries/K112533.pdf
K112551,200,data/summaries/K112551.pdf
K112555,200,data/summaries/K112555.pdf
K112556,200,data/summaries/K112556.pdf
K112560,200,data/summaries/K112560.pdf
K112561,200,data/summaries/K112561.pdf
K112583,200,data/summaries/K112583.pdf
K112592,200,data/summaries/K112592.pdf
K112595,200,data/summaries/K112595.pdf
K112607,200,data/summaries/K112607.pdf
K112611,200,data/summaries/K112611.pdf
K112615,200,data/summaries/K112615.pdf
K112643,200,data/summaries/K112643.pdf
K112648,200,data/summaries/K112648.pdf
K112658,200,data/summaries/K112658.pdf
K112663,200,data/summaries/K112663.pdf
K112664,200,data/summaries/K112664.pdf
K112672,200,data/summaries/K112672.pdf
K112675,200,data/summaries/K112675.pdf
K112682,200,data/summaries/K112682.pdf
K112684,200,data/summaries/K112684.pdf
K112689,200,data/summaries/K112689.pdf
K112696,200,data/summaries/K112696.pdf
K112700,200,data/summaries/K112700.pdf
K112724,200,data/summaries/K112724.pdf
K112727,200,data/summaries/K112727.pdf
K112736,200,data/summaries/K112736.pdf
K112737,200,data/summaries/K112737.pdf
K112748,200,data/summaries/K112748.pdf
K112756,200,data/summaries/K112756.pdf
K112757,200,data/summaries/K112757.pdf
K112759,200,data/summaries/K112759.pdf
K112772,200,data/summaries/K112772.pdf
K112773,200,data/summaries/K112773.pdf
K112779,200,data/summaries/K112779.pdf
K112780,200,data/summaries/K112780.pdf
K112794,200,data/summaries/K112794.pdf
K112798,200,data/summaries/K112798.pdf
K112801,200,data/summaries/K112801.pdf
K112802,200,data/summaries/K112802.pdf
K112809,200,data/summaries/K112809.pdf
K112814,200,data/summaries/K112814.pdf
K112819,200,data/summaries/K112819.pdf
K112837,200,data/summaries/K112837.pdf
K112857,200,data/summaries/K112857.pdf
K112861,200,data/summaries/K112861.pdf
K112862,200,data/summaries/K112862.pdf
K112876,200,data/summaries/K112876.pdf
K112885,200,data/summaries/K112885.pdf
K112891,200,data/summaries/K112891.pdf
K112897,200,data/summaries/K112897.pdf
K112898,200,data/summaries/K112898.pdf
K112900,200,data/summaries/K112900.pdf
K112905,200,data/summaries/K112905.pdf
K112906,200,data/summaries/K112906.pdf
K112907,200,data/summaries/K112907.pdf
K112920,200,data/summaries/K112920.pdf
K112923,200,data/summaries/K112923.pdf
K112926,200,data/summaries/K112926.pdf
K112931,200,data/summaries/K112931.pdf
K112941,200,data/summaries/K112941.pdf
K112960,200,data/summaries/K112960.pdf
K112965,200,data/summaries/K112965.pdf
K112982,200,data/summaries/K112982.pdf
K112983,200,data/summaries/K112983.pdf
K112986,200,data/summaries/K112986.pdf
K112990,200,data/summaries/K112990.pdf
K112991,200,data/summaries/K112991.pdf
K113006,200,data/summaries/K113006.pdf
K113012,200,data/summaries/K113012.pdf
K113014,200,data/summaries/K113014.pdf
K113030,200,data/summaries/K113030.pdf
K113038,200,data/summaries/K113038.pdf
K113039,200,data/summaries/K113039.pdf
K113044,200,data/summaries/K113044.pdf
K113048,200,data/summaries/K113048.pdf
K113058,200,data/summaries/K113058.pdf
K113060,200,data/summaries/K113060.pdf
K113069,200,data/summaries/K113069.pdf
K113084,200,data/summaries/K113084.pdf
K113106,200,data/summaries/K113106.pdf
K113107,200,data/summaries/K113107.pdf
K113109,200,data/summaries/K113109.pdf
K113121,200,data/summaries/K113121.pdf
K113122,200,data/summaries/K113122.pdf
K113138,200,data/summaries/K113138.pdf
K113149,200,data/summaries/K113149.pdf
K113154,200,data/summaries/K113154.pdf
K113157,200,data/summaries/K113157.pdf
K113167,200,data/summaries/K113167.pdf
K113170,200,data/summaries/K113170.pdf
K113173,200,data/summaries/K113173.pdf
K113174,200,data/summaries/K113174.pdf
K113218,200,data/summaries/K113218.pdf
K113219,200,data/summaries/K113219.pdf
K113242,200,data/summaries/K113242.pdf
K113252,200,data/summaries/K113252.pdf
K113254,200,data/summaries/K113254.pdf
K113270,200,data/summaries/K113270.pdf
K113274,200,data/summaries/K113274.pdf
K113285,200,data/summaries/K113285.pdf
K113294,200,data/summaries/K113294.pdf
K113296,200,data/summaries/K113296.pdf
K113297,200,data/summaries/K113297.pdf
K113299,200,data/summaries/K113299.pdf
K113309,200,data/summaries/K113309.pdf
K113318,200,data/summaries/K113318.pdf
K113320,200,data/summaries/K113320.pdf
K113324,200,data/summaries/K113324.pdf
K113325,200,data/summaries/K113325.pdf
K113327,200,data/summaries/K113327.pdf
K113329,200,data/summaries/K113329.pdf
K113339,200,data/summaries/K113339.pdf
K113346,200,data/summaries/K113346.pdf
K113348,200,data/summaries/K113348.pdf
K113361,200,data/summaries/K113361.pdf
K113364,200,data/summaries/K113364.pdf
K113366,200,data/summaries/K113366.pdf
K113369,200,data/summaries/K113369.pdf
K113378,200,data/summaries/K113378.pdf
K113383,200,data/summaries/K113383.pdf
K113395,200,data/summaries/K113395.pdf
K113396,200,data/summaries/K113396.pdf
K113399,200,data/summaries/K113399.pdf
K113405,200,data/summaries/K113405.pdf
K113409,200,data/summaries/K113409.pdf
K113413,200,data/summaries/K113413.pdf
K113434,200,data/summaries/K113434.pdf
K113447,200,data/summaries/K113447.pdf
K113452,200,data/summaries/K113452.pdf
K113465,200,data/summaries/K113465.pdf
K113477,200,data/summaries/K113477.pdf
K113478,200,data/summaries/K113478.pdf
K113482,200,data/summaries/K113482.pdf
K113509,200,data/summaries/K113509.pdf
K113518,200,data/summaries/K113518.pdf
K113523,200,data/summaries/K113523.pdf
K113527,200,data/summaries/K113527.pdf
K113528,200,data/summaries/K113528.pdf
K113529,200,data/summaries/K113529.pdf
K113534,200,data/summaries/K113534.pdf
K113540,200,data/summaries/K113540.pdf
K113550,200,data/summaries/K113550.pdf
K113556,200,data/summaries/K113556.pdf
K113559,200,data/summaries/K113559.pdf
K113561,200,data/summaries/K113561.pdf
K113571,200,data/summaries/K113571.pdf
K113591,200,data/summaries/K113591.pdf
K113593,200,data/summaries/K113593.pdf
K113601,200,data/summaries/K113601.pdf
K113602,200,data/summaries/K113602.pdf
K113609,200,data/summaries/K113609.pdf
K113625,200,data/summaries/K113625.pdf
K113642,200,data/summaries/K113642.pdf
K113648,200,data/summaries/K113648.pdf
K113652,200,data/summaries/K113652.pdf
K113654,200,data/summaries/K113654.pdf
K113666,200,data/summaries/K113666.pdf
K113695,200,data/summaries/K113695.pdf
K113718,200,data/summaries/K113718.pdf
K113728,200,data/summaries/K113728.pdf
K113733,200,data/summaries/K113733.pdf
K113742,200,data/summaries/K113742.pdf
K113752,200,data/summaries/K113752.pdf
K113755,200,data/summaries/K113755.pdf
K113756,200,data/summaries/K113756.pdf
K113760,200,data/summaries/K113760.pdf
K113762,200,data/summaries/K113762.pdf
K113770,200,data/summaries/K113770.pdf
K113781,404,
K113789,200,data/summaries/K113789.pdf
K113791,200,data/summaries/K113791.pdf
K113796,200,data/summaries/K113796.pdf
K113802,200,data/summaries/K113802.pdf
K113828,200,data/summaries/K113828.pdf
K113829,200,data/summaries/K113829.pdf
K113848,200,data/summaries/K113848.pdf
K113871,200,data/summaries/K113871.pdf
K120015,200,data/summaries/K120015.pdf
K120016,200,data/summaries/K120016.pdf
K120024,200,data/summaries/K120024.pdf
K120029,200,data/summaries/K120029.pdf
K120030,200,data/summaries/K120030.pdf
K120031,200,data/summaries/K120031.pdf
K120038,200,data/summaries/K120038.pdf
K120044,200,data/summaries/K120044.pdf
K120047,200,data/summaries/K120047.pdf
K120063,200,data/summaries/K120063.pdf
K120068,200,data/summaries/K120068.pdf
K120070,200,data/summaries/K120070.pdf
K120074,200,data/summaries/K120074.pdf
K120078,200,data/summaries/K120078.pdf
K120083,200,data/summaries/K120083.pdf
K120091,200,data/summaries/K120091.pdf
K120092,200,data/summaries/K120092.pdf
K120096,200,data/summaries/K120096.pdf
K120099,200,data/summaries/K120099.pdf
K120101,200,data/summaries/K120101.pdf
K120108,200,data/summaries/K120108.pdf
K120121,200,data/summaries/K120121.pdf
K120140,200,data/summaries/K120140.pdf
K120141,200,data/summaries/K120141.pdf
K120143,200,data/summaries/K120143.pdf
K120148,200,data/summaries/K120148.pdf
K120155,200,data/summaries/K120155.pdf
K120157,200,data/summaries/K120157.pdf
K120163,200,data/summaries/K120163.pdf
K120165,200,data/summaries/K120165.pdf
K120174,200,data/summaries/K120174.pdf
K120177,200,data/summaries/K120177.pdf
K120203,200,data/summaries/K120203.pdf
K120211,200,data/summaries/K120211.pdf
K120241,200,data/summaries/K120241.pdf
K120262,200,data/summaries/K120262.pdf
K120270,200,data/summaries/K120270.pdf
K120275,200,data/summaries/K120275.pdf
K120279,200,data/summaries/K120279.pdf
K120291,200,data/summaries/K120291.pdf
K120292,200,data/summaries/K120292.pdf
K120293,200,data/summaries/K120293.pdf
K120313,200,data/summaries/K120313.pdf
K120316,200,data/summaries/K120316.pdf
K120345,200,data/summaries/K120345.pdf
K120353,200,data/summaries/K120353.pdf
K120354,200,data/summaries/K120354.pdf
K120355,200,data/summaries/K120355.pdf
K120356,200,data/summaries/K120356.pdf
K120359,200,data/summaries/K120359.pdf
K120360,200,data/summaries/K120360.pdf
K120362,200,data/summaries/K120362.pdf
K120368,200,data/summaries/K120368.pdf
K120370,200,data/summaries/K120370.pdf
K120374,200,data/summaries/K120374.pdf
K120390,200,data/summaries/K120390.pdf
K120396,200,data/summaries/K120396.pdf
K120399,200,data/summaries/K120399.pdf
K120401,200,data/summaries/K120401.pdf
K120409,200,data/summaries/K120409.pdf
K120419,200,data/summaries/K120419.pdf
K120434,200,data/summaries/K120434.pdf
K120449,200,data/summaries/K120449.pdf
K120464,200,data/summaries/K120464.pdf
K120467,200,data/summaries/K120467.pdf
K120469,200,data/summaries/K120469.pdf
K120486,200,data/summaries/K120486.pdf
K120491,200,data/summaries/K120491.pdf
K120493,200,data/summaries/K120493.pdf
K120507,200,data/summaries/K120507.pdf
K120509,200,data/summaries/K120509.pdf
K120515,200,data/summaries/K120515.pdf
K120517,200,data/summaries/K120517.pdf
K120531,200,data/summaries/K120531.pdf
K120538,200,data/summaries/K120538.pdf
K120540,200,data/summaries/K120540.pdf
K120557,200,data/summaries/K120557.pdf
K120564,200,data/summaries/K120564.pdf
K120570,200,data/summaries/K120570.pdf
K120571,200,data/summaries/K120571.pdf
K120576,200,data/summaries/K120576.pdf
K120578,200,data/summaries/K120578.pdf
K120589,200,data/summaries/K120589.pdf
K120595,200,data/summaries/K120595.pdf
K120599,200,data/summaries/K120599.pdf
K120602,200,data/summaries/K120602.pdf
K120603,200,data/summaries/K120603.pdf
K120645,200,data/summaries/K120645.pdf
K120646,200,data/summaries/K120646.pdf
K120651,200,data/summaries/K120651.pdf
K120656,200,data/summaries/K120656.pdf
K120667,200,data/summaries/K120667.pdf
K120689,200,data/summaries/K120689.pdf
K120696,200,data/summaries/K120696.pdf
K120698,200,data/summaries/K120698.pdf
K120714,200,data/summaries/K120714.pdf
K120715,200,data/summaries/K120715.pdf
K120717,200,data/summaries/K120717.pdf
K120724,200,data/summaries/K120724.pdf
K120739,200,data/summaries/K120739.pdf
K120740,200,data/summaries/K120740.pdf
K120760,200,data/summaries/K120760.pdf
K120772,200,data/summaries/K120772.pdf
K120787,200,data/summaries/K120787.pdf
K120790,200,data/summaries/K120790.pdf
K120794,200,data/summaries/K120794.pdf
K120802,200,data/summaries/K120802.pdf
K120807,200,data/summaries/K120807.pdf
K120818,200,data/summaries/K120818.pdf
K120819,200,data/summaries/K120819.pdf
K120824,200,data/summaries/K120824.pdf
K120829,200,data/summaries/K120829.pdf
K120832,200,data/summaries/K120832.pdf
K120838,200,data/summaries/K120838.pdf
K120840,200,data/summaries/K120840.pdf
K120841,200,data/summaries/K120841.pdf
K120854,200,data/summaries/K120854.pdf
K120869,200,data/summaries/K120869.pdf
K120871,200,data/summaries/K120871.pdf
K120879,200,data/summaries/K120879.pdf
K120891,200,data/summaries/K120891.pdf
K120899,200,data/summaries/K120899.pdf
K120903,200,data/summaries/K120903.pdf
K120906,200,data/summaries/K120906.pdf
K120918,200,data/summaries/K120918.pdf
K120924,200,data/summaries/K120924.pdf
K120928,200,data/summaries/K120928.pdf
K120943,200,data/summaries/K120943.pdf
K120955,200,data/summaries/K120955.pdf
K120966,200,data/summaries/K120966.pdf
K120990,200,data/summaries/K120990.pdf
K120991,200,data/summaries/K120991.pdf
K120992,200,data/summaries/K120992.pdf
K120998,200,data/summaries/K120998.pdf
K121004,200,data/summaries/K121004.pdf
K121008,200,data/summaries/K121008.pdf
K121011,200,data/summaries/K121011.pdf
K121016,200,data/summaries/K121016.pdf
K121018,200,data/summaries/K121018.pdf
K121020,200,data/summaries/K121020.pdf
K121024,200,data/summaries/K121024.pdf
K121029,200,data/summaries/K121029.pdf
K121034,200,data/summaries/K121034.pdf
K121037,200,data/summaries/K121037.pdf
K121049,200,data/summaries/K121049.pdf
K121055,200,data/summaries/K121055.pdf
K121056,200,data/summaries/K121056.pdf
K121060,200,data/summaries/K121060.pdf
K121067,200,data/summaries/K121067.pdf
K121078,200,data/summaries/K121078.pdf
K121096,200,data/summaries/K121096.pdf
K121103,200,data/summaries/K121103.pdf
K121107,200,data/summaries/K121107.pdf
K121115,200,data/summaries/K121115.pdf
K121116,200,data/summaries/K121116.pdf
K121129,200,data/summaries/K121129.pdf
K121130,200,data/summaries/K121130.pdf
K121136,200,data/summaries/K121136.pdf
K121148,200,data/summaries/K121148.pdf
K121149,200,data/summaries/K121149.pdf
K121151,200,data/summaries/K121151.pdf
K121172,200,data/summaries/K121172.pdf
K121176,200,data/summaries/K121176.pdf
K121178,200,data/summaries/K121178.pdf
K121183,200,data/summaries/K121183.pdf
K121191,200,data/summaries/K121191.pdf
K121211,200,data/summaries/K121211.pdf
K121220,200,data/summaries/K121220.pdf
K121221,200,data/summaries/K121221.pdf
K121246,200,data/summaries/K121246.pdf
K121250,200,data/summaries/K121250.pdf
K121252,200,data/summaries/K121252.pdf
K121254,200,data/summaries/K121254.pdf
K121263,200,data/summaries/K121263.pdf
K121276,200,data/summaries/K121276.pdf
K121277,200,data/summaries/K121277.pdf
K121288,404,
K121297,200,data/summaries/K121297.pdf
K121299,200,data/summaries/K121299.pdf
K121302,200,data/summaries/K121302.pdf
K121307,200,data/summaries/K121307.pdf
K121308,200,data/summaries/K121308.pdf
K121312,200,data/summaries/K121312.pdf
K121313,200,data/summaries/K121313.pdf
K121316,200,data/summaries/K121316.pdf
K121320,200,data/summaries/K121320.pdf
K121323,200,data/summaries/K121323.pdf
K121330,200,data/summaries/K121330.pdf
K121332,404,
K121333,404,
K121342,200,data/summaries/K121342.pdf
K121349,200,data/summaries/K121349.pdf
K121354,200,data/summaries/K121354.pdf
K121356,200,data/summaries/K121356.pdf
K121392,200,data/summaries/K121392.pdf
K121393,200,data/summaries/K121393.pdf
K121416,200,data/summaries/K121416.pdf
K121417,200,data/summaries/K121417.pdf
K121425,200,data/summaries/K121425.pdf
K121437,200,data/summaries/K121437.pdf
K121439,200,data/summaries/K121439.pdf
K121443,200,data/summaries/K121443.pdf
K121452,200,data/summaries/K121452.pdf
K121453,200,data/summaries/K121453.pdf
K121493,200,data/summaries/K121493.pdf
K121494,200,data/summaries/K121494.pdf
K121495,200,data/summaries/K121495.pdf
K121509,200,data/summaries/K121509.pdf
K121514,200,data/summaries/K121514.pdf
K121541,200,data/summaries/K121541.pdf
K121543,200,data/summaries/K121543.pdf
K121563,200,data/summaries/K121563.pdf
K121567,200,data/summaries/K121567.pdf
K121568,200,data/summaries/K121568.pdf
K121569,200,data/summaries/K121569.pdf
K121575,200,data/summaries/K121575.pdf
K121581,200,data/summaries/K121581.pdf
K121601,200,data/summaries/K121601.pdf
K121615,200,data/summaries/K121615.pdf
K121619,200,data/summaries/K121619.pdf
K121627,200,data/summaries/K121627.pdf
K121630,200,data/summaries/K121630.pdf
K121636,200,data/summaries/K121636.pdf
K121640,200,data/summaries/K121640.pdf
K121649,200,data/summaries/K121649.pdf
K121651,200,data/summaries/K121651.pdf
K121658,200,data/summaries/K121658.pdf
K121665,200,data/summaries/K121665.pdf
K121670,200,data/summaries/K121670.pdf
K121671,200,data/summaries/K121671.pdf
K121672,200,data/summaries/K121672.pdf
K121680,200,data/summaries/K121680.pdf
K121682,200,data/summaries/K121682.pdf
K121683,200,data/summaries/K121683.pdf
K121684,200,data/summaries/K121684.pdf
K121693,200,data/summaries/K121693.pdf
K121713,200,data/summaries/K121713.pdf
K121714,200,data/summaries/K121714.pdf
K121725,200,data/summaries/K121725.pdf
K121727,200,data/summaries/K121727.pdf
K121728,200,data/summaries/K121728.pdf
K121732,200,data/summaries/K121732.pdf
K121733,200,data/summaries/K121733.pdf
K121741,200,data/summaries/K121741.pdf
K121760,200,data/summaries/K121760.pdf
K121764,200,data/summaries/K121764.pdf
K121771,200,data/summaries/K121771.pdf
K121777,200,data/summaries/K121777.pdf
K121786,200,data/summaries/K121786.pdf
K121791,200,data/summaries/K121791.pdf
K121801,200,data/summaries/K121801.pdf
K121808,200,data/summaries/K121808.pdf
K121815,200,data/summaries/K121815.pdf
K121826,200,data/summaries/K121826.pdf
K121835,200,data/summaries/K121835.pdf
K121837,200,data/summaries/K121837.pdf
K121852,200,data/summaries/K121852.pdf
K121862,200,data/summaries/K121862.pdf
K121874,200,data/summaries/K121874.pdf
K121876,200,data/summaries/K121876.pdf
K121877,200,data/summaries/K121877.pdf
K121879,200,data/summaries/K121879.pdf
K121889,200,data/summaries/K121889.pdf
K121890,200,data/summaries/K121890.pdf
K121892,200,data/summaries/K121892.pdf
K121922,200,data/summaries/K121922.pdf
K121924,200,data/summaries/K121924.pdf
K121935,200,data/summaries/K121935.pdf
K121940,200,data/summaries/K121940.pdf
K121973,200,data/summaries/K121973.pdf
K121974,200,data/summaries/K121974.pdf
K121979,200,data/summaries/K121979.pdf
K121982,200,data/summaries/K121982.pdf
K121989,200,data/summaries/K121989.pdf
K122005,200,data/summaries/K122005.pdf
K122008,200,data/summaries/K122008.pdf
K122015,200,data/summaries/K122015.pdf
K122021,200,data/summaries/K122021.pdf
K122031,200,data/summaries/K122031.pdf
K122033,200,data/summaries/K122033.pdf
K122037,200,data/summaries/K122037.pdf
K122047,200,data/summaries/K122047.pdf
K122053,200,data/summaries/K122053.pdf
K122059,200,data/summaries/K122059.pdf
K122074,200,data/summaries/K122074.pdf
K122081,200,data/summaries/K122081.pdf
K122085,200,data/summaries/K122085.pdf
K122097,200,data/summaries/K122097.pdf
K122099,200,data/summaries/K122099.pdf
K122113,200,data/summaries/K122113.pdf
K122123,200,data/summaries/K122123.pdf
K122139,200,data/summaries/K122139.pdf
K122145,200,data/summaries/K122145.pdf
K122158,200,data/summaries/K122158.pdf
K122160,200,data/summaries/K122160.pdf
K122163,200,data/summaries/K122163.pdf
K122168,200,data/summaries/K122168.pdf
K122170,200,data/summaries/K122170.pdf
K122175,200,data/summaries/K122175.pdf
K122183,200,data/summaries/K122183.pdf
K122185,200,data/summaries/K122185.pdf
K122208,200,data/summaries/K122208.pdf
K122210,200,data/summaries/K122210.pdf
K122216,200,data/summaries/K122216.pdf
K122218,200,data/summaries/K122218.pdf
K122226,200,data/summaries/K122226.pdf
K122228,200,data/summaries/K122228.pdf
K122229,200,data/summaries/K122229.pdf
K122232,200,data/summaries/K122232.pdf
K122233,200,data/summaries/K122233.pdf
K122239,200,data/summaries/K122239.pdf
K122244,200,data/summaries/K122244.pdf
K122277,200,data/summaries/K122277.pdf
K122284,200,data/summaries/K122284.pdf
K122292,200,data/summaries/K122292.pdf
K122293,200,data/summaries/K122293.pdf
K122296,200,data/summaries/K122296.pdf
K122305,200,data/summaries/K122305.pdf
K122308,200,data/summaries/K122308.pdf
K122310,200,data/summaries/K122310.pdf
K122314,200,data/summaries/K122314.pdf
K122317,200,data/summaries/K122317.pdf
K122332,200,data/summaries/K122332.pdf
K122334,200,data/summaries/K122334.pdf
K122336,200,data/summaries/K122336.pdf
K122352,200,data/summaries/K122352.pdf
K122366,200,data/summaries/K122366.pdf
K122378,200,data/summaries/K122378.pdf
K122382,200,data/summaries/K122382.pdf
K122395,404,
K122415,200,data/summaries/K122415.pdf
K122433,200,data/summaries/K122433.pdf
K122437,200,data/summaries/K122437.pdf
K122442,200,data/summaries/K122442.pdf
K122444,200,data/summaries/K122444.pdf
K122455,200,data/summaries/K122455.pdf
K122463,200,data/summaries/K122463.pdf
K122489,200,data/summaries/K122489.pdf
K122497,200,data/summaries/K122497.pdf
K122500,200,data/summaries/K122500.pdf
K122503,200,data/summaries/K122503.pdf
K122504,200,data/summaries/K122504.pdf
K122509,200,data/summaries/K122509.pdf
K122512,200,data/summaries/K122512.pdf
K122513,200,data/summaries/K122513.pdf
K122518,200,data/summaries/K122518.pdf
K122529,200,data/summaries/K122529.pdf
K122533,200,data/summaries/K122533.pdf
K122538,200,data/summaries/K122538.pdf
K122541,200,data/summaries/K122541.pdf
K122571,200,data/summaries/K122571.pdf
K122588,200,data/summaries/K122588.pdf
K122591,200,data/summaries/K122591.pdf
K122592,200,data/summaries/K122592.pdf
K122596,200,data/summaries/K122596.pdf
K122622,200,data/summaries/K122622.pdf
K122623,200,data/summaries/K122623.pdf
K122630,200,data/summaries/K122630.pdf
K122635,200,data/summaries/K122635.pdf
K122636,200,data/summaries/K122636.pdf
K122639,200,data/summaries/K122639.pdf
K122641,200,data/summaries/K122641.pdf
K122692,200,data/summaries/K122692.pdf
K122698,200,data/summaries/K122698.pdf
K122733,200,data/summaries/K122733.pdf
K122737,200,data/summaries/K122737.pdf
K122738,200,data/summaries/K122738.pdf
K122745,200,data/summaries/K122745.pdf
K122765,200,data/summaries/K122765.pdf
K122770,200,data/summaries/K122770.pdf
K122771,200,data/summaries/K122771.pdf
K122773,200,data/summaries/K122773.pdf
K122777,200,data/summaries/K122777.pdf
K122783,200,data/summaries/K122783.pdf
K122798,200,data/summaries/K122798.pdf
K122801,200,data/summaries/K122801.pdf
K122805,200,data/summaries/K122805.pdf
K122814,200,data/summaries/K122814.pdf
K122822,200,data/summaries/K122822.pdf
K122823,200,data/summaries/K122823.pdf
K122845,200,data/summaries/K122845.pdf
K122853,200,data/summaries/K122853.pdf
K122860,200,data/summaries/K122860.pdf
K122862,200,data/summaries/K122862.pdf
K122868,200,data/summaries/K122868.pdf
K122869,200,data/summaries/K122869.pdf
K122870,200,data/summaries/K122870.pdf
K122871,200,data/summaries/K122871.pdf
K122872,200,data/summaries/K122872.pdf
K122877,200,data/summaries/K122877.pdf
K122883,200,data/summaries/K122883.pdf
K122896,200,data/summaries/K122896.pdf
K122901,200,data/summaries/K122901.pdf
K122910,200,data/summaries/K122910.pdf
K122911,200,data/summaries/K122911.pdf
K122931,200,data/summaries/K122931.pdf
K122936,200,data/summaries/K122936.pdf
K122954,200,data/summaries/K122954.pdf
K122956,200,data/summaries/K122956.pdf
K122957,200,data/summaries/K122957.pdf
K122959,200,data/summaries/K122959.pdf
K122967,200,data/summaries/K122967.pdf
K122975,200,data/summaries/K122975.pdf
K122985,200,data/summaries/K122985.pdf
K122989,200,data/summaries/K122989.pdf
K122991,200,data/summaries/K122991.pdf
K122994,200,data/summaries/K122994.pdf
K123000,200,data/summaries/K123000.pdf
K123012,200,data/summaries/K123012.pdf
K123019,200,data/summaries/K123019.pdf
K123027,200,data/summaries/K123027.pdf
K123045,200,data/summaries/K123045.pdf
K123055,200,data/summaries/K123055.pdf
K123059,200,data/summaries/K123059.pdf
K123081,200,data/summaries/K123081.pdf
K123093,200,data/summaries/K123093.pdf
K123100,200,data/summaries/K123100.pdf
K123122,200,data/summaries/K123122.pdf
K123134,200,data/summaries/K123134.pdf
K123138,200,data/summaries/K123138.pdf
K123159,200,data/summaries/K123159.pdf
K123164,200,data/summaries/K123164.pdf
K123166,200,data/summaries/K123166.pdf
K123167,200,data/summaries/K123167.pdf
K123180,200,data/summaries/K123180.pdf
K123203,200,data/summaries/K123203.pdf
K123206,200,data/summaries/K123206.pdf
K123207,200,data/summaries/K123207.pdf
K123225,200,data/summaries/K123225.pdf
K123231,200,data/summaries/K123231.pdf
K123232,200,data/summaries/K123232.pdf
K123240,200,data/summaries/K123240.pdf
K123241,200,data/summaries/K123241.pdf
K123246,200,data/summaries/K123246.pdf
K123281,200,data/summaries/K123281.pdf
K123297,200,data/summaries/K123297.pdf
K123339,200,data/summaries/K123339.pdf
K123341,200,data/summaries/K123341.pdf
K123342,200,data/summaries/K123342.pdf
K123347,200,data/summaries/K123347.pdf
K123350,200,data/summaries/K123350.pdf
K123352,200,data/summaries/K123352.pdf
K123362,200,data/summaries/K123362.pdf
K123363,200,data/summaries/K123363.pdf
K123373,200,data/summaries/K123373.pdf
K123380,200,data/summaries/K123380.pdf
K123388,200,data/summaries/K123388.pdf
K123392,200,data/summaries/K123392.pdf
K123393,200,data/summaries/K123393.pdf
K123401,200,data/summaries/K123401.pdf
K123403,200,data/summaries/K123403.pdf
K123412,200,data/summaries/K123412.pdf
K123425,200,data/summaries/K123425.pdf
K123434,200,data/summaries/K123434.pdf
K123451,200,data/summaries/K123451.pdf
K123457,200,data/summaries/K123457.pdf
K123459,200,data/summaries/K123459.pdf
K123461,200,data/summaries/K123461.pdf
K123476,200,data/summaries/K123476.pdf
K123485,200,data/summaries/K123485.pdf
K123486,200,data/summaries/K123486.pdf
K123487,200,data/summaries/K123487.pdf
K123501,200,data/summaries/K123501.pdf
K123521,200,data/summaries/K123521.pdf
K123525,200,data/summaries/K123525.pdf
K123549,200,data/summaries/K123549.pdf
K123550,200,data/summaries/K123550.pdf
K123552,200,data/summaries/K123552.pdf
K123562,200,data/summaries/K123562.pdf
K123568,200,data/summaries/K123568.pdf
K123569,200,data/summaries/K123569.pdf
K123578,200,data/summaries/K123578.pdf
K123579,200,data/summaries/K123579.pdf
K123598,200,data/summaries/K123598.pdf
K123602,200,data/summaries/K123602.pdf
K123604,200,data/summaries/K123604.pdf
K123607,200,data/summaries/K123607.pdf
K123619,200,data/summaries/K123619.pdf
K123623,200,data/summaries/K123623.pdf
K123651,200,data/summaries/K123651.pdf
K123652,200,data/summaries/K123652.pdf
K123656,200,data/summaries/K123656.pdf
K123672,200,data/summaries/K123672.pdf
K123687,200,data/summaries/K123687.pdf
K123688,200,data/summaries/K123688.pdf
K123691,200,data/summaries/K123691.pdf
K123692,200,data/summaries/K123692.pdf
K123702,200,data/summaries/K123702.pdf
K123705,200,data/summaries/K123705.pdf
K123717,200,data/summaries/K123717.pdf
K123721,200,data/summaries/K123721.pdf
K123745,200,data/summaries/K123745.pdf
K123752,200,data/summaries/K123752.pdf
K123758,200,data/summaries/K123758.pdf
K123767,200,data/summaries/K123767.pdf
K123782,200,data/summaries/K123782.pdf
K123783,200,data/summaries/K123783.pdf
K123809,200,data/summaries/K123809.pdf
K123810,200,data/summaries/K123810.pdf
K123814,200,data/summaries/K123814.pdf
K123850,200,data/summaries/K123850.pdf
K123862,200,data/summaries/K123862.pdf
K123875,200,data/summaries/K123875.pdf
K123890,200,data/summaries/K123890.pdf
K123906,200,data/summaries/K123906.pdf
K123907,200,data/summaries/K123907.pdf
K123909,200,data/summaries/K123909.pdf
K123913,200,data/summaries/K123913.pdf
K123918,200,data/summaries/K123918.pdf
K123924,200,data/summaries/K123924.pdf
K123926,200,data/summaries/K123926.pdf
K123939,200,data/summaries/K123939.pdf
K123942,200,data/summaries/K123942.pdf
K123948,200,data/summaries/K123948.pdf
K123954,200,data/summaries/K123954.pdf
K123964,200,data/summaries/K123964.pdf
K123969,200,data/summaries/K123969.pdf
K123978,200,data/summaries/K123978.pdf
K123982,200,data/summaries/K123982.pdf
K123993,200,data/summaries/K123993.pdf
K123997,200,data/summaries/K123997.pdf
K124012,200,data/summaries/K124012.pdf
K124014,200,data/summaries/K124014.pdf
K124022,200,data/summaries/K124022.pdf
K124027,200,data/summaries/K124027.pdf
K124034,200,data/summaries/K124034.pdf
K124045,200,data/summaries/K124045.pdf
K124058,200,data/summaries/K124058.pdf
K130008,200,data/summaries/K130008.pdf
K130009,200,data/summaries/K130009.pdf
K130019,200,data/summaries/K130019.pdf
K130030,200,data/summaries/K130030.pdf
K130033,200,data/summaries/K130033.pdf
K130044,200,data/summaries/K130044.pdf
K130048,200,data/summaries/K130048.pdf
K130050,200,data/summaries/K130050.pdf
K130051,200,data/summaries/K130051.pdf
K130061,200,data/summaries/K130061.pdf
K130063,200,data/summaries/K130063.pdf
K130066,200,data/summaries/K130066.pdf
K130073,200,data/summaries/K130073.pdf
K130084,200,data/summaries/K130084.pdf
K130089,200,data/summaries/K130089.pdf
K130092,200,data/summaries/K130092.pdf
K130099,200,data/summaries/K130099.pdf
K130105,200,data/summaries/K130105.pdf
K130108,200,data/summaries/K130108.pdf
K130116,200,data/summaries/K130116.pdf
K130120,200,data/summaries/K130120.pdf
K130126,200,data/summaries/K130126.pdf
K130128,200,data/summaries/K130128.pdf
K130129,200,data/summaries/K130129.pdf
K130143,200,data/summaries/K130143.pdf
K130146,200,data/summaries/K130146.pdf
K130147,200,data/summaries/K130147.pdf
K130149,200,data/summaries/K130149.pdf
K130167,200,data/summaries/K130167.pdf
K130176,200,data/summaries/K130176.pdf
K130177,200,data/summaries/K130177.pdf
K130185,200,data/summaries/K130185.pdf
K130194,200,data/summaries/K130194.pdf
K130196,200,data/summaries/K130196.pdf
K130202,200,data/summaries/K130202.pdf
K130217,200,data/summaries/K130217.pdf
K130254,200,data/summaries/K130254.pdf
K130267,200,data/summaries/K130267.pdf
K130274,200,data/summaries/K130274.pdf
K130279,200,data/summaries/K130279.pdf
K130286,200,data/summaries/K130286.pdf
K130291,200,data/summaries/K130291.pdf
K130298,200,data/summaries/K130298.pdf
K130299,200,data/summaries/K130299.pdf
K130302,200,data/summaries/K130302.pdf
K130306,200,data/summaries/K130306.pdf
K130317,200,data/summaries/K130317.pdf
K130319,200,data/summaries/K130319.pdf
K130330,200,data/summaries/K130330.pdf
K130334,200,data/summaries/K130334.pdf
K130335,200,data/summaries/K130335.pdf
K130340,200,data/summaries/K130340.pdf
K130343,200,data/summaries/K130343.pdf
K130351,200,data/summaries/K130351.pdf
K130353,200,data/summaries/K130353.pdf
K130365,200,data/summaries/K130365.pdf
K130376,200,data/summaries/K130376.pdf
K130390,200,data/summaries/K130390.pdf
K130392,200,data/summaries/K130392.pdf
K130396,200,data/summaries/K130396.pdf
K130402,200,data/summaries/K130402.pdf
K130412,200,data/summaries/K130412.pdf
K130427,200,data/summaries/K130427.pdf
K130431,200,data/summaries/K130431.pdf
K130434,200,data/summaries/K130434.pdf
K130438,200,data/summaries/K130438.pdf
K130445,200,data/summaries/K130445.pdf
K130458,200,data/summaries/K130458.pdf
K130461,200,data/summaries/K130461.pdf
K130467,200,data/summaries/K130467.pdf
K130478,200,data/summaries/K130478.pdf
K130479,200,data/summaries/K130479.pdf
K130498,200,data/summaries/K130498.pdf
K130506,200,data/summaries/K130506.pdf
K130510,200,data/summaries/K130510.pdf
K130531,200,data/summaries/K130531.pdf
K130533,200,data/summaries/K130533.pdf
K130539,200,data/summaries/K130539.pdf
K130548,200,data/summaries/K130548.pdf
K130550,200,data/summaries/K130550.pdf
K130573,200,data/summaries/K130573.pdf
K130590,200,data/summaries/K130590.pdf
K130595,200,data/summaries/K130595.pdf
K130610,200,data/summaries/K130610.pdf
K130613,200,data/summaries/K130613.pdf
K130614,200,data/summaries/K130614.pdf
K130625,200,data/summaries/K130625.pdf
K130627,200,data/summaries/K130627.pdf
K130630,200,data/summaries/K130630.pdf
K130632,200,data/summaries/K130632.pdf
K130634,200,data/summaries/K130634.pdf
K130635,200,data/summaries/K130635.pdf
K130640,200,data/summaries/K130640.pdf
K130641,200,data/summaries/K130641.pdf
K130642,200,data/summaries/K130642.pdf
K130646,200,data/summaries/K130646.pdf
K130652,200,data/summaries/K130652.pdf
K130655,200,data/summaries/K130655.pdf
K130661,200,data/summaries/K130661.pdf
K130673,200,data/summaries/K130673.pdf
K130675,404,
K130699,200,data/summaries/K130699.pdf
K130703,200,data/summaries/K130703.pdf
K130708,200,data/summaries/K130708.pdf
K130716,200,data/summaries/K130716.pdf
K130728,200,data/summaries/K130728.pdf
K130731,200,data/summaries/K130731.pdf
K130759,200,data/summaries/K130759.pdf
K130774,200,data/summaries/K130774.pdf
K130810,200,data/summaries/K130810.pdf
K130814,200,data/summaries/K130814.pdf
K130820,200,data/summaries/K130820.pdf
K130825,200,data/summaries/K130825.pdf
K130830,200,data/summaries/K130830.pdf
K130832,200,data/summaries/K130832.pdf
K130853,200,data/summaries/K130853.pdf
K130859,200,data/summaries/K130859.pdf
K130868,200,data/summaries/K130868.pdf
K130877,200,data/summaries/K130877.pdf
K130895,200,data/summaries/K130895.pdf
K130899,200,data/summaries/K130899.pdf
K130907,200,data/summaries/K130907.pdf
K130913,200,data/summaries/K130913.pdf
K130917,200,data/summaries/K130917.pdf
K130932,200,data/summaries/K130932.pdf
K130948,200,data/summaries/K130948.pdf
K130953,200,data/summaries/K130953.pdf
K130954,200,data/summaries/K130954.pdf
K130958,200,data/summaries/K130958.pdf
K130964,200,data/summaries/K130964.pdf
K130977,200,data/summaries/K130977.pdf
K130984,200,data/summaries/K130984.pdf
K130986,200,data/summaries/K130986.pdf
K131019,200,data/summaries/K131019.pdf
K131022,200,data/summaries/K131022.pdf
K131025,200,data/summaries/K131025.pdf
K131030,200,data/summaries/K131030.pdf
K131035,200,data/summaries/K131035.pdf
K131061,200,data/summaries/K131061.pdf
K131071,200,data/summaries/K131071.pdf
K131077,200,data/summaries/K131077.pdf
K131082,200,data/summaries/K131082.pdf
K131093,200,data/summaries/K131093.pdf
K131100,200,data/summaries/K131100.pdf
K131112,200,data/summaries/K131112.pdf
K131116,200,data/summaries/K131116.pdf
K131119,200,data/summaries/K131119.pdf
K131122,200,data/summaries/K131122.pdf
K131129,200,data/summaries/K131129.pdf
K131132,200,data/summaries/K131132.pdf
K131133,200,data/summaries/K131133.pdf
K131135,200,data/summaries/K131135.pdf
K131156,200,data/summaries/K131156.pdf
K131167,200,data/summaries/K131167.pdf
K131178,200,data/summaries/K131178.pdf
K131182,200,data/summaries/K131182.pdf
K131186,200,data/summaries/K131186.pdf
K131187,200,data/summaries/K131187.pdf
K131200,200,data/summaries/K131200.pdf
K131216,200,data/summaries/K131216.pdf
K131231,200,data/summaries/K131231.pdf
K131237,200,data/summaries/K131237.pdf
K131238,200,data/summaries/K131238.pdf
K131242,200,data/summaries/K131242.pdf
K131250,200,data/summaries/K131250.pdf
K131264,200,data/summaries/K131264.pdf
K131276,200,data/summaries/K131276.pdf
K131277,200,data/summaries/K131277.pdf
K131279,200,data/summaries/K131279.pdf
K131283,200,data/summaries/K131283.pdf
K131292,200,data/summaries/K131292.pdf
K131296,200,data/summaries/K131296.pdf
K131298,200,data/summaries/K131298.pdf
K131310,200,data/summaries/K131310.pdf
K131311,200,data/summaries/K131311.pdf
K131321,200,data/summaries/K131321.pdf
K131324,200,data/summaries/K131324.pdf
K131325,200,data/summaries/K131325.pdf
K131337,200,data/summaries/K131337.pdf
K131343,200,data/summaries/K131343.pdf
K131350,200,data/summaries/K131350.pdf
K131353,200,data/summaries/K131353.pdf
K131354,200,data/summaries/K131354.pdf
K131360,200,data/summaries/K131360.pdf
K131365,200,data/summaries/K131365.pdf
K131368,200,data/summaries/K131368.pdf
K131372,200,data/summaries/K131372.pdf
K131374,200,data/summaries/K131374.pdf
K131377,200,data/summaries/K131377.pdf
K131380,200,data/summaries/K131380.pdf
K131393,200,data/summaries/K131393.pdf
K131398,200,data/summaries/K131398.pdf
K131405,200,data/summaries/K131405.pdf
K131409,200,data/summaries/K131409.pdf
K131413,200,data/summaries/K131413.pdf
K131427,200,data/summaries/K131427.pdf
K131429,200,data/summaries/K131429.pdf
K131443,200,data/summaries/K131443.pdf
K131445,200,data/summaries/K131445.pdf
K131449,200,data/summaries/K131449.pdf
K131454,200,data/summaries/K131454.pdf
K131458,200,data/summaries/K131458.pdf
K131459,200,data/summaries/K131459.pdf
K131467,200,data/summaries/K131467.pdf
K131471,200,data/summaries/K131471.pdf
K131472,200,data/summaries/K131472.pdf
K131474,200,data/summaries/K131474.pdf
K131480,200,data/summaries/K131480.pdf
K131481,200,data/summaries/K131481.pdf
K131490,200,data/summaries/K131490.pdf
K131512,200,data/summaries/K131512.pdf
K131518,200,data/summaries/K131518.pdf
K131520,200,data/summaries/K131520.pdf
K131521,200,data/summaries/K131521.pdf
K131522,200,data/summaries/K131522.pdf
K131533,200,data/summaries/K131533.pdf
K131538,200,data/summaries/K131538.pdf
K131540,200,data/summaries/K131540.pdf
K131547,200,data/summaries/K131547.pdf
K131548,404,
K131552,200,data/summaries/K131552.pdf
K131559,200,data/summaries/K131559.pdf
K131566,200,data/summaries/K131566.pdf
K131575,200,data/summaries/K131575.pdf
K131591,200,data/summaries/K131591.pdf
K131609,200,data/summaries/K131609.pdf
K131612,200,data/summaries/K131612.pdf
K131615,200,data/summaries/K131615.pdf
K131620,200,data/summaries/K131620.pdf
K131633,200,data/summaries/K131633.pdf
K131635,200,data/summaries/K131635.pdf
K131636,200,data/summaries/K131636.pdf
K131640,200,data/summaries/K131640.pdf
K131647,200,data/summaries/K131647.pdf
K131657,200,data/summaries/K131657.pdf
K131669,200,data/summaries/K131669.pdf
K131670,200,data/summaries/K131670.pdf
K131671,200,data/summaries/K131671.pdf
K131673,200,data/summaries/K131673.pdf
K131677,200,data/summaries/K131677.pdf
K131679,200,data/summaries/K131679.pdf
K131683,200,data/summaries/K131683.pdf
K131684,200,data/summaries/K131684.pdf
K131722,200,data/summaries/K131722.pdf
K131723,200,data/summaries/K131723.pdf
K131724,200,data/summaries/K131724.pdf
K131759,200,data/summaries/K131759.pdf
K131764,200,data/summaries/K131764.pdf
K131769,200,data/summaries/K131769.pdf
K131782,200,data/summaries/K131782.pdf
K131784,200,data/summaries/K131784.pdf
K131785,200,data/summaries/K131785.pdf
K131802,200,data/summaries/K131802.pdf
K131810,200,data/summaries/K131810.pdf
K131833,200,data/summaries/K131833.pdf
K131834,200,data/summaries/K131834.pdf
K131845,200,data/summaries/K131845.pdf
K131850,200,data/summaries/K131850.pdf
K131864,200,data/summaries/K131864.pdf
K131867,200,data/summaries/K131867.pdf
K131878,200,data/summaries/K131878.pdf
K131880,200,data/summaries/K131880.pdf
K131884,200,data/summaries/K131884.pdf
K131888,200,data/summaries/K131888.pdf
K131920,200,data/summaries/K131920.pdf
K131951,200,data/summaries/K131951.pdf
K131952,200,data/summaries/K131952.pdf
K131974,200,data/summaries/K131974.pdf
K131980,200,data/summaries/K131980.pdf
K131981,200,data/summaries/K131981.pdf
K131984,200,data/summaries/K131984.pdf
K131986,200,data/summaries/K131986.pdf
K132005,200,data/summaries/K132005.pdf
K132012,200,data/summaries/K132012.pdf
K132014,200,data/summaries/K132014.pdf
K132029,200,data/summaries/K132029.pdf
K132046,404,
K132049,200,data/summaries/K132049.pdf
K132050,200,data/summaries/K132050.pdf
K132053,200,data/summaries/K132053.pdf
K132071,200,data/summaries/K132071.pdf
K132078,200,data/summaries/K132078.pdf
K132101,200,data/summaries/K132101.pdf
K132111,200,data/summaries/K132111.pdf
K132122,200,data/summaries/K132122.pdf
K132154,200,data/summaries/K132154.pdf
K132158,200,data/summaries/K132158.pdf
K132161,200,data/summaries/K132161.pdf
K132191,200,data/summaries/K132191.pdf
K132207,200,data/summaries/K132207.pdf
K132211,200,data/summaries/K132211.pdf
K132217,200,data/summaries/K132217.pdf
K132218,200,data/summaries/K132218.pdf
K132239,200,data/summaries/K132239.pdf
K132241,200,data/summaries/K132241.pdf
K132244,200,data/summaries/K132244.pdf
K132248,200,data/summaries/K132248.pdf
K132250,200,data/summaries/K132250.pdf
K132280,200,data/summaries/K132280.pdf
K132285,200,data/summaries/K132285.pdf
K132287,200,data/summaries/K132287.pdf
K132296,200,data/summaries/K132296.pdf
K132303,200,data/summaries/K132303.pdf
K132310,200,data/summaries/K132310.pdf
K132312,200,data/summaries/K132312.pdf
K132324,200,data/summaries/K132324.pdf
K132328,200,data/summaries/K132328.pdf
K132332,200,data/summaries/K132332.pdf
K132361,200,data/summaries/K132361.pdf
K132365,200,data/summaries/K132365.pdf
K132366,200,data/summaries/K132366.pdf
K132377,200,data/summaries/K132377.pdf
K132395,200,data/summaries/K132395.pdf
K132403,200,data/summaries/K132403.pdf
K132411,200,data/summaries/K132411.pdf
K132412,200,data/summaries/K132412.pdf
K132421,200,data/summaries/K132421.pdf
K132428,200,data/summaries/K132428.pdf
K132435,200,data/summaries/K132435.pdf
K132455,200,data/summaries/K132455.pdf
K132461,200,data/summaries/K132461.pdf
K132470,200,data/summaries/K132470.pdf
K132471,200,data/summaries/K132471.pdf
K132483,200,data/summaries/K132483.pdf
K132502,200,data/summaries/K132502.pdf
K132504,200,data/summaries/K132504.pdf
K132505,200,data/summaries/K132505.pdf
K132510,200,data/summaries/K132510.pdf
K132513,200,data/summaries/K132513.pdf
K132539,200,data/summaries/K132539.pdf
K132554,200,data/summaries/K132554.pdf
K132559,200,data/summaries/K132559.pdf
K132572,200,data/summaries/K132572.pdf
K132574,200,data/summaries/K132574.pdf
K132575,200,data/summaries/K132575.pdf
K132582,200,data/summaries/K132582.pdf
K132584,200,data/summaries/K132584.pdf
K132589,200,data/summaries/K132589.pdf
K132590,200,data/summaries/K132590.pdf
K132591,200,data/summaries/K132591.pdf
K132594,200,data/summaries/K132594.pdf
K132596,200,data/summaries/K132596.pdf
K132601,200,data/summaries/K132601.pdf
K132603,200,data/summaries/K132603.pdf
K132620,200,data/summaries/K132620.pdf
K132624,200,data/summaries/K132624.pdf
K132626,200,data/summaries/K132626.pdf
K132632,200,data/summaries/K132632.pdf
K132639,200,data/summaries/K132639.pdf
K132640,200,data/summaries/K132640.pdf
K132642,200,data/summaries/K132642.pdf
K132644,200,data/summaries/K132644.pdf
K132653,200,data/summaries/K132653.pdf
K132656,200,data/summaries/K132656.pdf
K132697,200,data/summaries/K132697.pdf
K132700,200,data/summaries/K132700.pdf
K132704,200,data/summaries/K132704.pdf
K132718,200,data/summaries/K132718.pdf
K132719,200,data/summaries/K132719.pdf
K132731,200,data/summaries/K132731.pdf
K132733,200,data/summaries/K132733.pdf
K132735,200,data/summaries/K132735.pdf
K132738,200,data/summaries/K132738.pdf
K132740,200,data/summaries/K132740.pdf
K132752,200,data/summaries/K132752.pdf
K132757,200,data/summaries/K132757.pdf
K132760,200,data/summaries/K132760.pdf
K132765,200,data/summaries/K132765.pdf
K132769,200,data/summaries/K132769.pdf
K132774,200,data/summaries/K132774.pdf
K132783,200,data/summaries/K132783.pdf
K132787,200,data/summaries/K132787.pdf
K132788,200,data/summaries/K132788.pdf
K132790,200,data/summaries/K132790.pdf
K132805,200,data/summaries/K132805.pdf
K132817,200,data/summaries/K132817.pdf
K132820,200,data/summaries/K132820.pdf
K132830,200,data/summaries/K132830.pdf
K132852,200,data/summaries/K132852.pdf
K132866,200,data/summaries/K132866.pdf
K132867,200,data/summaries/K132867.pdf
K132868,200,data/summaries/K132868.pdf
K132873,200,data/summaries/K132873.pdf
K132875,200,data/summaries/K132875.pdf
K132876,200,data/summaries/K132876.pdf
K132878,200,data/summaries/K132878.pdf
K132879,200,data/summaries/K132879.pdf
K132884,200,data/summaries/K132884.pdf
K132886,200,data/summaries/K132886.pdf
K132893,200,data/summaries/K132893.pdf
K132894,200,data/summaries/K132894.pdf
K132895,200,data/summaries/K132895.pdf
K132897,200,data/summaries/K132897.pdf
K132898,200,data/summaries/K132898.pdf
K132900,200,data/summaries/K132900.pdf
K132907,200,data/summaries/K132907.pdf
K132910,200,data/summaries/K132910.pdf
K132911,200,data/summaries/K132911.pdf
K132912,200,data/summaries/K132912.pdf
K132925,200,data/summaries/K132925.pdf
K132926,200,data/summaries/K132926.pdf
K132945,200,data/summaries/K132945.pdf
K132959,200,data/summaries/K132959.pdf
K132968,200,data/summaries/K132968.pdf
K132991,200,data/summaries/K132991.pdf
K132994,200,data/summaries/K132994.pdf
K132999,200,data/summaries/K132999.pdf
K133035,200,data/summaries/K133035.pdf
K133036,200,data/summaries/K133036.pdf
K133039,200,data/summaries/K133039.pdf
K133052,200,data/summaries/K133052.pdf
K133053,200,data/summaries/K133053.pdf
K133063,200,data/summaries/K133063.pdf
K133066,200,data/summaries/K133066.pdf
K133081,200,data/summaries/K133081.pdf
K133086,200,data/summaries/K133086.pdf
K133091,200,data/summaries/K133091.pdf
K133094,200,data/summaries/K133094.pdf
K133102,200,data/summaries/K133102.pdf
K133103,200,data/summaries/K133103.pdf
K133104,200,data/summaries/K133104.pdf
K133126,200,data/summaries/K133126.pdf
K133152,200,data/summaries/K133152.pdf
K133153,200,data/summaries/K133153.pdf
K133162,200,data/summaries/K133162.pdf
K133164,200,data/summaries/K133164.pdf
K133166,200,data/summaries/K133166.pdf
K133184,200,data/summaries/K133184.pdf
K133188,200,data/summaries/K133188.pdf
K133192,200,data/summaries/K133192.pdf
K133194,200,data/summaries/K133194.pdf
K133200,200,data/summaries/K133200.pdf
K133205,200,data/summaries/K133205.pdf
K133207,200,data/summaries/K133207.pdf
K133214,200,data/summaries/K133214.pdf
K133216,200,data/summaries/K133216.pdf
K133218,200,data/summaries/K133218.pdf
K133221,200,data/summaries/K133221.pdf
K133224,200,data/summaries/K133224.pdf
K133228,200,data/summaries/K133228.pdf
K133229,200,data/summaries/K133229.pdf
K133235,200,data/summaries/K133235.pdf
K133245,200,data/summaries/K133245.pdf
K133246,200,data/summaries/K133246.pdf
K133256,200,data/summaries/K133256.pdf
K133275,200,data/summaries/K133275.pdf
K133286,200,data/summaries/K133286.pdf
K133287,200,data/summaries/K133287.pdf
K133288,200,data/summaries/K133288.pdf
K133289,200,data/summaries/K133289.pdf
K133291,200,data/summaries/K133291.pdf
K133321,200,data/summaries/K133321.pdf
K133328,404,
K133340,200,data/summaries/K133340.pdf
K133342,200,data/summaries/K133342.pdf
K133349,200,data/summaries/K133349.pdf
K133350,200,data/summaries/K133350.pdf
K133354,200,data/summaries/K133354.pdf
K133363,200,data/summaries/K133363.pdf
K133366,200,data/summaries/K133366.pdf
K133369,200,data/summaries/K133369.pdf
K133370,200,data/summaries/K133370.pdf
K133371,200,data/summaries/K133371.pdf
K133372,200,data/summaries/K133372.pdf
K133374,200,data/summaries/K133374.pdf
K133376,200,data/summaries/K133376.pdf
K133378,200,data/summaries/K133378.pdf
K133381,200,data/summaries/K133381.pdf
K133386,200,data/summaries/K133386.pdf
K133402,200,data/summaries/K133402.pdf
K133418,200,data/summaries/K133418.pdf
K133437,200,data/summaries/K133437.pdf
K133440,200,data/summaries/K133440.pdf
K133449,200,data/summaries/K133449.pdf
K133451,200,data/summaries/K133451.pdf
K133452,200,data/summaries/K133452.pdf
K133455,200,data/summaries/K133455.pdf
K133460,200,data/summaries/K133460.pdf
K133462,200,data/summaries/K133462.pdf
K133469,200,data/summaries/K133469.pdf
K133475,200,data/summaries/K133475.pdf
K133477,200,data/summaries/K133477.pdf
K133482,200,data/summaries/K133482.pdf
K133494,200,data/summaries/K133494.pdf
K133514,200,data/summaries/K133514.pdf
K133515,200,data/summaries/K133515.pdf
K133518,200,data/summaries/K133518.pdf
K133520,200,data/summaries/K133520.pdf
K133523,200,data/summaries/K133523.pdf
K133525,200,data/summaries/K133525.pdf
K133529,200,data/summaries/K133529.pdf
K133536,200,data/summaries/K133536.pdf
K133541,200,data/summaries/K133541.pdf
K133556,200,data/summaries/K133556.pdf
K133557,200,data/summaries/K133557.pdf
K133560,200,data/summaries/K133560.pdf
K133564,200,data/summaries/K133564.pdf
K133567,200,data/summaries/K133567.pdf
K133575,200,data/summaries/K133575.pdf
K133577,200,data/summaries/K133577.pdf
K133579,200,data/summaries/K133579.pdf
K133583,200,data/summaries/K133583.pdf
K133585,200,data/summaries/K133585.pdf
K133606,200,data/summaries/K133606.pdf
K133614,200,data/summaries/K133614.pdf
K133616,200,data/summaries/K133616.pdf
K133617,200,data/summaries/K133617.pdf
K133623,200,data/summaries/K133623.pdf
K133630,200,data/summaries/K133630.pdf
K133636,200,data/summaries/K133636.pdf
K133645,200,data/summaries/K133645.pdf
K133650,200,data/summaries/K133650.pdf
K133653,200,data/summaries/K133653.pdf
K133662,200,data/summaries/K133662.pdf
K133668,200,data/summaries/K133668.pdf
K133669,200,data/summaries/K133669.pdf
K133671,200,data/summaries/K133671.pdf
K133675,200,data/summaries/K133675.pdf
K133678,200,data/summaries/K133678.pdf
K133690,200,data/summaries/K133690.pdf
K133691,200,data/summaries/K133691.pdf
K133698,200,data/summaries/K133698.pdf
K133713,200,data/summaries/K133713.pdf
K133715,404,
K133717,200,data/summaries/K133717.pdf
K133721,200,data/summaries/K133721.pdf
K133727,200,data/summaries/K133727.pdf
K133737,200,data/summaries/K133737.pdf
K133743,200,data/summaries/K133743.pdf
K133746,200,data/summaries/K133746.pdf
K133757,200,data/summaries/K133757.pdf
K133777,200,data/summaries/K133777.pdf
K133780,200,data/summaries/K133780.pdf
K133784,200,data/summaries/K133784.pdf
K133785,200,data/summaries/K133785.pdf
K133794,200,data/summaries/K133794.pdf
K133802,200,data/summaries/K133802.pdf
K133811,200,data/summaries/K133811.pdf
K133813,200,data/summaries/K133813.pdf
K133815,200,data/summaries/K133815.pdf
K133827,200,data/summaries/K133827.pdf
K133832,200,data/summaries/K133832.pdf
K133834,200,data/summaries/K133834.pdf
K133835,200,data/summaries/K133835.pdf
K133840,200,data/summaries/K133840.pdf
K133842,200,data/summaries/K133842.pdf
K133844,200,data/summaries/K133844.pdf
K133854,200,data/summaries/K133854.pdf
K133858,200,data/summaries/K133858.pdf
K133893,200,data/summaries/K133893.pdf
K133904,200,data/summaries/K133904.pdf
K133906,200,data/summaries/K133906.pdf
K133911,200,data/summaries/K133911.pdf
K133919,200,data/summaries/K133919.pdf
K133930,200,data/summaries/K133930.pdf
K133932,200,data/summaries/K133932.pdf
K133939,200,data/summaries/K133939.pdf
K133940,200,data/summaries/K133940.pdf
K133944,200,data/summaries/K133944.pdf
K133947,200,data/summaries/K133947.pdf
K133950,200,data/summaries/K133950.pdf
K133967,200,data/summaries/K133967.pdf
K133974,200,data/summaries/K133974.pdf
K134011,200,data/summaries/K134011.pdf
K134038,200,data/summaries/K134038.pdf
K140003,200,data/summaries/K140003.pdf
K140007,200,data/summaries/K140007.pdf
K140010,200,data/summaries/K140010.pdf
K140018,200,data/summaries/K140018.pdf
K140027,200,data/summaries/K140027.pdf
K140043,200,data/summaries/K140043.pdf
K140046,200,data/summaries/K140046.pdf
K140053,200,data/summaries/K140053.pdf
K140055,200,data/summaries/K140055.pdf
K140063,200,data/summaries/K140063.pdf
K140066,200,data/summaries/K140066.pdf
K140071,200,data/summaries/K140071.pdf
K140073,200,data/summaries/K140073.pdf
K140075,200,data/summaries/K140075.pdf
K140079,200,data/summaries/K140079.pdf
K140082,200,data/summaries/K140082.pdf
K140098,200,data/summaries/K140098.pdf
K140106,200,data/summaries/K140106.pdf
K140107,200,data/summaries/K140107.pdf
K140119,200,data/summaries/K140119.pdf
K140123,200,data/summaries/K140123.pdf
K140130,200,data/summaries/K140130.pdf
K140142,200,data/summaries/K140142.pdf
K140148,200,data/summaries/K140148.pdf
K140158,200,data/summaries/K140158.pdf
K140162,200,data/summaries/K140162.pdf
K140178,200,data/summaries/K140178.pdf
K140216,200,data/summaries/K140216.pdf
K140219,200,data/summaries/K140219.pdf
K140222,200,data/summaries/K140222.pdf
K140226,200,data/summaries/K140226.pdf
K140229,200,data/summaries/K140229.pdf
K140234,200,data/summaries/K140234.pdf
K140236,200,data/summaries/K140236.pdf
K140238,200,data/summaries/K140238.pdf
K140257,200,data/summaries/K140257.pdf
K140259,200,data/summaries/K140259.pdf
K140260,200,data/summaries/K140260.pdf
K140276,200,data/summaries/K140276.pdf
K140280,200,data/summaries/K140280.pdf
K140283,200,data/summaries/K140283.pdf
K140302,200,data/summaries/K140302.pdf
K140303,200,data/summaries/K140303.pdf
K140319,200,data/summaries/K140319.pdf
K140324,200,data/summaries/K140324.pdf
K140328,200,data/summaries/K140328.pdf
K140348,200,data/summaries/K140348.pdf
K140357,200,data/summaries/K140357.pdf
K140358,200,data/summaries/K140358.pdf
K140359,200,data/summaries/K140359.pdf
K140361,200,data/summaries/K140361.pdf
K140372,200,data/summaries/K140372.pdf
K140375,200,data/summaries/K140375.pdf
K140376,200,data/summaries/K140376.pdf
K140390,200,data/summaries/K140390.pdf
K140397,200,data/summaries/K140397.pdf
K140408,200,data/summaries/K140408.pdf
K140411,200,data/summaries/K140411.pdf
K140417,200,data/summaries/K140417.pdf
K140423,200,data/summaries/K140423.pdf
K140431,200,data/summaries/K140431.pdf
K140449,200,data/summaries/K140449.pdf
K140452,200,data/summaries/K140452.pdf
K140453,200,data/summaries/K140453.pdf
K140457,200,data/summaries/K140457.pdf
K140463,200,data/summaries/K140463.pdf
K140474,200,data/summaries/K140474.pdf
K140476,200,data/summaries/K140476.pdf
K140478,200,data/summaries/K140478.pdf
K140479,200,data/summaries/K140479.pdf
K140508,200,data/summaries/K140508.pdf
K140509,200,data/summaries/K140509.pdf
K140529,200,data/summaries/K140529.pdf
K140531,200,data/summaries/K140531.pdf
K140547,200,data/summaries/K140547.pdf
K140550,200,data/summaries/K140550.pdf
K140555,404,
K140564,200,data/summaries/K140564.pdf
K140565,200,data/summaries/K140565.pdf
K140577,200,data/summaries/K140577.pdf
K140601,200,data/summaries/K140601.pdf
K140604,200,data/summaries/K140604.pdf
K140607,200,data/summaries/K140607.pdf
K140611,200,data/summaries/K140611.pdf
K140613,200,data/summaries/K140613.pdf
K140617,200,data/summaries/K140617.pdf
K140622,200,data/summaries/K140622.pdf
K140625,200,data/summaries/K140625.pdf
K140643,200,data/summaries/K140643.pdf
K140645,200,data/summaries/K140645.pdf
K140649,200,data/summaries/K140649.pdf
K140652,200,data/summaries/K140652.pdf
K140659,200,data/summaries/K140659.pdf
K140669,200,data/summaries/K140669.pdf
K140674,200,data/summaries/K140674.pdf
K140675,200,data/summaries/K140675.pdf
K140676,404,
K140678,200,data/summaries/K140678.pdf
K140696,200,data/summaries/K140696.pdf
K140701,200,data/summaries/K140701.pdf
K140709,200,data/summaries/K140709.pdf
K140715,200,data/summaries/K140715.pdf
K140716,200,data/summaries/K140716.pdf
K140724,200,data/summaries/K140724.pdf
K140734,200,data/summaries/K140734.pdf
K140735,200,data/summaries/K140735.pdf
K140738,200,data/summaries/K140738.pdf
K140741,200,data/summaries/K140741.pdf
K140742,200,data/summaries/K140742.pdf
K140749,200,data/summaries/K140749.pdf
K140750,200,data/summaries/K140750.pdf
K140759,200,data/summaries/K140759.pdf
K140765,200,data/summaries/K140765.pdf
K140769,200,data/summaries/K140769.pdf
K140770,200,data/summaries/K140770.pdf
K140787,404,
K140792,200,data/summaries/K140792.pdf
K140802,200,data/summaries/K140802.pdf
K140814,200,data/summaries/K140814.pdf
K140822,404,
K140826,200,data/summaries/K140826.pdf
K140830,200,data/summaries/K140830.pdf
K140833,200,data/summaries/K140833.pdf
K140844,200,data/summaries/K140844.pdf
K140855,200,data/summaries/K140855.pdf
K140864,200,data/summaries/K140864.pdf
K140875,200,data/summaries/K140875.pdf
K140876,200,data/summaries/K140876.pdf
K140879,200,data/summaries/K140879.pdf
K140881,200,data/summaries/K140881.pdf
K140883,200,data/summaries/K140883.pdf
K140891,200,data/summaries/K140891.pdf
K140892,200,data/summaries/K140892.pdf
K140898,200,data/summaries/K140898.pdf
K140900,200,data/summaries/K140900.pdf
K140902,200,data/summaries/K140902.pdf
K140904,200,data/summaries/K140904.pdf
K140913,200,data/summaries/K140913.pdf
K140915,200,data/summaries/K140915.pdf
K140921,200,data/summaries/K140921.pdf
K140925,200,data/summaries/K140925.pdf
K140937,200,data/summaries/K140937.pdf
K140942,200,data/summaries/K140942.pdf
K140946,200,data/summaries/K140946.pdf
K140948,200,data/summaries/K140948.pdf
K140952,200,data/summaries/K140952.pdf
K140961,200,data/summaries/K140961.pdf
K140962,200,data/summaries/K140962.pdf
K140970,200,data/summaries/K140970.pdf
K140975,200,data/summaries/K140975.pdf
K141001,200,data/summaries/K141001.pdf
K141004,200,data/summaries/K141004.pdf
K141005,200,data/summaries/K141005.pdf
K141006,200,data/summaries/K141006.pdf
K141011,200,data/summaries/K141011.pdf
K141023,200,data/summaries/K141023.pdf
K141029,200,data/summaries/K141029.pdf
K141043,200,data/summaries/K141043.pdf
K141044,200,data/summaries/K141044.pdf
K141045,200,data/summaries/K141045.pdf
K141049,200,data/summaries/K141049.pdf
K141056,200,data/summaries/K141056.pdf
K141078,200,data/summaries/K141078.pdf
K141103,200,data/summaries/K141103.pdf
K141106,200,data/summaries/K141106.pdf
K141121,200,data/summaries/K141121.pdf
K141129,200,data/summaries/K141129.pdf
K141135,200,data/summaries/K141135.pdf
K141141,200,data/summaries/K141141.pdf
K141147,200,data/summaries/K141147.pdf
K141186,200,data/summaries/K141186.pdf
K141187,200,data/summaries/K141187.pdf
K141189,200,data/summaries/K141189.pdf
K141204,200,data/summaries/K141204.pdf
K141207,200,data/summaries/K141207.pdf
K141217,200,data/summaries/K141217.pdf
K141219,200,data/summaries/K141219.pdf
K141222,200,data/summaries/K141222.pdf
K141228,200,data/summaries/K141228.pdf
K141232,200,data/summaries/K141232.pdf
K141235,200,data/summaries/K141235.pdf
K141241,200,data/summaries/K141241.pdf
K141246,200,data/summaries/K141246.pdf
K141253,200,data/summaries/K141253.pdf
K141259,200,data/summaries/K141259.pdf
K141263,200,data/summaries/K141263.pdf
K141264,200,data/summaries/K141264.pdf
K141278,200,data/summaries/K141278.pdf
K141282,200,data/summaries/K141282.pdf
K141284,200,data/summaries/K141284.pdf
K141290,200,data/summaries/K141290.pdf
K141291,200,data/summaries/K141291.pdf
K141301,200,data/summaries/K141301.pdf
K141314,200,data/summaries/K141314.pdf
K141317,200,data/summaries/K141317.pdf
K141327,200,data/summaries/K141327.pdf
K141331,200,data/summaries/K141331.pdf
K141332,200,data/summaries/K141332.pdf
K141333,200,data/summaries/K141333.pdf
K141337,200,data/summaries/K141337.pdf
K141345,200,data/summaries/K141345.pdf
K141347,200,data/summaries/K141347.pdf
K141370,200,data/summaries/K141370.pdf
K141372,200,data/summaries/K141372.pdf
K141376,200,data/summaries/K141376.pdf
K141377,200,data/summaries/K141377.pdf
K141383,200,data/summaries/K141383.pdf
K141395,200,data/summaries/K141395.pdf
K141397,200,data/summaries/K141397.pdf
K141398,200,data/summaries/K141398.pdf
K141401,200,data/summaries/K141401.pdf
K141405,200,data/summaries/K141405.pdf
K141407,200,data/summaries/K141407.pdf
K141417,200,data/summaries/K141417.pdf
K141419,200,data/summaries/K141419.pdf
K141420,200,data/summaries/K141420.pdf
K141429,200,data/summaries/K141429.pdf
K141430,200,data/summaries/K141430.pdf
K141443,200,data/summaries/K141443.pdf
K141447,200,data/summaries/K141447.pdf
K141471,200,data/summaries/K141471.pdf
K141478,200,data/summaries/K141478.pdf
K141489,200,data/summaries/K141489.pdf
K141493,200,data/summaries/K141493.pdf
K141500,200,data/summaries/K141500.pdf
K141508,200,data/summaries/K141508.pdf
K141509,200,data/summaries/K141509.pdf
K141517,200,data/summaries/K141517.pdf
K141527,200,data/summaries/K141527.pdf
K141537,200,data/summaries/K141537.pdf
K141548,200,data/summaries/K141548.pdf
K141549,200,data/summaries/K141549.pdf
K141550,200,data/summaries/K141550.pdf
K141571,200,data/summaries/K141571.pdf
K141577,200,data/summaries/K141577.pdf
K141585,200,data/summaries/K141585.pdf
K141599,200,data/summaries/K141599.pdf
K141600,200,data/summaries/K141600.pdf
K141604,200,data/summaries/K141604.pdf
K141605,200,data/summaries/K141605.pdf
K141632,200,data/summaries/K141632.pdf
K141635,200,data/summaries/K141635.pdf
K141653,200,data/summaries/K141653.pdf
K141665,200,data/summaries/K141665.pdf
K141676,200,data/summaries/K141676.pdf
K141677,200,data/summaries/K141677.pdf
K141680,200,data/summaries/K141680.pdf
K141695,200,data/summaries/K141695.pdf
K141697,200,data/summaries/K141697.pdf
K141711,200,data/summaries/K141711.pdf
K141714,200,data/summaries/K141714.pdf
K141725,200,data/summaries/K141725.pdf
K141734,200,data/summaries/K141734.pdf
K141735,200,data/summaries/K141735.pdf
K141737,200,data/summaries/K141737.pdf
K141739,200,data/summaries/K141739.pdf
K141740,200,data/summaries/K141740.pdf
K141746,200,data/summaries/K141746.pdf
K141760,200,data/summaries/K141760.pdf
K141784,200,data/summaries/K141784.pdf
K141791,200,data/summaries/K141791.pdf
K141796,200,data/summaries/K141796.pdf
K141797,200,data/summaries/K141797.pdf
K141798,200,data/summaries/K141798.pdf
K141804,200,data/summaries/K141804.pdf
K141821,200,data/summaries/K141821.pdf
K141823,200,data/summaries/K141823.pdf
K141824,200,data/summaries/K141824.pdf
K141825,200,data/summaries/K141825.pdf
K141830,200,data/summaries/K141830.pdf
K141835,200,data/summaries/K141835.pdf
K141840,200,data/summaries/K141840.pdf
K141841,200,data/summaries/K141841.pdf
K141850,200,data/summaries/K141850.pdf
K141857,200,data/summaries/K141857.pdf
K141873,200,data/summaries/K141873.pdf
K141896,200,data/summaries/K141896.pdf
K141897,200,data/summaries/K141897.pdf
K141905,200,data/summaries/K141905.pdf
K141912,200,data/summaries/K141912.pdf
K141920,200,data/summaries/K141920.pdf
K141930,200,data/summaries/K141930.pdf
K141934,200,data/summaries/K141934.pdf
K141937,200,data/summaries/K141937.pdf
K141942,200,data/summaries/K141942.pdf
K141949,200,data/summaries/K141949.pdf
K141953,200,data/summaries/K141953.pdf
K141956,200,data/summaries/K141956.pdf
K141960,200,data/summaries/K141960.pdf
K141972,200,data/summaries/K141972.pdf
K141980,200,data/summaries/K141980.pdf
K141988,200,data/summaries/K141988.pdf
K141990,200,data/summaries/K141990.pdf
K141992,200,data/summaries/K141992.pdf
K141993,200,data/summaries/K141993.pdf
K142005,200,data/summaries/K142005.pdf
K142016,200,data/summaries/K142016.pdf
K142023,200,data/summaries/K142023.pdf
K142026,200,data/summaries/K142026.pdf
K142030,200,data/summaries/K142030.pdf
K142041,200,data/summaries/K142041.pdf
K142050,200,data/summaries/K142050.pdf
K142052,200,data/summaries/K142052.pdf
K142053,200,data/summaries/K142053.pdf
K142057,200,data/summaries/K142057.pdf
K142060,200,data/summaries/K142060.pdf
K142066,200,data/summaries/K142066.pdf
K142069,200,data/summaries/K142069.pdf
K142072,200,data/summaries/K142072.pdf
K142079,200,data/summaries/K142079.pdf
K142090,200,data/summaries/K142090.pdf
K142095,200,data/summaries/K142095.pdf
K142101,200,data/summaries/K142101.pdf
K142104,200,data/summaries/K142104.pdf
K142111,200,data/summaries/K142111.pdf
K142112,200,data/summaries/K142112.pdf
K142114,200,data/summaries/K142114.pdf
K142117,200,data/summaries/K142117.pdf
K142119,200,data/summaries/K142119.pdf
K142121,200,data/summaries/K142121.pdf
K142134,200,data/summaries/K142134.pdf
K142135,200,data/summaries/K142135.pdf
K142139,200,data/summaries/K142139.pdf
K142146,200,data/summaries/K142146.pdf
K142148,200,data/summaries/K142148.pdf
K142150,200,data/summaries/K142150.pdf
K142152,200,data/summaries/K142152.pdf
K142157,200,data/summaries/K142157.pdf
K142161,200,data/summaries/K142161.pdf
K142185,200,data/summaries/K142185.pdf
K142187,200,data/summaries/K142187.pdf
K142193,200,data/summaries/K142193.pdf
K142201,200,data/summaries/K142201.pdf
K142205,200,data/summaries/K142205.pdf
K142212,200,data/summaries/K142212.pdf
K142213,200,data/summaries/K142213.pdf
K142217,200,data/summaries/K142217.pdf
K142218,200,data/summaries/K142218.pdf
K142230,200,data/summaries/K142230.pdf
K142237,200,data/summaries/K142237.pdf
K142251,200,data/summaries/K142251.pdf
K142253,200,data/summaries/K142253.pdf
K142264,200,data/summaries/K142264.pdf
K142269,200,data/summaries/K142269.pdf
K142271,200,data/summaries/K142271.pdf
K142276,200,data/summaries/K142276.pdf
K142277,200,data/summaries/K142277.pdf
K142281,200,data/summaries/K142281.pdf
K142290,200,data/summaries/K142290.pdf
K142292,200,data/summaries/K142292.pdf
K142295,200,data/summaries/K142295.pdf
K142299,200,data/summaries/K142299.pdf
K142306,200,data/summaries/K142306.pdf
K142328,200,data/summaries/K142328.pdf
K142345,200,data/summaries/K142345.pdf
K142347,200,data/summaries/K142347.pdf
K142360,200,data/summaries/K142360.pdf
K142378,200,data/summaries/K142378.pdf
K142381,200,data/summaries/K142381.pdf
K142388,200,data/summaries/K142388.pdf
K142392,200,data/summaries/K142392.pdf
K142403,200,data/summaries/K142403.pdf
K142404,200,data/summaries/K142404.pdf
K142413,200,data/summaries/K142413.pdf
K142418,200,data/summaries/K142418.pdf
K142419,200,data/summaries/K142419.pdf
K142442,200,data/summaries/K142442.pdf
K142450,200,data/summaries/K142450.pdf
K142451,200,data/summaries/K142451.pdf
K142456,200,data/summaries/K142456.pdf
K142460,200,data/summaries/K142460.pdf
K142462,200,data/summaries/K142462.pdf
K142463,200,data/summaries/K142463.pdf
K142478,200,data/summaries/K142478.pdf
K142484,200,data/summaries/K142484.pdf
K142487,200,data/summaries/K142487.pdf
K142488,200,data/summaries/K142488.pdf
K142490,200,data/summaries/K142490.pdf
K142498,200,data/summaries/K142498.pdf
K142499,200,data/summaries/K142499.pdf
K142502,200,data/summaries/K142502.pdf
K142504,200,data/summaries/K142504.pdf
K142520,200,data/summaries/K142520.pdf
K142528,200,data/summaries/K142528.pdf
K142531,200,data/summaries/K142531.pdf
K142534,200,data/summaries/K142534.pdf
K142550,200,data/summaries/K142550.pdf
K142558,200,data/summaries/K142558.pdf
K142559,200,data/summaries/K142559.pdf
K142569,200,data/summaries/K142569.pdf
K142574,200,data/summaries/K142574.pdf
K142576,200,data/summaries/K142576.pdf
K142579,200,data/summaries/K142579.pdf
K142581,200,data/summaries/K142581.pdf
K142585,200,data/summaries/K142585.pdf
K142586,200,data/summaries/K142586.pdf
K142587,200,data/summaries/K142587.pdf
K142589,200,data/summaries/K142589.pdf
K142591,200,data/summaries/K142591.pdf
K142594,200,data/summaries/K142594.pdf
K142599,200,data/summaries/K142599.pdf
K142602,200,data/summaries/K142602.pdf
K142606,200,data/summaries/K142606.pdf
K142634,200,data/summaries/K142634.pdf
K142643,200,data/summaries/K142643.pdf
K142645,200,data/summaries/K142645.pdf
K142649,200,data/summaries/K142649.pdf
K142653,200,data/summaries/K142653.pdf
K142655,200,data/summaries/K142655.pdf
K142658,200,data/summaries/K142658.pdf
K142675,200,data/summaries/K142675.pdf
K142699,200,data/summaries/K142699.pdf
K142707,200,data/summaries/K142707.pdf
K142724,200,data/summaries/K142724.pdf
K142727,200,data/summaries/K142727.pdf
K142737,200,data/summaries/K142737.pdf
K142741,200,data/summaries/K142741.pdf
K142744,200,data/summaries/K142744.pdf
K142746,200,data/summaries/K142746.pdf
K142752,200,data/summaries/K142752.pdf
K142761,200,data/summaries/K142761.pdf
K142776,200,data/summaries/K142776.pdf
K142778,200,data/summaries/K142778.pdf
K142787,200,data/summaries/K142787.pdf
K142798,200,data/summaries/K142798.pdf
K142807,200,data/summaries/K142807.pdf
K142814,200,data/summaries/K142814.pdf
K142823,200,data/summaries/K142823.pdf
K142828,200,data/summaries/K142828.pdf
K142835,200,data/summaries/K142835.pdf
K142836,200,data/summaries/K142836.pdf
K142838,200,data/summaries/K142838.pdf
K142847,200,data/summaries/K142847.pdf
K142863,200,data/summaries/K142863.pdf
K142867,200,data/summaries/K142867.pdf
K142882,200,data/summaries/K142882.pdf
K142906,200,data/summaries/K142906.pdf
K142933,200,data/summaries/K142933.pdf
K142938,200,data/summaries/K142938.pdf
K142939,200,data/summaries/K142939.pdf
K142940,200,data/summaries/K142940.pdf
K142942,200,data/summaries/K142942.pdf
K142943,200,data/summaries/K142943.pdf
K142945,200,data/summaries/K142945.pdf
K142948,200,data/summaries/K142948.pdf
K142957,200,data/summaries/K142957.pdf
K142996,200,data/summaries/K142996.pdf
K143002,200,data/summaries/K143002.pdf
K143006,200,data/summaries/K143006.pdf
K143009,200,data/summaries/K143009.pdf
K143013,200,data/summaries/K143013.pdf
K143019,200,data/summaries/K143019.pdf
K143023,200,data/summaries/K143023.pdf
K143025,200,data/summaries/K143025.pdf
K143028,200,data/summaries/K143028.pdf
K143037,200,data/summaries/K143037.pdf
K143039,200,data/summaries/K143039.pdf
K143047,200,data/summaries/K143047.pdf
K143049,200,data/summaries/K143049.pdf
K143050,200,data/summaries/K143050.pdf
K143061,200,data/summaries/K143061.pdf
K143063,200,data/summaries/K143063.pdf
K143065,200,data/summaries/K143065.pdf
K143066,200,data/summaries/K143066.pdf
K143085,200,data/summaries/K143085.pdf
K143092,200,data/summaries/K143092.pdf
K143096,200,data/summaries/K143096.pdf
K143100,200,data/summaries/K143100.pdf
K143106,200,data/summaries/K143106.pdf
K143110,200,data/summaries/K143110.pdf
K143113,200,data/summaries/K143113.pdf
K143125,200,data/summaries/K143125.pdf
K143126,200,data/summaries/K143126.pdf
K143134,200,data/summaries/K143134.pdf
K143138,200,data/summaries/K143138.pdf
K143139,200,data/summaries/K143139.pdf
K143141,200,data/summaries/K143141.pdf
K143143,200,data/summaries/K143143.pdf
K143146,200,data/summaries/K143146.pdf
K143149,200,data/summaries/K143149.pdf
K143163,200,data/summaries/K143163.pdf
K143165,200,data/summaries/K143165.pdf
K143172,200,data/summaries/K143172.pdf
K143179,200,data/summaries/K143179.pdf
K143184,200,data/summaries/K143184.pdf
K143188,200,data/summaries/K143188.pdf
K143192,200,data/summaries/K143192.pdf
K143200,200,data/summaries/K143200.pdf
K143204,200,data/summaries/K143204.pdf
K143214,200,data/summaries/K143214.pdf
K143220,200,data/summaries/K143220.pdf
K143222,200,data/summaries/K143222.pdf
K143226,200,data/summaries/K143226.pdf
K143228,200,data/summaries/K143228.pdf
K143229,200,data/summaries/K143229.pdf
K143230,200,data/summaries/K143230.pdf
K143242,200,data/summaries/K143242.pdf
K143245,200,data/summaries/K143245.pdf
K143248,200,data/summaries/K143248.pdf
K143249,200,data/summaries/K143249.pdf
K143256,200,data/summaries/K143256.pdf
K143258,200,data/summaries/K143258.pdf
K143271,200,data/summaries/K143271.pdf
K143276,200,data/summaries/K143276.pdf
K143278,200,data/summaries/K143278.pdf
K143279,200,data/summaries/K143279.pdf
K143297,200,data/summaries/K143297.pdf
K143314,200,data/summaries/K143314.pdf
K143321,200,data/summaries/K143321.pdf
K143323,200,data/summaries/K143323.pdf
K143331,200,data/summaries/K143331.pdf
K143334,200,data/summaries/K143334.pdf
K143350,200,data/summaries/K143350.pdf
K143355,200,data/summaries/K143355.pdf
K143360,200,data/summaries/K143360.pdf
K143363,200,data/summaries/K143363.pdf
K143365,200,data/summaries/K143365.pdf
K143366,200,data/summaries/K143366.pdf
K143374,200,data/summaries/K143374.pdf
K143375,200,data/summaries/K143375.pdf
K143377,200,data/summaries/K143377.pdf
K143385,200,data/summaries/K143385.pdf
K143388,200,data/summaries/K143388.pdf
K143392,200,data/summaries/K143392.pdf
K143393,200,data/summaries/K143393.pdf
K143394,200,data/summaries/K143394.pdf
K143402,200,data/summaries/K143402.pdf
K143403,200,data/summaries/K143403.pdf
K143407,200,data/summaries/K143407.pdf
K143417,200,data/summaries/K143417.pdf
K143443,200,data/summaries/K143443.pdf
K143450,200,data/summaries/K143450.pdf
K143453,200,data/summaries/K143453.pdf
K143460,200,data/summaries/K143460.pdf
K143471,200,data/summaries/K143471.pdf
K143473,200,data/summaries/K143473.pdf
K143479,200,data/summaries/K143479.pdf
K143490,200,data/summaries/K143490.pdf
K143496,200,data/summaries/K143496.pdf
K143509,200,data/summaries/K143509.pdf
K143518,200,data/summaries/K143518.pdf
K143523,200,data/summaries/K143523.pdf
K143533,200,data/summaries/K143533.pdf
K143543,200,data/summaries/K143543.pdf
K143547,200,data/summaries/K143547.pdf
K143549,200,data/summaries/K143549.pdf
K143552,200,data/summaries/K143552.pdf
K143569,200,data/summaries/K143569.pdf
K143572,200,data/summaries/K143572.pdf
K143576,200,data/summaries/K143576.pdf
K143578,200,data/summaries/K143578.pdf
K143595,200,data/summaries/K143595.pdf
K143596,200,data/summaries/K143596.pdf
K143614,200,data/summaries/K143614.pdf
K143616,200,data/summaries/K143616.pdf
K143618,200,data/summaries/K143618.pdf
K143622,200,data/summaries/K143622.pdf
K143624,200,data/summaries/K143624.pdf
K143626,200,data/summaries/K143626.pdf
K143631,200,data/summaries/K143631.pdf
K143633,200,data/summaries/K143633.pdf
K143635,200,data/summaries/K143635.pdf
K143647,200,data/summaries/K143647.pdf
K143659,200,data/summaries/K143659.pdf
K143660,200,data/summaries/K143660.pdf
K143683,200,data/summaries/K143683.pdf
K143684,200,data/summaries/K143684.pdf
K143685,200,data/summaries/K143685.pdf
K143688,200,data/summaries/K143688.pdf
K143692,200,data/summaries/K143692.pdf
K143697,200,data/summaries/K143697.pdf
K143702,200,data/summaries/K143702.pdf
K143706,200,data/summaries/K143706.pdf
K143716,200,data/summaries/K143716.pdf
K143717,200,data/summaries/K143717.pdf
K143721,200,data/summaries/K143721.pdf
K143725,200,data/summaries/K143725.pdf
K143731,200,data/summaries/K143731.pdf
K143739,200,data/summaries/K143739.pdf
K143740,200,data/summaries/K143740.pdf
K143745,200,data/summaries/K143745.pdf
K143749,200,data/summaries/K143749.pdf
K143759,200,data/summaries/K143759.pdf
K150004,404,
K150007,200,data/summaries/K150007.pdf
K150009,200,data/summaries/K150009.pdf
K150017,200,data/summaries/K150017.pdf
K150028,200,data/summaries/K150028.pdf
K150036,200,data/summaries/K150036.pdf
K150049,200,data/summaries/K150049.pdf
K150053,200,data/summaries/K150053.pdf
K150061,200,data/summaries/K150061.pdf
K150062,200,data/summaries/K150062.pdf
K150064,200,data/summaries/K150064.pdf
K150066,200,data/summaries/K150066.pdf
K150073,200,data/summaries/K150073.pdf
K150090,200,data/summaries/K150090.pdf
K150092,200,data/summaries/K150092.pdf
K150099,200,data/summaries/K150099.pdf
K150105,200,data/summaries/K150105.pdf
K150119,200,data/summaries/K150119.pdf
K150121,200,data/summaries/K150121.pdf
K150125,200,data/summaries/K150125.pdf
K150126,200,data/summaries/K150126.pdf
K150130,200,data/summaries/K150130.pdf
K150133,200,data/summaries/K150133.pdf
K150135,200,data/summaries/K150135.pdf
K150152,200,data/summaries/K150152.pdf
K150166,200,data/summaries/K150166.pdf
K150178,200,data/summaries/K150178.pdf
K150184,200,data/summaries/K150184.pdf
K150185,200,data/summaries/K150185.pdf
K150188,200,data/summaries/K150188.pdf
K150200,200,data/summaries/K150200.pdf
K150206,200,data/summaries/K150206.pdf
K150209,404,
K150211,200,data/summaries/K150211.pdf
K150213,200,data/summaries/K150213.pdf
K150229,200,data/summaries/K150229.pdf
K150241,200,data/summaries/K150241.pdf
K150252,200,data/summaries/K150252.pdf
K150254,200,data/summaries/K150254.pdf
K150283,200,data/summaries/K150283.pdf
K150285,200,data/summaries/K150285.pdf
K150294,200,data/summaries/K150294.pdf
K150302,200,data/summaries/K150302.pdf
K150307,200,data/summaries/K150307.pdf
K150309,200,data/summaries/K150309.pdf
K150321,200,data/summaries/K150321.pdf
K150322,200,data/summaries/K150322.pdf
K150325,200,data/summaries/K150325.pdf
K150359,200,data/summaries/K150359.pdf
K150362,200,data/summaries/K150362.pdf
K150368,200,data/summaries/K150368.pdf
K150376,200,data/summaries/K150376.pdf
K150380,200,data/summaries/K150380.pdf
K150390,200,data/summaries/K150390.pdf
K150394,200,data/summaries/K150394.pdf
K150395,200,data/summaries/K150395.pdf
K150408,200,data/summaries/K150408.pdf
K150410,200,data/summaries/K150410.pdf
K150416,200,data/summaries/K150416.pdf
K150417,200,data/summaries/K150417.pdf
K150424,200,data/summaries/K150424.pdf
K150443,200,data/summaries/K150443.pdf
K150449,200,data/summaries/K150449.pdf
K150455,200,data/summaries/K150455.pdf
K150456,200,data/summaries/K150456.pdf
K150458,200,data/summaries/K150458.pdf
K150460,200,data/summaries/K150460.pdf
K150463,200,data/summaries/K150463.pdf
K150469,200,data/summaries/K150469.pdf
K150471,200,data/summaries/K150471.pdf
K150474,200,data/summaries/K150474.pdf
K150481,200,data/summaries/K150481.pdf
K150488,200,data/summaries/K150488.pdf
K150496,200,data/summaries/K150496.pdf
K150500,200,data/summaries/K150500.pdf
K150501,200,data/summaries/K150501.pdf
K150503,200,data/summaries/K150503.pdf
K150507,200,data/summaries/K150507.pdf
K150520,200,data/summaries/K150520.pdf
K150521,200,data/summaries/K150521.pdf
K150522,200,data/summaries/K150522.pdf
K150539,200,data/summaries/K150539.pdf
K150544,200,data/summaries/K150544.pdf
K150552,200,data/summaries/K150552.pdf
K150561,200,data/summaries/K150561.pdf
K150568,200,data/summaries/K150568.pdf
K150570,200,data/summaries/K150570.pdf
K150576,200,data/summaries/K150576.pdf
K150579,200,data/summaries/K150579.pdf
K150581,200,data/summaries/K150581.pdf
K150582,200,data/summaries/K150582.pdf
K150583,200,data/summaries/K150583.pdf
K150600,200,data/summaries/K150600.pdf
K150607,200,data/summaries/K150607.pdf
K150619,200,data/summaries/K150619.pdf
K150621,200,data/summaries/K150621.pdf
K150626,200,data/summaries/K150626.pdf
K150640,200,data/summaries/K150640.pdf
K150643,200,data/summaries/K150643.pdf
K150647,200,data/summaries/K150647.pdf
K150648,200,data/summaries/K150648.pdf
K150649,200,data/summaries/K150649.pdf
K150650,200,data/summaries/K150650.pdf
K150655,200,data/summaries/K150655.pdf
K150656,200,data/summaries/K150656.pdf
K150666,200,data/summaries/K150666.pdf
K150673,200,data/summaries/K150673.pdf
K150675,200,data/summaries/K150675.pdf
K150680,200,data/summaries/K150680.pdf
K150684,200,data/summaries/K150684.pdf
K150693,200,data/summaries/K150693.pdf
K150700,200,data/summaries/K150700.pdf
K150714,200,data/summaries/K150714.pdf
K150715,200,data/summaries/K150715.pdf
K150730,200,data/summaries/K150730.pdf
K150753,200,data/summaries/K150753.pdf
K150759,200,data/summaries/K150759.pdf
K150765,200,data/summaries/K150765.pdf
K150768,200,data/summaries/K150768.pdf
K150769,200,data/summaries/K150769.pdf
K150772,200,data/summaries/K150772.pdf
K150783,200,data/summaries/K150783.pdf
K150788,200,data/summaries/K150788.pdf
K150790,200,data/summaries/K150790.pdf
K150812,200,data/summaries/K150812.pdf
K150818,200,data/summaries/K150818.pdf
K150822,200,data/summaries/K150822.pdf
K150829,200,data/summaries/K150829.pdf
K150832,200,data/summaries/K150832.pdf
K150834,200,data/summaries/K150834.pdf
K150847,200,data/summaries/K150847.pdf
K150850,200,data/summaries/K150850.pdf
K150851,200,data/summaries/K150851.pdf
K150855,200,data/summaries/K150855.pdf
K150856,200,data/summaries/K150856.pdf
K150862,200,data/summaries/K150862.pdf
K150867,200,data/summaries/K150867.pdf
K150871,200,data/summaries/K150871.pdf
K150875,200,data/summaries/K150875.pdf
K150885,200,data/summaries/K150885.pdf
K150889,200,data/summaries/K150889.pdf
K150890,200,data/summaries/K150890.pdf
K150896,200,data/summaries/K150896.pdf
K150913,200,data/summaries/K150913.pdf
K150918,200,data/summaries/K150918.pdf
K150928,200,data/summaries/K150928.pdf
K150954,200,data/summaries/K150954.pdf
K150974,200,data/summaries/K150974.pdf
K150981,200,data/summaries/K150981.pdf
K150983,200,data/summaries/K150983.pdf
K150994,200,data/summaries/K150994.pdf
K151004,200,data/summaries/K151004.pdf
K151008,200,data/summaries/K151008.pdf
K151010,200,data/summaries/K151010.pdf
K151019,200,data/summaries/K151019.pdf
K151020,200,data/summaries/K151020.pdf
K151021,200,data/summaries/K151021.pdf
K151031,200,data/summaries/K151031.pdf
K151037,200,data/summaries/K151037.pdf
K151056,200,data/summaries/K151056.pdf
K151057,200,data/summaries/K151057.pdf
K151062,200,data/summaries/K151062.pdf
K151064,200,data/summaries/K151064.pdf
K151068,200,data/summaries/K151068.pdf
K151078,200,data/summaries/K151078.pdf
K151092,200,data/summaries/K151092.pdf
K151105,200,data/summaries/K151105.pdf
K151116,200,data/summaries/K151116.pdf
K151118,200,data/summaries/K151118.pdf
K151128,200,data/summaries/K151128.pdf
K151131,200,data/summaries/K151131.pdf
K151140,200,data/summaries/K151140.pdf
K151146,200,data/summaries/K151146.pdf
K151154,200,data/summaries/K151154.pdf
K151160,200,data/summaries/K151160.pdf
K151167,200,data/summaries/K151167.pdf
K151172,200,data/summaries/K151172.pdf
K151173,200,data/summaries/K151173.pdf
K151178,200,data/summaries/K151178.pdf
K151184,200,data/summaries/K151184.pdf
K151196,200,data/summaries/K151196.pdf
K151198,200,data/summaries/K151198.pdf
K151201,200,data/summaries/K151201.pdf
K151214,200,data/summaries/K151214.pdf
K151215,200,data/summaries/K151215.pdf
K151216,200,data/summaries/K151216.pdf
K151220,200,data/summaries/K151220.pdf
K151224,200,data/summaries/K151224.pdf
K151227,200,data/summaries/K151227.pdf
K151230,200,data/summaries/K151230.pdf
K151235,200,data/summaries/K151235.pdf
K151241,200,data/summaries/K151241.pdf
K151256,200,data/summaries/K151256.pdf
K151264,200,data/summaries/K151264.pdf
K151266,200,data/summaries/K151266.pdf
K151270,200,data/summaries/K151270.pdf
K151271,200,data/summaries/K151271.pdf
K151276,200,data/summaries/K151276.pdf
K151277,200,data/summaries/K151277.pdf
K151293,200,data/summaries/K151293.pdf
K151307,200,data/summaries/K151307.pdf
K151310,200,data/summaries/K151310.pdf
K151312,200,data/summaries/K151312.pdf
K151314,200,data/summaries/K151314.pdf
K151316,200,data/summaries/K151316.pdf
K151322,200,data/summaries/K151322.pdf
K151342,200,data/summaries/K151342.pdf
K151346,200,data/summaries/K151346.pdf
K151352,200,data/summaries/K151352.pdf
K151360,200,data/summaries/K151360.pdf
K151362,200,data/summaries/K151362.pdf
K151374,200,data/summaries/K151374.pdf
K151379,200,data/summaries/K151379.pdf
K151406,200,data/summaries/K151406.pdf
K151407,200,data/summaries/K151407.pdf
K151408,200,data/summaries/K151408.pdf
K151418,200,data/summaries/K151418.pdf
K151422,200,data/summaries/K151422.pdf
K151424,200,data/summaries/K151424.pdf
K151440,200,data/summaries/K151440.pdf
K151442,200,data/summaries/K151442.pdf
K151448,200,data/summaries/K151448.pdf
K151456,200,data/summaries/K151456.pdf
K151458,200,data/summaries/K151458.pdf
K151459,200,data/summaries/K151459.pdf
K151462,200,data/summaries/K151462.pdf
K151468,200,data/summaries/K151468.pdf
K151472,200,data/summaries/K151472.pdf
K151481,200,data/summaries/K151481.pdf
K151483,200,data/summaries/K151483.pdf
K151488,200,data/summaries/K151488.pdf
K151496,200,data/summaries/K151496.pdf
K151500,200,data/summaries/K151500.pdf
K151508,200,data/summaries/K151508.pdf
K151527,200,data/summaries/K151527.pdf
K151531,200,data/summaries/K151531.pdf
K151538,200,data/summaries/K151538.pdf
K151553,200,data/summaries/K151553.pdf
K151580,200,data/summaries/K151580.pdf
K151581,200,data/summaries/K151581.pdf
K151584,200,data/summaries/K151584.pdf
K151592,200,data/summaries/K151592.pdf
K151596,200,data/summaries/K151596.pdf
K151601,200,data/summaries/K151601.pdf
K151603,200,data/summaries/K151603.pdf
K151615,200,data/summaries/K151615.pdf
K151648,200,data/summaries/K151648.pdf
K151651,200,data/summaries/K151651.pdf
K151654,200,data/summaries/K151654.pdf
K151660,200,data/summaries/K151660.pdf
K151665,200,data/summaries/K151665.pdf
K151677,200,data/summaries/K151677.pdf
K151695,200,data/summaries/K151695.pdf
K151701,200,data/summaries/K151701.pdf
K151704,200,data/summaries/K151704.pdf
K151705,200,data/summaries/K151705.pdf
K151708,200,data/summaries/K151708.pdf
K151716,200,data/summaries/K151716.pdf
K151718,200,data/summaries/K151718.pdf
K151726,200,data/summaries/K151726.pdf
K151727,200,data/summaries/K151727.pdf
K151732,200,data/summaries/K151732.pdf
K151735,200,data/summaries/K151735.pdf
K151739,200,data/summaries/K151739.pdf
K151740,200,data/summaries/K151740.pdf
K151741,200,data/summaries/K151741.pdf
K151747,200,data/summaries/K151747.pdf
K151755,200,data/summaries/K151755.pdf
K151756,200,data/summaries/K151756.pdf
K151762,200,data/summaries/K151762.pdf
K151769,200,data/summaries/K151769.pdf
K151770,200,data/summaries/K151770.pdf
K151773,200,data/summaries/K151773.pdf
K151785,200,data/summaries/K151785.pdf
K151813,200,data/summaries/K151813.pdf
K151818,200,data/summaries/K151818.pdf
K151819,200,data/summaries/K151819.pdf
K151838,200,data/summaries/K151838.pdf
K151848,200,data/summaries/K151848.pdf
K151849,200,data/summaries/K151849.pdf
K151863,200,data/summaries/K151863.pdf
K151876,200,data/summaries/K151876.pdf
K151879,200,data/summaries/K151879.pdf
K151881,200,data/summaries/K151881.pdf
K151885,200,data/summaries/K151885.pdf
K151886,200,data/summaries/K151886.pdf
K151888,200,data/summaries/K151888.pdf
K151897,200,data/summaries/K151897.pdf
K151900,200,data/summaries/K151900.pdf
K151902,200,data/summaries/K151902.pdf
K151907,200,data/summaries/K151907.pdf
K151921,200,data/summaries/K151921.pdf
K151934,200,data/summaries/K151934.pdf
K151938,200,data/summaries/K151938.pdf
K151939,200,data/summaries/K151939.pdf
K151974,200,data/summaries/K151974.pdf
K151977,200,data/summaries/K151977.pdf
K151983,200,data/summaries/K151983.pdf
K151992,200,data/summaries/K151992.pdf
K152000,200,data/summaries/K152000.pdf
K152008,200,data/summaries/K152008.pdf
K152011,200,data/summaries/K152011.pdf
K152015,200,data/summaries/K152015.pdf
K152022,200,data/summaries/K152022.pdf
K152039,200,data/summaries/K152039.pdf
K152045,200,data/summaries/K152045.pdf
K152047,200,data/summaries/K152047.pdf
K152062,200,data/summaries/K152062.pdf
K152071,200,data/summaries/K152071.pdf
K152072,200,data/summaries/K152072.pdf
K152077,200,data/summaries/K152077.pdf
K152084,200,data/summaries/K152084.pdf
K152098,200,data/summaries/K152098.pdf
K152099,200,data/summaries/K152099.pdf
K152131,200,data/summaries/K152131.pdf
K152132,200,data/summaries/K152132.pdf
K152142,200,data/summaries/K152142.pdf
K152145,200,data/summaries/K152145.pdf
K152148,200,data/summaries/K152148.pdf
K152158,200,data/summaries/K152158.pdf
K152169,200,data/summaries/K152169.pdf
K152170,200,data/summaries/K152170.pdf
K152171,200,data/summaries/K152171.pdf
K152174,200,data/summaries/K152174.pdf
K152187,200,data/summaries/K152187.pdf
K152193,200,data/summaries/K152193.pdf
K152200,200,data/summaries/K152200.pdf
K152211,200,data/summaries/K152211.pdf
K152217,200,data/summaries/K152217.pdf
K152236,200,data/summaries/K152236.pdf
K152237,200,data/summaries/K152237.pdf
K152239,200,data/summaries/K152239.pdf
K152242,200,data/summaries/K152242.pdf
K152248,200,data/summaries/K152248.pdf
K152252,200,data/summaries/K152252.pdf
K152253,200,data/summaries/K152253.pdf
K152255,200,data/summaries/K152255.pdf
K152256,200,data/summaries/K152256.pdf
K152259,200,data/summaries/K152259.pdf
K152262,200,data/summaries/K152262.pdf
K152267,200,data/summaries/K152267.pdf
K152277,200,data/summaries/K152277.pdf
K152281,200,data/summaries/K152281.pdf
K152282,200,data/summaries/K152282.pdf
K152289,200,data/summaries/K152289.pdf
K152295,200,data/summaries/K152295.pdf
K152298,200,data/summaries/K152298.pdf
K152304,200,data/summaries/K152304.pdf
K152306,200,data/summaries/K152306.pdf
K152312,200,data/summaries/K152312.pdf
K152315,200,data/summaries/K152315.pdf
K152324,200,data/summaries/K152324.pdf
K152338,200,data/summaries/K152338.pdf
K152355,200,data/summaries/K152355.pdf
K152370,200,data/summaries/K152370.pdf
K152382,200,data/summaries/K152382.pdf
K152430,200,data/summaries/K152430.pdf
K152431,200,data/summaries/K152431.pdf
K152439,200,data/summaries/K152439.pdf
K152454,200,data/summaries/K152454.pdf
K152455,200,data/summaries/K152455.pdf
K152457,200,data/summaries/K152457.pdf
K152460,200,data/summaries/K152460.pdf
K152475,200,data/summaries/K152475.pdf
K152484,200,data/summaries/K152484.pdf
K152494,200,data/summaries/K152494.pdf
K152501,200,data/summaries/K152501.pdf
K152512,200,data/summaries/K152512.pdf
K152515,200,data/summaries/K152515.pdf
K152527,200,data/summaries/K152527.pdf
K152530,200,data/summaries/K152530.pdf
K152532,200,data/summaries/K152532.pdf
K152539,200,data/summaries/K152539.pdf
K152548,200,data/summaries/K152548.pdf
K152557,200,data/summaries/K152557.pdf
K152566,200,data/summaries/K152566.pdf
K152568,200,data/summaries/K152568.pdf
K152589,200,data/summaries/K152589.pdf
K152604,200,data/summaries/K152604.pdf
K152620,200,data/summaries/K152620.pdf
K152621,200,data/summaries/K152621.pdf
K152622,200,data/summaries/K152622.pdf
K152623,200,data/summaries/K152623.pdf
K152627,200,data/summaries/K152627.pdf
K152631,200,data/summaries/K152631.pdf
K152632,200,data/summaries/K152632.pdf
K152651,200,data/summaries/K152651.pdf
K152662,200,data/summaries/K152662.pdf
K152681,200,data/summaries/K152681.pdf
K152686,200,data/summaries/K152686.pdf
K152704,200,data/summaries/K152704.pdf
K152710,200,data/summaries/K152710.pdf
K152711,200,data/summaries/K152711.pdf
K152726,200,data/summaries/K152726.pdf
K152732,200,data/summaries/K152732.pdf
K152754,200,data/summaries/K152754.pdf
K152755,200,data/summaries/K152755.pdf
K152757,200,data/summaries/K152757.pdf
K152781,200,data/summaries/K152781.pdf
K152793,200,data/summaries/K152793.pdf
K152825,200,data/summaries/K152825.pdf
K152841,200,data/summaries/K152841.pdf
K152893,200,data/summaries/K152893.pdf
K152903,200,data/summaries/K152903.pdf
K152919,200,data/summaries/K152919.pdf
K152920,200,data/summaries/K152920.pdf
K152943,200,data/summaries/K152943.pdf
K152966,200,data/summaries/K152966.pdf
K152968,200,data/summaries/K152968.pdf
K152972,200,data/summaries/K152972.pdf
K152974,200,data/summaries/K152974.pdf
K152976,200,data/summaries/K152976.pdf
K153008,200,data/summaries/K153008.pdf
K153031,200,data/summaries/K153031.pdf
K153034,200,data/summaries/K153034.pdf
K153042,200,data/summaries/K153042.pdf
K153057,200,data/summaries/K153057.pdf
K153065,200,data/summaries/K153065.pdf
K153075,200,data/summaries/K153075.pdf
K153082,200,data/summaries/K153082.pdf
K153097,200,data/summaries/K153097.pdf
K153105,200,data/summaries/K153105.pdf
K153107,200,data/summaries/K153107.pdf
K153115,200,data/summaries/K153115.pdf
K153122,200,data/summaries/K153122.pdf
K153123,200,data/summaries/K153123.pdf
K153129,200,data/summaries/K153129.pdf
K153131,200,data/summaries/K153131.pdf
K153152,200,data/summaries/K153152.pdf
K153154,404,
K153169,200,data/summaries/K153169.pdf
K153180,200,data/summaries/K153180.pdf
K153182,200,data/summaries/K153182.pdf
K153186,200,data/summaries/K153186.pdf
K153204,200,data/summaries/K153204.pdf
K153207,200,data/summaries/K153207.pdf
K153208,200,data/summaries/K153208.pdf
K153211,200,data/summaries/K153211.pdf
K153215,200,data/summaries/K153215.pdf
K153216,200,data/summaries/K153216.pdf
K153217,200,data/summaries/K153217.pdf
K153222,200,data/summaries/K153222.pdf
K153233,200,data/summaries/K153233.pdf
K153242,200,data/summaries/K153242.pdf
K153250,200,data/summaries/K153250.pdf
K153273,200,data/summaries/K153273.pdf
K153296,200,data/summaries/K153296.pdf
K153302,200,data/summaries/K153302.pdf
K153310,200,data/summaries/K153310.pdf
K153313,200,data/summaries/K153313.pdf
K153323,200,data/summaries/K153323.pdf
K153326,200,data/summaries/K153326.pdf
K153333,200,data/summaries/K153333.pdf
K153336,200,data/summaries/K153336.pdf
K153338,200,data/summaries/K153338.pdf
K153340,200,data/summaries/K153340.pdf
K153345,200,data/summaries/K153345.pdf
K153348,200,data/summaries/K153348.pdf
K153352,200,data/summaries/K153352.pdf
K153356,200,data/summaries/K153356.pdf
K153370,200,data/summaries/K153370.pdf
K153373,200,data/summaries/K153373.pdf
K153374,200,data/summaries/K153374.pdf
K153377,200,data/summaries/K153377.pdf
K153378,200,data/summaries/K153378.pdf
K153379,200,data/summaries/K153379.pdf
K153381,200,data/summaries/K153381.pdf
K153386,200,data/summaries/K153386.pdf
K153395,200,data/summaries/K153395.pdf
K153398,200,data/summaries/K153398.pdf
K153400,200,data/summaries/K153400.pdf
K153404,200,data/summaries/K153404.pdf
K153413,200,data/summaries/K153413.pdf
K153415,200,data/summaries/K153415.pdf
K153419,200,data/summaries/K153419.pdf
K153428,200,data/summaries/K153428.pdf
K153436,200,data/summaries/K153436.pdf
K153437,200,data/summaries/K153437.pdf
K153438,200,data/summaries/K153438.pdf
K153439,200,data/summaries/K153439.pdf
K153442,200,data/summaries/K153442.pdf
K153446,200,data/summaries/K153446.pdf
K153452,200,data/summaries/K153452.pdf
K153453,200,data/summaries/K153453.pdf
K153463,200,data/summaries/K153463.pdf
K153482,200,data/summaries/K153482.pdf
K153495,200,data/summaries/K153495.pdf
K153517,200,data/summaries/K153517.pdf
K153525,200,data/summaries/K153525.pdf
K153526,200,data/summaries/K153526.pdf
K153531,200,data/summaries/K153531.pdf
K153536,200,data/summaries/K153536.pdf
K153558,200,data/summaries/K153558.pdf
K153573,200,data/summaries/K153573.pdf
K153575,200,data/summaries/K153575.pdf
K153585,200,data/summaries/K153585.pdf
K153586,200,data/summaries/K153586.pdf
K153589,200,data/summaries/K153589.pdf
K153595,200,data/summaries/K153595.pdf
K153602,200,data/summaries/K153602.pdf
K153608,200,data/summaries/K153608.pdf
K153609,200,data/summaries/K153609.pdf
K153615,200,data/summaries/K153615.pdf
K153621,200,data/summaries/K153621.pdf
K153622,200,data/summaries/K153622.pdf
K153627,200,data/summaries/K153627.pdf
K153629,200,data/summaries/K153629.pdf
K153631,200,data/summaries/K153631.pdf
K153635,200,data/summaries/K153635.pdf
K153638,200,data/summaries/K153638.pdf
K153649,200,data/summaries/K153649.pdf
K153656,200,data/summaries/K153656.pdf
K153657,200,data/summaries/K153657.pdf
K153664,200,data/summaries/K153664.pdf
K153665,200,data/summaries/K153665.pdf
K153667,200,data/summaries/K153667.pdf
K153669,200,data/summaries/K153669.pdf
K153695,200,data/summaries/K153695.pdf
K153716,200,data/summaries/K153716.pdf
K153720,200,data/summaries/K153720.pdf
K153721,200,data/summaries/K153721.pdf
K153722,200,data/summaries/K153722.pdf
K153725,200,data/summaries/K153725.pdf
K153735,200,data/summaries/K153735.pdf
K153737,200,data/summaries/K153737.pdf
K153759,200,data/summaries/K153759.pdf
K153770,200,data/summaries/K153770.pdf
K153772,200,data/summaries/K153772.pdf
K153776,200,data/summaries/K153776.pdf
K153782,200,data/summaries/K153782.pdf
K153783,200,data/summaries/K153783.pdf
K153786,200,data/summaries/K153786.pdf
K160002,200,data/summaries/K160002.pdf
K160003,200,data/summaries/K160003.pdf
K160011,200,data/summaries/K160011.pdf
K160020,200,data/summaries/K160020.pdf
K160025,200,data/summaries/K160025.pdf
K160051,200,data/summaries/K160051.pdf
K160058,200,data/summaries/K160058.pdf
K160066,200,data/summaries/K160066.pdf
K160069,200,data/summaries/K160069.pdf
K160071,200,data/summaries/K160071.pdf
K160074,200,data/summaries/K160074.pdf
K160076,200,data/summaries/K160076.pdf
K160085,200,data/summaries/K160085.pdf
K160114,200,data/summaries/K160114.pdf
K160118,200,data/summaries/K160118.pdf
K160124,200,data/summaries/K160124.pdf
K160125,200,data/summaries/K160125.pdf
K160154,200,data/summaries/K160154.pdf
K160157,200,data/summaries/K160157.pdf
K160159,200,data/summaries/K160159.pdf
K160167,200,data/summaries/K160167.pdf
K160169,200,data/summaries/K160169.pdf
K160174,200,data/summaries/K160174.pdf
K160177,200,data/summaries/K160177.pdf
K160191,200,data/summaries/K160191.pdf
K160194,200,data/summaries/K160194.pdf
K160208,200,data/summaries/K160208.pdf
K160216,200,data/summaries/K160216.pdf
K160222,200,data/summaries/K160222.pdf
K160226,200,data/summaries/K160226.pdf
K160264,200,data/summaries/K160264.pdf
K160266,200,data/summaries/K160266.pdf
K160267,404,
K160289,200,data/summaries/K160289.pdf
K160291,200,data/summaries/K160291.pdf
K160300,200,data/summaries/K160300.pdf
K160304,200,data/summaries/K160304.pdf
K160319,200,data/summaries/K160319.pdf
K160320,200,data/summaries/K160320.pdf
K160324,200,data/summaries/K160324.pdf
K160325,200,data/summaries/K160325.pdf
K160342,200,data/summaries/K160342.pdf
K160352,200,data/summaries/K160352.pdf
K160362,200,data/summaries/K160362.pdf
K160409,200,data/summaries/K160409.pdf
K160418,200,data/summaries/K160418.pdf
K160427,200,data/summaries/K160427.pdf
K160428,200,data/summaries/K160428.pdf
K160446,200,data/summaries/K160446.pdf
K160461,200,data/summaries/K160461.pdf
K160463,200,data/summaries/K160463.pdf
K160464,200,data/summaries/K160464.pdf
K160465,200,data/summaries/K160465.pdf
K160466,200,data/summaries/K160466.pdf
K160484,200,data/summaries/K160484.pdf
K160500,200,data/summaries/K160500.pdf
K160515,200,data/summaries/K160515.pdf
K160522,200,data/summaries/K160522.pdf
K160528,200,data/summaries/K160528.pdf
K160545,200,data/summaries/K160545.pdf
K160547,200,data/summaries/K160547.pdf
K160548,200,data/summaries/K160548.pdf
K160553,200,data/summaries/K160553.pdf
K160555,200,data/summaries/K160555.pdf
K160566,200,data/summaries/K160566.pdf
K160568,200,data/summaries/K160568.pdf
K160597,200,data/summaries/K160597.pdf
K160603,200,data/summaries/K160603.pdf
K160604,200,data/summaries/K160604.pdf
K160605,200,data/summaries/K160605.pdf
K160617,200,data/summaries/K160617.pdf
K160631,200,data/summaries/K160631.pdf
K160633,200,data/summaries/K160633.pdf
K160640,200,data/summaries/K160640.pdf
K160646,200,data/summaries/K160646.pdf
K160652,200,data/summaries/K160652.pdf
K160655,200,data/summaries/K160655.pdf
K160663,200,data/summaries/K160663.pdf
K160697,200,data/summaries/K160697.pdf
K160698,200,data/summaries/K160698.pdf
K160699,200,data/summaries/K160699.pdf
K160700,200,data/summaries/K160700.pdf
K160702,200,data/summaries/K160702.pdf
K160715,200,data/summaries/K160715.pdf
K160722,200,data/summaries/K160722.pdf
K160731,200,data/summaries/K160731.pdf
K160738,200,data/summaries/K160738.pdf
K160756,200,data/summaries/K160756.pdf
K160771,200,data/summaries/K160771.pdf
K160775,200,data/summaries/K160775.pdf
K160791,200,data/summaries/K160791.pdf
K160804,200,data/summaries/K160804.pdf
K160813,200,data/summaries/K160813.pdf
K160820,200,data/summaries/K160820.pdf
K160830,200,data/summaries/K160830.pdf
K160856,200,data/summaries/K160856.pdf
K160874,200,data/summaries/K160874.pdf
K160879,200,data/summaries/K160879.pdf
K160895,200,data/summaries/K160895.pdf
K160902,200,data/summaries/K160902.pdf
K160904,200,data/summaries/K160904.pdf
K160906,200,data/summaries/K160906.pdf
K160907,200,data/summaries/K160907.pdf
K160916,200,data/summaries/K160916.pdf
K160923,200,data/summaries/K160923.pdf
K160924,200,data/summaries/K160924.pdf
K160926,200,data/summaries/K160926.pdf
K160946,200,data/summaries/K160946.pdf
K160955,200,data/summaries/K160955.pdf
K160958,200,data/summaries/K160958.pdf
K160959,200,data/summaries/K160959.pdf
K160972,200,data/summaries/K160972.pdf
K160975,200,data/summaries/K160975.pdf
K160976,200,data/summaries/K160976.pdf
K160980,200,data/summaries/K160980.pdf
K160982,200,data/summaries/K160982.pdf
K160983,200,data/summaries/K160983.pdf
K160989,200,data/summaries/K160989.pdf
K160995,200,data/summaries/K160995.pdf
K160996,200,data/summaries/K160996.pdf
K161001,200,data/summaries/K161001.pdf
K161014,200,data/summaries/K161014.pdf
K161016,200,data/summaries/K161016.pdf
K161028,200,data/summaries/K161028.pdf
K161032,200,data/summaries/K161032.pdf
K161033,200,data/summaries/K161033.pdf
K161037,200,data/summaries/K161037.pdf
K161041,200,data/summaries/K161041.pdf
K161048,200,data/summaries/K161048.pdf
K161058,200,data/summaries/K161058.pdf
K161060,200,data/summaries/K161060.pdf
K161073,200,data/summaries/K161073.pdf
K161080,200,data/summaries/K161080.pdf
K161081,200,data/summaries/K161081.pdf
K161108,200,data/summaries/K161108.pdf
K161114,200,data/summaries/K161114.pdf
K161120,200,data/summaries/K161120.pdf
K161127,200,data/summaries/K161127.pdf
K161129,200,data/summaries/K161129.pdf
K161149,200,data/summaries/K161149.pdf
K161151,200,data/summaries/K161151.pdf
K161155,200,data/summaries/K161155.pdf
K161166,200,data/summaries/K161166.pdf
K161173,200,data/summaries/K161173.pdf
K161174,200,data/summaries/K161174.pdf
K161184,200,data/summaries/K161184.pdf
K161189,200,data/summaries/K161189.pdf
K161190,200,data/summaries/K161190.pdf
K161192,200,data/summaries/K161192.pdf
K161210,200,data/summaries/K161210.pdf
K161223,200,data/summaries/K161223.pdf
K161225,200,data/summaries/K161225.pdf
K161226,200,data/summaries/K161226.pdf
K161230,200,data/summaries/K161230.pdf
K161231,200,data/summaries/K161231.pdf
K161233,200,data/summaries/K161233.pdf
K161254,200,data/summaries/K161254.pdf
K161259,200,data/summaries/K161259.pdf
K161264,200,data/summaries/K161264.pdf
K161265,200,data/summaries/K161265.pdf
K161267,200,data/summaries/K161267.pdf
K161273,200,data/summaries/K161273.pdf
K161279,200,data/summaries/K161279.pdf
K161280,200,data/summaries/K161280.pdf
K161292,200,data/summaries/K161292.pdf
K161303,200,data/summaries/K161303.pdf
K161327,200,data/summaries/K161327.pdf
K161332,200,data/summaries/K161332.pdf
K161334,200,data/summaries/K161334.pdf
K161351,200,data/summaries/K161351.pdf
K161360,200,data/summaries/K161360.pdf
K161363,200,data/summaries/K161363.pdf
K161366,200,data/summaries/K161366.pdf
K161369,200,data/summaries/K161369.pdf
K161371,200,data/summaries/K161371.pdf
K161379,200,data/summaries/K161379.pdf
K161387,200,data/summaries/K161387.pdf
K161404,200,data/summaries/K161404.pdf
K161405,200,data/summaries/K161405.pdf
K161407,200,data/summaries/K161407.pdf
K161414,200,data/summaries/K161414.pdf
K161417,200,data/summaries/K161417.pdf
K161426,200,data/summaries/K161426.pdf
K161438,200,data/summaries/K161438.pdf
K161442,200,data/summaries/K161442.pdf
K161447,200,data/summaries/K161447.pdf
K161448,200,data/summaries/K161448.pdf
K161449,200,data/summaries/K161449.pdf
K161466,200,data/summaries/K161466.pdf
K161476,200,data/summaries/K161476.pdf
K161485,200,data/summaries/K161485.pdf
K161489,200,data/summaries/K161489.pdf
K161498,200,data/summaries/K161498.pdf
K161499,200,data/summaries/K161499.pdf
K161516,200,data/summaries/K161516.pdf
K161520,200,data/summaries/K161520.pdf
K161524,200,data/summaries/K161524.pdf
K161535,200,data/summaries/K161535.pdf
K161539,200,data/summaries/K161539.pdf
K161569,200,data/summaries/K161569.pdf
K161587,200,data/summaries/K161587.pdf
K161590,200,data/summaries/K161590.pdf
K161591,200,data/summaries/K161591.pdf
K161592,200,data/summaries/K161592.pdf
K161597,200,data/summaries/K161597.pdf
K161608,200,data/summaries/K161608.pdf
K161610,200,data/summaries/K161610.pdf
K161616,200,data/summaries/K161616.pdf
K161620,200,data/summaries/K161620.pdf
K161627,200,data/summaries/K161627.pdf
K161635,200,data/summaries/K161635.pdf
K161637,200,data/summaries/K161637.pdf
K161641,200,data/summaries/K161641.pdf
K161642,200,data/summaries/K161642.pdf
K161649,200,data/summaries/K161649.pdf
K161665,200,data/summaries/K161665.pdf
K161668,200,data/summaries/K161668.pdf
K161694,200,data/summaries/K161694.pdf
K161696,200,data/summaries/K161696.pdf
K161703,200,data/summaries/K161703.pdf
K161705,200,data/summaries/K161705.pdf
K161710,200,data/summaries/K161710.pdf
K161741,200,data/summaries/K161741.pdf
K161742,200,data/summaries/K161742.pdf
K161746,200,data/summaries/K161746.pdf
K161747,200,data/summaries/K161747.pdf
K161751,200,data/summaries/K161751.pdf
K161753,200,data/summaries/K161753.pdf
K161755,200,data/summaries/K161755.pdf
K161766,200,data/summaries/K161766.pdf
K161778,200,data/summaries/K161778.pdf
K161782,200,data/summaries/K161782.pdf
K161789,200,data/summaries/K161789.pdf
K161809,200,data/summaries/K161809.pdf
K161830,200,data/summaries/K161830.pdf
K161840,200,data/summaries/K161840.pdf
K161842,200,data/summaries/K161842.pdf
K161859,200,data/summaries/K161859.pdf
K161861,200,data/summaries/K161861.pdf
K161863,200,data/summaries/K161863.pdf
K161864,200,data/summaries/K161864.pdf
K161876,200,data/summaries/K161876.pdf
K161888,200,data/summaries/K161888.pdf
K161894,200,data/summaries/K161894.pdf
K161896,200,data/summaries/K161896.pdf
K161904,200,data/summaries/K161904.pdf
K161913,200,data/summaries/K161913.pdf
K161914,200,data/summaries/K161914.pdf
K161945,200,data/summaries/K161945.pdf
K161993,200,data/summaries/K161993.pdf
K161996,200,data/summaries/K161996.pdf
K162003,200,data/summaries/K162003.pdf
K162024,200,data/summaries/K162024.pdf
K162026,200,data/summaries/K162026.pdf
K162032,200,data/summaries/K162032.pdf
K162033,200,data/summaries/K162033.pdf
K162035,200,data/summaries/K162035.pdf
K162061,200,data/summaries/K162061.pdf
K162066,200,data/summaries/K162066.pdf
K162068,200,data/summaries/K162068.pdf
K162078,200,data/summaries/K162078.pdf
K162084,200,data/summaries/K162084.pdf
K162087,200,data/summaries/K162087.pdf
K162103,200,data/summaries/K162103.pdf
K162121,200,data/summaries/K162121.pdf
K162124,200,data/summaries/K162124.pdf
K162125,200,data/summaries/K162125.pdf
K162127,200,data/summaries/K162127.pdf
K162133,200,data/summaries/K162133.pdf
K162134,200,data/summaries/K162134.pdf
K162136,200,data/summaries/K162136.pdf
K162138,200,data/summaries/K162138.pdf
K162143,200,data/summaries/K162143.pdf
K162153,200,data/summaries/K162153.pdf
K162154,200,data/summaries/K162154.pdf
K162160,200,data/summaries/K162160.pdf
K162171,200,data/summaries/K162171.pdf
K162179,200,data/summaries/K162179.pdf
K162189,200,data/summaries/K162189.pdf
K162194,200,data/summaries/K162194.pdf
K162198,200,data/summaries/K162198.pdf
K162206,200,data/summaries/K162206.pdf
K162211,200,data/summaries/K162211.pdf
K162212,200,data/summaries/K162212.pdf
K162220,200,data/summaries/K162220.pdf
K162222,200,data/summaries/K162222.pdf
K162232,200,data/summaries/K162232.pdf
K162236,200,data/summaries/K162236.pdf
K162241,200,data/summaries/K162241.pdf
K162250,200,data/summaries/K162250.pdf
K162256,200,data/summaries/K162256.pdf
K162262,200,data/summaries/K162262.pdf
K162264,200,data/summaries/K162264.pdf
K162266,200,data/summaries/K162266.pdf
K162273,200,data/summaries/K162273.pdf
K162283,200,data/summaries/K162283.pdf
K162300,200,data/summaries/K162300.pdf
K162303,200,data/summaries/K162303.pdf
K162307,200,data/summaries/K162307.pdf
K162315,200,data/summaries/K162315.pdf
K162321,200,data/summaries/K162321.pdf
K162325,200,data/summaries/K162325.pdf
K162327,200,data/summaries/K162327.pdf
K162351,200,data/summaries/K162351.pdf
K162353,200,data/summaries/K162353.pdf
K162354,200,data/summaries/K162354.pdf
K162358,200,data/summaries/K162358.pdf
K162367,200,data/summaries/K162367.pdf
K162379,200,data/summaries/K162379.pdf
K162380,200,data/summaries/K162380.pdf
K162386,200,data/summaries/K162386.pdf
K162391,200,data/summaries/K162391.pdf
K162402,200,data/summaries/K162402.pdf
K162422,200,data/summaries/K162422.pdf
K162424,200,data/summaries/K162424.pdf
K162426,200,data/summaries/K162426.pdf
K162429,200,data/summaries/K162429.pdf
K162431,200,data/summaries/K162431.pdf
K162439,200,data/summaries/K162439.pdf
K162446,200,data/summaries/K162446.pdf
K162453,200,data/summaries/K162453.pdf
K162455,200,data/summaries/K162455.pdf
K162494,200,data/summaries/K162494.pdf
K162496,200,data/summaries/K162496.pdf
K162507,200,data/summaries/K162507.pdf
K162531,200,data/summaries/K162531.pdf
K162575,200,data/summaries/K162575.pdf
K162576,200,data/summaries/K162576.pdf
K162587,200,data/summaries/K162587.pdf
K162618,200,data/summaries/K162618.pdf
K162635,200,data/summaries/K162635.pdf
K162638,200,data/summaries/K162638.pdf
K162639,200,data/summaries/K162639.pdf
K162641,200,data/summaries/K162641.pdf
K162664,200,data/summaries/K162664.pdf
K162674,200,data/summaries/K162674.pdf
K162680,200,data/summaries/K162680.pdf
K162682,200,data/summaries/K162682.pdf
K162685,200,data/summaries/K162685.pdf
K162693,200,data/summaries/K162693.pdf
K162694,200,data/summaries/K162694.pdf
K162697,200,data/summaries/K162697.pdf
K162715,200,data/summaries/K162715.pdf
K162719,200,data/summaries/K162719.pdf
K162726,200,data/summaries/K162726.pdf
K162732,200,data/summaries/K162732.pdf
K162733,200,data/summaries/K162733.pdf
K162750,200,data/summaries/K162750.pdf
K162760,200,data/summaries/K162760.pdf
K162764,200,data/summaries/K162764.pdf
K162775,200,data/summaries/K162775.pdf
K162786,200,data/summaries/K162786.pdf
K162795,200,data/summaries/K162795.pdf
K162800,200,data/summaries/K162800.pdf
K162801,200,data/summaries/K162801.pdf
K162805,200,data/summaries/K162805.pdf
K162824,200,data/summaries/K162824.pdf
K162825,200,data/summaries/K162825.pdf
K162829,200,data/summaries/K162829.pdf
K162841,200,data/summaries/K162841.pdf
K162849,200,data/summaries/K162849.pdf
K162860,200,data/summaries/K162860.pdf
K162874,200,data/summaries/K162874.pdf
K162879,200,data/summaries/K162879.pdf
K162898,200,data/summaries/K162898.pdf
K162903,200,data/summaries/K162903.pdf
K162912,200,data/summaries/K162912.pdf
K162918,200,data/summaries/K162918.pdf
K162927,200,data/summaries/K162927.pdf
K162942,200,data/summaries/K162942.pdf
K162944,200,data/summaries/K162944.pdf
K162957,200,data/summaries/K162957.pdf
K162974,200,data/summaries/K162974.pdf
K162986,200,data/summaries/K162986.pdf
K162995,200,data/summaries/K162995.pdf
K162996,200,data/summaries/K162996.pdf
K163003,200,data/summaries/K163003.pdf
K163007,200,data/summaries/K163007.pdf
K163011,200,data/summaries/K163011.pdf
K163014,200,data/summaries/K163014.pdf
K163028,200,data/summaries/K163028.pdf
K163032,200,data/summaries/K163032.pdf
K163034,200,data/summaries/K163034.pdf
K163038,200,data/summaries/K163038.pdf
K163039,200,data/summaries/K163039.pdf
K163044,200,data/summaries/K163044.pdf
K163046,200,data/summaries/K163046.pdf
K163056,200,data/summaries/K163056.pdf
K163061,200,data/summaries/K163061.pdf
K163081,200,data/summaries/K163081.pdf
K163086,200,data/summaries/K163086.pdf
K163096,200,data/summaries/K163096.pdf
K163104,200,data/summaries/K163104.pdf
K163148,200,data/summaries/K163148.pdf
K163167,200,data/summaries/K163167.pdf
K163180,200,data/summaries/K163180.pdf
K163181,200,data/summaries/K163181.pdf
K163193,200,data/summaries/K163193.pdf
K163226,200,data/summaries/K163226.pdf
K163230,200,data/summaries/K163230.pdf
K163246,200,data/summaries/K163246.pdf
K163258,200,data/summaries/K163258.pdf
K163265,200,data/summaries/K163265.pdf
K163269,200,data/summaries/K163269.pdf
K163293,200,data/summaries/K163293.pdf
K163301,200,data/summaries/K163301.pdf
K163303,200,data/summaries/K163303.pdf
K163310,200,data/summaries/K163310.pdf
K163311,200,data/summaries/K163311.pdf
K163327,200,data/summaries/K163327.pdf
K163332,200,data/summaries/K163332.pdf
K163361,200,data/summaries/K163361.pdf
K163363,200,data/summaries/K163363.pdf
K163364,200,data/summaries/K163364.pdf
K163366,200,data/summaries/K163366.pdf
K163368,200,data/summaries/K163368.pdf
K163375,200,data/summaries/K163375.pdf
K163383,200,data/summaries/K163383.pdf
K163386,200,data/summaries/K163386.pdf
K163397,200,data/summaries/K163397.pdf
K163409,200,data/summaries/K163409.pdf
K163422,200,data/summaries/K163422.pdf
K163425,200,data/summaries/K163425.pdf
K163428,200,data/summaries/K163428.pdf
K163440,200,data/summaries/K163440.pdf
K163441,200,data/summaries/K163441.pdf
K163471,200,data/summaries/K163471.pdf
K163474,200,data/summaries/K163474.pdf
K163481,200,data/summaries/K163481.pdf
K163487,200,data/summaries/K163487.pdf
K163488,200,data/summaries/K163488.pdf
K163489,200,data/summaries/K163489.pdf
K163491,200,data/summaries/K163491.pdf
K163494,200,data/summaries/K163494.pdf
K163497,200,data/summaries/K163497.pdf
K163506,200,data/summaries/K163506.pdf
K163543,200,data/summaries/K163543.pdf
K163566,200,data/summaries/K163566.pdf
K163577,200,data/summaries/K163577.pdf
K163585,200,data/summaries/K163585.pdf
K163589,200,data/summaries/K163589.pdf
K163593,200,data/summaries/K163593.pdf
K163595,200,data/summaries/K163595.pdf
K163602,200,data/summaries/K163602.pdf
K163604,200,data/summaries/K163604.pdf
K163621,200,data/summaries/K163621.pdf
K163625,200,data/summaries/K163625.pdf
K163627,200,data/summaries/K163627.pdf
K163650,200,data/summaries/K163650.pdf
K163653,200,data/summaries/K163653.pdf
K163656,200,data/summaries/K163656.pdf
K163669,200,data/summaries/K163669.pdf
K163670,200,data/summaries/K163670.pdf
K163672,200,data/summaries/K163672.pdf
K163673,200,data/summaries/K163673.pdf
K163700,200,data/summaries/K163700.pdf
K163707,200,data/summaries/K163707.pdf
K163710,200,data/summaries/K163710.pdf
K170012,200,data/summaries/K170012.pdf
K170021,200,data/summaries/K170021.pdf
K170038,200,data/summaries/K170038.pdf
K170040,200,data/summaries/K170040.pdf
K170045,404,
K170055,200,data/summaries/K170055.pdf
K170056,200,data/summaries/K170056.pdf
K170061,200,data/summaries/K170061.pdf
K170072,200,data/summaries/K170072.pdf
K170074,200,data/summaries/K170074.pdf
K170089,200,data/summaries/K170089.pdf
K170098,200,data/summaries/K170098.pdf
K170106,200,data/summaries/K170106.pdf
K170108,200,data/summaries/K170108.pdf
K170119,200,data/summaries/K170119.pdf
K170124,200,data/summaries/K170124.pdf
K170126,200,data/summaries/K170126.pdf
K170146,200,data/summaries/K170146.pdf
K170149,200,data/summaries/K170149.pdf
K170157,200,data/summaries/K170157.pdf
K170163,200,data/summaries/K170163.pdf
K170165,200,data/summaries/K170165.pdf
K170169,200,data/summaries/K170169.pdf
K170206,200,data/summaries/K170206.pdf
K170214,200,data/summaries/K170214.pdf
K170224,200,data/summaries/K170224.pdf
K170235,200,data/summaries/K170235.pdf
K170240,200,data/summaries/K170240.pdf
K170243,200,data/summaries/K170243.pdf
K170249,200,data/summaries/K170249.pdf
K170251,200,data/summaries/K170251.pdf
K170255,200,data/summaries/K170255.pdf
K170265,200,data/summaries/K170265.pdf
K170266,200,data/summaries/K170266.pdf
K170268,200,data/summaries/K170268.pdf
K170271,200,data/summaries/K170271.pdf
K170282,200,data/summaries/K170282.pdf
K170288,200,data/summaries/K170288.pdf
K170297,200,data/summaries/K170297.pdf
K170306,200,data/summaries/K170306.pdf
K170310,200,data/summaries/K170310.pdf
K170313,200,data/summaries/K170313.pdf
K170318,200,data/summaries/K170318.pdf
K170326,200,data/summaries/K170326.pdf
K170327,200,data/summaries/K170327.pdf
K170339,200,data/summaries/K170339.pdf
K170341,200,data/summaries/K170341.pdf
K170342,200,data/summaries/K170342.pdf
K170344,200,data/summaries/K170344.pdf
K170346,200,data/summaries/K170346.pdf
K170347,200,data/summaries/K170347.pdf
K170350,200,data/summaries/K170350.pdf
K170359,200,data/summaries/K170359.pdf
K170382,200,data/summaries/K170382.pdf
K170388,200,data/summaries/K170388.pdf
K170389,200,data/summaries/K170389.pdf
K170395,200,data/summaries/K170395.pdf
K170399,200,data/summaries/K170399.pdf
K170401,200,data/summaries/K170401.pdf
K170414,200,data/summaries/K170414.pdf
K170418,200,data/summaries/K170418.pdf
K170440,200,data/summaries/K170440.pdf
K170444,200,data/summaries/K170444.pdf
K170452,200,data/summaries/K170452.pdf
K170455,200,data/summaries/K170455.pdf
K170457,200,data/summaries/K170457.pdf
K170473,200,data/summaries/K170473.pdf
K170475,200,data/summaries/K170475.pdf
K170496,200,data/summaries/K170496.pdf
K170501,200,data/summaries/K170501.pdf
K170503,200,data/summaries/K170503.pdf
K170511,200,data/summaries/K170511.pdf
K170512,200,data/summaries/K170512.pdf
K170518,200,data/summaries/K170518.pdf
K170528,200,data/summaries/K170528.pdf
K170530,200,data/summaries/K170530.pdf
K170534,200,data/summaries/K170534.pdf
K170543,200,data/summaries/K170543.pdf
K170547,200,data/summaries/K170547.pdf
K170550,200,data/summaries/K170550.pdf
K170553,200,data/summaries/K170553.pdf
K170569,200,data/summaries/K170569.pdf
K170571,200,data/summaries/K170571.pdf
K170572,200,data/summaries/K170572.pdf
K170573,200,data/summaries/K170573.pdf
K170592,200,data/summaries/K170592.pdf
K170594,200,data/summaries/K170594.pdf
K170613,200,data/summaries/K170613.pdf
K170620,200,data/summaries/K170620.pdf
K170624,200,data/summaries/K170624.pdf
K170639,200,data/summaries/K170639.pdf
K170643,200,data/summaries/K170643.pdf
K170647,200,data/summaries/K170647.pdf
K170648,200,data/summaries/K170648.pdf
K170650,200,data/summaries/K170650.pdf
K170654,200,data/summaries/K170654.pdf
K170676,200,data/summaries/K170676.pdf
K170679,200,data/summaries/K170679.pdf
K170687,200,data/summaries/K170687.pdf
K170688,200,data/summaries/K170688.pdf
K170690,200,data/summaries/K170690.pdf
K170693,200,data/summaries/K170693.pdf
K170698,200,data/summaries/K170698.pdf
K170704,200,data/summaries/K170704.pdf
K170705,200,data/summaries/K170705.pdf
K170711,200,data/summaries/K170711.pdf
K170727,200,data/summaries/K170727.pdf
K170730,200,data/summaries/K170730.pdf
K170748,200,data/summaries/K170748.pdf
K170753,200,data/summaries/K170753.pdf
K170771,200,data/summaries/K170771.pdf
K170780,200,data/summaries/K170780.pdf
K170782,200,data/summaries/K170782.pdf
K170802,200,data/summaries/K170802.pdf
K170804,200,data/summaries/K170804.pdf
K170806,200,data/summaries/K170806.pdf
K170808,200,data/summaries/K170808.pdf
K170821,200,data/summaries/K170821.pdf
K170830,200,data/summaries/K170830.pdf
K170843,200,data/summaries/K170843.pdf
K170844,200,data/summaries/K170844.pdf
K170845,200,data/summaries/K170845.pdf
K170851,200,data/summaries/K170851.pdf
K170855,200,data/summaries/K170855.pdf
K170861,200,data/summaries/K170861.pdf
K170868,200,data/summaries/K170868.pdf
K170877,200,data/summaries/K170877.pdf
K170887,200,data/summaries/K170887.pdf
K170888,200,data/summaries/K170888.pdf
K170889,200,data/summaries/K170889.pdf
K170890,200,data/summaries/K170890.pdf
K170893,200,data/summaries/K170893.pdf
K170910,200,data/summaries/K170910.pdf
K170917,200,data/summaries/K170917.pdf
K170919,200,data/summaries/K170919.pdf
K170923,200,data/summaries/K170923.pdf
K170942,200,data/summaries/K170942.pdf
K170953,200,data/summaries/K170953.pdf
K170961,200,data/summaries/K170961.pdf
K170962,200,data/summaries/K170962.pdf
K170964,200,data/summaries/K170964.pdf
K170968,200,data/summaries/K170968.pdf
K170972,200,data/summaries/K170972.pdf
K170979,200,data/summaries/K170979.pdf
K170989,200,data/summaries/K170989.pdf
K171004,200,data/summaries/K171004.pdf
K171010,200,data/summaries/K171010.pdf
K171018,200,data/summaries/K171018.pdf
K171020,200,data/summaries/K171020.pdf
K171031,200,data/summaries/K171031.pdf
K171045,200,data/summaries/K171045.pdf
K171046,200,data/summaries/K171046.pdf
K171054,200,data/summaries/K171054.pdf
K171058,200,data/summaries/K171058.pdf
K171060,200,data/summaries/K171060.pdf
K171067,200,data/summaries/K171067.pdf
K171073,200,data/summaries/K171073.pdf
K171075,200,data/summaries/K171075.pdf
K171082,200,data/summaries/K171082.pdf
K171097,200,data/summaries/K171097.pdf
K171107,200,data/summaries/K171107.pdf
K171108,200,data/summaries/K171108.pdf
K171112,200,data/summaries/K171112.pdf
K171114,200,data/summaries/K171114.pdf
K171140,200,data/summaries/K171140.pdf
K171141,200,data/summaries/K171141.pdf
K171151,200,data/summaries/K171151.pdf
K171156,200,data/summaries/K171156.pdf
K171161,200,data/summaries/K171161.pdf
K171170,200,data/summaries/K171170.pdf
K171173,200,data/summaries/K171173.pdf
K171181,200,data/summaries/K171181.pdf
K171211,200,data/summaries/K171211.pdf
K171228,200,data/summaries/K171228.pdf
K171249,200,data/summaries/K171249.pdf
K171250,200,data/summaries/K171250.pdf
K171269,200,data/summaries/K171269.pdf
K171273,200,data/summaries/K171273.pdf
K171284,200,data/summaries/K171284.pdf
K171285,200,data/summaries/K171285.pdf
K171293,200,data/summaries/K171293.pdf
K171299,200,data/summaries/K171299.pdf
K171312,200,data/summaries/K171312.pdf
K171320,200,data/summaries/K171320.pdf
K171327,200,data/summaries/K171327.pdf
K171329,200,data/summaries/K171329.pdf
K171351,200,data/summaries/K171351.pdf
K171365,200,data/summaries/K171365.pdf
K171369,200,data/summaries/K171369.pdf
K171372,200,data/summaries/K171372.pdf
K171376,200,data/summaries/K171376.pdf
K171389,200,data/summaries/K171389.pdf
K171407,200,data/summaries/K171407.pdf
K171413,200,data/summaries/K171413.pdf
K171421,200,data/summaries/K171421.pdf
K171425,200,data/summaries/K171425.pdf
K171434,200,data/summaries/K171434.pdf
K171438,200,data/summaries/K171438.pdf
K171439,200,data/summaries/K171439.pdf
K171444,200,data/summaries/K171444.pdf
K171448,200,data/summaries/K171448.pdf
K171456,200,data/summaries/K171456.pdf
K171465,200,data/summaries/K171465.pdf
K171468,200,data/summaries/K171468.pdf
K171473,200,data/summaries/K171473.pdf
K171489,200,data/summaries/K171489.pdf
K171495,200,data/summaries/K171495.pdf
K171496,200,data/summaries/K171496.pdf
K171497,200,data/summaries/K171497.pdf
K171509,200,data/summaries/K171509.pdf
K171510,200,data/summaries/K171510.pdf
K171519,200,data/summaries/K171519.pdf
K171526,200,data/summaries/K171526.pdf
K171538,200,data/summaries/K171538.pdf
K171540,200,data/summaries/K171540.pdf
K171543,200,data/summaries/K171543.pdf
K171558,200,data/summaries/K171558.pdf
K171563,200,data/summaries/K171563.pdf
K171567,200,data/summaries/K171567.pdf
K171568,200,data/summaries/K171568.pdf
K171570,200,data/summaries/K171570.pdf
K171582,200,data/summaries/K171582.pdf
K171590,200,data/summaries/K171590.pdf
K171592,200,data/summaries/K171592.pdf
K171595,200,data/summaries/K171595.pdf
K171606,200,data/summaries/K171606.pdf
K171624,200,data/summaries/K171624.pdf
K171628,200,data/summaries/K171628.pdf
K171629,200,data/summaries/K171629.pdf
K171630,200,data/summaries/K171630.pdf
K171633,200,data/summaries/K171633.pdf
K171640,200,data/summaries/K171640.pdf
K171656,200,data/summaries/K171656.pdf
K171657,200,data/summaries/K171657.pdf
K171660,200,data/summaries/K171660.pdf
K171686,200,data/summaries/K171686.pdf
K171689,200,data/summaries/K171689.pdf
K171690,200,data/summaries/K171690.pdf
K171703,200,data/summaries/K171703.pdf
K171704,200,data/summaries/K171704.pdf
K171715,200,data/summaries/K171715.pdf
K171724,200,data/summaries/K171724.pdf
K171725,200,data/summaries/K171725.pdf
K171749,200,data/summaries/K171749.pdf
K171758,200,data/summaries/K171758.pdf
K171768,200,data/summaries/K171768.pdf
K171789,200,data/summaries/K171789.pdf
K171791,200,data/summaries/K171791.pdf
K171797,200,data/summaries/K171797.pdf
K171808,200,data/summaries/K171808.pdf
K171813,200,data/summaries/K171813.pdf
K171832,200,data/summaries/K171832.pdf
K171834,200,data/summaries/K171834.pdf
K171838,200,data/summaries/K171838.pdf
K171841,200,data/summaries/K171841.pdf
K171848,200,data/summaries/K171848.pdf
K171852,200,data/summaries/K171852.pdf
K171858,200,data/summaries/K171858.pdf
K171863,200,data/summaries/K171863.pdf
K171881,200,data/summaries/K171881.pdf
K171893,200,data/summaries/K171893.pdf
K171894,200,data/summaries/K171894.pdf
K171904,200,data/summaries/K171904.pdf
K171907,200,data/summaries/K171907.pdf
K171911,200,data/summaries/K171911.pdf
K171914,200,data/summaries/K171914.pdf
K171934,200,data/summaries/K171934.pdf
K171938,200,data/summaries/K171938.pdf
K171962,200,data/summaries/K171962.pdf
K171964,200,data/summaries/K171964.pdf
K171966,200,data/summaries/K171966.pdf
K171991,200,data/summaries/K171991.pdf
K172008,200,data/summaries/K172008.pdf
K172009,200,data/summaries/K172009.pdf
K172019,200,data/summaries/K172019.pdf
K172020,200,data/summaries/K172020.pdf
K172021,200,data/summaries/K172021.pdf
K172032,200,data/summaries/K172032.pdf
K172052,200,data/summaries/K172052.pdf
K172054,200,data/summaries/K172054.pdf
K172061,200,data/summaries/K172061.pdf
K172064,200,data/summaries/K172064.pdf
K172065,200,data/summaries/K172065.pdf
K172083,200,data/summaries/K172083.pdf
K172086,200,data/summaries/K172086.pdf
K172101,200,data/summaries/K172101.pdf
K172104,200,data/summaries/K172104.pdf
K172105,200,data/summaries/K172105.pdf
K172107,200,data/summaries/K172107.pdf
K172114,200,data/summaries/K172114.pdf
K172123,200,data/summaries/K172123.pdf
K172130,200,data/summaries/K172130.pdf
K172131,200,data/summaries/K172131.pdf
K172139,200,data/summaries/K172139.pdf
K172148,200,data/summaries/K172148.pdf
K172157,200,data/summaries/K172157.pdf
K172165,200,data/summaries/K172165.pdf
K172170,200,data/summaries/K172170.pdf
K172175,200,data/summaries/K172175.pdf
K172178,200,data/summaries/K172178.pdf
K172183,200,data/summaries/K172183.pdf
K172185,200,data/summaries/K172185.pdf
K172186,200,data/summaries/K172186.pdf
K172189,200,data/summaries/K172189.pdf
K172194,200,data/summaries/K172194.pdf
K172199,200,data/summaries/K172199.pdf
K172205,200,data/summaries/K172205.pdf
K172206,200,data/summaries/K172206.pdf
K172210,200,data/summaries/K172210.pdf
K172212,200,data/summaries/K172212.pdf
K172213,200,data/summaries/K172213.pdf
K172214,200,data/summaries/K172214.pdf
K172235,200,data/summaries/K172235.pdf
K172237,200,data/summaries/K172237.pdf
K172251,200,data/summaries/K172251.pdf
K172253,200,data/summaries/K172253.pdf
K172260,200,data/summaries/K172260.pdf
K172262,200,data/summaries/K172262.pdf
K172267,200,data/summaries/K172267.pdf
K172269,200,data/summaries/K172269.pdf
K172275,200,data/summaries/K172275.pdf
K172279,200,data/summaries/K172279.pdf
K172294,200,data/summaries/K172294.pdf
K172300,200,data/summaries/K172300.pdf
K172320,200,data/summaries/K172320.pdf
K172323,200,data/summaries/K172323.pdf
K172326,200,data/summaries/K172326.pdf
K172328,200,data/summaries/K172328.pdf
K172330,200,data/summaries/K172330.pdf
K172336,200,data/summaries/K172336.pdf
K172341,200,data/summaries/K172341.pdf
K172343,200,data/summaries/K172343.pdf
K172347,200,data/summaries/K172347.pdf
K172349,200,data/summaries/K172349.pdf
K172350,200,data/summaries/K172350.pdf
K172351,200,data/summaries/K172351.pdf
K172371,200,data/summaries/K172371.pdf
K172383,200,data/summaries/K172383.pdf
K172392,200,data/summaries/K172392.pdf
K172405,200,data/summaries/K172405.pdf
K172408,200,data/summaries/K172408.pdf
K172417,200,data/summaries/K172417.pdf
K172419,200,data/summaries/K172419.pdf
K172424,200,data/summaries/K172424.pdf
K172425,200,data/summaries/K172425.pdf
K172437,200,data/summaries/K172437.pdf
K172438,200,data/summaries/K172438.pdf
K172441,200,data/summaries/K172441.pdf
K172446,200,data/summaries/K172446.pdf
K172456,200,data/summaries/K172456.pdf
K172465,200,data/summaries/K172465.pdf
K172467,200,data/summaries/K172467.pdf
K172469,200,data/summaries/K172469.pdf
K172480,200,data/summaries/K172480.pdf
K172484,200,data/summaries/K172484.pdf
K172485,200,data/summaries/K172485.pdf
K172489,200,data/summaries/K172489.pdf
K172491,200,data/summaries/K172491.pdf
K172495,200,data/summaries/K172495.pdf
K172497,200,data/summaries/K172497.pdf
K172501,200,data/summaries/K172501.pdf
K172502,200,data/summaries/K172502.pdf
K172524,200,data/summaries/K172524.pdf
K172546,200,data/summaries/K172546.pdf
K172548,200,data/summaries/K172548.pdf
K172551,200,data/summaries/K172551.pdf
K172568,200,data/summaries/K172568.pdf
K172573,200,data/summaries/K172573.pdf
K172583,200,data/summaries/K172583.pdf
K172585,200,data/summaries/K172585.pdf
K172587,200,data/summaries/K172587.pdf
K172594,200,data/summaries/K172594.pdf
K172596,200,data/summaries/K172596.pdf
K172612,200,data/summaries/K172612.pdf
K172617,200,data/summaries/K172617.pdf
K172620,200,data/summaries/K172620.pdf
K172628,200,data/summaries/K172628.pdf
K172633,200,data/summaries/K172633.pdf
K172634,200,data/summaries/K172634.pdf
K172650,200,data/summaries/K172650.pdf
K172651,200,data/summaries/K172651.pdf
K172676,200,data/summaries/K172676.pdf
K172684,200,data/summaries/K172684.pdf
K172688,200,data/summaries/K172688.pdf
K172696,200,data/summaries/K172696.pdf
K172698,200,data/summaries/K172698.pdf
K172699,200,data/summaries/K172699.pdf
K172724,200,data/summaries/K172724.pdf
K172756,200,data/summaries/K172756.pdf
K172767,200,data/summaries/K172767.pdf
K172774,200,data/summaries/K172774.pdf
K172785,200,data/summaries/K172785.pdf
K172786,200,data/summaries/K172786.pdf
K172788,200,data/summaries/K172788.pdf
K172806,200,data/summaries/K172806.pdf
K172808,200,data/summaries/K172808.pdf
K172816,200,data/summaries/K172816.pdf
K172826,200,data/summaries/K172826.pdf
K172828,200,data/summaries/K172828.pdf
K172830,200,data/summaries/K172830.pdf
K172833,200,data/summaries/K172833.pdf
K172857,200,data/summaries/K172857.pdf
K172871,200,data/summaries/K172871.pdf
K172872,200,data/summaries/K172872.pdf
K172886,200,data/summaries/K172886.pdf
K172888,200,data/summaries/K172888.pdf
K172906,200,data/summaries/K172906.pdf
K172921,200,data/summaries/K172921.pdf
K172926,200,data/summaries/K172926.pdf
K172936,200,data/summaries/K172936.pdf
K172941,200,data/summaries/K172941.pdf
K172943,200,data/summaries/K172943.pdf
K172947,200,data/summaries/K172947.pdf
K172967,200,data/summaries/K172967.pdf
K172973,200,data/summaries/K172973.pdf
K172975,200,data/summaries/K172975.pdf
K172979,200,data/summaries/K172979.pdf
K173008,200,data/summaries/K173008.pdf
K173022,200,data/summaries/K173022.pdf
K173025,200,data/summaries/K173025.pdf
K173030,200,data/summaries/K173030.pdf
K173047,200,data/summaries/K173047.pdf
K173051,200,data/summaries/K173051.pdf
K173057,200,data/summaries/K173057.pdf
K173073,200,data/summaries/K173073.pdf
K173074,200,data/summaries/K173074.pdf
K173077,200,data/summaries/K173077.pdf
K173080,200,data/summaries/K173080.pdf
K173082,200,data/summaries/K173082.pdf
K173091,200,data/summaries/K173091.pdf
K173095,200,data/summaries/K173095.pdf
K173099,200,data/summaries/K173099.pdf
K173102,200,data/summaries/K173102.pdf
K173104,200,data/summaries/K173104.pdf
K173115,200,data/summaries/K173115.pdf
K173117,200,data/summaries/K173117.pdf
K173121,200,data/summaries/K173121.pdf
K173125,200,data/summaries/K173125.pdf
K173126,200,data/summaries/K173126.pdf
K173128,200,data/summaries/K173128.pdf
K173129,200,data/summaries/K173129.pdf
K173130,200,data/summaries/K173130.pdf
K173131,200,data/summaries/K173131.pdf
K173135,200,data/summaries/K173135.pdf
K173148,200,data/summaries/K173148.pdf
K173153,200,data/summaries/K173153.pdf
K173159,200,data/summaries/K173159.pdf
K173166,200,data/summaries/K173166.pdf
K173175,200,data/summaries/K173175.pdf
K173180,200,data/summaries/K173180.pdf
K173182,200,data/summaries/K173182.pdf
K173185,200,data/summaries/K173185.pdf
K173189,200,data/summaries/K173189.pdf
K173201,200,data/summaries/K173201.pdf
K173215,200,data/summaries/K173215.pdf
K173240,200,data/summaries/K173240.pdf
K173249,200,data/summaries/K173249.pdf
K173255,200,data/summaries/K173255.pdf
K173260,200,data/summaries/K173260.pdf
K173267,200,data/summaries/K173267.pdf
K173269,200,data/summaries/K173269.pdf
K173278,200,data/summaries/K173278.pdf
K173283,200,data/summaries/K173283.pdf
K173286,200,data/summaries/K173286.pdf
K173293,200,data/summaries/K173293.pdf
K173301,200,data/summaries/K173301.pdf
K173306,200,data/summaries/K173306.pdf
K173324,200,data/summaries/K173324.pdf
K173331,200,data/summaries/K173331.pdf
K173334,200,data/summaries/K173334.pdf
K173347,200,data/summaries/K173347.pdf
K173362,200,data/summaries/K173362.pdf
K173375,200,data/summaries/K173375.pdf
K173380,200,data/summaries/K173380.pdf
K173388,200,data/summaries/K173388.pdf
K173411,200,data/summaries/K173411.pdf
K173417,200,data/summaries/K173417.pdf
K173424,200,data/summaries/K173424.pdf
K173432,200,data/summaries/K173432.pdf
K173445,200,data/summaries/K173445.pdf
K173453,200,data/summaries/K173453.pdf
K173455,200,data/summaries/K173455.pdf
K173458,200,data/summaries/K173458.pdf
K173476,200,data/summaries/K173476.pdf
K173484,200,data/summaries/K173484.pdf
K173487,200,data/summaries/K173487.pdf
K173491,200,data/summaries/K173491.pdf
K173494,200,data/summaries/K173494.pdf
K173499,200,data/summaries/K173499.pdf
K173506,200,data/summaries/K173506.pdf
K173508,200,data/summaries/K173508.pdf
K173518,200,data/summaries/K173518.pdf
K173521,200,data/summaries/K173521.pdf
K173522,200,data/summaries/K173522.pdf
K173524,200,data/summaries/K173524.pdf
K173525,200,data/summaries/K173525.pdf
K173535,200,data/summaries/K173535.pdf
K173537,200,data/summaries/K173537.pdf
K173550,200,data/summaries/K173550.pdf
K173556,200,data/summaries/K173556.pdf
K173572,200,data/summaries/K173572.pdf
K173579,200,data/summaries/K173579.pdf
K173583,200,data/summaries/K173583.pdf
K173606,200,data/summaries/K173606.pdf
K173616,200,data/summaries/K173616.pdf
K173641,200,data/summaries/K173641.pdf
K173645,200,data/summaries/K173645.pdf
K173652,200,data/summaries/K173652.pdf
K173656,200,data/summaries/K173656.pdf
K173693,200,data/summaries/K173693.pdf
K173702,200,data/summaries/K173702.pdf
K173710,200,data/summaries/K173710.pdf
K173717,200,data/summaries/K173717.pdf
K173722,200,data/summaries/K173722.pdf
K173723,200,data/summaries/K173723.pdf
K173746,200,data/summaries/K173746.pdf
K173752,200,data/summaries/K173752.pdf
K173767,200,data/summaries/K173767.pdf
K173775,200,data/summaries/K173775.pdf
K173776,200,data/summaries/K173776.pdf
K173782,200,data/summaries/K173782.pdf
K173787,200,data/summaries/K173787.pdf
K173788,200,data/summaries/K173788.pdf
K173794,200,data/summaries/K173794.pdf
K173800,200,data/summaries/K173800.pdf
K173811,200,data/summaries/K173811.pdf
K173812,200,data/summaries/K173812.pdf
K173814,200,data/summaries/K173814.pdf
K173824,200,data/summaries/K173824.pdf
K173826,200,data/summaries/K173826.pdf
K173832,200,data/summaries/K173832.pdf
K173845,200,data/summaries/K173845.pdf
K173849,200,data/summaries/K173849.pdf
K173859,200,data/summaries/K173859.pdf
K173864,200,data/summaries/K173864.pdf
K173867,200,data/summaries/K173867.pdf
K173875,200,data/summaries/K173875.pdf
K173880,200,data/summaries/K173880.pdf
K173882,200,data/summaries/K173882.pdf
K173883,200,data/summaries/K173883.pdf
K173884,200,data/summaries/K173884.pdf
K173885,200,data/summaries/K173885.pdf
K173890,200,data/summaries/K173890.pdf
K173892,200,data/summaries/K173892.pdf
K173893,200,data/summaries/K173893.pdf
K173898,200,data/summaries/K173898.pdf
K173900,200,data/summaries/K173900.pdf
K173910,200,data/summaries/K173910.pdf
K173930,200,data/summaries/K173930.pdf
K173933,200,data/summaries/K173933.pdf
K173935,200,data/summaries/K173935.pdf
K173947,200,data/summaries/K173947.pdf
K173951,200,data/summaries/K173951.pdf
K173960,200,data/summaries/K173960.pdf
K173964,200,data/summaries/K173964.pdf
K173967,200,data/summaries/K173967.pdf
K173970,200,data/summaries/K173970.pdf
K173982,200,data/summaries/K173982.pdf
K180002,200,data/summaries/K180002.pdf
K180022,200,data/summaries/K180022.pdf
K180024,200,data/summaries/K180024.pdf
K180025,200,data/summaries/K180025.pdf
K180050,200,data/summaries/K180050.pdf
K180056,200,data/summaries/K180056.pdf
K180071,200,data/summaries/K180071.pdf
K180076,200,data/summaries/K180076.pdf
K180078,200,data/summaries/K180078.pdf
K180080,200,data/summaries/K180080.pdf
K180089,200,data/summaries/K180089.pdf
K180090,200,data/summaries/K180090.pdf
K180101,200,data/summaries/K180101.pdf
K180118,200,data/summaries/K180118.pdf
K180121,200,data/summaries/K180121.pdf
K180130,200,data/summaries/K180130.pdf
K180153,200,data/summaries/K180153.pdf
K180156,200,data/summaries/K180156.pdf
K180159,200,data/summaries/K180159.pdf
K180166,200,data/summaries/K180166.pdf
K180176,200,data/summaries/K180176.pdf
K180179,200,data/summaries/K180179.pdf
K180198,200,data/summaries/K180198.pdf
K180210,200,data/summaries/K180210.pdf
K180213,200,data/summaries/K180213.pdf
K180215,200,data/summaries/K180215.pdf
K180220,200,data/summaries/K180220.pdf
K180226,200,data/summaries/K180226.pdf
K180227,200,data/summaries/K180227.pdf
K180228,200,data/summaries/K180228.pdf
K180230,200,data/summaries/K180230.pdf
K180239,200,data/summaries/K180239.pdf
K180243,200,data/summaries/K180243.pdf
K180257,200,data/summaries/K180257.pdf
K180263,200,data/summaries/K180263.pdf
K180274,200,data/summaries/K180274.pdf
K180301,200,data/summaries/K180301.pdf
K180310,200,data/summaries/K180310.pdf
K180317,200,data/summaries/K180317.pdf
K180324,200,data/summaries/K180324.pdf
K180334,200,data/summaries/K180334.pdf
K180337,200,data/summaries/K180337.pdf
K180347,200,data/summaries/K180347.pdf
K180348,200,data/summaries/K180348.pdf
K180361,200,data/summaries/K180361.pdf
K180364,200,data/summaries/K180364.pdf
K180373,200,data/summaries/K180373.pdf
K180376,200,data/summaries/K180376.pdf
K180377,200,data/summaries/K180377.pdf
K180401,200,data/summaries/K180401.pdf
K180431,200,data/summaries/K180431.pdf
K180433,200,data/summaries/K180433.pdf
K180436,200,data/summaries/K180436.pdf
K180437,200,data/summaries/K180437.pdf
K180446,200,data/summaries/K180446.pdf
K180458,200,data/summaries/K180458.pdf
K180464,200,data/summaries/K180464.pdf
K180475,200,data/summaries/K180475.pdf
K180480,200,data/summaries/K180480.pdf
K180493,200,data/summaries/K180493.pdf
K180498,200,data/summaries/K180498.pdf
K180500,200,data/summaries/K180500.pdf
K180502,200,data/summaries/K180502.pdf
K180503,200,data/summaries/K180503.pdf
K180519,200,data/summaries/K180519.pdf
K180537,200,data/summaries/K180537.pdf
K180539,200,data/summaries/K180539.pdf
K180541,200,data/summaries/K180541.pdf
K180544,200,data/summaries/K180544.pdf
K180550,200,data/summaries/K180550.pdf
K180554,200,data/summaries/K180554.pdf
K180556,200,data/summaries/K180556.pdf
K180573,200,data/summaries/K180573.pdf
K180580,200,data/summaries/K180580.pdf
K180582,200,data/summaries/K180582.pdf
K180590,200,data/summaries/K180590.pdf
K180594,200,data/summaries/K180594.pdf
K180612,200,data/summaries/K180612.pdf
K180624,200,data/summaries/K180624.pdf
K180632,200,data/summaries/K180632.pdf
K180642,200,data/summaries/K180642.pdf
K180655,200,data/summaries/K180655.pdf
K180662,200,data/summaries/K180662.pdf
K180665,200,data/summaries/K180665.pdf
K180670,200,data/summaries/K180670.pdf
K180673,200,data/summaries/K180673.pdf
K180674,200,data/summaries/K180674.pdf
K180675,200,data/summaries/K180675.pdf
K180686,200,data/summaries/K180686.pdf
K180687,200,data/summaries/K180687.pdf
K180695,200,data/summaries/K180695.pdf
K180700,200,data/summaries/K180700.pdf
K180724,200,data/summaries/K180724.pdf
K180728,200,data/summaries/K180728.pdf
K180730,200,data/summaries/K180730.pdf
K180743,200,data/summaries/K180743.pdf
K180744,200,data/summaries/K180744.pdf
K180749,200,data/summaries/K180749.pdf
K180750,200,data/summaries/K180750.pdf
K180753,200,data/summaries/K180753.pdf
K180754,200,data/summaries/K180754.pdf
K180755,200,data/summaries/K180755.pdf
K180758,200,data/summaries/K180758.pdf
K180759,200,data/summaries/K180759.pdf
K180763,200,data/summaries/K180763.pdf
K180768,200,data/summaries/K180768.pdf
K180772,200,data/summaries/K180772.pdf
K180777,200,data/summaries/K180777.pdf
K180798,200,data/summaries/K180798.pdf
K180808,200,data/summaries/K180808.pdf
K180814,200,data/summaries/K180814.pdf
K180817,200,data/summaries/K180817.pdf
K180818,200,data/summaries/K180818.pdf
K180821,200,data/summaries/K180821.pdf
K180822,200,data/summaries/K180822.pdf
K180832,200,data/summaries/K180832.pdf
K180851,200,data/summaries/K180851.pdf
K180853,200,data/summaries/K180853.pdf
K180891,200,data/summaries/K180891.pdf
K180906,200,data/summaries/K180906.pdf
K180909,200,data/summaries/K180909.pdf
K180929,200,data/summaries/K180929.pdf
K180930,200,data/summaries/K180930.pdf
K180932,200,data/summaries/K180932.pdf
K180951,200,data/summaries/K180951.pdf
K180960,200,data/summaries/K180960.pdf
K180963,200,data/summaries/K180963.pdf
K180972,200,data/summaries/K180972.pdf
K180973,200,data/summaries/K180973.pdf
K180980,200,data/summaries/K180980.pdf
K180990,200,data/summaries/K180990.pdf
K181009,200,data/summaries/K181009.pdf
K181014,200,data/summaries/K181014.pdf
K181026,200,data/summaries/K181026.pdf
K181030,200,data/summaries/K181030.pdf
K181035,200,data/summaries/K181035.pdf
K181048,200,data/summaries/K181048.pdf
K181061,200,data/summaries/K181061.pdf
K181063,200,data/summaries/K181063.pdf
K181067,200,data/summaries/K181067.pdf
K181068,200,data/summaries/K181068.pdf
K181076,200,data/summaries/K181076.pdf
K181079,200,data/summaries/K181079.pdf
K181083,200,data/summaries/K181083.pdf
K181086,200,data/summaries/K181086.pdf
K181091,200,data/summaries/K181091.pdf
K181096,200,data/summaries/K181096.pdf
K181113,200,data/summaries/K181113.pdf
K181115,200,data/summaries/K181115.pdf
K181118,200,data/summaries/K181118.pdf
K181119,200,data/summaries/K181119.pdf
K181120,200,data/summaries/K181120.pdf
K181139,200,data/summaries/K181139.pdf
K181140,200,data/summaries/K181140.pdf
K181146,200,data/summaries/K181146.pdf
K181171,200,data/summaries/K181171.pdf
K181180,200,data/summaries/K181180.pdf
K181184,200,data/summaries/K181184.pdf
K181188,200,data/summaries/K181188.pdf
K181190,200,data/summaries/K181190.pdf
K181192,200,data/summaries/K181192.pdf
K181203,200,data/summaries/K181203.pdf
K181225,200,data/summaries/K181225.pdf
K181228,404,
K181229,200,data/summaries/K181229.pdf
K181231,200,data/summaries/K181231.pdf
K181244,200,data/summaries/K181244.pdf
K181246,200,data/summaries/K181246.pdf
K181254,200,data/summaries/K181254.pdf
K181255,200,data/summaries/K181255.pdf
K181261,200,data/summaries/K181261.pdf
K181262,200,data/summaries/K181262.pdf
K181280,200,data/summaries/K181280.pdf
K181281,200,data/summaries/K181281.pdf
K181282,200,data/summaries/K181282.pdf
K181287,200,data/summaries/K181287.pdf
K181295,200,data/summaries/K181295.pdf
K181296,200,data/summaries/K181296.pdf
K181302,200,data/summaries/K181302.pdf
K181306,200,data/summaries/K181306.pdf
K181307,200,data/summaries/K181307.pdf
K181328,200,data/summaries/K181328.pdf
K181337,200,data/summaries/K181337.pdf
K181338,200,data/summaries/K181338.pdf
K181339,200,data/summaries/K181339.pdf
K181340,200,data/summaries/K181340.pdf
K181347,200,data/summaries/K181347.pdf
K181350,200,data/summaries/K181350.pdf
K181357,200,data/summaries/K181357.pdf
K181362,200,data/summaries/K181362.pdf
K181366,200,data/summaries/K181366.pdf
K181375,200,data/summaries/K181375.pdf
K181377,200,data/summaries/K181377.pdf
K181380,200,data/summaries/K181380.pdf
K181386,200,data/summaries/K181386.pdf
K181390,200,data/summaries/K181390.pdf
K181397,200,data/summaries/K181397.pdf
K181410,200,data/summaries/K181410.pdf
K181420,200,data/summaries/K181420.pdf
K181425,200,data/summaries/K181425.pdf
K181435,200,data/summaries/K181435.pdf
K181440,200,data/summaries/K181440.pdf
K181453,200,data/summaries/K181453.pdf
K181471,200,data/summaries/K181471.pdf
K181483,200,data/summaries/K181483.pdf
K181491,200,data/summaries/K181491.pdf
K181495,200,data/summaries/K181495.pdf
K181513,200,data/summaries/K181513.pdf
K181528,200,data/summaries/K181528.pdf
K181530,200,data/summaries/K181530.pdf
K181531,200,data/summaries/K181531.pdf
K181532,200,data/summaries/K181532.pdf
K181533,200,data/summaries/K181533.pdf
K181543,200,data/summaries/K181543.pdf
K181548,200,data/summaries/K181548.pdf
K181549,200,data/summaries/K181549.pdf
K181554,200,data/summaries/K181554.pdf
K181555,200,data/summaries/K181555.pdf
K181557,200,data/summaries/K181557.pdf
K181562,200,data/summaries/K181562.pdf
K181569,200,data/summaries/K181569.pdf
K181587,200,data/summaries/K181587.pdf
K181589,200,data/summaries/K181589.pdf
K181590,200,data/summaries/K181590.pdf
K181591,200,data/summaries/K181591.pdf
K181598,200,data/summaries/K181598.pdf
K181600,200,data/summaries/K181600.pdf
K181603,200,data/summaries/K181603.pdf
K181607,200,data/summaries/K181607.pdf
K181610,200,data/summaries/K181610.pdf
K181611,200,data/summaries/K181611.pdf
K181621,200,data/summaries/K181621.pdf
K181625,200,data/summaries/K181625.pdf
K181630,200,data/summaries/K181630.pdf
K181635,200,data/summaries/K181635.pdf
K181639,200,data/summaries/K181639.pdf
K181640,200,data/summaries/K181640.pdf
K181644,200,data/summaries/K181644.pdf
K181655,200,data/summaries/K181655.pdf
K181677,200,data/summaries/K181677.pdf
K181680,200,data/summaries/K181680.pdf
K181693,200,data/summaries/K181693.pdf
K181702,200,data/summaries/K181702.pdf
K181717,200,data/summaries/K181717.pdf
K181721,200,data/summaries/K181721.pdf
K181732,200,data/summaries/K181732.pdf
K181742,200,data/summaries/K181742.pdf
K181744,200,data/summaries/K181744.pdf
K181746,200,data/summaries/K181746.pdf
K181749,200,data/summaries/K181749.pdf
K181761,200,data/summaries/K181761.pdf
K181769,200,data/summaries/K181769.pdf
K181778,200,data/summaries/K181778.pdf
K181781,200,data/summaries/K181781.pdf
K181792,200,data/summaries/K181792.pdf
K181794,200,data/summaries/K181794.pdf
K181799,200,data/summaries/K181799.pdf
K181806,200,data/summaries/K181806.pdf
K181809,200,data/summaries/K181809.pdf
K181815,200,data/summaries/K181815.pdf
K181818,200,data/summaries/K181818.pdf
K181820,200,data/summaries/K181820.pdf
K181821,200,data/summaries/K181821.pdf
K181824,200,data/summaries/K181824.pdf
K181826,200,data/summaries/K181826.pdf
K181827,200,data/summaries/K181827.pdf
K181829,200,data/summaries/K181829.pdf
K181837,200,data/summaries/K181837.pdf
K181843,200,data/summaries/K181843.pdf
K181846,200,data/summaries/K181846.pdf
K181860,200,data/summaries/K181860.pdf
K181866,200,data/summaries/K181866.pdf
K181872,200,data/summaries/K181872.pdf
K181881,200,data/summaries/K181881.pdf
K181898,200,data/summaries/K181898.pdf
K181899,200,data/summaries/K181899.pdf
K181921,200,data/summaries/K181921.pdf
K181947,200,data/summaries/K181947.pdf
K181949,200,data/summaries/K181949.pdf
K181958,200,data/summaries/K181958.pdf
K181963,200,data/summaries/K181963.pdf
K181970,200,data/summaries/K181970.pdf
K181978,200,data/summaries/K181978.pdf
K181980,200,data/summaries/K181980.pdf
K181995,200,data/summaries/K181995.pdf
K181999,200,data/summaries/K181999.pdf
K182007,200,data/summaries/K182007.pdf
K182015,200,data/summaries/K182015.pdf
K182039,200,data/summaries/K182039.pdf
K182048,200,data/summaries/K182048.pdf
K182055,200,data/summaries/K182055.pdf
K182059,200,data/summaries/K182059.pdf
K182074,200,data/summaries/K182074.pdf
K182085,200,data/summaries/K182085.pdf
K182099,200,data/summaries/K182099.pdf
K182107,200,data/summaries/K182107.pdf
K182109,200,data/summaries/K182109.pdf
K182114,200,data/summaries/K182114.pdf
K182119,200,data/summaries/K182119.pdf
K182125,200,data/summaries/K182125.pdf
K182139,200,data/summaries/K182139.pdf
K182148,200,data/summaries/K182148.pdf
K182151,200,data/summaries/K182151.pdf
K182154,200,data/summaries/K182154.pdf
K182158,200,data/summaries/K182158.pdf
K182170,200,data/summaries/K182170.pdf
K182171,200,data/summaries/K182171.pdf
K182179,200,data/summaries/K182179.pdf
K182182,200,data/summaries/K182182.pdf
K182195,200,data/summaries/K182195.pdf
K182201,200,data/summaries/K182201.pdf
K182210,200,data/summaries/K182210.pdf
K182212,200,data/summaries/K182212.pdf
K182221,200,data/summaries/K182221.pdf
K182239,200,data/summaries/K182239.pdf
K182240,200,data/summaries/K182240.pdf
K182251,200,data/summaries/K182251.pdf
K182260,200,data/summaries/K182260.pdf
K182264,200,data/summaries/K182264.pdf
K182283,200,data/summaries/K182283.pdf
K182284,200,data/summaries/K182284.pdf
K182285,200,data/summaries/K182285.pdf
K182301,200,data/summaries/K182301.pdf
K182307,200,data/summaries/K182307.pdf
K182321,200,data/summaries/K182321.pdf
K182322,200,data/summaries/K182322.pdf
K182339,200,data/summaries/K182339.pdf
K182342,200,data/summaries/K182342.pdf
K182346,200,data/summaries/K182346.pdf
K182349,200,data/summaries/K182349.pdf
K182352,200,data/summaries/K182352.pdf
K182361,200,data/summaries/K182361.pdf
K182370,200,data/summaries/K182370.pdf
K182375,200,data/summaries/K182375.pdf
K182377,200,data/summaries/K182377.pdf
K182402,200,data/summaries/K182402.pdf
K182406,200,data/summaries/K182406.pdf
K182416,200,data/summaries/K182416.pdf
K182439,200,data/summaries/K182439.pdf
K182446,200,data/summaries/K182446.pdf
K182461,200,data/summaries/K182461.pdf
K182462,200,data/summaries/K182462.pdf
K182466,200,data/summaries/K182466.pdf
K182468,200,data/summaries/K182468.pdf
K182470,200,data/summaries/K182470.pdf
K182473,200,data/summaries/K182473.pdf
K182477,200,data/summaries/K182477.pdf
K182478,200,data/summaries/K182478.pdf
K182489,200,data/summaries/K182489.pdf
K182492,200,data/summaries/K182492.pdf
K182500,200,data/summaries/K182500.pdf
K182502,200,data/summaries/K182502.pdf
K182507,200,data/summaries/K182507.pdf
K182508,200,data/summaries/K182508.pdf
K182516,200,data/summaries/K182516.pdf
K182535,200,data/summaries/K182535.pdf
K182536,200,data/summaries/K182536.pdf
K182544,200,data/summaries/K182544.pdf
K182584,200,data/summaries/K182584.pdf
K182598,200,data/summaries/K182598.pdf
K182608,200,data/summaries/K182608.pdf
K182621,200,data/summaries/K182621.pdf
K182650,200,data/summaries/K182650.pdf
K182670,200,data/summaries/K182670.pdf
K182677,200,data/summaries/K182677.pdf
K182678,200,data/summaries/K182678.pdf
K182684,200,data/summaries/K182684.pdf
K182704,200,data/summaries/K182704.pdf
K182705,200,data/summaries/K182705.pdf
K182718,200,data/summaries/K182718.pdf
K182736,200,data/summaries/K182736.pdf
K182746,200,data/summaries/K182746.pdf
K182771,200,data/summaries/K182771.pdf
K182783,200,data/summaries/K182783.pdf
K182785,200,data/summaries/K182785.pdf
K182799,200,data/summaries/K182799.pdf
K182808,200,data/summaries/K182808.pdf
K182810,200,data/summaries/K182810.pdf
K182818,200,data/summaries/K182818.pdf
K182823,200,data/summaries/K182823.pdf
K182837,200,data/summaries/K182837.pdf
K182872,200,data/summaries/K182872.pdf
K182877,200,data/summaries/K182877.pdf
K182878,200,data/summaries/K182878.pdf
K182885,200,data/summaries/K182885.pdf
K182898,200,data/summaries/K182898.pdf
K182919,200,data/summaries/K182919.pdf
K182920,200,data/summaries/K182920.pdf
K182928,200,data/summaries/K182928.pdf
K182941,200,data/summaries/K182941.pdf
K182943,200,data/summaries/K182943.pdf
K182949,200,data/summaries/K182949.pdf
K182954,200,data/summaries/K182954.pdf
K182955,200,data/summaries/K182955.pdf
K182968,200,data/summaries/K182968.pdf
K182970,200,data/summaries/K182970.pdf
K182974,200,data/summaries/K182974.pdf
K182983,200,data/summaries/K182983.pdf
K182987,200,data/summaries/K182987.pdf
K182989,200,data/summaries/K182989.pdf
K182991,200,data/summaries/K182991.pdf
K183010,200,data/summaries/K183010.pdf
K183011,200,data/summaries/K183011.pdf
K183017,200,data/summaries/K183017.pdf
K183025,200,data/summaries/K183025.pdf
K183026,200,data/summaries/K183026.pdf
K183029,200,data/summaries/K183029.pdf
K183039,200,data/summaries/K183039.pdf
K183042,200,data/summaries/K183042.pdf
K183049,200,data/summaries/K183049.pdf
K183054,200,data/summaries/K183054.pdf
K183055,200,data/summaries/K183055.pdf
K183056,200,data/summaries/K183056.pdf
K183060,200,data/summaries/K183060.pdf
K183064,200,data/summaries/K183064.pdf
K183071,200,data/summaries/K183071.pdf
K183073,200,data/summaries/K183073.pdf
K183077,200,data/summaries/K183077.pdf
K183080,200,data/summaries/K183080.pdf
K183083,200,data/summaries/K183083.pdf
K183084,200,data/summaries/K183084.pdf
K183091,200,data/summaries/K183091.pdf
K183092,200,data/summaries/K183092.pdf
K183094,200,data/summaries/K183094.pdf
K183104,200,data/summaries/K183104.pdf
K183114,200,data/summaries/K183114.pdf
K183117,200,data/summaries/K183117.pdf
K183119,200,data/summaries/K183119.pdf
K183129,200,data/summaries/K183129.pdf
K183136,200,data/summaries/K183136.pdf
K183141,200,data/summaries/K183141.pdf
K183145,200,data/summaries/K183145.pdf
K183162,200,data/summaries/K183162.pdf
K183168,200,data/summaries/K183168.pdf
K183172,200,data/summaries/K183172.pdf
K183184,200,data/summaries/K183184.pdf
K183194,200,data/summaries/K183194.pdf
K183197,200,data/summaries/K183197.pdf
K183214,200,data/summaries/K183214.pdf
K183225,200,data/summaries/K183225.pdf
K183228,200,data/summaries/K183228.pdf
K183232,200,data/summaries/K183232.pdf
K183236,200,data/summaries/K183236.pdf
K183239,200,data/summaries/K183239.pdf
K183243,200,data/summaries/K183243.pdf
K183249,200,data/summaries/K183249.pdf
K183259,200,data/summaries/K183259.pdf
K183279,200,data/summaries/K183279.pdf
K183312,200,data/summaries/K183312.pdf
K183317,200,data/summaries/K183317.pdf
K183321,200,data/summaries/K183321.pdf
K183331,200,data/summaries/K183331.pdf
K183342,200,data/summaries/K183342.pdf
K183343,200,data/summaries/K183343.pdf
K183344,200,data/summaries/K183344.pdf
K183363,200,data/summaries/K183363.pdf
K183383,200,data/summaries/K183383.pdf
K183395,200,data/summaries/K183395.pdf
K183397,200,data/summaries/K183397.pdf
K183407,200,data/summaries/K183407.pdf
K183409,200,data/summaries/K183409.pdf
K183426,200,data/summaries/K183426.pdf
K183430,200,data/summaries/K183430.pdf
K183447,200,data/summaries/K183447.pdf
K183457,200,data/summaries/K183457.pdf
K183501,200,data/summaries/K183501.pdf
K183506,200,data/summaries/K183506.pdf
K183510,200,data/summaries/K183510.pdf
K183532,200,data/summaries/K183532.pdf
K183533,200,data/summaries/K183533.pdf
K183550,200,data/summaries/K183550.pdf
K183553,200,data/summaries/K183553.pdf
K183557,200,data/summaries/K183557.pdf
K183560,200,data/summaries/K183560.pdf
K183582,200,data/summaries/K183582.pdf
K183583,200,data/summaries/K183583.pdf
K183588,200,data/summaries/K183588.pdf
K183596,200,data/summaries/K183596.pdf
K183603,200,data/summaries/K183603.pdf
K183618,200,data/summaries/K183618.pdf
K183620,200,data/summaries/K183620.pdf
K183628,200,data/summaries/K183628.pdf
K183639,200,data/summaries/K183639.pdf
K183659,200,data/summaries/K183659.pdf
K183682,200,data/summaries/K183682.pdf
K183684,200,data/summaries/K183684.pdf
K183690,200,data/summaries/K183690.pdf
K183696,200,data/summaries/K183696.pdf
K183705,200,data/summaries/K183705.pdf
K190016,200,data/summaries/K190016.pdf
K190025,200,data/summaries/K190025.pdf
K190035,200,data/summaries/K190035.pdf
K190053,200,data/summaries/K190053.pdf
K190055,200,data/summaries/K190055.pdf
K190057,200,data/summaries/K190057.pdf
K190067,200,data/summaries/K190067.pdf
K190068,200,data/summaries/K190068.pdf
K190069,200,data/summaries/K190069.pdf
K190071,200,data/summaries/K190071.pdf
K190085,200,data/summaries/K190085.pdf
K190092,200,data/summaries/K190092.pdf
K190100,200,data/summaries/K190100.pdf
K190110,200,data/summaries/K190110.pdf
K190122,200,data/summaries/K190122.pdf
K190123,200,data/summaries/K190123.pdf
K190125,200,data/summaries/K190125.pdf
K190136,200,data/summaries/K190136.pdf
K190143,200,data/summaries/K190143.pdf
K190147,200,data/summaries/K190147.pdf
K190165,200,data/summaries/K190165.pdf
K190166,200,data/summaries/K190166.pdf
K190170,200,data/summaries/K190170.pdf
K190179,200,data/summaries/K190179.pdf
K190181,200,data/summaries/K190181.pdf
K190193,200,data/summaries/K190193.pdf
K190216,200,data/summaries/K190216.pdf
K190227,200,data/summaries/K190227.pdf
K190230,200,data/summaries/K190230.pdf
K190231,200,data/summaries/K190231.pdf
K190253,200,data/summaries/K190253.pdf
K190261,200,data/summaries/K190261.pdf
K190276,200,data/summaries/K190276.pdf
K190280,200,data/summaries/K190280.pdf
K190283,200,data/summaries/K190283.pdf
K190284,200,data/summaries/K190284.pdf
K190286,200,data/summaries/K190286.pdf
K190287,200,data/summaries/K190287.pdf
K190288,200,data/summaries/K190288.pdf
K190289,200,data/summaries/K190289.pdf
K190290,200,data/summaries/K190290.pdf
K190291,200,data/summaries/K190291.pdf
K190317,200,data/summaries/K190317.pdf
K190321,200,data/summaries/K190321.pdf
K190322,200,data/summaries/K190322.pdf
K190324,200,data/summaries/K190324.pdf
K190333,200,data/summaries/K190333.pdf
K190344,200,data/summaries/K190344.pdf
K190349,200,data/summaries/K190349.pdf
K190355,200,data/summaries/K190355.pdf
K190360,200,data/summaries/K190360.pdf
K190361,200,data/summaries/K190361.pdf
K190363,200,data/summaries/K190363.pdf
K190364,200,data/summaries/K190364.pdf
K190365,200,data/summaries/K190365.pdf
K190371,200,data/summaries/K190371.pdf
K190375,200,data/summaries/K190375.pdf
K190376,200,data/summaries/K190376.pdf
K190380,200,data/summaries/K190380.pdf
K190385,200,data/summaries/K190385.pdf
K190388,200,data/summaries/K190388.pdf
K190391,200,data/summaries/K190391.pdf
K190398,200,data/summaries/K190398.pdf
K190402,200,data/summaries/K190402.pdf
K190408,200,data/summaries/K190408.pdf
K190409,200,data/summaries/K190409.pdf
K190415,200,data/summaries/K190415.pdf
K190418,200,data/summaries/K190418.pdf
K190425,200,data/summaries/K190425.pdf
K190426,200,data/summaries/K190426.pdf
K190430,200,data/summaries/K190430.pdf
K190439,200,data/summaries/K190439.pdf
K190446,200,data/summaries/K190446.pdf
K190471,200,data/summaries/K190471.pdf
K190474,200,data/summaries/K190474.pdf
K190482,200,data/summaries/K190482.pdf
K190483,200,data/summaries/K190483.pdf
K190486,200,data/summaries/K190486.pdf
K190488,200,data/summaries/K190488.pdf
K190498,200,data/summaries/K190498.pdf
K190516,200,data/summaries/K190516.pdf
K190521,200,data/summaries/K190521.pdf
K190526,200,data/summaries/K190526.pdf
K190535,200,data/summaries/K190535.pdf
K190543,200,data/summaries/K190543.pdf
K190544,200,data/summaries/K190544.pdf
K190545,200,data/summaries/K190545.pdf
K190546,200,data/summaries/K190546.pdf
K190562,200,data/summaries/K190562.pdf
K190563,200,data/summaries/K190563.pdf
K190565,200,data/summaries/K190565.pdf
K190567,200,data/summaries/K190567.pdf
K190577,200,data/summaries/K190577.pdf
K190580,200,data/summaries/K190580.pdf
K190582,200,data/summaries/K190582.pdf
K190584,200,data/summaries/K190584.pdf
K190586,200,data/summaries/K190586.pdf
K190588,200,data/summaries/K190588.pdf
K190595,200,data/summaries/K190595.pdf
K190599,200,data/summaries/K190599.pdf
K190600,200,data/summaries/K190600.pdf
K190618,200,data/summaries/K190618.pdf
K190631,200,data/summaries/K190631.pdf
K190633,200,data/summaries/K190633.pdf
K190636,200,data/summaries/K190636.pdf
K190652,200,data/summaries/K190652.pdf
K190655,200,data/summaries/K190655.pdf
K190656,200,data/summaries/K190656.pdf
K190658,200,data/summaries/K190658.pdf
K190660,200,data/summaries/K190660.pdf
K190666,200,data/summaries/K190666.pdf
K190670,200,data/summaries/K190670.pdf
K190680,200,data/summaries/K190680.pdf
K190684,200,data/summaries/K190684.pdf
K190704,200,data/summaries/K190704.pdf
K190708,200,data/summaries/K190708.pdf
K190721,200,data/summaries/K190721.pdf
K190722,200,data/summaries/K190722.pdf
K190728,200,data/summaries/K190728.pdf
K190738,200,data/summaries/K190738.pdf
K190750,200,data/summaries/K190750.pdf
K190751,200,data/summaries/K190751.pdf
K190754,200,data/summaries/K190754.pdf
K190762,200,data/summaries/K190762.pdf
K190766,200,data/summaries/K190766.pdf
K190774,200,data/summaries/K190774.pdf
K190814,200,data/summaries/K190814.pdf
K190830,200,data/summaries/K190830.pdf
K190834,200,data/summaries/K190834.pdf
K190842,200,data/summaries/K190842.pdf
K190847,200,data/summaries/K190847.pdf
K190870,200,data/summaries/K190870.pdf
K190877,200,data/summaries/K190877.pdf
K190885,200,data/summaries/K190885.pdf
K190889,200,data/summaries/K190889.pdf
K190890,200,data/summaries/K190890.pdf
K190892,200,data/summaries/K190892.pdf
K190895,200,data/summaries/K190895.pdf
K190904,200,data/summaries/K190904.pdf
K190911,200,data/summaries/K190911.pdf
K190915,200,data/summaries/K190915.pdf
K190921,200,data/summaries/K190921.pdf
K190926,200,data/summaries/K190926.pdf
K190953,200,data/summaries/K190953.pdf
K190956,200,data/summaries/K190956.pdf
K190959,200,data/summaries/K190959.pdf
K190963,200,data/summaries/K190963.pdf
K190970,200,data/summaries/K190970.pdf
K190981,200,data/summaries/K190981.pdf
K190991,200,data/summaries/K190991.pdf
K190992,200,data/summaries/K190992.pdf
K191002,200,data/summaries/K191002.pdf
K191005,200,data/summaries/K191005.pdf
K191009,200,data/summaries/K191009.pdf
K191016,200,data/summaries/K191016.pdf
K191045,200,data/summaries/K191045.pdf
K191047,200,data/summaries/K191047.pdf
K191053,200,data/summaries/K191053.pdf
K191056,200,data/summaries/K191056.pdf
K191057,200,data/summaries/K191057.pdf
K191066,200,data/summaries/K191066.pdf
K191074,200,data/summaries/K191074.pdf
K191084,200,data/summaries/K191084.pdf
K191091,200,data/summaries/K191091.pdf
K191118,200,data/summaries/K191118.pdf
K191134,200,data/summaries/K191134.pdf
K191145,200,data/summaries/K191145.pdf
K191146,200,data/summaries/K191146.pdf
K191148,200,data/summaries/K191148.pdf
K191150,200,data/summaries/K191150.pdf
K191169,200,data/summaries/K191169.pdf
K191185,200,data/summaries/K191185.pdf
K191192,200,data/summaries/K191192.pdf
K191204,200,data/summaries/K191204.pdf
K191211,200,data/summaries/K191211.pdf
K191212,200,data/summaries/K191212.pdf
K191217,200,data/summaries/K191217.pdf
K191226,200,data/summaries/K191226.pdf
K191227,200,data/summaries/K191227.pdf
K191238,200,data/summaries/K191238.pdf
K191241,200,data/summaries/K191241.pdf
K191242,200,data/summaries/K191242.pdf
K191243,200,data/summaries/K191243.pdf
K191247,200,data/summaries/K191247.pdf
K191263,200,data/summaries/K191263.pdf
K191271,200,data/summaries/K191271.pdf
K191274,200,data/summaries/K191274.pdf
K191289,200,data/summaries/K191289.pdf
K191297,200,data/summaries/K191297.pdf
K191300,200,data/summaries/K191300.pdf
K191311,200,data/summaries/K191311.pdf
K191318,200,data/summaries/K191318.pdf
K191319,200,data/summaries/K191319.pdf
K191325,200,data/summaries/K191325.pdf
K191326,200,data/summaries/K191326.pdf
K191336,200,data/summaries/K191336.pdf
K191339,200,data/summaries/K191339.pdf
K191342,200,data/summaries/K191342.pdf
K191344,200,data/summaries/K191344.pdf
K191353,200,data/summaries/K191353.pdf
K191354,200,data/summaries/K191354.pdf
K191358,200,data/summaries/K191358.pdf
K191367,200,data/summaries/K191367.pdf
K191374,200,data/summaries/K191374.pdf
K191380,200,data/summaries/K191380.pdf
K191391,200,data/summaries/K191391.pdf
K191393,200,data/summaries/K191393.pdf
K191399,200,data/summaries/K191399.pdf
K191408,200,data/summaries/K191408.pdf
K191412,200,data/summaries/K191412.pdf
K191414,200,data/summaries/K191414.pdf
K191423,200,data/summaries/K191423.pdf
K191424,200,data/summaries/K191424.pdf
K191426,200,data/summaries/K191426.pdf
K191433,200,data/summaries/K191433.pdf
K191449,200,data/summaries/K191449.pdf
K191459,200,data/summaries/K191459.pdf
K191463,200,data/summaries/K191463.pdf
K191477,200,data/summaries/K191477.pdf
K191483,200,data/summaries/K191483.pdf
K191489,200,data/summaries/K191489.pdf
K191494,200,data/summaries/K191494.pdf
K191500,200,data/summaries/K191500.pdf
K191513,200,data/summaries/K191513.pdf
K191516,200,data/summaries/K191516.pdf
K191525,200,data/summaries/K191525.pdf
K191535,200,data/summaries/K191535.pdf
K191537,200,data/summaries/K191537.pdf
K191553,200,data/summaries/K191553.pdf
K191561,200,data/summaries/K191561.pdf
K191565,200,data/summaries/K191565.pdf
K191569,200,data/summaries/K191569.pdf
K191575,200,data/summaries/K191575.pdf
K191576,200,data/summaries/K191576.pdf
K191581,200,data/summaries/K191581.pdf
K191584,200,data/summaries/K191584.pdf
K191598,200,data/summaries/K191598.pdf
K191617,200,data/summaries/K191617.pdf
K191621,200,data/summaries/K191621.pdf
K191622,200,data/summaries/K191622.pdf
K191625,200,data/summaries/K191625.pdf
K191632,200,data/summaries/K191632.pdf
K191636,200,data/summaries/K191636.pdf
K191641,200,data/summaries/K191641.pdf
K191648,200,data/summaries/K191648.pdf
K191651,200,data/summaries/K191651.pdf
K191655,200,data/summaries/K191655.pdf
K191670,200,data/summaries/K191670.pdf
K191677,200,data/summaries/K191677.pdf
K191698,200,data/summaries/K191698.pdf
K191708,200,data/summaries/K191708.pdf
K191709,200,data/summaries/K191709.pdf
K191711,200,data/summaries/K191711.pdf
K191726,200,data/summaries/K191726.pdf
K191735,200,data/summaries/K191735.pdf
K191746,200,data/summaries/K191746.pdf
K191748,200,data/summaries/K191748.pdf
K191755,200,data/summaries/K191755.pdf
K191757,200,data/summaries/K191757.pdf
K191764,200,data/summaries/K191764.pdf
K191765,200,data/summaries/K191765.pdf
K191771,200,data/summaries/K191771.pdf
K191778,200,data/summaries/K191778.pdf
K191779,200,data/summaries/K191779.pdf
K191781,200,data/summaries/K191781.pdf
K191782,200,data/summaries/K191782.pdf
K191783,200,data/summaries/K191783.pdf
K191786,200,data/summaries/K191786.pdf
K191788,200,data/summaries/K191788.pdf
K191791,200,data/summaries/K191791.pdf
K191793,200,data/summaries/K191793.pdf
K191796,200,data/summaries/K191796.pdf
K191803,200,data/summaries/K191803.pdf
K191810,200,data/summaries/K191810.pdf
K191811,200,data/summaries/K191811.pdf
K191812,200,data/summaries/K191812.pdf
K191814,200,data/summaries/K191814.pdf
K191816,200,data/summaries/K191816.pdf
K191817,200,data/summaries/K191817.pdf
K191822,200,data/summaries/K191822.pdf
K191826,200,data/summaries/K191826.pdf
K191831,200,data/summaries/K191831.pdf
K191834,200,data/summaries/K191834.pdf
K191835,200,data/summaries/K191835.pdf
K191848,200,data/summaries/K191848.pdf
K191867,200,data/summaries/K191867.pdf
K191906,200,data/summaries/K191906.pdf
K191927,200,data/summaries/K191927.pdf
K191932,200,data/summaries/K191932.pdf
K191936,200,data/summaries/K191936.pdf
K191960,200,data/summaries/K191960.pdf
K191963,200,data/summaries/K191963.pdf
K191966,200,data/summaries/K191966.pdf
K191972,200,data/summaries/K191972.pdf
K191974,200,data/summaries/K191974.pdf
K191981,200,data/summaries/K191981.pdf
K191995,200,data/summaries/K191995.pdf
K191996,200,data/summaries/K191996.pdf
K192003,200,data/summaries/K192003.pdf
K192006,200,data/summaries/K192006.pdf
K192013,200,data/summaries/K192013.pdf
K192014,200,data/summaries/K192014.pdf
K192018,200,data/summaries/K192018.pdf
K192021,200,data/summaries/K192021.pdf
K192024,200,data/summaries/K192024.pdf
K192026,200,data/summaries/K192026.pdf
K192032,200,data/summaries/K192032.pdf
K192041,200,data/summaries/K192041.pdf
K192044,200,data/summaries/K192044.pdf
K192047,200,data/summaries/K192047.pdf
K192049,200,data/summaries/K192049.pdf
K192054,200,data/summaries/K192054.pdf
K192071,200,data/summaries/K192071.pdf
K192076,200,data/summaries/K192076.pdf
K192084,200,data/summaries/K192084.pdf
K192096,200,data/summaries/K192096.pdf
K192097,200,data/summaries/K192097.pdf
K192115,200,data/summaries/K192115.pdf
K192117,200,data/summaries/K192117.pdf
K192121,200,data/summaries/K192121.pdf
K192126,200,data/summaries/K192126.pdf
K192132,200,data/summaries/K192132.pdf
K192145,200,data/summaries/K192145.pdf
K192163,200,data/summaries/K192163.pdf
K192168,200,data/summaries/K192168.pdf
K192181,200,data/summaries/K192181.pdf
K192189,200,data/summaries/K192189.pdf
K192198,200,data/summaries/K192198.pdf
K192206,200,data/summaries/K192206.pdf
K192208,200,data/summaries/K192208.pdf
K192214,200,data/summaries/K192214.pdf
K192217,200,data/summaries/K192217.pdf
K192236,200,data/summaries/K192236.pdf
K192248,200,data/summaries/K192248.pdf
K192268,200,data/summaries/K192268.pdf
K192297,200,data/summaries/K192297.pdf
K192312,200,data/summaries/K192312.pdf
K192314,200,data/summaries/K192314.pdf
K192323,200,data/summaries/K192323.pdf
K192327,200,data/summaries/K192327.pdf
K192335,200,data/summaries/K192335.pdf
K192352,200,data/summaries/K192352.pdf
K192354,200,data/summaries/K192354.pdf
K192356,200,data/summaries/K192356.pdf
K192363,200,data/summaries/K192363.pdf
K192365,200,data/summaries/K192365.pdf
K192379,200,data/summaries/K192379.pdf
K192394,200,data/summaries/K192394.pdf
K192396,200,data/summaries/K192396.pdf
K192403,200,data/summaries/K192403.pdf
K192416,200,data/summaries/K192416.pdf
K192417,200,data/summaries/K192417.pdf
K192428,200,data/summaries/K192428.pdf
K192434,200,data/summaries/K192434.pdf
K192441,200,data/summaries/K192441.pdf
K192447,200,data/summaries/K192447.pdf
K192448,200,data/summaries/K192448.pdf
K192449,200,data/summaries/K192449.pdf
K192450,200,data/summaries/K192450.pdf
K192465,200,data/summaries/K192465.pdf
K192473,200,data/summaries/K192473.pdf
K192481,200,data/summaries/K192481.pdf
K192484,200,data/summaries/K192484.pdf
K192492,200,data/summaries/K192492.pdf
K192494,200,data/summaries/K192494.pdf
K192497,200,data/summaries/K192497.pdf
K192502,200,data/summaries/K192502.pdf
K192504,200,data/summaries/K192504.pdf
K192507,200,data/summaries/K192507.pdf
K192532,200,data/summaries/K192532.pdf
K192559,200,data/summaries/K192559.pdf
K192578,200,data/summaries/K192578.pdf
K192582,200,data/summaries/K192582.pdf
K192592,200,data/summaries/K192592.pdf
K192619,200,data/summaries/K192619.pdf
K192645,200,data/summaries/K192645.pdf
K192646,200,data/summaries/K192646.pdf
K192660,200,data/summaries/K192660.pdf
K192675,200,data/summaries/K192675.pdf
K192678,200,data/summaries/K192678.pdf
K192680,200,data/summaries/K192680.pdf
K192683,200,data/summaries/K192683.pdf
K192687,200,data/summaries/K192687.pdf
K192696,200,data/summaries/K192696.pdf
K192709,200,data/summaries/K192709.pdf
K192710,200,data/summaries/K192710.pdf
K192718,200,data/summaries/K192718.pdf
K192745,200,data/summaries/K192745.pdf
K192750,200,data/summaries/K192750.pdf
K192754,200,data/summaries/K192754.pdf
K192760,200,data/summaries/K192760.pdf
K192768,200,data/summaries/K192768.pdf
K192778,200,data/summaries/K192778.pdf
K192792,200,data/summaries/K192792.pdf
K192798,200,data/summaries/K192798.pdf
K192799,200,data/summaries/K192799.pdf
K192800,200,data/summaries/K192800.pdf
K192810,200,data/summaries/K192810.pdf
K192818,200,data/summaries/K192818.pdf
K192824,200,data/summaries/K192824.pdf
K192827,200,data/summaries/K192827.pdf
K192855,200,data/summaries/K192855.pdf
K192863,200,data/summaries/K192863.pdf
K192883,200,data/summaries/K192883.pdf
K192897,200,data/summaries/K192897.pdf
K192906,200,data/summaries/K192906.pdf
K192915,200,data/summaries/K192915.pdf
K192919,200,data/summaries/K192919.pdf
K192930,200,data/summaries/K192930.pdf
K192938,200,data/summaries/K192938.pdf
K192942,200,data/summaries/K192942.pdf
K192946,200,data/summaries/K192946.pdf
K192949,200,data/summaries/K192949.pdf
K192964,200,data/summaries/K192964.pdf
K192967,200,data/summaries/K192967.pdf
K192974,200,data/summaries/K192974.pdf
K192975,200,data/summaries/K192975.pdf
K192984,200,data/summaries/K192984.pdf
K192989,200,data/summaries/K192989.pdf
K192993,200,data/summaries/K192993.pdf
K192994,200,data/summaries/K192994.pdf
K192995,200,data/summaries/K192995.pdf
K193000,200,data/summaries/K193000.pdf
K193011,200,data/summaries/K193011.pdf
K193016,200,data/summaries/K193016.pdf
K193029,200,data/summaries/K193029.pdf
K193030,200,data/summaries/K193030.pdf
K193038,200,data/summaries/K193038.pdf
K193040,200,data/summaries/K193040.pdf
K193050,200,data/summaries/K193050.pdf
K193057,200,data/summaries/K193057.pdf
K193059,200,data/summaries/K193059.pdf
K193061,200,data/summaries/K193061.pdf
K193067,200,data/summaries/K193067.pdf
K193075,200,data/summaries/K193075.pdf
K193083,200,data/summaries/K193083.pdf
K193092,200,data/summaries/K193092.pdf
K193098,200,data/summaries/K193098.pdf
K193099,200,data/summaries/K193099.pdf
K193100,200,data/summaries/K193100.pdf
K193105,200,data/summaries/K193105.pdf
K193106,200,data/summaries/K193106.pdf
K193108,200,data/summaries/K193108.pdf
K193122,200,data/summaries/K193122.pdf
K193129,200,data/summaries/K193129.pdf
K193153,200,data/summaries/K193153.pdf
K193156,200,data/summaries/K193156.pdf
K193157,200,data/summaries/K193157.pdf
K193165,200,data/summaries/K193165.pdf
K193168,200,data/summaries/K193168.pdf
K193172,200,data/summaries/K193172.pdf
K193174,200,data/summaries/K193174.pdf
K193175,200,data/summaries/K193175.pdf
K193180,200,data/summaries/K193180.pdf
K193203,200,data/summaries/K193203.pdf
K193211,200,data/summaries/K193211.pdf
K193214,200,data/summaries/K193214.pdf
K193219,200,data/summaries/K193219.pdf
K193222,200,data/summaries/K193222.pdf
K193223,200,data/summaries/K193223.pdf
K193224,200,data/summaries/K193224.pdf
K193226,200,data/summaries/K193226.pdf
K193233,200,data/summaries/K193233.pdf
K193245,200,data/summaries/K193245.pdf
K193247,200,data/summaries/K193247.pdf
K193255,200,data/summaries/K193255.pdf
K193256,200,data/summaries/K193256.pdf
K193258,200,data/summaries/K193258.pdf
K193270,200,data/summaries/K193270.pdf
K193284,200,data/summaries/K193284.pdf
K193295,200,data/summaries/K193295.pdf
K193305,200,data/summaries/K193305.pdf
K193308,200,data/summaries/K193308.pdf
K193312,200,data/summaries/K193312.pdf
K193320,200,data/summaries/K193320.pdf
K193345,200,data/summaries/K193345.pdf
K193359,200,data/summaries/K193359.pdf
K193365,200,data/summaries/K193365.pdf
K193366,200,data/summaries/K193366.pdf
K193368,200,data/summaries/K193368.pdf
K193370,200,data/summaries/K193370.pdf
K193372,200,data/summaries/K193372.pdf
K193373,200,data/summaries/K193373.pdf
K193377,200,data/summaries/K193377.pdf
K193378,200,data/summaries/K193378.pdf
K193394,200,data/summaries/K193394.pdf
K193396,200,data/summaries/K193396.pdf
K193398,200,data/summaries/K193398.pdf
K193402,200,data/summaries/K193402.pdf
K193412,200,data/summaries/K193412.pdf
K193414,200,data/summaries/K193414.pdf
K193418,200,data/summaries/K193418.pdf
K193423,200,data/summaries/K193423.pdf
K193429,200,data/summaries/K193429.pdf
K193433,200,data/summaries/K193433.pdf
K193451,200,data/summaries/K193451.pdf
K193452,200,data/summaries/K193452.pdf
K193457,200,data/summaries/K193457.pdf
K193461,200,data/summaries/K193461.pdf
K193465,200,data/summaries/K193465.pdf
K193468,200,data/summaries/K193468.pdf
K193472,200,data/summaries/K193472.pdf
K193479,200,data/summaries/K193479.pdf
K193487,200,data/summaries/K193487.pdf
K193491,200,data/summaries/K193491.pdf
K193494,200,data/summaries/K193494.pdf
K193497,200,data/summaries/K193497.pdf
K193503,200,data/summaries/K193503.pdf
K193506,200,data/summaries/K193506.pdf
K193513,200,data/summaries/K193513.pdf
K193521,200,data/summaries/K193521.pdf
K193524,200,data/summaries/K193524.pdf
K193533,200,data/summaries/K193533.pdf
K193540,200,data/summaries/K193540.pdf
K193541,200,data/summaries/K193541.pdf
K193543,200,data/summaries/K193543.pdf
K193545,200,data/summaries/K193545.pdf
K193546,200,data/summaries/K193546.pdf
K193549,200,data/summaries/K193549.pdf
K193554,200,data/summaries/K193554.pdf
K193558,200,data/summaries/K193558.pdf
K193593,200,data/summaries/K193593.pdf
K193606,200,data/summaries/K193606.pdf
K193614,200,data/summaries/K193614.pdf
K193615,200,data/summaries/K193615.pdf
K193616,200,data/summaries/K193616.pdf
K193617,200,data/summaries/K193617.pdf
K193633,200,data/summaries/K193633.pdf
K193636,200,data/summaries/K193636.pdf
K193639,200,data/summaries/K193639.pdf
K193645,200,data/summaries/K193645.pdf
K193660,200,data/summaries/K193660.pdf
K200002,200,data/summaries/K200002.pdf
K200007,200,data/summaries/K200007.pdf
K200011,200,data/summaries/K200011.pdf
K200028,200,data/summaries/K200028.pdf
K200043,200,data/summaries/K200043.pdf
K200045,200,data/summaries/K200045.pdf
K200048,200,data/summaries/K200048.pdf
K200052,200,data/summaries/K200052.pdf
K200062,200,data/summaries/K200062.pdf
K200064,200,data/summaries/K200064.pdf
K200066,200,data/summaries/K200066.pdf
K200068,200,data/summaries/K200068.pdf
K200070,200,data/summaries/K200070.pdf
K200075,200,data/summaries/K200075.pdf
K200084,200,data/summaries/K200084.pdf
K200087,200,data/summaries/K200087.pdf
K200097,200,data/summaries/K200097.pdf
K200108,200,data/summaries/K200108.pdf
K200112,200,data/summaries/K200112.pdf
K200113,200,data/summaries/K200113.pdf
K200115,200,data/summaries/K200115.pdf
K200122,200,data/summaries/K200122.pdf
K200123,200,data/summaries/K200123.pdf
K200124,200,data/summaries/K200124.pdf
K200127,200,data/summaries/K200127.pdf
K200130,200,data/summaries/K200130.pdf
K200151,200,data/summaries/K200151.pdf
K200170,200,data/summaries/K200170.pdf
K200171,200,data/summaries/K200171.pdf
K200196,200,data/summaries/K200196.pdf
K200209,200,data/summaries/K200209.pdf
K200224,200,data/summaries/K200224.pdf
K200226,200,data/summaries/K200226.pdf
K200227,200,data/summaries/K200227.pdf
K200235,200,data/summaries/K200235.pdf
K200245,200,data/summaries/K200245.pdf
K200246,200,data/summaries/K200246.pdf
K200259,200,data/summaries/K200259.pdf
K200267,200,data/summaries/K200267.pdf
K200281,200,data/summaries/K200281.pdf
K200283,200,data/summaries/K200283.pdf
K200290,200,data/summaries/K200290.pdf
K200291,200,data/summaries/K200291.pdf
K200295,200,data/summaries/K200295.pdf
K200301,200,data/summaries/K200301.pdf
K200303,200,data/summaries/K200303.pdf
K200312,200,data/summaries/K200312.pdf
K200316,200,data/summaries/K200316.pdf
K200322,200,data/summaries/K200322.pdf
K200328,200,data/summaries/K200328.pdf
K200332,200,data/summaries/K200332.pdf
K200338,200,data/summaries/K200338.pdf
K200341,200,data/summaries/K200341.pdf
K200343,200,data/summaries/K200343.pdf
K200352,200,data/summaries/K200352.pdf
K200361,200,data/summaries/K200361.pdf
K200367,200,data/summaries/K200367.pdf
K200368,200,data/summaries/K200368.pdf
K200381,200,data/summaries/K200381.pdf
K200391,200,data/summaries/K200391.pdf
K200395,200,data/summaries/K200395.pdf
K200398,200,data/summaries/K200398.pdf
K200407,200,data/summaries/K200407.pdf
K200428,200,data/summaries/K200428.pdf
K200429,200,data/summaries/K200429.pdf
K200430,200,data/summaries/K200430.pdf
K200433,200,data/summaries/K200433.pdf
K200458,200,data/summaries/K200458.pdf
K200491,200,data/summaries/K200491.pdf
K200503,200,data/summaries/K200503.pdf
K200507,200,data/summaries/K200507.pdf
K200513,200,data/summaries/K200513.pdf
K200518,200,data/summaries/K200518.pdf
K200519,200,data/summaries/K200519.pdf
K200523,200,data/summaries/K200523.pdf
K200538,200,data/summaries/K200538.pdf
K200541,200,data/summaries/K200541.pdf
K200543,200,data/summaries/K200543.pdf
K200549,200,data/summaries/K200549.pdf
K200551,200,data/summaries/K200551.pdf
K200552,200,data/summaries/K200552.pdf
K200571,200,data/summaries/K200571.pdf
K200575,200,data/summaries/K200575.pdf
K200592,200,data/summaries/K200592.pdf
K200596,200,data/summaries/K200596.pdf
K200607,200,data/summaries/K200607.pdf
K200613,200,data/summaries/K200613.pdf
K200640,200,data/summaries/K200640.pdf
K200653,200,data/summaries/K200653.pdf
K200656,200,data/summaries/K200656.pdf
K200666,200,data/summaries/K200666.pdf
K200685,200,data/summaries/K200685.pdf
K200696,200,data/summaries/K200696.pdf
K200701,200,data/summaries/K200701.pdf
K200709,200,data/summaries/K200709.pdf
K200718,200,data/summaries/K200718.pdf
K200725,200,data/summaries/K200725.pdf
K200728,200,data/summaries/K200728.pdf
K200752,200,data/summaries/K200752.pdf
K200762,200,data/summaries/K200762.pdf
K200765,200,data/summaries/K200765.pdf
K200782,200,data/summaries/K200782.pdf
K200785,200,data/summaries/K200785.pdf
K200789,200,data/summaries/K200789.pdf
K200790,200,data/summaries/K200790.pdf
K200793,200,data/summaries/K200793.pdf
K200794,200,data/summaries/K200794.pdf
K200814,200,data/summaries/K200814.pdf
K200816,200,data/summaries/K200816.pdf
K200823,200,data/summaries/K200823.pdf
K200826,200,data/summaries/K200826.pdf
K200834,200,data/summaries/K200834.pdf
K200840,200,data/summaries/K200840.pdf
K200846,200,data/summaries/K200846.pdf
K200854,200,data/summaries/K200854.pdf
K200863,200,data/summaries/K200863.pdf
K200868,200,data/summaries/K200868.pdf
K200869,200,data/summaries/K200869.pdf
K200879,200,data/summaries/K200879.pdf
K200880,200,data/summaries/K200880.pdf
K200883,200,data/summaries/K200883.pdf
K200885,200,data/summaries/K200885.pdf
K200895,200,data/summaries/K200895.pdf
K200896,200,data/summaries/K200896.pdf
K200912,200,data/summaries/K200912.pdf
K200914,200,data/summaries/K200914.pdf
K200919,200,data/summaries/K200919.pdf
K200920,200,data/summaries/K200920.pdf
K200922,200,data/summaries/K200922.pdf
K200927,200,data/summaries/K200927.pdf
K200933,200,data/summaries/K200933.pdf
K200936,200,data/summaries/K200936.pdf
K200937,200,data/summaries/K200937.pdf
K200949,200,data/summaries/K200949.pdf
K200951,200,data/summaries/K200951.pdf
K200953,200,data/summaries/K200953.pdf
K200956,200,data/summaries/K200956.pdf
K200958,200,data/summaries/K200958.pdf
K200959,200,data/summaries/K200959.pdf
K200961,200,data/summaries/K200961.pdf
K200969,200,data/summaries/K200969.pdf
K200981,200,data/summaries/K200981.pdf
K200987,200,data/summaries/K200987.pdf
K200991,200,data/summaries/K200991.pdf
K200995,200,data/summaries/K200995.pdf
K201023,200,data/summaries/K201023.pdf
K201024,200,data/summaries/K201024.pdf
K201029,200,data/summaries/K201029.pdf
K201047,200,data/summaries/K201047.pdf
K201072,200,data/summaries/K201072.pdf
K201073,200,data/summaries/K201073.pdf
K201078,200,data/summaries/K201078.pdf
K201079,200,data/summaries/K201079.pdf
K201083,200,data/summaries/K201083.pdf
K201084,200,data/summaries/K201084.pdf
K201087,200,data/summaries/K201087.pdf
K201132,200,data/summaries/K201132.pdf
K201136,200,data/summaries/K201136.pdf
K201145,200,data/summaries/K201145.pdf
K201147,200,data/summaries/K201147.pdf
K201149,200,data/summaries/K201149.pdf
K201157,200,data/summaries/K201157.pdf
K201193,200,data/summaries/K201193.pdf
K201219,200,data/summaries/K201219.pdf
K201227,200,data/summaries/K201227.pdf
K201229,200,data/summaries/K201229.pdf
K201235,200,data/summaries/K201235.pdf
K201240,200,data/summaries/K201240.pdf
K201253,200,data/summaries/K201253.pdf
K201259,200,data/summaries/K201259.pdf
K201267,200,data/summaries/K201267.pdf
K201278,200,data/summaries/K201278.pdf
K201287,200,data/summaries/K201287.pdf
K201314,200,data/summaries/K201314.pdf
K201315,200,data/summaries/K201315.pdf
K201319,200,data/summaries/K201319.pdf
K201321,200,data/summaries/K201321.pdf
K201336,200,data/summaries/K201336.pdf
K201343,200,data/summaries/K201343.pdf
K201346,200,data/summaries/K201346.pdf
K201347,200,data/summaries/K201347.pdf
K201348,200,data/summaries/K201348.pdf
K201362,200,data/summaries/K201362.pdf
K201364,200,data/summaries/K201364.pdf
K201367,200,data/summaries/K201367.pdf
K201379,200,data/summaries/K201379.pdf
K201391,200,data/summaries/K201391.pdf
K201393,200,data/summaries/K201393.pdf
K201407,200,data/summaries/K201407.pdf
K201414,200,data/summaries/K201414.pdf
K201420,200,data/summaries/K201420.pdf
K201427,200,data/summaries/K201427.pdf
K201430,200,data/summaries/K201430.pdf
K201453,200,data/summaries/K201453.pdf
K201457,200,data/summaries/K201457.pdf
K201464,200,data/summaries/K201464.pdf
K201471,200,data/summaries/K201471.pdf
K201481,200,data/summaries/K201481.pdf
K201497,200,data/summaries/K201497.pdf
K201500,200,data/summaries/K201500.pdf
K201506,200,data/summaries/K201506.pdf
K201507,200,data/summaries/K201507.pdf
K201510,200,data/summaries/K201510.pdf
K201519,200,data/summaries/K201519.pdf
K201521,200,data/summaries/K201521.pdf
K201522,200,data/summaries/K201522.pdf
K201527,200,data/summaries/K201527.pdf
K201535,200,data/summaries/K201535.pdf
K201538,200,data/summaries/K201538.pdf
K201542,200,data/summaries/K201542.pdf
K201543,200,data/summaries/K201543.pdf
K201556,200,data/summaries/K201556.pdf
K201567,200,data/summaries/K201567.pdf
K201568,200,data/summaries/K201568.pdf
K201578,200,data/summaries/K201578.pdf
K201585,200,data/summaries/K201585.pdf
K201587,200,data/summaries/K201587.pdf
K201605,200,data/summaries/K201605.pdf
K201611,200,data/summaries/K201611.pdf
K201614,200,data/summaries/K201614.pdf
K201636,200,data/summaries/K201636.pdf
K201643,200,data/summaries/K201643.pdf
K201646,200,data/summaries/K201646.pdf
K201648,200,data/summaries/K201648.pdf
K201656,200,data/summaries/K201656.pdf
K201657,200,data/summaries/K201657.pdf
K201659,200,data/summaries/K201659.pdf
K201660,200,data/summaries/K201660.pdf
K201662,200,data/summaries/K201662.pdf
K201664,200,data/summaries/K201664.pdf
K201671,200,data/summaries/K201671.pdf
K201673,200,data/summaries/K201673.pdf
K201677,200,data/summaries/K201677.pdf
K201692,200,data/summaries/K201692.pdf
K201701,200,data/summaries/K201701.pdf
K201704,200,data/summaries/K201704.pdf
K201715,200,data/summaries/K201715.pdf
K201721,200,data/summaries/K201721.pdf
K201728,200,data/summaries/K201728.pdf
K201733,200,data/summaries/K201733.pdf
K201737,200,data/summaries/K201737.pdf
K201749,200,data/summaries/K201749.pdf
K201751,200,data/summaries/K201751.pdf
K201755,200,data/summaries/K201755.pdf
K201769,200,data/summaries/K201769.pdf
K201781,200,data/summaries/K201781.pdf
K201786,200,data/summaries/K201786.pdf
K201788,200,data/summaries/K201788.pdf
K201793,200,data/summaries/K201793.pdf
K201803,200,data/summaries/K201803.pdf
K201820,200,data/summaries/K201820.pdf
K201830,200,data/summaries/K201830.pdf
K201831,200,data/summaries/K201831.pdf
K201838,200,data/summaries/K201838.pdf
K201850,200,data/summaries/K201850.pdf
K201851,200,data/summaries/K201851.pdf
K201883,200,data/summaries/K201883.pdf
K201905,200,data/summaries/K201905.pdf
K201917,200,data/summaries/K201917.pdf
K201918,200,data/summaries/K201918.pdf
K201926,200,data/summaries/K201926.pdf
K201939,200,data/summaries/K201939.pdf
K201951,200,data/summaries/K201951.pdf
K201959,200,data/summaries/K201959.pdf
K201960,200,data/summaries/K201960.pdf
K201961,200,data/summaries/K201961.pdf
K201962,200,data/summaries/K201962.pdf
K201979,200,data/summaries/K201979.pdf
K202016,200,data/summaries/K202016.pdf
K202019,200,data/summaries/K202019.pdf
K202022,200,data/summaries/K202022.pdf
K202024,200,data/summaries/K202024.pdf
K202032,200,data/summaries/K202032.pdf
K202034,200,data/summaries/K202034.pdf
K202054,200,data/summaries/K202054.pdf
K202064,200,data/summaries/K202064.pdf
K202065,200,data/summaries/K202065.pdf
K202098,200,data/summaries/K202098.pdf
K202099,200,data/summaries/K202099.pdf
K202143,200,data/summaries/K202143.pdf
K202153,200,data/summaries/K202153.pdf
K202178,200,data/summaries/K202178.pdf
K202190,200,data/summaries/K202190.pdf
K202192,200,data/summaries/K202192.pdf
K202193,200,data/summaries/K202193.pdf
K202194,200,data/summaries/K202194.pdf
K202198,200,data/summaries/K202198.pdf
K202207,200,data/summaries/K202207.pdf
K202227,200,data/summaries/K202227.pdf
K202230,200,data/summaries/K202230.pdf
K202232,200,data/summaries/K202232.pdf
K202248,200,data/summaries/K202248.pdf
K202259,200,data/summaries/K202259.pdf
K202266,200,data/summaries/K202266.pdf
K202289,200,data/summaries/K202289.pdf
K202291,200,data/summaries/K202291.pdf
K202298,200,data/summaries/K202298.pdf
K202305,200,data/summaries/K202305.pdf
K202307,200,data/summaries/K202307.pdf
K202309,200,data/summaries/K202309.pdf
K202326,200,data/summaries/K202326.pdf
K202327,200,data/summaries/K202327.pdf
K202328,200,data/summaries/K202328.pdf
K202338,200,data/summaries/K202338.pdf
K202348,200,data/summaries/K202348.pdf
K202355,200,data/summaries/K202355.pdf
K202373,200,data/summaries/K202373.pdf
K202380,200,data/summaries/K202380.pdf
K202393,200,data/summaries/K202393.pdf
K202398,200,data/summaries/K202398.pdf
K202399,200,data/summaries/K202399.pdf
K202429,200,data/summaries/K202429.pdf
K202444,200,data/summaries/K202444.pdf
K202458,200,data/summaries/K202458.pdf
K202472,200,data/summaries/K202472.pdf
K202475,200,data/summaries/K202475.pdf
K202476,200,data/summaries/K202476.pdf
K202484,200,data/summaries/K202484.pdf
K202488,200,data/summaries/K202488.pdf
K202489,200,data/summaries/K202489.pdf
K202495,200,data/summaries/K202495.pdf
K202496,200,data/summaries/K202496.pdf
K202498,200,data/summaries/K202498.pdf
K202505,200,data/summaries/K202505.pdf
K202528,200,data/summaries/K202528.pdf
K202535,200,data/summaries/K202535.pdf
K202568,200,data/summaries/K202568.pdf
K202569,200,data/summaries/K202569.pdf
K202581,200,data/summaries/K202581.pdf
K202587,200,data/summaries/K202587.pdf
K202589,200,data/summaries/K202589.pdf
K202611,200,data/summaries/K202611.pdf
K202624,200,data/summaries/K202624.pdf
K202637,200,data/summaries/K202637.pdf
K202639,200,data/summaries/K202639.pdf
K202657,200,data/summaries/K202657.pdf
K202662,200,data/summaries/K202662.pdf
K202663,200,data/summaries/K202663.pdf
K202666,200,data/summaries/K202666.pdf
K202680,200,data/summaries/K202680.pdf
K202684,200,data/summaries/K202684.pdf
K202705,200,data/summaries/K202705.pdf
K202716,200,data/summaries/K202716.pdf
K202730,200,data/summaries/K202730.pdf
K202740,200,data/summaries/K202740.pdf
K202762,200,data/summaries/K202762.pdf
K202763,200,data/summaries/K202763.pdf
K202764,200,data/summaries/K202764.pdf
K202768,200,data/summaries/K202768.pdf
K202771,200,data/summaries/K202771.pdf
K202777,200,data/summaries/K202777.pdf
K202803,200,data/summaries/K202803.pdf
K202806,200,data/summaries/K202806.pdf
K202810,200,data/summaries/K202810.pdf
K202812,200,data/summaries/K202812.pdf
K202815,200,data/summaries/K202815.pdf
K202817,200,data/summaries/K202817.pdf
K202820,200,data/summaries/K202820.pdf
K202833,200,data/summaries/K202833.pdf
K202858,200,data/summaries/K202858.pdf
K202872,200,data/summaries/K202872.pdf
K202878,200,data/summaries/K202878.pdf
K202883,200,data/summaries/K202883.pdf
K202887,200,data/summaries/K202887.pdf
K202889,200,data/summaries/K202889.pdf
K202894,200,data/summaries/K202894.pdf
K202912,200,data/summaries/K202912.pdf
K202914,200,data/summaries/K202914.pdf
K202924,200,data/summaries/K202924.pdf
K202935,200,data/summaries/K202935.pdf
K202949,200,data/summaries/K202949.pdf
K202959,200,data/summaries/K202959.pdf
K202971,200,data/summaries/K202971.pdf
K202972,200,data/summaries/K202972.pdf
K203002,200,data/summaries/K203002.pdf
K203003,200,data/summaries/K203003.pdf
K203011,200,data/summaries/K203011.pdf
K203014,200,data/summaries/K203014.pdf
K203023,200,data/summaries/K203023.pdf
K203026,200,data/summaries/K203026.pdf
K203029,200,data/summaries/K203029.pdf
K203038,200,data/summaries/K203038.pdf
K203041,200,data/summaries/K203041.pdf
K203056,200,data/summaries/K203056.pdf
K203065,200,data/summaries/K203065.pdf
K203076,200,data/summaries/K203076.pdf
K203090,200,data/summaries/K203090.pdf
K203099,200,data/summaries/K203099.pdf
K203100,200,data/summaries/K203100.pdf
K203105,200,data/summaries/K203105.pdf
K203108,200,data/summaries/K203108.pdf
K203121,200,data/summaries/K203121.pdf
K203125,200,data/summaries/K203125.pdf
K203129,200,data/summaries/K203129.pdf
K203138,200,data/summaries/K203138.pdf
K203149,200,data/summaries/K203149.pdf
K203153,200,data/summaries/K203153.pdf
K203154,200,data/summaries/K203154.pdf
K203163,200,data/summaries/K203163.pdf
K203167,200,data/summaries/K203167.pdf
K203175,200,data/summaries/K203175.pdf
K203180,200,data/summaries/K203180.pdf
K203201,200,data/summaries/K203201.pdf
K203207,200,data/summaries/K203207.pdf
K203218,200,data/summaries/K203218.pdf
K203222,200,data/summaries/K203222.pdf
K203228,200,data/summaries/K203228.pdf
K203230,200,data/summaries/K203230.pdf
K203233,200,data/summaries/K203233.pdf
K203239,200,data/summaries/K203239.pdf
K203247,200,data/summaries/K203247.pdf
K203253,200,data/summaries/K203253.pdf
K203254,200,data/summaries/K203254.pdf
K203259,200,data/summaries/K203259.pdf
K203268,200,data/summaries/K203268.pdf
K203278,200,data/summaries/K203278.pdf
K203294,200,data/summaries/K203294.pdf
K203308,200,data/summaries/K203308.pdf
K203311,200,data/summaries/K203311.pdf
K203315,200,data/summaries/K203315.pdf
K203317,200,data/summaries/K203317.pdf
K203319,200,data/summaries/K203319.pdf
K203327,200,data/summaries/K203327.pdf
K203334,200,data/summaries/K203334.pdf
K203335,200,data/summaries/K203335.pdf
K203341,200,data/summaries/K203341.pdf
K203342,200,data/summaries/K203342.pdf
K203361,200,data/summaries/K203361.pdf
K203367,200,data/summaries/K203367.pdf
K203373,200,data/summaries/K203373.pdf
K203375,200,data/summaries/K203375.pdf
K203381,200,data/summaries/K203381.pdf
K203385,200,data/summaries/K203385.pdf
K203399,200,data/summaries/K203399.pdf
K203405,200,data/summaries/K203405.pdf
K203408,200,data/summaries/K203408.pdf
K203414,200,data/summaries/K203414.pdf
K203420,200,data/summaries/K203420.pdf
K203444,200,data/summaries/K203444.pdf
K203445,200,data/summaries/K203445.pdf
K203447,200,data/summaries/K203447.pdf
K203452,200,data/summaries/K203452.pdf
K203465,200,data/summaries/K203465.pdf
K203467,200,data/summaries/K203467.pdf
K203472,200,data/summaries/K203472.pdf
K203474,200,data/summaries/K203474.pdf
K203475,200,data/summaries/K203475.pdf
K203479,200,data/summaries/K203479.pdf
K203482,200,data/summaries/K203482.pdf
K203485,200,data/summaries/K203485.pdf
K203493,200,data/summaries/K203493.pdf
K203495,200,data/summaries/K203495.pdf
K203503,200,data/summaries/K203503.pdf
K203506,200,data/summaries/K203506.pdf
K203507,200,data/summaries/K203507.pdf
K203511,200,data/summaries/K203511.pdf
K203520,200,data/summaries/K203520.pdf
K203523,200,data/summaries/K203523.pdf
K203531,200,data/summaries/K203531.pdf
K203532,200,data/summaries/K203532.pdf
K203557,200,data/summaries/K203557.pdf
K203568,200,data/summaries/K203568.pdf
K203576,200,data/summaries/K203576.pdf
K203588,200,data/summaries/K203588.pdf
K203595,200,data/summaries/K203595.pdf
K203605,200,data/summaries/K203605.pdf
K203607,200,data/summaries/K203607.pdf
K203634,200,data/summaries/K203634.pdf
K203671,200,data/summaries/K203671.pdf
K203678,200,data/summaries/K203678.pdf
K203683,200,data/summaries/K203683.pdf
K203694,200,data/summaries/K203694.pdf
K203697,200,data/summaries/K203697.pdf
K203698,200,data/summaries/K203698.pdf
K203714,200,data/summaries/K203714.pdf
K203740,200,data/summaries/K203740.pdf
K203742,200,data/summaries/K203742.pdf
K203755,200,data/summaries/K203755.pdf
K203773,200,data/summaries/K203773.pdf
K203779,200,data/summaries/K203779.pdf
K203780,200,data/summaries/K203780.pdf
K203794,200,data/summaries/K203794.pdf
K203802,200,data/summaries/K203802.pdf
K203811,200,data/summaries/K203811.pdf
K203815,200,data/summaries/K203815.pdf
K203817,200,data/summaries/K203817.pdf
K203819,200,data/summaries/K203819.pdf
K203832,200,data/summaries/K203832.pdf
K203834,200,data/summaries/K203834.pdf
K210010,200,data/summaries/K210010.pdf
K210016,200,data/summaries/K210016.pdf
K210035,200,data/summaries/K210035.pdf
K210043,200,data/summaries/K210043.pdf
K210044,200,data/summaries/K210044.pdf
K210050,200,data/summaries/K210050.pdf
K210060,200,data/summaries/K210060.pdf
K210061,200,data/summaries/K210061.pdf
K210078,200,data/summaries/K210078.pdf
K210090,200,data/summaries/K210090.pdf
K210120,200,data/summaries/K210120.pdf
K210122,200,data/summaries/K210122.pdf
K210125,200,data/summaries/K210125.pdf
K210146,200,data/summaries/K210146.pdf
K210155,200,data/summaries/K210155.pdf
K210157,200,data/summaries/K210157.pdf
K210159,200,data/summaries/K210159.pdf
K210167,200,data/summaries/K210167.pdf
K210182,200,data/summaries/K210182.pdf
K210191,200,data/summaries/K210191.pdf
K210192,200,data/summaries/K210192.pdf
K210193,200,data/summaries/K210193.pdf
K210198,200,data/summaries/K210198.pdf
K210205,200,data/summaries/K210205.pdf
K210207,200,data/summaries/K210207.pdf
K210214,200,data/summaries/K210214.pdf
K210239,200,data/summaries/K210239.pdf
K210247,200,data/summaries/K210247.pdf
K210252,200,data/summaries/K210252.pdf
K210263,200,data/summaries/K210263.pdf
K210268,200,data/summaries/K210268.pdf
K210271,200,data/summaries/K210271.pdf
K210275,200,data/summaries/K210275.pdf
K210285,200,data/summaries/K210285.pdf
K210286,200,data/summaries/K210286.pdf
K210290,200,data/summaries/K210290.pdf
K210306,200,data/summaries/K210306.pdf
K210308,200,data/summaries/K210308.pdf
K210325,200,data/summaries/K210325.pdf
K210359,200,data/summaries/K210359.pdf
K210382,200,data/summaries/K210382.pdf
K210390,200,data/summaries/K210390.pdf
K210402,200,data/summaries/K210402.pdf
K210408,200,data/summaries/K210408.pdf
K210420,200,data/summaries/K210420.pdf
K210424,200,data/summaries/K210424.pdf
K210425,200,data/summaries/K210425.pdf
K210427,200,data/summaries/K210427.pdf
K210439,200,data/summaries/K210439.pdf
K210449,200,data/summaries/K210449.pdf
K210456,200,data/summaries/K210456.pdf
K210470,200,data/summaries/K210470.pdf
K210482,200,data/summaries/K210482.pdf
K210483,200,data/summaries/K210483.pdf
K210490,200,data/summaries/K210490.pdf
K210497,200,data/summaries/K210497.pdf
K210498,200,data/summaries/K210498.pdf
K210521,200,data/summaries/K210521.pdf
K210533,200,data/summaries/K210533.pdf
K210534,200,data/summaries/K210534.pdf
K210539,200,data/summaries/K210539.pdf
K210542,200,data/summaries/K210542.pdf
K210549,200,data/summaries/K210549.pdf
K210551,200,data/summaries/K210551.pdf
K210554,200,data/summaries/K210554.pdf
K210566,200,data/summaries/K210566.pdf
K210573,200,data/summaries/K210573.pdf
K210581,200,data/summaries/K210581.pdf
K210582,200,data/summaries/K210582.pdf
K210583,200,data/summaries/K210583.pdf
K210590,200,data/summaries/K210590.pdf
K210595,200,data/summaries/K210595.pdf
K210607,200,data/summaries/K210607.pdf
K210614,200,data/summaries/K210614.pdf
K210637,200,data/summaries/K210637.pdf
K210658,200,data/summaries/K210658.pdf
K210667,200,data/summaries/K210667.pdf
K210678,200,data/summaries/K210678.pdf
K210695,200,data/summaries/K210695.pdf
K210716,200,data/summaries/K210716.pdf
K210717,200,data/summaries/K210717.pdf
K210728,200,data/summaries/K210728.pdf
K210750,200,data/summaries/K210750.pdf
K210754,200,data/summaries/K210754.pdf
K210784,200,data/summaries/K210784.pdf
K210790,200,data/summaries/K210790.pdf
K210792,200,data/summaries/K210792.pdf
K210800,200,data/summaries/K210800.pdf
K210809,200,data/summaries/K210809.pdf
K210829,200,data/summaries/K210829.pdf
K210837,200,data/summaries/K210837.pdf
K210842,200,data/summaries/K210842.pdf
K210861,200,data/summaries/K210861.pdf
K210869,200,data/summaries/K210869.pdf
K210874,200,data/summaries/K210874.pdf
K210887,200,data/summaries/K210887.pdf
K210890,200,data/summaries/K210890.pdf
K210893,200,data/summaries/K210893.pdf
K210899,200,data/summaries/K210899.pdf
K210935,200,data/summaries/K210935.pdf
K210953,200,data/summaries/K210953.pdf
K210961,200,data/summaries/K210961.pdf
K210963,200,data/summaries/K210963.pdf
K210980,200,data/summaries/K210980.pdf
K210994,200,data/summaries/K210994.pdf
K211002,200,data/summaries/K211002.pdf
K211004,200,data/summaries/K211004.pdf
K211027,200,data/summaries/K211027.pdf
K211047,200,data/summaries/K211047.pdf
K211049,200,data/summaries/K211049.pdf
K211051,200,data/summaries/K211051.pdf
K211057,200,data/summaries/K211057.pdf
K211074,200,data/summaries/K211074.pdf
K211086,200,data/summaries/K211086.pdf
K211111,200,data/summaries/K211111.pdf
K211112,200,data/summaries/K211112.pdf
K211113,200,data/summaries/K211113.pdf
K211163,200,data/summaries/K211163.pdf
K211176,200,data/summaries/K211176.pdf
K211201,200,data/summaries/K211201.pdf
K211205,200,data/summaries/K211205.pdf
K211221,200,data/summaries/K211221.pdf
K211238,200,data/summaries/K211238.pdf
K211246,200,data/summaries/K211246.pdf
K211258,200,data/summaries/K211258.pdf
K211261,200,data/summaries/K211261.pdf
K211290,200,data/summaries/K211290.pdf
K211292,200,data/summaries/K211292.pdf
K211303,200,data/summaries/K211303.pdf
K211306,200,data/summaries/K211306.pdf
K211313,200,data/summaries/K211313.pdf
K211320,200,data/summaries/K211320.pdf
K211322,200,data/summaries/K211322.pdf
K211323,200,data/summaries/K211323.pdf
K211324,200,data/summaries/K211324.pdf
K211330,200,data/summaries/K211330.pdf
K211359,200,data/summaries/K211359.pdf
K211385,200,data/summaries/K211385.pdf
K211388,200,data/summaries/K211388.pdf
K211408,200,data/summaries/K211408.pdf
K211413,200,data/summaries/K211413.pdf
K211414,200,data/summaries/K211414.pdf
K211417,200,data/summaries/K211417.pdf
K211435,200,data/summaries/K211435.pdf
K211439,200,data/summaries/K211439.pdf
K211449,200,data/summaries/K211449.pdf
K211471,200,data/summaries/K211471.pdf
K211474,200,data/summaries/K211474.pdf
K211496,200,data/summaries/K211496.pdf
K211501,200,data/summaries/K211501.pdf
K211502,200,data/summaries/K211502.pdf
K211505,200,data/summaries/K211505.pdf
K211508,200,data/summaries/K211508.pdf
K211512,200,data/summaries/K211512.pdf
K211548,200,data/summaries/K211548.pdf
K211553,200,data/summaries/K211553.pdf
K211567,200,data/summaries/K211567.pdf
K211582,200,data/summaries/K211582.pdf
K211592,200,data/summaries/K211592.pdf
K211602,200,data/summaries/K211602.pdf
K211606,200,data/summaries/K211606.pdf
K211609,200,data/summaries/K211609.pdf
K211612,200,data/summaries/K211612.pdf
K211613,200,data/summaries/K211613.pdf
K211628,200,data/summaries/K211628.pdf
K211646,200,data/summaries/K211646.pdf
K211650,200,data/summaries/K211650.pdf
K211657,200,data/summaries/K211657.pdf
K211664,200,data/summaries/K211664.pdf
K211671,200,data/summaries/K211671.pdf
K211677,200,data/summaries/K211677.pdf
K211689,200,data/summaries/K211689.pdf
K211695,200,data/summaries/K211695.pdf
K211703,200,data/summaries/K211703.pdf
K211704,200,data/summaries/K211704.pdf
K211710,200,data/summaries/K211710.pdf
K211712,200,data/summaries/K211712.pdf
K211718,200,data/summaries/K211718.pdf
K211729,200,data/summaries/K211729.pdf
K211740,200,data/summaries/K211740.pdf
K211742,200,data/summaries/K211742.pdf
K211768,200,data/summaries/K211768.pdf
K211769,200,data/summaries/K211769.pdf
K211770,200,data/summaries/K211770.pdf
K211783,200,data/summaries/K211783.pdf
K211785,200,data/summaries/K211785.pdf
K211789,200,data/summaries/K211789.pdf
K211797,200,data/summaries/K211797.pdf
K211805,200,data/summaries/K211805.pdf
K211837,200,data/summaries/K211837.pdf
K211843,200,data/summaries/K211843.pdf
K211845,200,data/summaries/K211845.pdf
K211866,200,data/summaries/K211866.pdf
K211869,200,data/summaries/K211869.pdf
K211873,200,data/summaries/K211873.pdf
K211877,200,data/summaries/K211877.pdf
K211880,200,data/summaries/K211880.pdf
K211883,200,data/summaries/K211883.pdf
K211891,200,data/summaries/K211891.pdf
K211892,200,data/summaries/K211892.pdf
K211895,200,data/summaries/K211895.pdf
K211903,200,data/summaries/K211903.pdf
K211932,200,data/summaries/K211932.pdf
K211935,200,data/summaries/K211935.pdf
K211938,200,data/summaries/K211938.pdf
K211944,200,data/summaries/K211944.pdf
K211957,200,data/summaries/K211957.pdf
K211958,200,data/summaries/K211958.pdf
K211981,200,data/summaries/K211981.pdf
K211991,200,data/summaries/K211991.pdf
K211993,200,data/summaries/K211993.pdf
K211996,200,data/summaries/K211996.pdf
K212030,200,data/summaries/K212030.pdf
K212034,200,data/summaries/K212034.pdf
K212038,200,data/summaries/K212038.pdf
K212044,200,data/summaries/K212044.pdf
K212050,200,data/summaries/K212050.pdf
K212066,200,data/summaries/K212066.pdf
K212069,200,data/summaries/K212069.pdf
K212070,200,data/summaries/K212070.pdf
K212075,200,data/summaries/K212075.pdf
K212083,200,data/summaries/K212083.pdf
K212126,200,data/summaries/K212126.pdf
K212129,200,data/summaries/K212129.pdf
K212135,200,data/summaries/K212135.pdf
K212139,200,data/summaries/K212139.pdf
K212156,200,data/summaries/K212156.pdf
K212185,200,data/summaries/K212185.pdf
K212187,200,data/summaries/K212187.pdf
K212197,200,data/summaries/K212197.pdf
K212220,200,data/summaries/K212220.pdf
K212266,200,data/summaries/K212266.pdf
K212297,200,data/summaries/K212297.pdf
K212307,200,data/summaries/K212307.pdf
K212327,200,data/summaries/K212327.pdf
K212334,404,
K212348,200,data/summaries/K212348.pdf
K212353,200,data/summaries/K212353.pdf
K212356,200,data/summaries/K212356.pdf
K212358,200,data/summaries/K212358.pdf
K212378,200,data/summaries/K212378.pdf
K212381,200,data/summaries/K212381.pdf
K212389,200,data/summaries/K212389.pdf
K212405,200,data/summaries/K212405.pdf
K212411,200,data/summaries/K212411.pdf
K212415,200,data/summaries/K212415.pdf
K212428,200,data/summaries/K212428.pdf
K212431,200,data/summaries/K212431.pdf
K212433,200,data/summaries/K212433.pdf
K212435,200,data/summaries/K212435.pdf
K212446,200,data/summaries/K212446.pdf
K212450,200,data/summaries/K212450.pdf
K212477,200,data/summaries/K212477.pdf
K212487,200,data/summaries/K212487.pdf
K212489,200,data/summaries/K212489.pdf
K212498,200,data/summaries/K212498.pdf
K212512,200,data/summaries/K212512.pdf
K212520,200,data/summaries/K212520.pdf
K212524,200,data/summaries/K212524.pdf
K212527,200,data/summaries/K212527.pdf
K212540,200,data/summaries/K212540.pdf
K212545,200,data/summaries/K212545.pdf
K212547,200,data/summaries/K212547.pdf
K212552,200,data/summaries/K212552.pdf
K212562,200,data/summaries/K212562.pdf
K212581,200,data/summaries/K212581.pdf
K212594,200,data/summaries/K212594.pdf
K212601,200,data/summaries/K212601.pdf
K212608,200,data/summaries/K212608.pdf
K212612,200,data/summaries/K212612.pdf
K212640,200,data/summaries/K212640.pdf
K212653,200,data/summaries/K212653.pdf
K212683,200,data/summaries/K212683.pdf
K212692,200,data/summaries/K212692.pdf
K212700,200,data/summaries/K212700.pdf
K212701,200,data/summaries/K212701.pdf
K212710,200,data/summaries/K212710.pdf
K212715,200,data/summaries/K212715.pdf
K212721,200,data/summaries/K212721.pdf
K212729,200,data/summaries/K212729.pdf
K212737,200,data/summaries/K212737.pdf
K212739,200,data/summaries/K212739.pdf
K212742,200,data/summaries/K212742.pdf
K212746,200,data/summaries/K212746.pdf
K212755,200,data/summaries/K212755.pdf
K212761,200,data/summaries/K212761.pdf
K212781,200,data/summaries/K212781.pdf
K212782,200,data/summaries/K212782.pdf
K212792,200,data/summaries/K212792.pdf
K212800,200,data/summaries/K212800.pdf
K212811,200,data/summaries/K212811.pdf
K212815,200,data/summaries/K212815.pdf
K212823,200,data/summaries/K212823.pdf
K212831,200,data/summaries/K212831.pdf
K212839,200,data/summaries/K212839.pdf
K212841,200,data/summaries/K212841.pdf
K212853,200,data/summaries/K212853.pdf
K212870,200,data/summaries/K212870.pdf
K212872,200,data/summaries/K212872.pdf
K212895,200,data/summaries/K212895.pdf
K212903,200,data/summaries/K212903.pdf
K212904,200,data/summaries/K212904.pdf
K212912,200,data/summaries/K212912.pdf
K212930,200,data/summaries/K212930.pdf
K212933,200,data/summaries/K212933.pdf
K212937,200,data/summaries/K212937.pdf
K212941,200,data/summaries/K212941.pdf
K212962,200,data/summaries/K212962.pdf
K212967,200,data/summaries/K212967.pdf
K212979,200,data/summaries/K212979.pdf
K212980,200,data/summaries/K212980.pdf
K212990,200,data/summaries/K212990.pdf
K212991,200,data/summaries/K212991.pdf
K212992,200,data/summaries/K212992.pdf
K212996,200,data/summaries/K212996.pdf
K213005,200,data/summaries/K213005.pdf
K213014,200,data/summaries/K213014.pdf
K213018,200,data/summaries/K213018.pdf
K213030,200,data/summaries/K213030.pdf
K213036,200,data/summaries/K213036.pdf
K213059,200,data/summaries/K213059.pdf
K213069,200,data/summaries/K213069.pdf
K213071,200,data/summaries/K213071.pdf
K213104,200,data/summaries/K213104.pdf
K213108,200,data/summaries/K213108.pdf
K213109,200,data/summaries/K213109.pdf
K213110,200,data/summaries/K213110.pdf
K213111,200,data/summaries/K213111.pdf
K213115,200,data/summaries/K213115.pdf
K213117,200,data/summaries/K213117.pdf
K213118,200,data/summaries/K213118.pdf
K213123,200,data/summaries/K213123.pdf
K213124,200,data/summaries/K213124.pdf
K213126,200,data/summaries/K213126.pdf
K213129,200,data/summaries/K213129.pdf
K213196,200,data/summaries/K213196.pdf
K213199,200,data/summaries/K213199.pdf
K213214,200,data/summaries/K213214.pdf
K213219,200,data/summaries/K213219.pdf
K213266,200,data/summaries/K213266.pdf
K213281,200,data/summaries/K213281.pdf
K213287,200,data/summaries/K213287.pdf
K213301,200,data/summaries/K213301.pdf
K213328,200,data/summaries/K213328.pdf
K213342,200,data/summaries/K213342.pdf
K213349,200,data/summaries/K213349.pdf
K213355,200,data/summaries/K213355.pdf
K213359,200,data/summaries/K213359.pdf
K213381,200,data/summaries/K213381.pdf
K213387,200,data/summaries/K213387.pdf
K213389,200,data/summaries/K213389.pdf
K213394,200,data/summaries/K213394.pdf
K213415,200,data/summaries/K213415.pdf
K213417,200,data/summaries/K213417.pdf
K213420,200,data/summaries/K213420.pdf
K213421,200,data/summaries/K213421.pdf
K213441,200,data/summaries/K213441.pdf
K213443,200,data/summaries/K213443.pdf
K213456,200,data/summaries/K213456.pdf
K213459,200,data/summaries/K213459.pdf
K213460,200,data/summaries/K213460.pdf
K213470,200,data/summaries/K213470.pdf
K213489,200,data/summaries/K213489.pdf
K213493,200,data/summaries/K213493.pdf
K213530,200,data/summaries/K213530.pdf
K213563,200,data/summaries/K213563.pdf
K213567,200,data/summaries/K213567.pdf
K213572,200,data/summaries/K213572.pdf
K213580,200,data/summaries/K213580.pdf
K213590,200,data/summaries/K213590.pdf
K213591,200,data/summaries/K213591.pdf
K213596,200,data/summaries/K213596.pdf
K213614,200,data/summaries/K213614.pdf
K213615,200,data/summaries/K213615.pdf
K213641,200,data/summaries/K213641.pdf
K213644,200,data/summaries/K213644.pdf
K213653,200,data/summaries/K213653.pdf
K213654,200,data/summaries/K213654.pdf
K213659,200,data/summaries/K213659.pdf
K213667,200,data/summaries/K213667.pdf
K213673,200,data/summaries/K213673.pdf
K213675,200,data/summaries/K213675.pdf
K213698,200,data/summaries/K213698.pdf
K213701,200,data/summaries/K213701.pdf
K213712,200,data/summaries/K213712.pdf
K213750,200,data/summaries/K213750.pdf
K213755,200,data/summaries/K213755.pdf
K213770,200,data/summaries/K213770.pdf
K213781,200,data/summaries/K213781.pdf
K213785,200,data/summaries/K213785.pdf
K213791,200,data/summaries/K213791.pdf
K213793,200,data/summaries/K213793.pdf
K213803,200,data/summaries/K213803.pdf
K213812,200,data/summaries/K213812.pdf
K213815,200,data/summaries/K213815.pdf
K213816,200,data/summaries/K213816.pdf
K213817,200,data/summaries/K213817.pdf
K213820,200,data/summaries/K213820.pdf
K213827,200,data/summaries/K213827.pdf
K213837,200,data/summaries/K213837.pdf
K213839,200,data/summaries/K213839.pdf
K213842,200,data/summaries/K213842.pdf
K213856,200,data/summaries/K213856.pdf
K213864,200,data/summaries/K213864.pdf
K213871,200,data/summaries/K213871.pdf
K213874,200,data/summaries/K213874.pdf
K213895,200,data/summaries/K213895.pdf
K213901,200,data/summaries/K213901.pdf
K213905,200,data/summaries/K213905.pdf
K213935,200,data/summaries/K213935.pdf
K213951,200,data/summaries/K213951.pdf
K213958,200,data/summaries/K213958.pdf
K213959,200,data/summaries/K213959.pdf
K213980,200,data/summaries/K213980.pdf
K213982,200,data/summaries/K213982.pdf
K214001,200,data/summaries/K214001.pdf
K214006,200,data/summaries/K214006.pdf
K214010,200,data/summaries/K214010.pdf
K214047,200,data/summaries/K214047.pdf
K214123,200,data/summaries/K214123.pdf
K220025,200,data/summaries/K220025.pdf
K220049,200,data/summaries/K220049.pdf
K220096,200,data/summaries/K220096.pdf
K220115,200,data/summaries/K220115.pdf
K220131,200,data/summaries/K220131.pdf
K220136,200,data/summaries/K220136.pdf
K220142,200,data/summaries/K220142.pdf
K220147,200,data/summaries/K220147.pdf
K220181,200,data/summaries/K220181.pdf
K220182,200,data/summaries/K220182.pdf
K220190,200,data/summaries/K220190.pdf
K220195,200,data/summaries/K220195.pdf
K220197,200,data/summaries/K220197.pdf
K220199,200,data/summaries/K220199.pdf
K220216,200,data/summaries/K220216.pdf
K220234,200,data/summaries/K220234.pdf
K220244,200,data/summaries/K220244.pdf
K220260,200,data/summaries/K220260.pdf
K220261,200,data/summaries/K220261.pdf
K220274,200,data/summaries/K220274.pdf
K220275,200,data/summaries/K220275.pdf
K220285,200,data/summaries/K220285.pdf
K220296,200,data/summaries/K220296.pdf
K220319,200,data/summaries/K220319.pdf
K220324,200,data/summaries/K220324.pdf
K220334,200,data/summaries/K220334.pdf
K220336,200,data/summaries/K220336.pdf
K220337,200,data/summaries/K220337.pdf
K220341,200,data/summaries/K220341.pdf
K220359,200,data/summaries/K220359.pdf
K220374,200,data/summaries/K220374.pdf
K220376,200,data/summaries/K220376.pdf
K220379,200,data/summaries/K220379.pdf
K220405,200,data/summaries/K220405.pdf
K220413,200,data/summaries/K220413.pdf
K220418,200,data/summaries/K220418.pdf
K220441,200,data/summaries/K220441.pdf
K220449,200,data/summaries/K220449.pdf
K220453,200,data/summaries/K220453.pdf
K220463,200,data/summaries/K220463.pdf
K220464,200,data/summaries/K220464.pdf
K220468,200,data/summaries/K220468.pdf
K220478,200,data/summaries/K220478.pdf
K220483,200,data/summaries/K220483.pdf
K220486,200,data/summaries/K220486.pdf
K220492,200,data/summaries/K220492.pdf
K220495,200,data/summaries/K220495.pdf
K220511,200,data/summaries/K220511.pdf
K220513,200,data/summaries/K220513.pdf
K220523,200,data/summaries/K220523.pdf
K220570,200,data/summaries/K220570.pdf
K220581,200,data/summaries/K220581.pdf
K220610,200,data/summaries/K220610.pdf
K220628,200,data/summaries/K220628.pdf
K220650,200,data/summaries/K220650.pdf
K220655,200,data/summaries/K220655.pdf
K220658,200,data/summaries/K220658.pdf
K220659,200,data/summaries/K220659.pdf
K220679,200,data/summaries/K220679.pdf
K220696,200,data/summaries/K220696.pdf
K220705,200,data/summaries/K220705.pdf
K220711,200,data/summaries/K220711.pdf
K220723,200,data/summaries/K220723.pdf
K220724,200,data/summaries/K220724.pdf
K220731,200,data/summaries/K220731.pdf
K220737,200,data/summaries/K220737.pdf
K220757,200,data/summaries/K220757.pdf
K220765,200,data/summaries/K220765.pdf
K220782,200,data/summaries/K220782.pdf
K220792,200,data/summaries/K220792.pdf
K220797,200,data/summaries/K220797.pdf
K220809,200,data/summaries/K220809.pdf
K220810,200,data/summaries/K220810.pdf
K220812,200,data/summaries/K220812.pdf
K220833,200,data/summaries/K220833.pdf
K220839,200,data/summaries/K220839.pdf
K220843,200,data/summaries/K220843.pdf
K220847,200,data/summaries/K220847.pdf
K220875,200,data/summaries/K220875.pdf
K220892,200,data/summaries/K220892.pdf
K220896,200,data/summaries/K220896.pdf
K220901,200,data/summaries/K220901.pdf
K220902,200,data/summaries/K220902.pdf
K220906,200,data/summaries/K220906.pdf
K220914,200,data/summaries/K220914.pdf
K220921,200,data/summaries/K220921.pdf
K220930,200,data/summaries/K220930.pdf
K220937,200,data/summaries/K220937.pdf
K220947,200,data/summaries/K220947.pdf
K220953,200,data/summaries/K220953.pdf
K220959,200,data/summaries/K220959.pdf
K220966,200,data/summaries/K220966.pdf
K221021,200,data/summaries/K221021.pdf
K221023,200,data/summaries/K221023.pdf
K221031,200,data/summaries/K221031.pdf
K221047,200,data/summaries/K221047.pdf
K221048,200,data/summaries/K221048.pdf
K221049,200,data/summaries/K221049.pdf
K221050,200,data/summaries/K221050.pdf
K221053,200,data/summaries/K221053.pdf
K221059,200,data/summaries/K221059.pdf
K221084,200,data/summaries/K221084.pdf
K221088,200,data/summaries/K221088.pdf
K221090,200,data/summaries/K221090.pdf
K221099,200,data/summaries/K221099.pdf
K221104,200,data/summaries/K221104.pdf
K221115,200,data/summaries/K221115.pdf
K221128,200,data/summaries/K221128.pdf
K221135,200,data/summaries/K221135.pdf
K221138,200,data/summaries/K221138.pdf
K221149,200,data/summaries/K221149.pdf
K221150,200,data/summaries/K221150.pdf
K221162,200,data/summaries/K221162.pdf
K221172,200,data/summaries/K221172.pdf
K221181,200,data/summaries/K221181.pdf
K221182,200,data/summaries/K221182.pdf
K221193,200,data/summaries/K221193.pdf
K221220,200,data/summaries/K221220.pdf
K221221,200,data/summaries/K221221.pdf
K221232,200,data/summaries/K221232.pdf
K221244,200,data/summaries/K221244.pdf
K221256,200,data/summaries/K221256.pdf
K221266,200,data/summaries/K221266.pdf
K221283,200,data/summaries/K221283.pdf
K221292,200,data/summaries/K221292.pdf
K221307,200,data/summaries/K221307.pdf
K221323,200,data/summaries/K221323.pdf
K221324,200,data/summaries/K221324.pdf
K221325,200,data/summaries/K221325.pdf
K221332,200,data/summaries/K221332.pdf
K221333,200,data/summaries/K221333.pdf
K221337,200,data/summaries/K221337.pdf
K221342,200,data/summaries/K221342.pdf
K221346,200,data/summaries/K221346.pdf
K221360,200,data/summaries/K221360.pdf
K221362,200,data/summaries/K221362.pdf
K221364,200,data/summaries/K221364.pdf
K221366,200,data/summaries/K221366.pdf
K221388,200,data/summaries/K221388.pdf
K221389,200,data/summaries/K221389.pdf
K221395,200,data/summaries/K221395.pdf
K221396,200,data/summaries/K221396.pdf
K221399,200,data/summaries/K221399.pdf
K221403,200,data/summaries/K221403.pdf
K221404,200,data/summaries/K221404.pdf
K221412,200,data/summaries/K221412.pdf
K221447,200,data/summaries/K221447.pdf
K221462,200,data/summaries/K221462.pdf
K221465,200,data/summaries/K221465.pdf
K221467,200,data/summaries/K221467.pdf
K221468,200,data/summaries/K221468.pdf
K221479,200,data/summaries/K221479.pdf
K221485,200,data/summaries/K221485.pdf
K221489,200,data/summaries/K221489.pdf
K221490,200,data/summaries/K221490.pdf
K221502,200,data/summaries/K221502.pdf
K221535,200,data/summaries/K221535.pdf
K221542,200,data/summaries/K221542.pdf
K221545,200,data/summaries/K221545.pdf
K221558,200,data/summaries/K221558.pdf
K221572,200,data/summaries/K221572.pdf
K221578,200,data/summaries/K221578.pdf
K221610,200,data/summaries/K221610.pdf
K221621,200,data/summaries/K221621.pdf
K221636,200,data/summaries/K221636.pdf
K221644,200,data/summaries/K221644.pdf
K221645,200,data/summaries/K221645.pdf
K221646,200,data/summaries/K221646.pdf
K221675,200,data/summaries/K221675.pdf
K221687,200,data/summaries/K221687.pdf
K221697,200,data/summaries/K221697.pdf
K221705,200,data/summaries/K221705.pdf
K221719,200,data/summaries/K221719.pdf
K221726,200,data/summaries/K221726.pdf
K221728,200,data/summaries/K221728.pdf
K221731,200,data/summaries/K221731.pdf
K221735,200,data/summaries/K221735.pdf
K221745,200,data/summaries/K221745.pdf
K221751,200,data/summaries/K221751.pdf
K221758,200,data/summaries/K221758.pdf
K221776,200,data/summaries/K221776.pdf
K221787,200,data/summaries/K221787.pdf
K221792,200,data/summaries/K221792.pdf
K221794,200,data/summaries/K221794.pdf
K221795,200,data/summaries/K221795.pdf
K221806,200,data/summaries/K221806.pdf
K221809,200,data/summaries/K221809.pdf
K221844,200,data/summaries/K221844.pdf
K221850,200,data/summaries/K221850.pdf
K221858,200,data/summaries/K221858.pdf
K221894,200,data/summaries/K221894.pdf
K221905,200,data/summaries/K221905.pdf
K221920,200,data/summaries/K221920.pdf
K221926,200,data/summaries/K221926.pdf
K221936,200,data/summaries/K221936.pdf
K221938,200,data/summaries/K221938.pdf
K221939,200,data/summaries/K221939.pdf
K221947,200,data/summaries/K221947.pdf
K221968,200,data/summaries/K221968.pdf
K222004,200,data/summaries/K222004.pdf
K222009,200,data/summaries/K222009.pdf
K222015,200,data/summaries/K222015.pdf
K222028,200,data/summaries/K222028.pdf
K222031,200,data/summaries/K222031.pdf
K222041,200,data/summaries/K222041.pdf
K222056,200,data/summaries/K222056.pdf
K222063,200,data/summaries/K222063.pdf
K222066,200,data/summaries/K222066.pdf
K222082,200,data/summaries/K222082.pdf
K222091,200,data/summaries/K222091.pdf
K222097,200,data/summaries/K222097.pdf
K222105,200,data/summaries/K222105.pdf
K222107,200,data/summaries/K222107.pdf
K222110,200,data/summaries/K222110.pdf
K222161,200,data/summaries/K222161.pdf
K222169,200,data/summaries/K222169.pdf
K222194,200,data/summaries/K222194.pdf
K222203,200,data/summaries/K222203.pdf
K222229,200,data/summaries/K222229.pdf
K222244,200,data/summaries/K222244.pdf
K222256,200,data/summaries/K222256.pdf
K222263,200,data/summaries/K222263.pdf
K222267,200,data/summaries/K222267.pdf
K222270,200,data/summaries/K222270.pdf
K222276,200,data/summaries/K222276.pdf
K222278,200,data/summaries/K222278.pdf
K222282,200,data/summaries/K222282.pdf
K222296,200,data/summaries/K222296.pdf
K222309,200,data/summaries/K222309.pdf
K222317,200,data/summaries/K222317.pdf
K222362,200,data/summaries/K222362.pdf
K222363,404,
K222380,200,data/summaries/K222380.pdf
K222381,200,data/summaries/K222381.pdf
K222390,200,data/summaries/K222390.pdf
K222397,200,data/summaries/K222397.pdf
K222409,200,data/summaries/K222409.pdf
K222415,200,data/summaries/K222415.pdf
K222423,200,data/summaries/K222423.pdf
K222427,200,data/summaries/K222427.pdf
K222431,200,data/summaries/K222431.pdf
K222436,200,data/summaries/K222436.pdf
K222448,200,data/summaries/K222448.pdf
K222455,200,data/summaries/K222455.pdf
K222465,200,data/summaries/K222465.pdf
K222473,200,data/summaries/K222473.pdf
K222482,200,data/summaries/K222482.pdf
K222493,200,data/summaries/K222493.pdf
K222505,200,data/summaries/K222505.pdf
K222512,200,data/summaries/K222512.pdf
K222516,200,data/summaries/K222516.pdf
K222554,200,data/summaries/K222554.pdf
K222561,200,data/summaries/K222561.pdf
K222564,200,data/summaries/K222564.pdf
K222566,200,data/summaries/K222566.pdf
K222570,200,data/summaries/K222570.pdf
K222572,200,data/summaries/K222572.pdf
K222574,200,data/summaries/K222574.pdf
K222589,200,data/summaries/K222589.pdf
K222592,200,data/summaries/K222592.pdf
K222605,200,data/summaries/K222605.pdf
K222614,200,data/summaries/K222614.pdf
K222624,200,data/summaries/K222624.pdf
K222628,200,data/summaries/K222628.pdf
K222632,200,data/summaries/K222632.pdf
K222637,200,data/summaries/K222637.pdf
K222645,200,data/summaries/K222645.pdf
K222653,200,data/summaries/K222653.pdf
K222665,200,data/summaries/K222665.pdf
K222684,200,data/summaries/K222684.pdf
K222700,200,data/summaries/K222700.pdf
K222732,200,data/summaries/K222732.pdf
K222760,200,data/summaries/K222760.pdf
K222763,200,data/summaries/K222763.pdf
K222774,200,data/summaries/K222774.pdf
K222789,200,data/summaries/K222789.pdf
K222797,200,data/summaries/K222797.pdf
K222799,200,data/summaries/K222799.pdf
K222806,200,data/summaries/K222806.pdf
K222807,200,data/summaries/K222807.pdf
K222816,200,data/summaries/K222816.pdf
K222820,200,data/summaries/K222820.pdf
K222833,200,data/summaries/K222833.pdf
K222835,200,data/summaries/K222835.pdf
K222874,200,data/summaries/K222874.pdf
K222903,200,data/summaries/K222903.pdf
K222936,200,data/summaries/K222936.pdf
K222964,200,data/summaries/K222964.pdf
K222967,200,data/summaries/K222967.pdf
K222971,200,data/summaries/K222971.pdf
K222973,200,data/summaries/K222973.pdf
K222988,200,data/summaries/K222988.pdf
K223043,200,data/summaries/K223043.pdf
K223056,200,data/summaries/K223056.pdf
K223059,200,data/summaries/K223059.pdf
K223062,200,data/summaries/K223062.pdf
K223065,200,data/summaries/K223065.pdf
K223069,200,data/summaries/K223069.pdf
K223075,200,data/summaries/K223075.pdf
K223096,200,data/summaries/K223096.pdf
K223103,200,data/summaries/K223103.pdf
K223105,200,data/summaries/K223105.pdf
K223112,200,data/summaries/K223112.pdf
K223114,200,data/summaries/K223114.pdf
K223118,200,data/summaries/K223118.pdf
K223140,200,data/summaries/K223140.pdf
K223143,200,data/summaries/K223143.pdf
K223146,200,data/summaries/K223146.pdf
K223150,200,data/summaries/K223150.pdf
K223153,200,data/summaries/K223153.pdf
K223174,200,data/summaries/K223174.pdf
K223181,200,data/summaries/K223181.pdf
K223184,200,data/summaries/K223184.pdf
K223190,200,data/summaries/K223190.pdf
K223211,200,data/summaries/K223211.pdf
K223223,200,data/summaries/K223223.pdf
K223226,200,data/summaries/K223226.pdf
K223227,200,data/summaries/K223227.pdf
K223231,200,data/summaries/K223231.pdf
K223251,200,data/summaries/K223251.pdf
K223252,200,data/summaries/K223252.pdf
K223273,200,data/summaries/K223273.pdf
K223274,404,
K223284,200,data/summaries/K223284.pdf
K223294,200,data/summaries/K223294.pdf
K223316,200,data/summaries/K223316.pdf
K223318,200,data/summaries/K223318.pdf
K223321,200,data/summaries/K223321.pdf
K223335,200,data/summaries/K223335.pdf
K223342,200,data/summaries/K223342.pdf
K223348,200,data/summaries/K223348.pdf
K223362,200,data/summaries/K223362.pdf
K223392,200,data/summaries/K223392.pdf
K223412,200,data/summaries/K223412.pdf
K223413,200,data/summaries/K223413.pdf
K223418,200,data/summaries/K223418.pdf
K223430,200,data/summaries/K223430.pdf
K223441,200,data/summaries/K223441.pdf
K223468,200,data/summaries/K223468.pdf
K223474,200,data/summaries/K223474.pdf
K223494,200,data/summaries/K223494.pdf
K223510,200,data/summaries/K223510.pdf
K223513,200,data/summaries/K223513.pdf
K223521,200,data/summaries/K223521.pdf
K223528,200,data/summaries/K223528.pdf
K223529,200,data/summaries/K223529.pdf
K223548,200,data/summaries/K223548.pdf
K223565,200,data/summaries/K223565.pdf
K223582,200,data/summaries/K223582.pdf
K223589,200,data/summaries/K223589.pdf
K223611,200,data/summaries/K223611.pdf
K223627,200,data/summaries/K223627.pdf
K223631,200,data/summaries/K223631.pdf
K223650,200,data/summaries/K223650.pdf
K223654,200,data/summaries/K223654.pdf
K223655,200,data/summaries/K223655.pdf
K223671,200,data/summaries/K223671.pdf
K223688,200,data/summaries/K223688.pdf
K223708,200,data/summaries/K223708.pdf
K223719,200,data/summaries/K223719.pdf
K223731,200,data/summaries/K223731.pdf
K223745,200,data/summaries/K223745.pdf
K223753,200,data/summaries/K223753.pdf
K223761,200,data/summaries/K223761.pdf
K223762,200,data/summaries/K223762.pdf
K223764,200,data/summaries/K223764.pdf
K223772,200,data/summaries/K223772.pdf
K223776,200,data/summaries/K223776.pdf
K223779,200,data/summaries/K223779.pdf
K223786,200,data/summaries/K223786.pdf
K223790,200,data/summaries/K223790.pdf
K223795,200,data/summaries/K223795.pdf
K223801,200,data/summaries/K223801.pdf
K223803,200,data/summaries/K223803.pdf
K223806,200,data/summaries/K223806.pdf
K223819,200,data/summaries/K223819.pdf
K223828,200,data/summaries/K223828.pdf
K223833,200,data/summaries/K223833.pdf
K223837,200,data/summaries/K223837.pdf
K223847,200,data/summaries/K223847.pdf
K223852,200,data/summaries/K223852.pdf
K223853,200,data/summaries/K223853.pdf
K223860,200,data/summaries/K223860.pdf
K223868,200,data/summaries/K223868.pdf
K223869,200,data/summaries/K223869.pdf
K223876,200,data/summaries/K223876.pdf
K223878,200,data/summaries/K223878.pdf
K223889,200,data/summaries/K223889.pdf
K223915,200,data/summaries/K223915.pdf
K223933,200,data/summaries/K223933.pdf
K230011,200,data/summaries/K230011.pdf
K230026,200,data/summaries/K230026.pdf
K230053,200,data/summaries/K230053.pdf
K230054,200,data/summaries/K230054.pdf
K230063,200,data/summaries/K230063.pdf
K230067,200,data/summaries/K230067.pdf
K230071,200,data/summaries/K230071.pdf
K230078,200,data/summaries/K230078.pdf
K230088,200,data/summaries/K230088.pdf
K230094,200,data/summaries/K230094.pdf
K230116,200,data/summaries/K230116.pdf
K230118,200,data/summaries/K230118.pdf
K230120,200,data/summaries/K230120.pdf
K230123,200,data/summaries/K230123.pdf
K230141,200,data/summaries/K230141.pdf
K230169,200,data/summaries/K230169.pdf
K230204,200,data/summaries/K230204.pdf
K230212,200,data/summaries/K230212.pdf
K230219,200,data/summaries/K230219.pdf
K230226,200,data/summaries/K230226.pdf
K230245,200,data/summaries/K230245.pdf
K230257,200,data/summaries/K230257.pdf
K230295,200,data/summaries/K230295.pdf
K230301,200,data/summaries/K230301.pdf
K230313,200,data/summaries/K230313.pdf
K230321,200,data/summaries/K230321.pdf
K230325,200,data/summaries/K230325.pdf
K230329,200,data/summaries/K230329.pdf
K230352,200,data/summaries/K230352.pdf
K230366,200,data/summaries/K230366.pdf
K230394,200,data/summaries/K230394.pdf
K230397,200,data/summaries/K230397.pdf
K230414,200,data/summaries/K230414.pdf
K230416,200,data/summaries/K230416.pdf
K230424,200,data/summaries/K230424.pdf
K230433,200,data/summaries/K230433.pdf
K230435,200,data/summaries/K230435.pdf
K230441,200,data/summaries/K230441.pdf
K230446,200,data/summaries/K230446.pdf
K230456,200,data/summaries/K230456.pdf
K230462,200,data/summaries/K230462.pdf
K230471,200,data/summaries/K230471.pdf
K230478,200,data/summaries/K230478.pdf
K230482,200,data/summaries/K230482.pdf
K230486,200,data/summaries/K230486.pdf
K230507,200,data/summaries/K230507.pdf
K230512,200,data/summaries/K230512.pdf
K230513,200,data/summaries/K230513.pdf
K230517,200,data/summaries/K230517.pdf
K230527,200,data/summaries/K230527.pdf
K230537,200,data/summaries/K230537.pdf
K230544,200,data/summaries/K230544.pdf
K230546,200,data/summaries/K230546.pdf
K230550,200,data/summaries/K230550.pdf
K230555,200,data/summaries/K230555.pdf
K230563,200,data/summaries/K230563.pdf
K230565,200,data/summaries/K230565.pdf
K230568,200,data/summaries/K230568.pdf
K230572,200,data/summaries/K230572.pdf
K230583,200,data/summaries/K230583.pdf
K230591,200,data/summaries/K230591.pdf
K230595,200,data/summaries/K230595.pdf
K230607,200,data/summaries/K230607.pdf
K230608,200,data/summaries/K230608.pdf
K230614,200,data/summaries/K230614.pdf
K230623,200,data/summaries/K230623.pdf
K230639,200,data/summaries/K230639.pdf
K230653,200,data/summaries/K230653.pdf
K230655,200,data/summaries/K230655.pdf
K230689,200,data/summaries/K230689.pdf
K230690,200,data/summaries/K230690.pdf
K230708,200,data/summaries/K230708.pdf
K230717,200,data/summaries/K230717.pdf
K230721,200,data/summaries/K230721.pdf
K230724,200,data/summaries/K230724.pdf
K230731,200,data/summaries/K230731.pdf
K230736,200,data/summaries/K230736.pdf
K230744,200,data/summaries/K230744.pdf
K230749,200,data/summaries/K230749.pdf
K230750,200,data/summaries/K230750.pdf
K230761,200,data/summaries/K230761.pdf
K230762,200,data/summaries/K230762.pdf
K230764,200,data/summaries/K230764.pdf
K230765,200,data/summaries/K230765.pdf
K230766,200,data/summaries/K230766.pdf
K230774,200,data/summaries/K230774.pdf
K230805,200,data/summaries/K230805.pdf
K230808,200,data/summaries/K230808.pdf
K230817,200,data/summaries/K230817.pdf
K230831,200,data/summaries/K230831.pdf
K230844,200,data/summaries/K230844.pdf
K230846,200,data/summaries/K230846.pdf
K230851,200,data/summaries/K230851.pdf
K230857,200,data/summaries/K230857.pdf
K230867,200,data/summaries/K230867.pdf
K230872,200,data/summaries/K230872.pdf
K230874,200,data/summaries/K230874.pdf
K230891,200,data/summaries/K230891.pdf
K230892,200,data/summaries/K230892.pdf
K230894,200,data/summaries/K230894.pdf
K230908,200,data/summaries/K230908.pdf
K230927,200,data/summaries/K230927.pdf
K230936,200,data/summaries/K230936.pdf
K230938,200,data/summaries/K230938.pdf
K230942,200,data/summaries/K230942.pdf
K230945,200,data/summaries/K230945.pdf
K230946,200,data/summaries/K230946.pdf
K230952,200,data/summaries/K230952.pdf
K230961,200,data/summaries/K230961.pdf
K230971,200,data/summaries/K230971.pdf
K230974,200,data/summaries/K230974.pdf
K230976,200,data/summaries/K230976.pdf
K230993,200,data/summaries/K230993.pdf
K231002,200,data/summaries/K231002.pdf
K231030,200,data/summaries/K231030.pdf
K231033,200,data/summaries/K231033.pdf
K231037,200,data/summaries/K231037.pdf
K231069,200,data/summaries/K231069.pdf
K231076,200,data/summaries/K231076.pdf
K231078,200,data/summaries/K231078.pdf
K231090,200,data/summaries/K231090.pdf
K231093,200,data/summaries/K231093.pdf
K231098,200,data/summaries/K231098.pdf
K231099,200,data/summaries/K231099.pdf
K231109,200,data/summaries/K231109.pdf
K231113,200,data/summaries/K231113.pdf
K231114,200,data/summaries/K231114.pdf
K231128,200,data/summaries/K231128.pdf
K231134,200,data/summaries/K231134.pdf
K231140,200,data/summaries/K231140.pdf
K231145,200,data/summaries/K231145.pdf
K231147,200,data/summaries/K231147.pdf
K231178,200,data/summaries/K231178.pdf
K231188,200,data/summaries/K231188.pdf
K231199,200,data/summaries/K231199.pdf
K231213,200,data/summaries/K231213.pdf
K231231,200,data/summaries/K231231.pdf
K231232,200,data/summaries/K231232.pdf
K231233,200,data/summaries/K231233.pdf
K231236,200,data/summaries/K231236.pdf
K231241,200,data/summaries/K231241.pdf
K231251,200,data/summaries/K231251.pdf
K231252,200,data/summaries/K231252.pdf
K231253,200,data/summaries/K231253.pdf
K231257,200,data/summaries/K231257.pdf
K231262,200,data/summaries/K231262.pdf
K231266,200,data/summaries/K231266.pdf
K231270,200,data/summaries/K231270.pdf
K231272,200,data/summaries/K231272.pdf
K231275,200,data/summaries/K231275.pdf
K231278,200,data/summaries/K231278.pdf
K231280,200,data/summaries/K231280.pdf
K231292,200,data/summaries/K231292.pdf
K231322,200,data/summaries/K231322.pdf
K231326,200,data/summaries/K231326.pdf
K231330,200,data/summaries/K231330.pdf
K231333,200,data/summaries/K231333.pdf
K231339,200,data/summaries/K231339.pdf
K231340,200,data/summaries/K231340.pdf
K231343,200,data/summaries/K231343.pdf
K231359,200,data/summaries/K231359.pdf
K231371,200,data/summaries/K231371.pdf
K231376,200,data/summaries/K231376.pdf
K231404,200,data/summaries/K231404.pdf
K231438,200,data/summaries/K231438.pdf
K231441,200,data/summaries/K231441.pdf
K231443,200,data/summaries/K231443.pdf
K231445,200,data/summaries/K231445.pdf
K231447,200,data/summaries/K231447.pdf
K231448,200,data/summaries/K231448.pdf
K231453,200,data/summaries/K231453.pdf
K231458,200,data/summaries/K231458.pdf
K231460,200,data/summaries/K231460.pdf
K231461,200,data/summaries/K231461.pdf
K231479,200,data/summaries/K231479.pdf
K231486,200,data/summaries/K231486.pdf
K231493,200,data/summaries/K231493.pdf
K231496,200,data/summaries/K231496.pdf
K231504,200,data/summaries/K231504.pdf
K231516,200,data/summaries/K231516.pdf
K231522,200,data/summaries/K231522.pdf
K231526,200,data/summaries/K231526.pdf
K231528,200,data/summaries/K231528.pdf
K231556,200,data/summaries/K231556.pdf
K231593,200,data/summaries/K231593.pdf
K231623,200,data/summaries/K231623.pdf
K231636,200,data/summaries/K231636.pdf
K231641,200,data/summaries/K231641.pdf
K231649,200,data/summaries/K231649.pdf
K231654,200,data/summaries/K231654.pdf
K231655,200,data/summaries/K231655.pdf
K231657,200,data/summaries/K231657.pdf
K231658,200,data/summaries/K231658.pdf
K231680,200,data/summaries/K231680.pdf
K231684,200,data/summaries/K231684.pdf
K231689,200,data/summaries/K231689.pdf
K231694,200,data/summaries/K231694.pdf
K231699,200,data/summaries/K231699.pdf
K231704,200,data/summaries/K231704.pdf
K231714,200,data/summaries/K231714.pdf
K231715,200,data/summaries/K231715.pdf
K231716,200,data/summaries/K231716.pdf
K231735,200,data/summaries/K231735.pdf
K231737,200,data/summaries/K231737.pdf
K231739,200,data/summaries/K231739.pdf
K231743,200,data/summaries/K231743.pdf
K231744,200,data/summaries/K231744.pdf
K231763,200,data/summaries/K231763.pdf
K231766,200,data/summaries/K231766.pdf
K231781,200,data/summaries/K231781.pdf
K231787,200,data/summaries/K231787.pdf
K231799,200,data/summaries/K231799.pdf
K231807,200,data/summaries/K231807.pdf
K231808,200,data/summaries/K231808.pdf
K231809,200,data/summaries/K231809.pdf
K231811,200,data/summaries/K231811.pdf
K231819,200,data/summaries/K231819.pdf
K231829,200,data/summaries/K231829.pdf
K231831,200,data/summaries/K231831.pdf
K231836,200,data/summaries/K231836.pdf
K231839,200,data/summaries/K231839.pdf
K231840,200,data/summaries/K231840.pdf
K231841,200,data/summaries/K231841.pdf
K231844,200,data/summaries/K231844.pdf
K231850,200,data/summaries/K231850.pdf
K231857,200,data/summaries/K231857.pdf
K231860,200,data/summaries/K231860.pdf
K231867,200,data/summaries/K231867.pdf
K231873,200,data/summaries/K231873.pdf
K231885,200,data/summaries/K231885.pdf
K231887,200,data/summaries/K231887.pdf
K231899,200,data/summaries/K231899.pdf
K231903,200,data/summaries/K231903.pdf
K231905,200,data/summaries/K231905.pdf
K231911,200,data/summaries/K231911.pdf
K231922,200,data/summaries/K231922.pdf
K231923,200,data/summaries/K231923.pdf
K231925,200,data/summaries/K231925.pdf
K231931,200,data/summaries/K231931.pdf
K231942,200,data/summaries/K231942.pdf
K231944,200,data/summaries/K231944.pdf
K231947,200,data/summaries/K231947.pdf
K231951,200,data/summaries/K231951.pdf
K231968,200,data/summaries/K231968.pdf
K231975,200,data/summaries/K231975.pdf
K232002,200,data/summaries/K232002.pdf
K232005,200,data/summaries/K232005.pdf
K232014,200,data/summaries/K232014.pdf
K232069,200,data/summaries/K232069.pdf
K232097,200,data/summaries/K232097.pdf
K232105,200,data/summaries/K232105.pdf
K232114,200,data/summaries/K232114.pdf
K232115,200,data/summaries/K232115.pdf
K232123,200,data/summaries/K232123.pdf
K232141,200,data/summaries/K232141.pdf
K232144,200,data/summaries/K232144.pdf
K232149,200,data/summaries/K232149.pdf
K232150,200,data/summaries/K232150.pdf
K232154,200,data/summaries/K232154.pdf
K232167,200,data/summaries/K232167.pdf
K232169,200,data/summaries/K232169.pdf
K232173,200,data/summaries/K232173.pdf
K232175,200,data/summaries/K232175.pdf
K232211,200,data/summaries/K232211.pdf
K232218,200,data/summaries/K232218.pdf
K232226,200,data/summaries/K232226.pdf
K232251,200,data/summaries/K232251.pdf
K232256,200,data/summaries/K232256.pdf
K232259,200,data/summaries/K232259.pdf
K232265,200,data/summaries/K232265.pdf
K232267,200,data/summaries/K232267.pdf
K232275,200,data/summaries/K232275.pdf
K232282,200,data/summaries/K232282.pdf
K232292,200,data/summaries/K232292.pdf
K232303,200,data/summaries/K232303.pdf
K232311,200,data/summaries/K232311.pdf
K232315,200,data/summaries/K232315.pdf
K232318,200,data/summaries/K232318.pdf
K232324,200,data/summaries/K232324.pdf
K232340,200,data/summaries/K232340.pdf
K232341,200,data/summaries/K232341.pdf
K232347,200,data/summaries/K232347.pdf
K232348,200,data/summaries/K232348.pdf
K232371,200,data/summaries/K232371.pdf
K232387,200,data/summaries/K232387.pdf
K232394,200,data/summaries/K232394.pdf
K232411,200,data/summaries/K232411.pdf
K232414,200,data/summaries/K232414.pdf
K232426,200,data/summaries/K232426.pdf
K232432,200,data/summaries/K232432.pdf
K232457,200,data/summaries/K232457.pdf
K232471,200,data/summaries/K232471.pdf
K232481,200,data/summaries/K232481.pdf
K232484,200,data/summaries/K232484.pdf
K232492,200,data/summaries/K232492.pdf
K232504,200,data/summaries/K232504.pdf
K232513,200,data/summaries/K232513.pdf
K232515,200,data/summaries/K232515.pdf
K232530,200,data/summaries/K232530.pdf
K232556,200,data/summaries/K232556.pdf
K232561,200,data/summaries/K232561.pdf
K232566,200,data/summaries/K232566.pdf
K232583,200,data/summaries/K232583.pdf
K232586,200,data/summaries/K232586.pdf
K232592,200,data/summaries/K232592.pdf
K232595,200,data/summaries/K232595.pdf
K232605,200,data/summaries/K232605.pdf
K232607,200,data/summaries/K232607.pdf
K232611,200,data/summaries/K232611.pdf
K232619,200,data/summaries/K232619.pdf
K232628,200,data/summaries/K232628.pdf
K232648,200,data/summaries/K232648.pdf
K232650,200,data/summaries/K232650.pdf
K232652,200,data/summaries/K232652.pdf
K232667,200,data/summaries/K232667.pdf
K232668,200,data/summaries/K232668.pdf
K232683,200,data/summaries/K232683.pdf
K232693,200,data/summaries/K232693.pdf
K232719,200,data/summaries/K232719.pdf
K232725,200,data/summaries/K232725.pdf
K232733,200,data/summaries/K232733.pdf
K232742,200,data/summaries/K232742.pdf
K232755,200,data/summaries/K232755.pdf
K232780,200,data/summaries/K232780.pdf
K232790,200,data/summaries/K232790.pdf
K232792,200,data/summaries/K232792.pdf
K232822,200,data/summaries/K232822.pdf
K232829,200,data/summaries/K232829.pdf
K232838,200,data/summaries/K232838.pdf
K232842,200,data/summaries/K232842.pdf
K232878,200,data/summaries/K232878.pdf
K232886,200,data/summaries/K232886.pdf
K232897,200,data/summaries/K232897.pdf
K232905,200,data/summaries/K232905.pdf
K232941,200,data/summaries/K232941.pdf
K232973,200,data/summaries/K232973.pdf
K232986,200,data/summaries/K232986.pdf
K232990,200,data/summaries/K232990.pdf
K232996,200,data/summaries/K232996.pdf
K233008,200,data/summaries/K233008.pdf
K233017,200,data/summaries/K233017.pdf
K233025,200,data/summaries/K233025.pdf
K233075,200,data/summaries/K233075.pdf
K233078,200,data/summaries/K233078.pdf
K233084,200,data/summaries/K233084.pdf
K233089,200,data/summaries/K233089.pdf
K233093,200,data/summaries/K233093.pdf
K233105,200,data/summaries/K233105.pdf
K233134,200,data/summaries/K233134.pdf
K233148,200,data/summaries/K233148.pdf
K233150,200,data/summaries/K233150.pdf
K233154,200,data/summaries/K233154.pdf
K233191,200,data/summaries/K233191.pdf
K233198,200,data/summaries/K233198.pdf
K233215,200,data/summaries/K233215.pdf
K233223,200,data/summaries/K233223.pdf
K233233,200,data/summaries/K233233.pdf
K233234,200,data/summaries/K233234.pdf
K233241,200,data/summaries/K233241.pdf
K233245,200,data/summaries/K233245.pdf
K233258,200,data/summaries/K233258.pdf
K233259,200,data/summaries/K233259.pdf
K233260,200,data/summaries/K233260.pdf
K233261,200,data/summaries/K233261.pdf
K233300,200,data/summaries/K233300.pdf
K233302,200,data/summaries/K233302.pdf
K233311,200,data/summaries/K233311.pdf
K233332,200,data/summaries/K233332.pdf
K233359,200,data/summaries/K233359.pdf
K233360,200,data/summaries/K233360.pdf
K233366,200,data/summaries/K233366.pdf
K233375,200,data/summaries/K233375.pdf
K233396,200,data/summaries/K233396.pdf
K233414,200,data/summaries/K233414.pdf
K233423,200,data/summaries/K233423.pdf
K233429,200,data/summaries/K233429.pdf
K233436,200,data/summaries/K233436.pdf
K233455,200,data/summaries/K233455.pdf
K233468,200,data/summaries/K233468.pdf
K233476,200,data/summaries/K233476.pdf
K233481,200,data/summaries/K233481.pdf
K233482,200,data/summaries/K233482.pdf
K233490,200,data/summaries/K233490.pdf
K233498,200,data/summaries/K233498.pdf
K233507,200,data/summaries/K233507.pdf
K233508,200,data/summaries/K233508.pdf
K233509,200,data/summaries/K233509.pdf
K233527,200,data/summaries/K233527.pdf
K233531,200,data/summaries/K233531.pdf
K233552,200,data/summaries/K233552.pdf
K233566,200,data/summaries/K233566.pdf
K233567,200,data/summaries/K233567.pdf
K233574,200,data/summaries/K233574.pdf
K233592,200,data/summaries/K233592.pdf
K233593,200,data/summaries/K233593.pdf
K233594,200,data/summaries/K233594.pdf
K233601,200,data/summaries/K233601.pdf
K233607,200,data/summaries/K233607.pdf
K233640,200,data/summaries/K233640.pdf
K233659,200,data/summaries/K233659.pdf
K233665,200,data/summaries/K233665.pdf
K233670,200,data/summaries/K233670.pdf
K233674,200,data/summaries/K233674.pdf
K233684,200,data/summaries/K233684.pdf
K233694,200,data/summaries/K233694.pdf
K233696,200,data/summaries/K233696.pdf
K233712,200,data/summaries/K233712.pdf
K233724,200,data/summaries/K233724.pdf
K233730,200,data/summaries/K233730.pdf
K233735,200,data/summaries/K233735.pdf
K233741,200,data/summaries/K233741.pdf
K233744,200,data/summaries/K233744.pdf
K233758,200,data/summaries/K233758.pdf
K233793,200,data/summaries/K233793.pdf
K233807,200,data/summaries/K233807.pdf
K233816,200,data/summaries/K233816.pdf
K233839,200,data/summaries/K233839.pdf
K233863,200,data/summaries/K233863.pdf
K233867,200,data/summaries/K233867.pdf
K233873,200,data/summaries/K233873.pdf
K233893,200,data/summaries/K233893.pdf
K233910,200,data/summaries/K233910.pdf
K233912,200,data/summaries/K233912.pdf
K233919,200,data/summaries/K233919.pdf
K233944,200,data/summaries/K233944.pdf
K233947,200,data/summaries/K233947.pdf
K233949,200,data/summaries/K233949.pdf
K233951,200,data/summaries/K233951.pdf
K233960,200,data/summaries/K233960.pdf
K233966,200,data/summaries/K233966.pdf
K233967,200,data/summaries/K233967.pdf
K233971,200,data/summaries/K233971.pdf
K233972,200,data/summaries/K233972.pdf
K233980,200,data/summaries/K233980.pdf
K233989,200,data/summaries/K233989.pdf
K233994,200,data/summaries/K233994.pdf
K234008,200,data/summaries/K234008.pdf
K234011,200,data/summaries/K234011.pdf
K234013,200,data/summaries/K234013.pdf
K234025,200,data/summaries/K234025.pdf
K234028,200,data/summaries/K234028.pdf
K234031,200,data/summaries/K234031.pdf
K234035,200,data/summaries/K234035.pdf
K234040,200,data/summaries/K234040.pdf
K234044,200,data/summaries/K234044.pdf
K234048,200,data/summaries/K234048.pdf
K234051,200,data/summaries/K234051.pdf
K234056,200,data/summaries/K234056.pdf
K234059,200,data/summaries/K234059.pdf
K234062,200,data/summaries/K234062.pdf
K234075,200,data/summaries/K234075.pdf
K234077,200,data/summaries/K234077.pdf
K234087,200,data/summaries/K234087.pdf
K234105,200,data/summaries/K234105.pdf
K234116,200,data/summaries/K234116.pdf
K234119,200,data/summaries/K234119.pdf
K234128,200,data/summaries/K234128.pdf
K234150,200,data/summaries/K234150.pdf
K240035,200,data/summaries/K240035.pdf
K240043,200,data/summaries/K240043.pdf
K240046,200,data/summaries/K240046.pdf
K240049,200,data/summaries/K240049.pdf
K240061,200,data/summaries/K240061.pdf
K240084,200,data/summaries/K240084.pdf
K240090,200,data/summaries/K240090.pdf
K240126,200,data/summaries/K240126.pdf
K240173,200,data/summaries/K240173.pdf
K240175,200,data/summaries/K240175.pdf
K240180,200,data/summaries/K240180.pdf
K240181,200,data/summaries/K240181.pdf
K240194,200,data/summaries/K240194.pdf
K240201,200,data/summaries/K240201.pdf
K240212,200,data/summaries/K240212.pdf
K240213,200,data/summaries/K240213.pdf
K240233,200,data/summaries/K240233.pdf
K240250,200,data/summaries/K240250.pdf
K240259,200,data/summaries/K240259.pdf
K240268,200,data/summaries/K240268.pdf
K240278,200,data/summaries/K240278.pdf
K240288,200,data/summaries/K240288.pdf
K240299,200,data/summaries/K240299.pdf
K240318,200,data/summaries/K240318.pdf
K240324,200,data/summaries/K240324.pdf
K240326,200,data/summaries/K240326.pdf
K240327,200,data/summaries/K240327.pdf
K240350,200,data/summaries/K240350.pdf
K240368,200,data/summaries/K240368.pdf
K240381,200,data/summaries/K240381.pdf
K240388,200,data/summaries/K240388.pdf
K240391,200,data/summaries/K240391.pdf
K240392,200,data/summaries/K240392.pdf
K240393,200,data/summaries/K240393.pdf
K240404,200,data/summaries/K240404.pdf
K240407,200,data/summaries/K240407.pdf
K240416,200,data/summaries/K240416.pdf
K240418,200,data/summaries/K240418.pdf
K240423,200,data/summaries/K240423.pdf
K240424,200,data/summaries/K240424.pdf
K240441,200,data/summaries/K240441.pdf
K240442,200,data/summaries/K240442.pdf
K240450,200,data/summaries/K240450.pdf
K240452,200,data/summaries/K240452.pdf
K240453,200,data/summaries/K240453.pdf
K240458,200,data/summaries/K240458.pdf
K240459,200,data/summaries/K240459.pdf
K240461,200,data/summaries/K240461.pdf
K240475,200,data/summaries/K240475.pdf
K240484,200,data/summaries/K240484.pdf
K240487,200,data/summaries/K240487.pdf
K240505,200,data/summaries/K240505.pdf
K240507,200,data/summaries/K240507.pdf
K240515,200,data/summaries/K240515.pdf
K240526,200,data/summaries/K240526.pdf
K240528,200,data/summaries/K240528.pdf
K240530,200,data/summaries/K240530.pdf
K240539,200,data/summaries/K240539.pdf
K240566,200,data/summaries/K240566.pdf
K240591,200,data/summaries/K240591.pdf
K240592,200,data/summaries/K240592.pdf
K240594,200,data/summaries/K240594.pdf
K240613,200,data/summaries/K240613.pdf
K240621,404,
K240623,200,data/summaries/K240623.pdf
K240639,200,data/summaries/K240639.pdf
K240669,200,data/summaries/K240669.pdf
K240678,200,data/summaries/K240678.pdf
K240683,200,data/summaries/K240683.pdf
K240685,200,data/summaries/K240685.pdf
K240690,200,data/summaries/K240690.pdf
K240699,200,data/summaries/K240699.pdf
K240703,200,data/summaries/K240703.pdf
K240715,200,data/summaries/K240715.pdf
K240716,200,data/summaries/K240716.pdf
K240719,200,data/summaries/K240719.pdf
K240720,200,data/summaries/K240720.pdf
K240737,200,data/summaries/K240737.pdf
K240749,200,data/summaries/K240749.pdf
K240765,200,data/summaries/K240765.pdf
K240783,200,data/summaries/K240783.pdf
K240815,404,
K240830,200,data/summaries/K240830.pdf
K240834,200,data/summaries/K240834.pdf
K240835,200,data/summaries/K240835.pdf
K240838,200,data/summaries/K240838.pdf
K240846,200,data/summaries/K240846.pdf
K240856,200,data/summaries/K240856.pdf
K240863,200,data/summaries/K240863.pdf
K240872,200,data/summaries/K240872.pdf
K240875,200,data/summaries/K240875.pdf
K240876,200,data/summaries/K240876.pdf
K240889,200,data/summaries/K240889.pdf
K240893,200,data/summaries/K240893.pdf
K240935,200,data/summaries/K240935.pdf
K240938,200,data/summaries/K240938.pdf
K240947,200,data/summaries/K240947.pdf
K240958,200,data/summaries/K240958.pdf
K240963,200,data/summaries/K240963.pdf
K241000,200,data/summaries/K241000.pdf
K241010,200,data/summaries/K241010.pdf
K241014,200,data/summaries/K241014.pdf
K241018,200,data/summaries/K241018.pdf
K241019,200,data/summaries/K241019.pdf
K241034,200,data/summaries/K241034.pdf
K241043,200,data/summaries/K241043.pdf
K241059,200,data/summaries/K241059.pdf
K241073,200,data/summaries/K241073.pdf
K241077,200,data/summaries/K241077.pdf
K241128,200,data/summaries/K241128.pdf
K241164,200,data/summaries/K241164.pdf
K241167,200,data/summaries/K241167.pdf
K241175,200,data/summaries/K241175.pdf
K241180,200,data/summaries/K241180.pdf
K241212,200,data/summaries/K241212.pdf
K241218,200,data/summaries/K241218.pdf
K241234,200,data/summaries/K241234.pdf
K241235,200,data/summaries/K241235.pdf
K241241,200,data/summaries/K241241.pdf
K241258,200,data/summaries/K241258.pdf
K241260,200,data/summaries/K241260.pdf
K241262,200,data/summaries/K241262.pdf
K241276,200,data/summaries/K241276.pdf
K241277,200,data/summaries/K241277.pdf
K241282,200,data/summaries/K241282.pdf
K241292,200,data/summaries/K241292.pdf
K241296,404,
K241321,200,data/summaries/K241321.pdf
K241328,200,data/summaries/K241328.pdf
K241332,200,data/summaries/K241332.pdf
K241356,200,data/summaries/K241356.pdf
K241357,200,data/summaries/K241357.pdf
K241359,200,data/summaries/K241359.pdf
K241375,200,data/summaries/K241375.pdf
K241387,200,data/summaries/K241387.pdf
K241396,200,data/summaries/K241396.pdf
K241413,200,data/summaries/K241413.pdf
K241435,200,data/summaries/K241435.pdf
K241438,200,data/summaries/K241438.pdf
K241461,200,data/summaries/K241461.pdf
K241464,200,data/summaries/K241464.pdf
K241466,200,data/summaries/K241466.pdf
K241467,200,data/summaries/K241467.pdf
K241468,200,data/summaries/K241468.pdf
K241472,200,data/summaries/K241472.pdf
K241477,200,data/summaries/K241477.pdf
K241482,200,data/summaries/K241482.pdf
K241483,200,data/summaries/K241483.pdf
K241484,200,data/summaries/K241484.pdf
K241487,200,data/summaries/K241487.pdf
K241491,200,data/summaries/K241491.pdf
K241494,200,data/summaries/K241494.pdf
K241504,200,data/summaries/K241504.pdf
K241519,200,data/summaries/K241519.pdf
K241539,200,data/summaries/K241539.pdf
K241555,200,data/summaries/K241555.pdf
K241563,200,data/summaries/K241563.pdf
K241564,200,data/summaries/K241564.pdf
K241570,200,data/summaries/K241570.pdf
K241574,200,data/summaries/K241574.pdf
K241577,200,data/summaries/K241577.pdf
K241592,200,data/summaries/K241592.pdf
K241597,200,data/summaries/K241597.pdf
K241599,200,data/summaries/K241599.pdf
K241605,200,data/summaries/K241605.pdf
K241609,200,data/summaries/K241609.pdf
K241636,200,data/summaries/K241636.pdf
K241651,200,data/summaries/K241651.pdf
K241657,200,data/summaries/K241657.pdf
K241663,200,data/summaries/K241663.pdf
K241666,200,data/summaries/K241666.pdf
K241674,200,data/summaries/K241674.pdf
K241690,200,data/summaries/K241690.pdf
K241695,200,data/summaries/K241695.pdf
K241709,200,data/summaries/K241709.pdf
K241716,200,data/summaries/K241716.pdf
K241738,200,data/summaries/K241738.pdf
K241754,200,data/summaries/K241754.pdf
K241767,200,data/summaries/K241767.pdf
K241769,200,data/summaries/K241769.pdf
K241775,200,data/summaries/K241775.pdf
K241783,200,data/summaries/K241783.pdf
K241802,200,data/summaries/K241802.pdf
K241804,200,data/summaries/K241804.pdf
K241813,200,data/summaries/K241813.pdf
K241815,200,data/summaries/K241815.pdf
K241816,200,data/summaries/K241816.pdf
K241817,200,data/summaries/K241817.pdf
K241846,200,data/summaries/K241846.pdf
K241863,200,data/summaries/K241863.pdf
K241864,200,data/summaries/K241864.pdf
K241873,200,data/summaries/K241873.pdf
K241875,200,data/summaries/K241875.pdf
K241878,200,data/summaries/K241878.pdf
K241892,200,data/summaries/K241892.pdf
K241912,200,data/summaries/K241912.pdf
K241932,200,data/summaries/K241932.pdf
K241942,200,data/summaries/K241942.pdf
K241944,200,data/summaries/K241944.pdf
K241983,200,data/summaries/K241983.pdf
K241992,200,data/summaries/K241992.pdf
K241995,200,data/summaries/K241995.pdf
K241999,200,data/summaries/K241999.pdf
K242042,200,data/summaries/K242042.pdf
K242045,200,data/summaries/K242045.pdf
K242046,200,data/summaries/K242046.pdf
K242050,200,data/summaries/K242050.pdf
K242055,200,data/summaries/K242055.pdf
K242069,200,data/summaries/K242069.pdf
K242079,200,data/summaries/K242079.pdf
K242084,200,data/summaries/K242084.pdf
K242091,200,data/summaries/K242091.pdf
K242141,200,data/summaries/K242141.pdf
K242147,200,data/summaries/K242147.pdf
K242195,200,data/summaries/K242195.pdf
K242216,200,data/summaries/K242216.pdf
K242232,200,data/summaries/K242232.pdf
K242247,200,data/summaries/K242247.pdf
K242249,200,data/summaries/K242249.pdf
K242253,200,data/summaries/K242253.pdf
K242260,200,data/summaries/K242260.pdf
K242267,200,data/summaries/K242267.pdf
K242273,200,data/summaries/K242273.pdf
K242280,200,data/summaries/K242280.pdf
K242296,200,data/summaries/K242296.pdf
K242297,200,data/summaries/K242297.pdf
K242299,200,data/summaries/K242299.pdf
K242303,200,data/summaries/K242303.pdf
K242307,200,data/summaries/K242307.pdf
K242311,200,data/summaries/K242311.pdf
K242315,200,data/summaries/K242315.pdf
K242343,200,data/summaries/K242343.pdf
K242348,200,data/summaries/K242348.pdf
K242350,200,data/summaries/K242350.pdf
K242356,200,data/summaries/K242356.pdf
K242361,200,data/summaries/K242361.pdf
K242364,200,data/summaries/K242364.pdf
K242372,200,data/summaries/K242372.pdf
K242375,200,data/summaries/K242375.pdf
K242377,200,data/summaries/K242377.pdf
K242399,200,data/summaries/K242399.pdf
K242401,200,data/summaries/K242401.pdf
K242410,200,data/summaries/K242410.pdf
K242412,200,data/summaries/K242412.pdf
K242414,200,data/summaries/K242414.pdf
K242415,200,data/summaries/K242415.pdf
K242431,200,data/summaries/K242431.pdf
K242436,200,data/summaries/K242436.pdf
K242442,200,data/summaries/K242442.pdf
K242445,200,data/summaries/K242445.pdf
K242452,200,data/summaries/K242452.pdf
K242457,200,data/summaries/K242457.pdf
K242477,200,data/summaries/K242477.pdf
K242483,200,data/summaries/K242483.pdf
K242486,200,data/summaries/K242486.pdf
K242494,200,data/summaries/K242494.pdf
K242509,200,data/summaries/K242509.pdf
K242516,200,data/summaries/K242516.pdf
K242517,200,data/summaries/K242517.pdf
K242529,200,data/summaries/K242529.pdf
K242543,200,data/summaries/K242543.pdf
K242554,200,data/summaries/K242554.pdf
K242589,200,data/summaries/K242589.pdf
K242596,200,data/summaries/K242596.pdf
K242665,200,data/summaries/K242665.pdf
K242671,200,data/summaries/K242671.pdf
K242674,200,data/summaries/K242674.pdf
K242691,200,data/summaries/K242691.pdf
K242711,200,data/summaries/K242711.pdf
K242734,200,data/summaries/K242734.pdf
K242744,200,data/summaries/K242744.pdf
K242746,200,data/summaries/K242746.pdf
K242751,200,data/summaries/K242751.pdf
K242764,200,data/summaries/K242764.pdf
K242771,200,data/summaries/K242771.pdf
K242782,200,data/summaries/K242782.pdf
K242784,200,data/summaries/K242784.pdf
K242797,200,data/summaries/K242797.pdf
K242799,200,data/summaries/K242799.pdf
K242814,200,data/summaries/K242814.pdf
K242826,200,data/summaries/K242826.pdf
K242827,200,data/summaries/K242827.pdf
K242829,200,data/summaries/K242829.pdf
K242831,200,data/summaries/K242831.pdf
K242833,200,data/summaries/K242833.pdf
K242861,200,data/summaries/K242861.pdf
K242865,200,data/summaries/K242865.pdf
K242868,200,data/summaries/K242868.pdf
K242871,200,data/summaries/K242871.pdf
K242895,200,data/summaries/K242895.pdf
K242896,200,data/summaries/K242896.pdf
K242899,200,data/summaries/K242899.pdf
K242900,200,data/summaries/K242900.pdf
K242928,200,data/summaries/K242928.pdf
K242939,200,data/summaries/K242939.pdf
K242973,200,data/summaries/K242973.pdf
K242984,200,data/summaries/K242984.pdf
K242988,200,data/summaries/K242988.pdf
K242995,200,data/summaries/K242995.pdf
K242998,200,data/summaries/K242998.pdf
K243004,200,data/summaries/K243004.pdf
K243007,200,data/summaries/K243007.pdf
K243015,200,data/summaries/K243015.pdf
K243021,200,data/summaries/K243021.pdf
K243024,200,data/summaries/K243024.pdf
K243029,200,data/summaries/K243029.pdf
K243043,200,data/summaries/K243043.pdf
K243050,200,data/summaries/K243050.pdf
K243074,200,data/summaries/K243074.pdf
K243106,200,data/summaries/K243106.pdf
K243116,200,data/summaries/K243116.pdf
K243137,200,data/summaries/K243137.pdf
K243162,200,data/summaries/K243162.pdf
K243188,200,data/summaries/K243188.pdf
K243192,200,data/summaries/K243192.pdf
K243195,200,data/summaries/K243195.pdf
K243203,200,data/summaries/K243203.pdf
K243231,200,data/summaries/K243231.pdf
K243247,200,data/summaries/K243247.pdf
K243248,200,data/summaries/K243248.pdf
K243249,200,data/summaries/K243249.pdf
K243259,200,data/summaries/K243259.pdf
K243275,200,data/summaries/K243275.pdf
K243277,200,data/summaries/K243277.pdf
K243281,200,data/summaries/K243281.pdf
K243293,200,data/summaries/K243293.pdf
K243295,200,data/summaries/K243295.pdf
K243308,200,data/summaries/K243308.pdf
K243323,200,data/summaries/K243323.pdf
K243344,200,data/summaries/K243344.pdf
K243357,200,data/summaries/K243357.pdf
K243364,200,data/summaries/K243364.pdf
K243368,200,data/summaries/K243368.pdf
K243369,200,data/summaries/K243369.pdf
K243381,200,data/summaries/K243381.pdf
K243386,200,data/summaries/K243386.pdf
K243408,200,data/summaries/K243408.pdf
K243444,200,data/summaries/K243444.pdf
K243448,200,data/summaries/K243448.pdf
K243456,200,data/summaries/K243456.pdf
K243466,200,data/summaries/K243466.pdf
K243467,200,data/summaries/K243467.pdf
K243469,200,data/summaries/K243469.pdf
K243470,200,data/summaries/K243470.pdf
K243474,200,data/summaries/K243474.pdf
K243477,200,data/summaries/K243477.pdf
K243491,200,data/summaries/K243491.pdf
K243506,200,data/summaries/K243506.pdf
K243526,200,data/summaries/K243526.pdf
K243537,200,data/summaries/K243537.pdf
K243565,200,data/summaries/K243565.pdf
K243569,200,data/summaries/K243569.pdf
K243571,200,data/summaries/K243571.pdf
K243574,200,data/summaries/K243574.pdf
K243578,200,data/summaries/K243578.pdf
K243608,200,data/summaries/K243608.pdf
K243609,200,data/summaries/K243609.pdf
K243610,200,data/summaries/K243610.pdf
K243615,200,data/summaries/K243615.pdf
K243624,200,data/summaries/K243624.pdf
K243634,200,data/summaries/K243634.pdf
K243635,200,data/summaries/K243635.pdf
K243643,200,data/summaries/K243643.pdf
K243656,200,data/summaries/K243656.pdf
K243658,200,data/summaries/K243658.pdf
K243665,200,data/summaries/K243665.pdf
K243668,200,data/summaries/K243668.pdf
K243670,200,data/summaries/K243670.pdf
K243673,200,data/summaries/K243673.pdf
K243693,200,data/summaries/K243693.pdf
K243706,200,data/summaries/K243706.pdf
K243712,200,data/summaries/K243712.pdf
K243724,200,data/summaries/K243724.pdf
K243726,200,data/summaries/K243726.pdf
K243739,200,data/summaries/K243739.pdf
K243740,200,data/summaries/K243740.pdf
K243742,200,data/summaries/K243742.pdf
K243760,200,data/summaries/K243760.pdf
K243761,200,data/summaries/K243761.pdf
K243768,200,data/summaries/K243768.pdf
K243784,200,data/summaries/K243784.pdf
K243790,200,data/summaries/K243790.pdf
K243798,200,data/summaries/K243798.pdf
K243802,200,data/summaries/K243802.pdf
K243809,200,data/summaries/K243809.pdf
K243816,200,data/summaries/K243816.pdf
K243817,200,data/summaries/K243817.pdf
K243826,200,data/summaries/K243826.pdf
K243835,200,data/summaries/K243835.pdf
K243838,200,data/summaries/K243838.pdf
K243839,200,data/summaries/K243839.pdf
K243888,200,data/summaries/K243888.pdf
K243890,200,data/summaries/K243890.pdf
K243904,200,data/summaries/K243904.pdf
K243905,200,data/summaries/K243905.pdf
K243907,200,data/summaries/K243907.pdf
K243908,200,data/summaries/K243908.pdf
K243915,200,data/summaries/K243915.pdf
K243916,200,data/summaries/K243916.pdf
K243927,200,data/summaries/K243927.pdf
K243934,200,data/summaries/K243934.pdf
K243943,200,data/summaries/K243943.pdf
K243946,200,data/summaries/K243946.pdf
K243949,200,data/summaries/K243949.pdf
K243963,200,data/summaries/K243963.pdf
K243973,200,data/summaries/K243973.pdf
K243977,200,data/summaries/K243977.pdf
K243987,200,data/summaries/K243987.pdf
K243988,200,data/summaries/K243988.pdf
K243991,200,data/summaries/K243991.pdf
K243995,200,data/summaries/K243995.pdf
K243999,200,data/summaries/K243999.pdf
K244015,200,data/summaries/K244015.pdf
K244025,200,data/summaries/K244025.pdf
K244039,200,data/summaries/K244039.pdf
K250001,200,data/summaries/K250001.pdf
K250037,200,data/summaries/K250037.pdf
K250055,200,data/summaries/K250055.pdf
K250072,200,data/summaries/K250072.pdf
K250074,404,
K250076,200,data/summaries/K250076.pdf
K250092,200,data/summaries/K250092.pdf
K250095,200,data/summaries/K250095.pdf
K250112,200,data/summaries/K250112.pdf
K250141,200,data/summaries/K250141.pdf
K250155,200,data/summaries/K250155.pdf
K250163,200,data/summaries/K250163.pdf
K250186,200,data/summaries/K250186.pdf
K250197,200,data/summaries/K250197.pdf
K250238,200,data/summaries/K250238.pdf
K250247,200,data/summaries/K250247.pdf
K250251,200,data/summaries/K250251.pdf
K250304,200,data/summaries/K250304.pdf
K250315,200,data/summaries/K250315.pdf
K250316,200,data/summaries/K250316.pdf
K250332,200,data/summaries/K250332.pdf
K250335,200,data/summaries/K250335.pdf
K250338,200,data/summaries/K250338.pdf
K250346,200,data/summaries/K250346.pdf
K250373,200,data/summaries/K250373.pdf
K250375,200,data/summaries/K250375.pdf
K250382,200,data/summaries/K250382.pdf
K250403,200,data/summaries/K250403.pdf
K250424,200,data/summaries/K250424.pdf
K250444,200,data/summaries/K250444.pdf
K250446,200,data/summaries/K250446.pdf
K250450,200,data/summaries/K250450.pdf
K250472,200,data/summaries/K250472.pdf
K250486,200,data/summaries/K250486.pdf
K250494,200,data/summaries/K250494.pdf
K250498,200,data/summaries/K250498.pdf
K250521,200,data/summaries/K250521.pdf
K250526,200,data/summaries/K250526.pdf
K250528,200,data/summaries/K250528.pdf
K250536,200,data/summaries/K250536.pdf
K250540,200,data/summaries/K250540.pdf
K250544,200,data/summaries/K250544.pdf
K250556,200,data/summaries/K250556.pdf
K250559,200,data/summaries/K250559.pdf
K250560,200,data/summaries/K250560.pdf
K250571,200,data/summaries/K250571.pdf
K250582,200,data/summaries/K250582.pdf
K250596,200,data/summaries/K250596.pdf
K250602,200,data/summaries/K250602.pdf
K250603,200,data/summaries/K250603.pdf
K250605,200,data/summaries/K250605.pdf
K250613,200,data/summaries/K250613.pdf
K250620,200,data/summaries/K250620.pdf
K250622,200,data/summaries/K250622.pdf
K250623,200,data/summaries/K250623.pdf
K250628,200,data/summaries/K250628.pdf
K250637,200,data/summaries/K250637.pdf
K250641,200,data/summaries/K250641.pdf
K250644,200,data/summaries/K250644.pdf
K250646,200,data/summaries/K250646.pdf
K250647,200,data/summaries/K250647.pdf
K250667,200,data/summaries/K250667.pdf
K250669,200,data/summaries/K250669.pdf
K250677,200,data/summaries/K250677.pdf
K250712,200,data/summaries/K250712.pdf
K250713,200,data/summaries/K250713.pdf
K250760,200,data/summaries/K250760.pdf
K250764,200,data/summaries/K250764.pdf
K250769,200,data/summaries/K250769.pdf
K250773,200,data/summaries/K250773.pdf
K250827,200,data/summaries/K250827.pdf
K250834,200,data/summaries/K250834.pdf
K250844,200,data/summaries/K250844.pdf
K250845,200,data/summaries/K250845.pdf
K250848,200,data/summaries/K250848.pdf
K250865,200,data/summaries/K250865.pdf
K250866,200,data/summaries/K250866.pdf
K250867,200,data/summaries/K250867.pdf
K250889,200,data/summaries/K250889.pdf
K250892,200,data/summaries/K250892.pdf
K250894,200,data/summaries/K250894.pdf
K250908,200,data/summaries/K250908.pdf
K250923,200,data/summaries/K250923.pdf
K250929,200,data/summaries/K250929.pdf
K250933,200,data/summaries/K250933.pdf
K250935,200,data/summaries/K250935.pdf
K250948,200,data/summaries/K250948.pdf
K250952,200,data/summaries/K250952.pdf
K250980,200,data/summaries/K250980.pdf
K250987,200,data/summaries/K250987.pdf
K250988,200,data/summaries/K250988.pdf
K250989,200,data/summaries/K250989.pdf
K251003,200,data/summaries/K251003.pdf
K251016,200,data/summaries/K251016.pdf
K251043,200,data/summaries/K251043.pdf
K251050,200,data/summaries/K251050.pdf
K251052,200,data/summaries/K251052.pdf
K251075,200,data/summaries/K251075.pdf
K251080,200,data/summaries/K251080.pdf
K251098,200,data/summaries/K251098.pdf
K251117,200,data/summaries/K251117.pdf
K251128,200,data/summaries/K251128.pdf
K251131,200,data/summaries/K251131.pdf
K251132,200,data/summaries/K251132.pdf
K251134,200,data/summaries/K251134.pdf
K251135,200,data/summaries/K251135.pdf
K251145,200,data/summaries/K251145.pdf
K251154,200,data/summaries/K251154.pdf
K251161,200,data/summaries/K251161.pdf
K251166,200,data/summaries/K251166.pdf
K251184,200,data/summaries/K251184.pdf
K251193,200,data/summaries/K251193.pdf
K251214,200,data/summaries/K251214.pdf
K251241,200,data/summaries/K251241.pdf
K251251,200,data/summaries/K251251.pdf
K251270,200,data/summaries/K251270.pdf
K251292,200,data/summaries/K251292.pdf
K251296,200,data/summaries/K251296.pdf
K251302,200,data/summaries/K251302.pdf
K251309,200,data/summaries/K251309.pdf
K251310,200,data/summaries/K251310.pdf
K251335,200,data/summaries/K251335.pdf
K251361,200,data/summaries/K251361.pdf
K251362,200,data/summaries/K251362.pdf
K251365,200,data/summaries/K251365.pdf
K251382,200,data/summaries/K251382.pdf
K251395,200,data/summaries/K251395.pdf
K251400,200,data/summaries/K251400.pdf
K251431,200,data/summaries/K251431.pdf
K251436,200,data/summaries/K251436.pdf
K251444,200,data/summaries/K251444.pdf
K251453,200,data/summaries/K251453.pdf
K251459,200,data/summaries/K251459.pdf
K251479,200,data/summaries/K251479.pdf
K251502,200,data/summaries/K251502.pdf
K251522,200,data/summaries/K251522.pdf
K251525,200,data/summaries/K251525.pdf
K251530,200,data/summaries/K251530.pdf
K251554,200,data/summaries/K251554.pdf
K251555,200,data/summaries/K251555.pdf
K251556,200,data/summaries/K251556.pdf
K251575,200,data/summaries/K251575.pdf
K251617,200,data/summaries/K251617.pdf
K251618,200,data/summaries/K251618.pdf
K251620,200,data/summaries/K251620.pdf
K251627,200,data/summaries/K251627.pdf
K251643,200,data/summaries/K251643.pdf
K251644,200,data/summaries/K251644.pdf
K251665,200,data/summaries/K251665.pdf
K251680,200,data/summaries/K251680.pdf
K251686,200,data/summaries/K251686.pdf
K251717,200,data/summaries/K251717.pdf
K251718,200,data/summaries/K251718.pdf
K251719,200,data/summaries/K251719.pdf
K251720,404,
K251725,200,data/summaries/K251725.pdf
K251732,200,data/summaries/K251732.pdf
K251735,200,data/summaries/K251735.pdf
K251741,200,data/summaries/K251741.pdf
K251750,200,data/summaries/K251750.pdf
K251771,200,data/summaries/K251771.pdf
K251776,200,data/summaries/K251776.pdf
K251791,200,data/summaries/K251791.pdf
K251804,200,data/summaries/K251804.pdf
K251809,200,data/summaries/K251809.pdf
K251829,200,data/summaries/K251829.pdf
K251833,200,data/summaries/K251833.pdf
K251834,200,data/summaries/K251834.pdf
K251840,200,data/summaries/K251840.pdf
K251850,200,data/summaries/K251850.pdf
K251862,200,data/summaries/K251862.pdf
K251892,200,data/summaries/K251892.pdf
K251896,200,data/summaries/K251896.pdf
K251906,200,data/summaries/K251906.pdf
K251913,200,data/summaries/K251913.pdf
K251933,200,data/summaries/K251933.pdf
K251940,200,data/summaries/K251940.pdf
K251945,200,data/summaries/K251945.pdf
K251961,200,data/summaries/K251961.pdf
K251965,200,data/summaries/K251965.pdf
K251975,200,data/summaries/K251975.pdf
K252016,200,data/summaries/K252016.pdf
K252019,200,data/summaries/K252019.pdf
K252022,200,data/summaries/K252022.pdf
K252025,200,data/summaries/K252025.pdf
K252044,200,data/summaries/K252044.pdf
K252061,200,data/summaries/K252061.pdf
K252067,200,data/summaries/K252067.pdf
K252081,200,data/summaries/K252081.pdf
K252085,200,data/summaries/K252085.pdf
K252106,200,data/summaries/K252106.pdf
K252113,200,data/summaries/K252113.pdf
K252129,200,data/summaries/K252129.pdf
K252141,200,data/summaries/K252141.pdf
K252144,200,data/summaries/K252144.pdf
K252166,200,data/summaries/K252166.pdf
K252191,200,data/summaries/K252191.pdf
K252196,200,data/summaries/K252196.pdf
K252205,200,data/summaries/K252205.pdf
K252219,200,data/summaries/K252219.pdf
K252221,200,data/summaries/K252221.pdf
K252240,200,data/summaries/K252240.pdf
K252254,200,data/summaries/K252254.pdf
K252303,200,data/summaries/K252303.pdf
K252312,200,data/summaries/K252312.pdf
K252314,200,data/summaries/K252314.pdf
K252322,200,data/summaries/K252322.pdf
K252326,200,data/summaries/K252326.pdf
K252327,200,data/summaries/K252327.pdf
K252346,200,data/summaries/K252346.pdf
K252351,200,data/summaries/K252351.pdf
K252352,200,data/summaries/K252352.pdf
K252356,200,data/summaries/K252356.pdf
K252401,200,data/summaries/K252401.pdf
K252404,200,data/summaries/K252404.pdf
K252411,200,data/summaries/K252411.pdf
K252416,200,data/summaries/K252416.pdf
K252418,200,data/summaries/K252418.pdf
K252432,200,data/summaries/K252432.pdf
K252437,200,data/summaries/K252437.pdf
K252443,200,data/summaries/K252443.pdf
K252451,200,data/summaries/K252451.pdf
K252454,200,data/summaries/K252454.pdf
K252461,200,data/summaries/K252461.pdf
K252516,200,data/summaries/K252516.pdf
K252542,200,data/summaries/K252542.pdf
K252555,200,data/summaries/K252555.pdf
K252567,200,data/summaries/K252567.pdf
K252596,200,data/summaries/K252596.pdf
K252600,200,data/summaries/K252600.pdf
K252610,200,data/summaries/K252610.pdf
K252611,200,data/summaries/K252611.pdf
K252623,200,data/summaries/K252623.pdf
K252625,200,data/summaries/K252625.pdf
K252635,200,data/summaries/K252635.pdf
K252657,200,data/summaries/K252657.pdf
K252661,200,data/summaries/K252661.pdf
K252664,200,data/summaries/K252664.pdf
K252686,200,data/summaries/K252686.pdf
K252699,200,data/summaries/K252699.pdf
K252711,200,data/summaries/K252711.pdf
K252725,200,data/summaries/K252725.pdf
K252729,200,data/summaries/K252729.pdf
K252730,200,data/summaries/K252730.pdf
K252733,200,data/summaries/K252733.pdf
K252737,200,data/summaries/K252737.pdf
K252758,200,data/summaries/K252758.pdf
K252774,200,data/summaries/K252774.pdf
K252776,200,data/summaries/K252776.pdf
K252777,200,data/summaries/K252777.pdf
K252781,200,data/summaries/K252781.pdf
K252788,200,data/summaries/K252788.pdf
K252797,200,data/summaries/K252797.pdf
K252807,200,data/summaries/K252807.pdf
K252822,200,data/summaries/K252822.pdf
K252824,200,data/summaries/K252824.pdf
K252826,200,data/summaries/K252826.pdf
K252834,200,data/summaries/K252834.pdf
K252846,200,data/summaries/K252846.pdf
K252885,200,data/summaries/K252885.pdf
K252887,200,data/summaries/K252887.pdf
K252894,200,data/summaries/K252894.pdf
K252897,200,data/summaries/K252897.pdf
K252898,200,data/summaries/K252898.pdf
K252901,200,data/summaries/K252901.pdf
K252920,200,data/summaries/K252920.pdf
K252930,200,data/summaries/K252930.pdf
K252946,200,data/summaries/K252946.pdf
K252949,200,data/summaries/K252949.pdf
K252959,200,data/summaries/K252959.pdf
K252961,200,data/summaries/K252961.pdf
K252974,200,data/summaries/K252974.pdf
K252982,200,data/summaries/K252982.pdf
K252997,200,data/summaries/K252997.pdf
K253010,200,data/summaries/K253010.pdf
K253011,200,data/summaries/K253011.pdf
K253027,200,data/summaries/K253027.pdf
K253040,200,data/summaries/K253040.pdf
K253041,200,data/summaries/K253041.pdf
K253042,200,data/summaries/K253042.pdf
K253045,200,data/summaries/K253045.pdf
K253046,200,data/summaries/K253046.pdf
K253066,200,data/summaries/K253066.pdf
K253080,200,data/summaries/K253080.pdf
K253093,200,data/summaries/K253093.pdf
K253094,200,data/summaries/K253094.pdf
K253108,200,data/summaries/K253108.pdf
K253115,200,data/summaries/K253115.pdf
K253129,200,data/summaries/K253129.pdf
K253130,200,data/summaries/K253130.pdf
K253144,200,data/summaries/K253144.pdf
K253147,200,data/summaries/K253147.pdf
K253151,200,data/summaries/K253151.pdf
K253155,200,data/summaries/K253155.pdf
K253158,200,data/summaries/K253158.pdf
K253159,200,data/summaries/K253159.pdf
K253161,200,data/summaries/K253161.pdf
K253169,200,data/summaries/K253169.pdf
K253171,200,data/summaries/K253171.pdf
K253178,200,data/summaries/K253178.pdf
K253189,200,data/summaries/K253189.pdf
K253195,200,data/summaries/K253195.pdf
K253197,200,data/summaries/K253197.pdf
K253200,200,data/summaries/K253200.pdf
K253201,200,data/summaries/K253201.pdf
K253202,200,data/summaries/K253202.pdf
K253213,200,data/summaries/K253213.pdf
K253239,200,data/summaries/K253239.pdf
K253249,200,data/summaries/K253249.pdf
K253250,200,data/summaries/K253250.pdf
K253260,200,data/summaries/K253260.pdf
K253266,200,data/summaries/K253266.pdf
K253291,200,data/summaries/K253291.pdf
K253300,200,data/summaries/K253300.pdf
K253314,200,data/summaries/K253314.pdf
K253325,200,data/summaries/K253325.pdf
K253326,200,data/summaries/K253326.pdf
K253328,200,data/summaries/K253328.pdf
K253331,200,data/summaries/K253331.pdf
K253335,200,data/summaries/K253335.pdf
K253345,200,data/summaries/K253345.pdf
K253357,200,data/summaries/K253357.pdf
K253377,200,data/summaries/K253377.pdf
K253401,200,data/summaries/K253401.pdf
K253420,200,data/summaries/K253420.pdf
K253423,200,data/summaries/K253423.pdf
K253434,200,data/summaries/K253434.pdf
K253488,200,data/summaries/K253488.pdf
K253517,200,data/summaries/K253517.pdf
K253524,200,data/summaries/K253524.pdf
K253538,200,data/summaries/K253538.pdf
K253545,200,data/summaries/K253545.pdf
K253559,200,data/summaries/K253559.pdf
K253566,200,data/summaries/K253566.pdf
K253577,200,data/summaries/K253577.pdf
K253583,200,data/summaries/K253583.pdf
K253591,200,data/summaries/K253591.pdf
K253592,200,data/summaries/K253592.pdf
K253611,200,data/summaries/K253611.pdf
K253613,200,data/summaries/K253613.pdf
K253615,200,data/summaries/K253615.pdf
K253618,200,data/summaries/K253618.pdf
K253624,200,data/summaries/K253624.pdf
K253637,200,data/summaries/K253637.pdf
K253640,200,data/summaries/K253640.pdf
K253660,200,data/summaries/K253660.pdf
K253674,200,data/summaries/K253674.pdf
K253675,200,data/summaries/K253675.pdf
K253693,200,data/summaries/K253693.pdf
K253695,200,data/summaries/K253695.pdf
K253713,200,data/summaries/K253713.pdf
K253718,200,data/summaries/K253718.pdf
K253721,200,data/summaries/K253721.pdf
K253727,200,data/summaries/K253727.pdf
K253739,200,data/summaries/K253739.pdf
K253748,200,data/summaries/K253748.pdf
K253749,200,data/summaries/K253749.pdf
K253763,200,data/summaries/K253763.pdf
K253764,200,data/summaries/K253764.pdf
K253793,200,data/summaries/K253793.pdf
K253802,200,data/summaries/K253802.pdf
K253876,200,data/summaries/K253876.pdf
K253886,200,data/summaries/K253886.pdf
K253894,200,data/summaries/K253894.pdf
K253895,200,data/summaries/K253895.pdf
K253906,200,data/summaries/K253906.pdf
K253916,200,data/summaries/K253916.pdf
K253931,200,data/summaries/K253931.pdf
K253940,200,data/summaries/K253940.pdf
K253941,200,data/summaries/K253941.pdf
K253943,200,data/summaries/K253943.pdf
K253966,200,data/summaries/K253966.pdf
K253990,200,data/summaries/K253990.pdf
K253991,200,data/summaries/K253991.pdf
K253992,200,data/summaries/K253992.pdf
K254002,200,data/summaries/K254002.pdf
K254003,200,data/summaries/K254003.pdf
K254017,200,data/summaries/K254017.pdf
K254045,200,data/summaries/K254045.pdf
K254053,200,data/summaries/K254053.pdf
K254054,200,data/summaries/K254054.pdf
K254055,200,data/summaries/K254055.pdf
K254061,200,data/summaries/K254061.pdf
K254077,200,data/summaries/K254077.pdf
K254084,200,data/summaries/K254084.pdf
K254087,200,data/summaries/K254087.pdf
K254093,200,data/summaries/K254093.pdf
K254105,200,data/summaries/K254105.pdf
K254107,200,data/summaries/K254107.pdf
K254110,200,data/summaries/K254110.pdf
K254128,200,data/summaries/K254128.pdf
K254130,200,data/summaries/K254130.pdf
K254154,200,data/summaries/K254154.pdf
K254162,200,data/summaries/K254162.pdf
K254165,200,data/summaries/K254165.pdf
K254176,200,data/summaries/K254176.pdf
K254182,200,data/summaries/K254182.pdf
K254202,200,data/summaries/K254202.pdf
K254215,200,data/summaries/K254215.pdf
K254229,200,data/summaries/K254229.pdf
K254247,200,data/summaries/K254247.pdf
K254249,200,data/summaries/K254249.pdf
K254253,200,data/summaries/K254253.pdf
K254274,200,data/summaries/K254274.pdf
K254288,200,data/summaries/K254288.pdf
K254306,200,data/summaries/K254306.pdf
K260004,404,
K260015,404,
K260018,404,
K260036,404,
K260037,404,
K260038,404,
K260054,404,
K260069,404,
K260073,404,
K260090,404,
K260102,404,
K260112,404,
K260146,404,
K260182,404,
K260216,404,
K260228,404,
K260274,404,
K260286,404,
K260291,404,
K260294,404,
K260323,404,
K260340,404,
K260353,404,
K260361,404,
K260362,404,
K260364,404,
K260385,404,
K260390,404,
K260405,404,
K260411,404,
K260448,404,
K260477,404,
K260506,404,
K260536,404,
K260549,404,
K260556,404,
K260561,404,
K260570,404,
K260583,404,
K260660,404,
K260697,404,
K260721,404,
K260761,404,
K260786,404,
K260796,404,
K260809,404,
K260810,404,
K260831,404,
K260837,404,
K260840,404,
K260850,404,
K260900,404,
K260921,404,
K260934,404,
K260958,404,
K260989,404,
K261002,404,
K261008,404,
K261009,404,
K261016,404,
K261020,404,
K261031,404,
K261032,404,
K261038,404,
K261043,404,
K261054,404,
K261067,404,
K261112,404,
K261130,404,
K261145,404,
K261154,404,
K261159,404,
K261191,404,
K261207,404,
K261241,404,
K261271,404,
K261279,404,
K261284,404,
K261309,404,
K261351,404,
K261353,404,
K261363,404,
K261374,404,
K261406,404,
K261458,404,
K261481,404,
K261624,404,
K261632,404,
K261651,404,
K261683,404,
K261734,404,
K261968,404,
K262032,404,
K262061,404,
K262075,404,
K262094,404,
K262290,404,
K912162,404,
K912426,404,
K912932,404,
K913188,404,
K913231,404,
K913355,404,
K913812,404,
K913916,404,
K914078,404,
K914343,404,
K914371,404,
K914406,404,
K914439,404,
K914453,404,
K914472,404,
K914558,404,
K914565,404,
K915124,404,
K915309,404,
K915310,404,
K915581,404,
K915594,404,
K915599,404,
K915655,404,
K915787,200,data/summaries/K915787.pdf
K920024,404,
K920102,404,
K920193,404,
K920231,404,
K920250,404,
K920286,404,
K920317,404,
K920392,404,
K920430,404,
K920524,404,
K920608,404,
K920831,404,
K921090,404,
K921111,404,
K921224,404,
K921225,404,
K921232,404,
K921274,404,
K921277,404,
K921301,404,
K921338,404,
K921383,404,
K921525,404,
K921640,404,
K921786,404,
K921873,404,
K921948,404,
K922008,404,
K922048,404,
K922104,404,
K922146,404,
K922285,404,
K922295,404,
K922503,404,
K922796,404,
K922824,404,
K922855,404,
K922866,404,
K922952,404,
K923011,404,
K923032,404,
K923275,404,
K923339,404,
K923451,404,
K923452,404,
K923477,404,
K923573,404,
K923580,404,
K923597,404,
K923613,404,
K923861,404,
K923869,404,
K924004,404,
K924050,404,
K924115,404,
K924141,404,
K924142,404,
K924323,404,
K924367,404,
K924379,404,
K924455,404,
K924474,404,
K924482,404,
K924698,404,
K925072,404,
K925127,404,
K925153,404,
K925172,404,
K925201,404,
K925328,404,
K925372,404,
K925460,404,
K925500,404,
K925512,404,
K925544,404,
K925613,404,
K925695,404,
K925812,404,
K925866,404,
K925900,404,
K925901,404,
K926047,404,
K926107,404,
K926116,404,
K926120,404,
K926201,404,
K926228,404,
K926229,404,
K926231,404,
K926232,404,
K926257,404,
K926299,404,
K926417,404,
K926465,404,
K930009,404,
K930108,404,
K930153,404,
K930156,404,
K930187,404,
K930188,404,
K930190,404,
K930223,404,
K930228,404,
K930298,404,
K930353,404,
K930460,404,
K930480,404,
K930515,404,
K930531,404,
K930554,404,
K930657,200,data/summaries/K930657.pdf
K930710,404,
K930712,404,
K930807,404,
K930812,404,
K931107,404,
K931114,404,
K931214,404,
K931256,404,
K931333,404,
K931466,404,
K931524,404,
K931572,404,
K931578,404,
K931588,404,
K931641,404,
K931642,404,
K931655,404,
K931665,404,
K931697,404,
K931752,404,
K932029,404,
K932174,404,
K932222,404,
K932330,200,data/summaries/K932330.pdf
K932481,404,
K932574,404,
K932593,404,
K932677,404,
K932687,404,
K932755,404,
K932858,404,
K932925,404,
K933027,404,
K933112,404,
K933281,404,
K933289,404,
K933290,404,
K933304,404,
K933359,404,
K933518,404,
K933539,404,
K933787,404,
K933843,404,
K933875,404,
K933881,404,
K933942,404,
K934044,404,
K934060,404,
K934148,404,
K934159,404,
K934161,404,
K934169,404,
K934334,404,
K934353,404,
K934354,404,
K934412,404,
K934429,404,
K934557,404,
K934590,404,
K934620,404,
K934694,404,
K934695,200,data/summaries/K934695.pdf
K934698,404,
K934756,404,
K934765,404,
K934860,404,
K934909,404,
K935065,404,
K935113,404,
K935206,404,
K935263,404,
K935383,404,
K935449,404,
K935452,404,
K935481,404,
K935523,404,
K935585,404,
K935593,404,
K935731,404,
K935802,404,
K935913,404,
K935951,404,
K936043,404,
K936124,404,
K936127,404,
K936132,404,
K936214,404,
K936233,404,
K936256,404,
K936274,404,
K936292,404,
K936310,404,
K940109,404,
K940190,404,
K940207,404,
K940286,404,
K940307,404,
K940666,404,
K940669,404,
K940673,404,
K940715,404,
K940736,404,
K940743,404,
K940861,404,
K941029,404,
K941048,404,
K941366,404,
K941486,404,
K941534,404,
K941617,404,
K941755,404,
K941847,404,
K941942,404,
K942115,404,
K942300,404,
K942370,404,
K942406,404,
K942479,404,
K942611,404,
K942889,404,
K942891,404,
K942900,404,
K942966,404,
K943054,404,
K943230,200,data/summaries/K943230.pdf
K943249,404,
K943302,404,
K943354,404,
K943549,404,
K943586,404,
K943696,404,
K943778,404,
K943853,404,
K943908,404,
K943986,404,
K944092,404,
K944132,404,
K944285,404,
K944501,404,
K944538,404,
K944544,404,
K944601,404,
K944689,404,
K944736,404,
K944737,404,
K944752,404,
K944845,404,
K944856,404,
K944883,404,
K945064,404,
K945087,404,
K945091,404,
K945115,404,
K945137,404,
K945139,404,
K945203,404,
K945233,404,
K945236,404,
K945303,404,
K945518,200,data/summaries/K945518.pdf
K945589,404,
K945700,404,
K945774,404,
K945781,404,
K945783,404,
K945793,404,
K945844,404,
K946088,200,data/summaries/K946088.pdf
K946228,404,
K946234,404,
K946236,200,data/summaries/K946236.pdf
K946347,404,
K950070,404,
K950074,404,
K950105,404,
K950115,404,
K950202,404,
K950384,404,
K950394,404,
K950418,404,
K950521,404,
K950541,404,
K950563,404,
K950594,404,
K950697,404,
K950704,404,
K950761,404,
K950827,404,
K950833,404,
K950875,404,
K950998,404,
K950999,404,
K951000,404,
K951027,404,
K951084,404,
K951114,404,
K951115,404,
K951139,404,
K951172,404,
K951185,200,data/summaries/K951185.pdf
K951232,404,
K951301,404,
K951303,404,
K951415,404,
K951471,404,
K951493,404,
K951545,404,
K951565,404,
K951655,404,
K951671,404,
K951674,404,
K951725,404,
K951726,404,
K951809,404,
K951904,404,
K951932,404,
K951987,200,data/summaries/K951987.pdf
K952068,404,
K952088,404,
K952191,404,
K952271,200,data/summaries/K952271.pdf
K952272,200,data/summaries/K952272.pdf
K952296,404,
K952297,404,
K952348,404,
K952397,404,
K952460,404,
K952461,404,
K952471,404,
K952629,404,
K952640,404,
K952686,404,
K952697,404,
K952730,200,data/summaries/K952730.pdf
K952731,404,
K952739,404,
K952740,404,
K952776,404,
K952923,404,
K952928,404,
K952943,200,data/summaries/K952943.pdf
K952970,404,
K953025,404,
K953033,404,
K953067,404,
K953111,200,data/summaries/K953111.pdf
K953169,404,
K953268,404,
K953276,404,
K953334,200,data/summaries/K953334.pdf
K953337,404,
K953397,404,
K953406,404,
K953439,404,
K953443,200,data/summaries/K953443.pdf
K953459,404,
K953490,404,
K953510,404,
K953578,404,
K953607,200,data/summaries/K953607.pdf
K953644,200,data/summaries/K953644.pdf
K953664,404,
K953688,404,
K953689,404,
K953690,404,
K953694,404,
K953703,404,
K953777,200,data/summaries/K953777.pdf
K953818,404,
K953877,404,
K953978,200,data/summaries/K953978.pdf
K954001,404,
K954023,404,
K954053,200,data/summaries/K954053.pdf
K954077,404,
K954148,404,
K954262,404,
K954288,404,
K954289,404,
K954417,404,
K954481,200,data/summaries/K954481.pdf
K954485,404,
K954534,404,
K954554,404,
K954555,404,
K954559,200,data/summaries/K954559.pdf
K954598,200,data/summaries/K954598.pdf
K954630,404,
K954667,404,
K954683,200,data/summaries/K954683.pdf
K954698,404,
K954712,404,
K954744,404,
K954756,404,
K954757,404,
K954768,404,
K954770,404,
K954811,404,
K954838,404,
K954854,404,
K954856,200,data/summaries/K954856.pdf
K954935,404,
K954963,200,data/summaries/K954963.pdf
K955003,404,
K955033,404,
K955099,404,
K955117,200,data/summaries/K955117.pdf
K955137,200,data/summaries/K955137.pdf
K955170,404,
K955171,404,
K955271,404,
K955305,404,
K955306,200,data/summaries/K955306.pdf
K955350,404,
K955354,404,
K955365,200,data/summaries/K955365.pdf
K955385,404,
K955388,404,
K955421,404,
K955472,200,data/summaries/K955472.pdf
K955473,404,
K955511,404,
K955553,200,data/summaries/K955553.pdf
K955733,200,data/summaries/K955733.pdf
K955739,200,data/summaries/K955739.pdf
K955761,200,data/summaries/K955761.pdf
K955780,404,
K955806,404,
K955837,200,data/summaries/K955837.pdf
K955848,200,data/summaries/K955848.pdf
K955864,200,data/summaries/K955864.pdf
K955871,200,data/summaries/K955871.pdf
K955884,200,data/summaries/K955884.pdf
K955916,200,data/summaries/K955916.pdf
K955944,200,data/summaries/K955944.pdf
K960014,200,data/summaries/K960014.pdf
K960025,200,data/summaries/K960025.pdf
K960087,200,data/summaries/K960087.pdf
K960094,200,data/summaries/K960094.pdf
K960151,404,
K960156,404,
K960172,200,data/summaries/K960172.pdf
K960180,200,data/summaries/K960180.pdf
K960258,200,data/summaries/K960258.pdf
K960269,200,data/summaries/K960269.pdf
K960278,200,data/summaries/K960278.pdf
K960279,200,data/summaries/K960279.pdf
K960302,200,data/summaries/K960302.pdf
K960303,200,data/summaries/K960303.pdf
K960339,404,
K960340,200,data/summaries/K960340.pdf
K960385,200,data/summaries/K960385.pdf
K960439,200,data/summaries/K960439.pdf
K960444,200,data/summaries/K960444.pdf
K960448,200,data/summaries/K960448.pdf
K960524,200,data/summaries/K960524.pdf
K960534,200,data/summaries/K960534.pdf
K960535,200,data/summaries/K960535.pdf
K960538,200,data/summaries/K960538.pdf
K960588,200,data/summaries/K960588.pdf
K960626,200,data/summaries/K960626.pdf
K960633,200,data/summaries/K960633.pdf
K960642,200,data/summaries/K960642.pdf
K960643,200,data/summaries/K960643.pdf
K960651,200,data/summaries/K960651.pdf
K960658,200,data/summaries/K960658.pdf
K960659,200,data/summaries/K960659.pdf
K960678,200,data/summaries/K960678.pdf
K960692,200,data/summaries/K960692.pdf
K960704,200,data/summaries/K960704.pdf
K960782,200,data/summaries/K960782.pdf
K960825,200,data/summaries/K960825.pdf
K960906,200,data/summaries/K960906.pdf
K960978,200,data/summaries/K960978.pdf
K960984,200,data/summaries/K960984.pdf
K961027,200,data/summaries/K961027.pdf
K961051,200,data/summaries/K961051.pdf
K961094,200,data/summaries/K961094.pdf
K961186,200,data/summaries/K961186.pdf
K961213,200,data/summaries/K961213.pdf
K961234,200,data/summaries/K961234.pdf
K961260,200,data/summaries/K961260.pdf
K961267,200,data/summaries/K961267.pdf
K961283,200,data/summaries/K961283.pdf
K961304,200,data/summaries/K961304.pdf
K961320,200,data/summaries/K961320.pdf
K961350,200,data/summaries/K961350.pdf
K961360,200,data/summaries/K961360.pdf
K961378,200,data/summaries/K961378.pdf
K961379,200,data/summaries/K961379.pdf
K961388,200,data/summaries/K961388.pdf
K961413,200,data/summaries/K961413.pdf
K961482,200,data/summaries/K961482.pdf
K961483,200,data/summaries/K961483.pdf
K961485,200,data/summaries/K961485.pdf
K961496,200,data/summaries/K961496.pdf
K961497,200,data/summaries/K961497.pdf
K961498,200,data/summaries/K961498.pdf
K961522,200,data/summaries/K961522.pdf
K961526,200,data/summaries/K961526.pdf
K961555,200,data/summaries/K961555.pdf
K961569,200,data/summaries/K961569.pdf
K961571,200,data/summaries/K961571.pdf
K961578,200,data/summaries/K961578.pdf
K961585,200,data/summaries/K961585.pdf
K961589,200,data/summaries/K961589.pdf
K961608,200,data/summaries/K961608.pdf
K961618,200,data/summaries/K961618.pdf
K961619,200,data/summaries/K961619.pdf
K961625,200,data/summaries/K961625.pdf
K961685,200,data/summaries/K961685.pdf
K961719,200,data/summaries/K961719.pdf
K961727,200,data/summaries/K961727.pdf
K961732,200,data/summaries/K961732.pdf
K961789,200,data/summaries/K961789.pdf
K961799,200,data/summaries/K961799.pdf
K961890,200,data/summaries/K961890.pdf
K961900,200,data/summaries/K961900.pdf
K961905,200,data/summaries/K961905.pdf
K961916,200,data/summaries/K961916.pdf
K961920,200,data/summaries/K961920.pdf
K961921,200,data/summaries/K961921.pdf
K961939,200,data/summaries/K961939.pdf
K962002,200,data/summaries/K962002.pdf
K962047,200,data/summaries/K962047.pdf
K962082,200,data/summaries/K962082.pdf
K962091,200,data/summaries/K962091.pdf
K962101,200,data/summaries/K962101.pdf
K962132,200,data/summaries/K962132.pdf
K962137,200,data/summaries/K962137.pdf
K962162,200,data/summaries/K962162.pdf
K962190,200,data/summaries/K962190.pdf
K962194,200,data/summaries/K962194.pdf
K962196,200,data/summaries/K962196.pdf
K962224,200,data/summaries/K962224.pdf
K962233,200,data/summaries/K962233.pdf
K962236,200,data/summaries/K962236.pdf
K962248,200,data/summaries/K962248.pdf
K962251,200,data/summaries/K962251.pdf
K962289,200,data/summaries/K962289.pdf
K962314,200,data/summaries/K962314.pdf
K962315,200,data/summaries/K962315.pdf
K962397,200,data/summaries/K962397.pdf
K962468,200,data/summaries/K962468.pdf
K962484,200,data/summaries/K962484.pdf
K962511,200,data/summaries/K962511.pdf
K962552,200,data/summaries/K962552.pdf
K962553,200,data/summaries/K962553.pdf
K962560,200,data/summaries/K962560.pdf
K962561,200,data/summaries/K962561.pdf
K962644,200,data/summaries/K962644.pdf
K962645,200,data/summaries/K962645.pdf
K962646,200,data/summaries/K962646.pdf
K962705,200,data/summaries/K962705.pdf
K962706,200,data/summaries/K962706.pdf
K962708,200,data/summaries/K962708.pdf
K962757,200,data/summaries/K962757.pdf
K962769,200,data/summaries/K962769.pdf
K962793,200,data/summaries/K962793.pdf
K962808,200,data/summaries/K962808.pdf
K962846,200,data/summaries/K962846.pdf
K962894,200,data/summaries/K962894.pdf
K962923,200,data/summaries/K962923.pdf
K963026,200,data/summaries/K963026.pdf
K963045,200,data/summaries/K963045.pdf
K963077,200,data/summaries/K963077.pdf
K963109,200,data/summaries/K963109.pdf
K963117,200,data/summaries/K963117.pdf
K963148,200,data/summaries/K963148.pdf
K963155,200,data/summaries/K963155.pdf
K963200,200,data/summaries/K963200.pdf
K963206,200,data/summaries/K963206.pdf
K963217,200,data/summaries/K963217.pdf
K963242,200,data/summaries/K963242.pdf
K963266,200,data/summaries/K963266.pdf
K963288,200,data/summaries/K963288.pdf
K963309,200,data/summaries/K963309.pdf
K963313,200,data/summaries/K963313.pdf
K963325,200,data/summaries/K963325.pdf
K963350,200,data/summaries/K963350.pdf
K963369,200,data/summaries/K963369.pdf
K963398,200,data/summaries/K963398.pdf
K963402,200,data/summaries/K963402.pdf
K963420,200,data/summaries/K963420.pdf
K963432,200,data/summaries/K963432.pdf
K963433,200,data/summaries/K963433.pdf
K963486,200,data/summaries/K963486.pdf
K963502,200,data/summaries/K963502.pdf
K963509,200,data/summaries/K963509.pdf
K963562,200,data/summaries/K963562.pdf
K963587,200,data/summaries/K963587.pdf
K963612,200,data/summaries/K963612.pdf
K963614,200,data/summaries/K963614.pdf
K963618,200,data/summaries/K963618.pdf
K963655,200,data/summaries/K963655.pdf
K963671,200,data/summaries/K963671.pdf
K963700,200,data/summaries/K963700.pdf
K963709,200,data/summaries/K963709.pdf
K963741,200,data/summaries/K963741.pdf
K963780,200,data/summaries/K963780.pdf
K963798,200,data/summaries/K963798.pdf
K963812,200,data/summaries/K963812.pdf
K963885,200,data/summaries/K963885.pdf
K963932,200,data/summaries/K963932.pdf
K963946,200,data/summaries/K963946.pdf
K963959,200,data/summaries/K963959.pdf
K963973,200,data/summaries/K963973.pdf
K963998,200,data/summaries/K963998.pdf
K964003,200,data/summaries/K964003.pdf
K964013,200,data/summaries/K964013.pdf
K964024,200,data/summaries/K964024.pdf
K964087,200,data/summaries/K964087.pdf
K964094,200,data/summaries/K964094.pdf
K964150,200,data/summaries/K964150.pdf
K964163,200,data/summaries/K964163.pdf
K964178,200,data/summaries/K964178.pdf
K964218,200,data/summaries/K964218.pdf
K964226,200,data/summaries/K964226.pdf
K964227,200,data/summaries/K964227.pdf
K964243,200,data/summaries/K964243.pdf
K964249,200,data/summaries/K964249.pdf
K964259,200,data/summaries/K964259.pdf
K964262,200,data/summaries/K964262.pdf
K964275,200,data/summaries/K964275.pdf
K964304,200,data/summaries/K964304.pdf
K964324,200,data/summaries/K964324.pdf
K964350,200,data/summaries/K964350.pdf
K964357,200,data/summaries/K964357.pdf
K964359,200,data/summaries/K964359.pdf
K964381,200,data/summaries/K964381.pdf
K964395,200,data/summaries/K964395.pdf
K964431,200,data/summaries/K964431.pdf
K964444,200,data/summaries/K964444.pdf
K964472,200,data/summaries/K964472.pdf
K964500,200,data/summaries/K964500.pdf
K964509,200,data/summaries/K964509.pdf
K964521,200,data/summaries/K964521.pdf
K964532,200,data/summaries/K964532.pdf
K964533,200,data/summaries/K964533.pdf
K964544,200,data/summaries/K964544.pdf
K964616,200,data/summaries/K964616.pdf
K964650,200,data/summaries/K964650.pdf
K964704,200,data/summaries/K964704.pdf
K964769,200,data/summaries/K964769.pdf
K964786,200,data/summaries/K964786.pdf
K964795,200,data/summaries/K964795.pdf
K964797,200,data/summaries/K964797.pdf
K964805,200,data/summaries/K964805.pdf
K964880,200,data/summaries/K964880.pdf
K964893,200,data/summaries/K964893.pdf
K964927,200,data/summaries/K964927.pdf
K964945,200,data/summaries/K964945.pdf
K964970,200,data/summaries/K964970.pdf
K965002,200,data/summaries/K965002.pdf
K965019,200,data/summaries/K965019.pdf
K965028,200,data/summaries/K965028.pdf
K965029,200,data/summaries/K965029.pdf
K965073,200,data/summaries/K965073.pdf
K965098,200,data/summaries/K965098.pdf
K965102,200,data/summaries/K965102.pdf
K965111,200,data/summaries/K965111.pdf
K965145,200,data/summaries/K965145.pdf
K965156,200,data/summaries/K965156.pdf
K965164,200,data/summaries/K965164.pdf
K965173,200,data/summaries/K965173.pdf
K965175,200,data/summaries/K965175.pdf
K965193,200,data/summaries/K965193.pdf
K965198,200,data/summaries/K965198.pdf
K965221,200,data/summaries/K965221.pdf
K965224,200,data/summaries/K965224.pdf
K965228,200,data/summaries/K965228.pdf
K970031,200,data/summaries/K970031.pdf
K970036,200,data/summaries/K970036.pdf
K970048,200,data/summaries/K970048.pdf
K970089,200,data/summaries/K970089.pdf
K970097,200,data/summaries/K970097.pdf
K970119,200,data/summaries/K970119.pdf
K970166,200,data/summaries/K970166.pdf
K970200,200,data/summaries/K970200.pdf
K970202,200,data/summaries/K970202.pdf
K970241,200,data/summaries/K970241.pdf
K970257,200,data/summaries/K970257.pdf
K970258,200,data/summaries/K970258.pdf
K970280,200,data/summaries/K970280.pdf
K970285,200,data/summaries/K970285.pdf
K970290,200,data/summaries/K970290.pdf
K970292,200,data/summaries/K970292.pdf
K970300,200,data/summaries/K970300.pdf
K970316,200,data/summaries/K970316.pdf
K970337,200,data/summaries/K970337.pdf
K970346,200,data/summaries/K970346.pdf
K970351,200,data/summaries/K970351.pdf
K970394,200,data/summaries/K970394.pdf
K970423,200,data/summaries/K970423.pdf
K970462,200,data/summaries/K970462.pdf
K970498,200,data/summaries/K970498.pdf
K970501,200,data/summaries/K970501.pdf
K970503,200,data/summaries/K970503.pdf
K970544,200,data/summaries/K970544.pdf
K970567,200,data/summaries/K970567.pdf
K970599,200,data/summaries/K970599.pdf
K970635,200,data/summaries/K970635.pdf
K970697,200,data/summaries/K970697.pdf
K970705,200,data/summaries/K970705.pdf
K970706,404,
K970713,200,data/summaries/K970713.pdf
K970733,200,data/summaries/K970733.pdf
K970748,200,data/summaries/K970748.pdf
K970751,200,data/summaries/K970751.pdf
K970758,200,data/summaries/K970758.pdf
K970829,200,data/summaries/K970829.pdf
K970896,200,data/summaries/K970896.pdf
K970912,200,data/summaries/K970912.pdf
K970950,200,data/summaries/K970950.pdf
K971018,200,data/summaries/K971018.pdf
K971047,200,data/summaries/K971047.pdf
K971056,200,data/summaries/K971056.pdf
K971068,200,data/summaries/K971068.pdf
K971069,200,data/summaries/K971069.pdf
K971070,200,data/summaries/K971070.pdf
K971135,200,data/summaries/K971135.pdf
K971139,200,data/summaries/K971139.pdf
K971144,200,data/summaries/K971144.pdf
K971189,200,data/summaries/K971189.pdf
K971272,200,data/summaries/K971272.pdf
K971282,200,data/summaries/K971282.pdf
K971289,200,data/summaries/K971289.pdf
K971321,200,data/summaries/K971321.pdf
K971332,200,data/summaries/K971332.pdf
K971358,200,data/summaries/K971358.pdf
K971409,200,data/summaries/K971409.pdf
K971414,200,data/summaries/K971414.pdf
K971429,200,data/summaries/K971429.pdf
K971453,200,data/summaries/K971453.pdf
K971457,200,data/summaries/K971457.pdf
K971497,200,data/summaries/K971497.pdf
K971550,200,data/summaries/K971550.pdf
K971652,200,data/summaries/K971652.pdf
K971654,200,data/summaries/K971654.pdf
K971681,200,data/summaries/K971681.pdf
K971682,200,data/summaries/K971682.pdf
K971705,200,data/summaries/K971705.pdf
K971715,200,data/summaries/K971715.pdf
K971718,200,data/summaries/K971718.pdf
K971721,200,data/summaries/K971721.pdf
K971723,200,data/summaries/K971723.pdf
K971741,200,data/summaries/K971741.pdf
K971752,200,data/summaries/K971752.pdf
K971755,200,data/summaries/K971755.pdf
K971770,404,
K971778,200,data/summaries/K971778.pdf
K971783,200,data/summaries/K971783.pdf
K971791,200,data/summaries/K971791.pdf
K971800,200,data/summaries/K971800.pdf
K971802,200,data/summaries/K971802.pdf
K971816,200,data/summaries/K971816.pdf
K971854,200,data/summaries/K971854.pdf
K971870,200,data/summaries/K971870.pdf
K971883,200,data/summaries/K971883.pdf
K971890,200,data/summaries/K971890.pdf
K971922,200,data/summaries/K971922.pdf
K971938,200,data/summaries/K971938.pdf
K971962,200,data/summaries/K971962.pdf
K971970,200,data/summaries/K971970.pdf
K971993,200,data/summaries/K971993.pdf
K972108,200,data/summaries/K972108.pdf
K972183,200,data/summaries/K972183.pdf
K972196,200,data/summaries/K972196.pdf
K972217,200,data/summaries/K972217.pdf
K972219,200,data/summaries/K972219.pdf
K972223,200,data/summaries/K972223.pdf
K972233,200,data/summaries/K972233.pdf
K972323,200,data/summaries/K972323.pdf
K972326,200,data/summaries/K972326.pdf
K972327,200,data/summaries/K972327.pdf
K972356,200,data/summaries/K972356.pdf
K972393,200,data/summaries/K972393.pdf
K972401,200,data/summaries/K972401.pdf
K972420,200,data/summaries/K972420.pdf
K972435,200,data/summaries/K972435.pdf
K972438,200,data/summaries/K972438.pdf
K972460,200,data/summaries/K972460.pdf
K972479,200,data/summaries/K972479.pdf
K972494,200,data/summaries/K972494.pdf
K972501,200,data/summaries/K972501.pdf
K972516,200,data/summaries/K972516.pdf
K972568,200,data/summaries/K972568.pdf
K972596,200,data/summaries/K972596.pdf
K972599,200,data/summaries/K972599.pdf
K972622,200,data/summaries/K972622.pdf
K972626,200,data/summaries/K972626.pdf
K972629,200,data/summaries/K972629.pdf
K972637,200,data/summaries/K972637.pdf
K972641,200,data/summaries/K972641.pdf
K972691,200,data/summaries/K972691.pdf
K972692,200,data/summaries/K972692.pdf
K972752,200,data/summaries/K972752.pdf
K972770,200,data/summaries/K972770.pdf
K972774,200,data/summaries/K972774.pdf
K972783,200,data/summaries/K972783.pdf
K972792,200,data/summaries/K972792.pdf
K972811,200,data/summaries/K972811.pdf
K972813,200,data/summaries/K972813.pdf
K972863,200,data/summaries/K972863.pdf
K972864,200,data/summaries/K972864.pdf
K972893,200,data/summaries/K972893.pdf
K972913,200,data/summaries/K972913.pdf
K972919,200,data/summaries/K972919.pdf
K972931,200,data/summaries/K972931.pdf
K972995,200,data/summaries/K972995.pdf
K973005,200,data/summaries/K973005.pdf
K973009,200,data/summaries/K973009.pdf
K973015,200,data/summaries/K973015.pdf
K973017,200,data/summaries/K973017.pdf
K973077,200,data/summaries/K973077.pdf
K973087,200,data/summaries/K973087.pdf
K973098,200,data/summaries/K973098.pdf
K973119,200,data/summaries/K973119.pdf
K973121,200,data/summaries/K973121.pdf
K973163,200,data/summaries/K973163.pdf
K973204,200,data/summaries/K973204.pdf
K973231,200,data/summaries/K973231.pdf
K973240,200,data/summaries/K973240.pdf
K973261,200,data/summaries/K973261.pdf
K973281,200,data/summaries/K973281.pdf
K973296,200,data/summaries/K973296.pdf
K973302,200,data/summaries/K973302.pdf
K973321,200,data/summaries/K973321.pdf
K973323,200,data/summaries/K973323.pdf
K973357,200,data/summaries/K973357.pdf
K973381,200,data/summaries/K973381.pdf
K973425,200,data/summaries/K973425.pdf
K973438,200,data/summaries/K973438.pdf
K973453,200,data/summaries/K973453.pdf
K973530,200,data/summaries/K973530.pdf
K973595,200,data/summaries/K973595.pdf
K973614,200,data/summaries/K973614.pdf
K973675,200,data/summaries/K973675.pdf
K973681,200,data/summaries/K973681.pdf
K973685,200,data/summaries/K973685.pdf
K973704,200,data/summaries/K973704.pdf
K973714,200,data/summaries/K973714.pdf
K973758,200,data/summaries/K973758.pdf
K973775,200,data/summaries/K973775.pdf
K973809,200,data/summaries/K973809.pdf
K973812,200,data/summaries/K973812.pdf
K973849,200,data/summaries/K973849.pdf
K973874,200,data/summaries/K973874.pdf
K973944,200,data/summaries/K973944.pdf
K973982,200,data/summaries/K973982.pdf
K974016,200,data/summaries/K974016.pdf
K974017,200,data/summaries/K974017.pdf
K974020,200,data/summaries/K974020.pdf
K974044,200,data/summaries/K974044.pdf
K974049,200,data/summaries/K974049.pdf
K974054,200,data/summaries/K974054.pdf
K974093,200,data/summaries/K974093.pdf
K974095,200,data/summaries/K974095.pdf
K974136,200,data/summaries/K974136.pdf
K974186,200,data/summaries/K974186.pdf
K974245,200,data/summaries/K974245.pdf
K974291,200,data/summaries/K974291.pdf
K974294,200,data/summaries/K974294.pdf
K974309,200,data/summaries/K974309.pdf
K974328,200,data/summaries/K974328.pdf
K974331,200,data/summaries/K974331.pdf
K974341,200,data/summaries/K974341.pdf
K974345,200,data/summaries/K974345.pdf
K974409,200,data/summaries/K974409.pdf
K974537,200,data/summaries/K974537.pdf
K974538,200,data/summaries/K974538.pdf
K974556,200,data/summaries/K974556.pdf
K974558,200,data/summaries/K974558.pdf
K974685,200,data/summaries/K974685.pdf
K974720,200,data/summaries/K974720.pdf
K974734,200,data/summaries/K974734.pdf
K974740,200,data/summaries/K974740.pdf
K974781,200,data/summaries/K974781.pdf
K974785,200,data/summaries/K974785.pdf
K974807,200,data/summaries/K974807.pdf
K974847,200,data/summaries/K974847.pdf
K974876,200,data/summaries/K974876.pdf
K974885,200,data/summaries/K974885.pdf
K974908,200,data/summaries/K974908.pdf
K974911,200,data/summaries/K974911.pdf
K980070,200,data/summaries/K980070.pdf
K980081,200,data/summaries/K980081.pdf
K980103,200,data/summaries/K980103.pdf
K980121,200,data/summaries/K980121.pdf
K980184,200,data/summaries/K980184.pdf
K980239,200,data/summaries/K980239.pdf
K980244,200,data/summaries/K980244.pdf
K980286,200,data/summaries/K980286.pdf
K980334,200,data/summaries/K980334.pdf
K980358,200,data/summaries/K980358.pdf
K980364,200,data/summaries/K980364.pdf
K980368,200,data/summaries/K980368.pdf
K980370,200,data/summaries/K980370.pdf
K980428,200,data/summaries/K980428.pdf
K980457,200,data/summaries/K980457.pdf
K980473,200,data/summaries/K980473.pdf
K980484,200,data/summaries/K980484.pdf
K980485,200,data/summaries/K980485.pdf
K980486,200,data/summaries/K980486.pdf
K980491,200,data/summaries/K980491.pdf
K980502,200,data/summaries/K980502.pdf
K980513,200,data/summaries/K980513.pdf
K980545,200,data/summaries/K980545.pdf
K980594,200,data/summaries/K980594.pdf
K980595,200,data/summaries/K980595.pdf
K980609,200,data/summaries/K980609.pdf
K980626,200,data/summaries/K980626.pdf
K980632,200,data/summaries/K980632.pdf
K980637,200,data/summaries/K980637.pdf
K980665,200,data/summaries/K980665.pdf
K980681,200,data/summaries/K980681.pdf
K980690,200,data/summaries/K980690.pdf
K980711,200,data/summaries/K980711.pdf
K980713,200,data/summaries/K980713.pdf
K980761,200,data/summaries/K980761.pdf
K980766,200,data/summaries/K980766.pdf
K980774,200,data/summaries/K980774.pdf
K980781,200,data/summaries/K980781.pdf
K980794,200,data/summaries/K980794.pdf
K980801,200,data/summaries/K980801.pdf
K980813,200,data/summaries/K980813.pdf
K980817,200,data/summaries/K980817.pdf
K980841,200,data/summaries/K980841.pdf
K980843,200,data/summaries/K980843.pdf
K980852,200,data/summaries/K980852.pdf
K980854,200,data/summaries/K980854.pdf
K980862,200,data/summaries/K980862.pdf
K980925,200,data/summaries/K980925.pdf
K980926,200,data/summaries/K980926.pdf
K980928,200,data/summaries/K980928.pdf
K980944,200,data/summaries/K980944.pdf
K981008,200,data/summaries/K981008.pdf
K981113,200,data/summaries/K981113.pdf
K981187,200,data/summaries/K981187.pdf
K981193,200,data/summaries/K981193.pdf
K981194,200,data/summaries/K981194.pdf
K981201,200,data/summaries/K981201.pdf
K981211,200,data/summaries/K981211.pdf
K981238,200,data/summaries/K981238.pdf
K981259,200,data/summaries/K981259.pdf
K981261,200,data/summaries/K981261.pdf
K981274,200,data/summaries/K981274.pdf
K981283,200,data/summaries/K981283.pdf
K981302,200,data/summaries/K981302.pdf
K981309,200,data/summaries/K981309.pdf
K981340,200,data/summaries/K981340.pdf
K981372,200,data/summaries/K981372.pdf
K981423,200,data/summaries/K981423.pdf
K981452,200,data/summaries/K981452.pdf
K981483,200,data/summaries/K981483.pdf
K981487,200,data/summaries/K981487.pdf
K981529,200,data/summaries/K981529.pdf
K981560,200,data/summaries/K981560.pdf
K981670,200,data/summaries/K981670.pdf
K981676,200,data/summaries/K981676.pdf
K981692,200,data/summaries/K981692.pdf
K981714,200,data/summaries/K981714.pdf
K981715,200,data/summaries/K981715.pdf
K981716,200,data/summaries/K981716.pdf
K981755,200,data/summaries/K981755.pdf
K981757,200,data/summaries/K981757.pdf
K981764,200,data/summaries/K981764.pdf
K981775,200,data/summaries/K981775.pdf
K981789,200,data/summaries/K981789.pdf
K981798,200,data/summaries/K981798.pdf
K981847,200,data/summaries/K981847.pdf
K981855,200,data/summaries/K981855.pdf
K981967,200,data/summaries/K981967.pdf
K981996,200,data/summaries/K981996.pdf
K982006,200,data/summaries/K982006.pdf
K982011,200,data/summaries/K982011.pdf
K982032,200,data/summaries/K982032.pdf
K982068,200,data/summaries/K982068.pdf
K982095,200,data/summaries/K982095.pdf
K982154,200,data/summaries/K982154.pdf
K982155,200,data/summaries/K982155.pdf
K982156,200,data/summaries/K982156.pdf
K982160,200,data/summaries/K982160.pdf
K982222,200,data/summaries/K982222.pdf
K982248,200,data/summaries/K982248.pdf
K982268,200,data/summaries/K982268.pdf
K982288,200,data/summaries/K982288.pdf
K982320,200,data/summaries/K982320.pdf
K982322,200,data/summaries/K982322.pdf
K982347,200,data/summaries/K982347.pdf
K982367,200,data/summaries/K982367.pdf
K982390,200,data/summaries/K982390.pdf
K982398,200,data/summaries/K982398.pdf
K982420,200,data/summaries/K982420.pdf
K982443,200,data/summaries/K982443.pdf
K982447,200,data/summaries/K982447.pdf
K982483,200,data/summaries/K982483.pdf
K982490,200,data/summaries/K982490.pdf
K982494,200,data/summaries/K982494.pdf
K982497,200,data/summaries/K982497.pdf
K982511,200,data/summaries/K982511.pdf
K982531,200,data/summaries/K982531.pdf
K982545,200,data/summaries/K982545.pdf
K982553,200,data/summaries/K982553.pdf
K982571,200,data/summaries/K982571.pdf
K982601,200,data/summaries/K982601.pdf
K982602,200,data/summaries/K982602.pdf
K982662,200,data/summaries/K982662.pdf
K982663,200,data/summaries/K982663.pdf
K982670,200,data/summaries/K982670.pdf
K982686,200,data/summaries/K982686.pdf
K982719,200,data/summaries/K982719.pdf
K982732,200,data/summaries/K982732.pdf
K982751,200,data/summaries/K982751.pdf
K982798,200,data/summaries/K982798.pdf
K982812,200,data/summaries/K982812.pdf
K982859,200,data/summaries/K982859.pdf
K982869,200,data/summaries/K982869.pdf
K982873,200,data/summaries/K982873.pdf
K982875,200,data/summaries/K982875.pdf
K982900,200,data/summaries/K982900.pdf
K982903,200,data/summaries/K982903.pdf
K982908,200,data/summaries/K982908.pdf
K982914,200,data/summaries/K982914.pdf
K982918,200,data/summaries/K982918.pdf
K982931,200,data/summaries/K982931.pdf
K982936,200,data/summaries/K982936.pdf
K982953,200,data/summaries/K982953.pdf
K982958,200,data/summaries/K982958.pdf
K982963,200,data/summaries/K982963.pdf
K982981,200,data/summaries/K982981.pdf
K982982,200,data/summaries/K982982.pdf
K982987,200,data/summaries/K982987.pdf
K982990,200,data/summaries/K982990.pdf
K982996,200,data/summaries/K982996.pdf
K983004,200,data/summaries/K983004.pdf
K983006,200,data/summaries/K983006.pdf
K983014,200,data/summaries/K983014.pdf
K983035,200,data/summaries/K983035.pdf
K983036,200,data/summaries/K983036.pdf
K983056,200,data/summaries/K983056.pdf
K983121,200,data/summaries/K983121.pdf
K983128,200,data/summaries/K983128.pdf
K983136,200,data/summaries/K983136.pdf
K983141,200,data/summaries/K983141.pdf
K983152,200,data/summaries/K983152.pdf
K983153,200,data/summaries/K983153.pdf
K983165,200,data/summaries/K983165.pdf
K983169,200,data/summaries/K983169.pdf
K983186,200,data/summaries/K983186.pdf
K983197,200,data/summaries/K983197.pdf
K983226,200,data/summaries/K983226.pdf
K983258,200,data/summaries/K983258.pdf
K983260,200,data/summaries/K983260.pdf
K983265,200,data/summaries/K983265.pdf
K983282,200,data/summaries/K983282.pdf
K983339,200,data/summaries/K983339.pdf
K983353,200,data/summaries/K983353.pdf
K983358,200,data/summaries/K983358.pdf
K983382,200,data/summaries/K983382.pdf
K983404,200,data/summaries/K983404.pdf
K983419,200,data/summaries/K983419.pdf
K983435,200,data/summaries/K983435.pdf
K983452,200,data/summaries/K983452.pdf
K983491,200,data/summaries/K983491.pdf
K983495,200,data/summaries/K983495.pdf
K983502,200,data/summaries/K983502.pdf
K983508,200,data/summaries/K983508.pdf
K983509,200,data/summaries/K983509.pdf
K983530,200,data/summaries/K983530.pdf
K983557,200,data/summaries/K983557.pdf
K983560,200,data/summaries/K983560.pdf
K983577,200,data/summaries/K983577.pdf
K983583,200,data/summaries/K983583.pdf
K983592,200,data/summaries/K983592.pdf
K983622,200,data/summaries/K983622.pdf
K983641,200,data/summaries/K983641.pdf
K983657,200,data/summaries/K983657.pdf
K983672,200,data/summaries/K983672.pdf
K983685,200,data/summaries/K983685.pdf
K983706,200,data/summaries/K983706.pdf
K983710,200,data/summaries/K983710.pdf
K983733,200,data/summaries/K983733.pdf
K983757,200,data/summaries/K983757.pdf
K983787,200,data/summaries/K983787.pdf
K983814,200,data/summaries/K983814.pdf
K983818,200,data/summaries/K983818.pdf
K983834,200,data/summaries/K983834.pdf
K983835,200,data/summaries/K983835.pdf
K983837,200,data/summaries/K983837.pdf
K983843,200,data/summaries/K983843.pdf
K983853,200,data/summaries/K983853.pdf
K983873,200,data/summaries/K983873.pdf
K983881,200,data/summaries/K983881.pdf
K983899,200,data/summaries/K983899.pdf
K983904,200,data/summaries/K983904.pdf
K983906,200,data/summaries/K983906.pdf
K983942,200,data/summaries/K983942.pdf
K983967,200,data/summaries/K983967.pdf
K983976,200,data/summaries/K983976.pdf
K983988,200,data/summaries/K983988.pdf
K984027,200,data/summaries/K984027.pdf
K984028,200,data/summaries/K984028.pdf
K984054,200,data/summaries/K984054.pdf
K984154,200,data/summaries/K984154.pdf
K984158,200,data/summaries/K984158.pdf
K984171,200,data/summaries/K984171.pdf
K984200,200,data/summaries/K984200.pdf
K984202,200,data/summaries/K984202.pdf
K984209,200,data/summaries/K984209.pdf
K984251,200,data/summaries/K984251.pdf
K984290,200,data/summaries/K984290.pdf
K984291,200,data/summaries/K984291.pdf
K984296,200,data/summaries/K984296.pdf
K984302,200,data/summaries/K984302.pdf
K984305,200,data/summaries/K984305.pdf
K984320,200,data/summaries/K984320.pdf
K984331,200,data/summaries/K984331.pdf
K984342,200,data/summaries/K984342.pdf
K984348,200,data/summaries/K984348.pdf
K984350,200,data/summaries/K984350.pdf
K984353,200,data/summaries/K984353.pdf
K984360,200,data/summaries/K984360.pdf
K984364,200,data/summaries/K984364.pdf
K984375,200,data/summaries/K984375.pdf
K984377,200,data/summaries/K984377.pdf
K984378,200,data/summaries/K984378.pdf
K984390,200,data/summaries/K984390.pdf
K984408,200,data/summaries/K984408.pdf
K984432,200,data/summaries/K984432.pdf
K984442,200,data/summaries/K984442.pdf
K984458,200,data/summaries/K984458.pdf
K984459,200,data/summaries/K984459.pdf
K984490,200,data/summaries/K984490.pdf
K984492,200,data/summaries/K984492.pdf
K984498,200,data/summaries/K984498.pdf
K984522,200,data/summaries/K984522.pdf
K984541,200,data/summaries/K984541.pdf
K984543,200,data/summaries/K984543.pdf
K984578,200,data/summaries/K984578.pdf
K984585,200,data/summaries/K984585.pdf
K984602,200,data/summaries/K984602.pdf
K984612,200,data/summaries/K984612.pdf
K984623,200,data/summaries/K984623.pdf
K990005,200,data/summaries/K990005.pdf
K990019,200,data/summaries/K990019.pdf
K990030,200,data/summaries/K990030.pdf
K990032,200,data/summaries/K990032.pdf
K990057,200,data/summaries/K990057.pdf
K990059,200,data/summaries/K990059.pdf
K990094,200,data/summaries/K990094.pdf
K990095,200,data/summaries/K990095.pdf
K990118,200,data/summaries/K990118.pdf
K990120,200,data/summaries/K990120.pdf
K990131,200,data/summaries/K990131.pdf
K990135,200,data/summaries/K990135.pdf
K990136,200,data/summaries/K990136.pdf
K990137,200,data/summaries/K990137.pdf
K990148,200,data/summaries/K990148.pdf
K990152,200,data/summaries/K990152.pdf
K990156,200,data/summaries/K990156.pdf
K990158,200,data/summaries/K990158.pdf
K990160,200,data/summaries/K990160.pdf
K990183,200,data/summaries/K990183.pdf
K990194,200,data/summaries/K990194.pdf
K990197,200,data/summaries/K990197.pdf
K990203,200,data/summaries/K990203.pdf
K990261,200,data/summaries/K990261.pdf
K990291,200,data/summaries/K990291.pdf
K990295,200,data/summaries/K990295.pdf
K990303,200,data/summaries/K990303.pdf
K990309,200,data/summaries/K990309.pdf
K990322,200,data/summaries/K990322.pdf
K990330,200,data/summaries/K990330.pdf
K990340,200,data/summaries/K990340.pdf
K990361,200,data/summaries/K990361.pdf
K990369,200,data/summaries/K990369.pdf
K990392,200,data/summaries/K990392.pdf
K990454,200,data/summaries/K990454.pdf
K990596,200,data/summaries/K990596.pdf
K990598,200,data/summaries/K990598.pdf
K990603,200,data/summaries/K990603.pdf
K990622,200,data/summaries/K990622.pdf
K990666,200,data/summaries/K990666.pdf
K990708,200,data/summaries/K990708.pdf
K990717,200,data/summaries/K990717.pdf
K990721,200,data/summaries/K990721.pdf
K990745,200,data/summaries/K990745.pdf
K990770,200,data/summaries/K990770.pdf
K990776,200,data/summaries/K990776.pdf
K990804,200,data/summaries/K990804.pdf
K990821,200,data/summaries/K990821.pdf
K990830,200,data/summaries/K990830.pdf
K990849,200,data/summaries/K990849.pdf
K990922,200,data/summaries/K990922.pdf
K990959,200,data/summaries/K990959.pdf
K990965,200,data/summaries/K990965.pdf
K990987,200,data/summaries/K990987.pdf
K990999,200,data/summaries/K990999.pdf
K991009,200,data/summaries/K991009.pdf
K991024,200,data/summaries/K991024.pdf
K991026,200,data/summaries/K991026.pdf
K991031,200,data/summaries/K991031.pdf
K991036,200,data/summaries/K991036.pdf
K991055,200,data/summaries/K991055.pdf
K991064,200,data/summaries/K991064.pdf
K991089,200,data/summaries/K991089.pdf
K991092,200,data/summaries/K991092.pdf
K991106,200,data/summaries/K991106.pdf
K991123,200,data/summaries/K991123.pdf
K991135,200,data/summaries/K991135.pdf
K991143,200,data/summaries/K991143.pdf
K991162,200,data/summaries/K991162.pdf
K991198,200,data/summaries/K991198.pdf
K991226,200,data/summaries/K991226.pdf
K991227,200,data/summaries/K991227.pdf
K991298,200,data/summaries/K991298.pdf
K991325,200,data/summaries/K991325.pdf
K991326,200,data/summaries/K991326.pdf
K991364,200,data/summaries/K991364.pdf
K991405,200,data/summaries/K991405.pdf
K991407,200,data/summaries/K991407.pdf
K991428,200,data/summaries/K991428.pdf
K991460,200,data/summaries/K991460.pdf
K991461,200,data/summaries/K991461.pdf
K991477,200,data/summaries/K991477.pdf
K991482,200,data/summaries/K991482.pdf
K991485,200,data/summaries/K991485.pdf
K991528,200,data/summaries/K991528.pdf
K991538,200,data/summaries/K991538.pdf
K991552,200,data/summaries/K991552.pdf
K991566,200,data/summaries/K991566.pdf
K991581,200,data/summaries/K991581.pdf
K991585,200,data/summaries/K991585.pdf
K991586,200,data/summaries/K991586.pdf
K991603,200,data/summaries/K991603.pdf
K991622,200,data/summaries/K991622.pdf
K991649,200,data/summaries/K991649.pdf
K991662,200,data/summaries/K991662.pdf
K991678,200,data/summaries/K991678.pdf
K991708,200,data/summaries/K991708.pdf
K991715,200,data/summaries/K991715.pdf
K991721,200,data/summaries/K991721.pdf
K991732,200,data/summaries/K991732.pdf
K991753,200,data/summaries/K991753.pdf
K991763,200,data/summaries/K991763.pdf
K991790,200,data/summaries/K991790.pdf
K991806,200,data/summaries/K991806.pdf
K991807,200,data/summaries/K991807.pdf
K991854,200,data/summaries/K991854.pdf
K991862,200,data/summaries/K991862.pdf
K991869,200,data/summaries/K991869.pdf
K991873,200,data/summaries/K991873.pdf
K991882,200,data/summaries/K991882.pdf
K991889,200,data/summaries/K991889.pdf
K991915,200,data/summaries/K991915.pdf
K991941,200,data/summaries/K991941.pdf
K991952,200,data/summaries/K991952.pdf
K991971,200,data/summaries/K991971.pdf
K991987,200,data/summaries/K991987.pdf
K991990,200,data/summaries/K991990.pdf
K992025,200,data/summaries/K992025.pdf
K992058,200,data/summaries/K992058.pdf
K992063,200,data/summaries/K992063.pdf
K992065,200,data/summaries/K992065.pdf
K992106,200,data/summaries/K992106.pdf
K992109,200,data/summaries/K992109.pdf
K992110,200,data/summaries/K992110.pdf
K992119,200,data/summaries/K992119.pdf
K992144,200,data/summaries/K992144.pdf
K992147,200,data/summaries/K992147.pdf
K992153,200,data/summaries/K992153.pdf
K992154,200,data/summaries/K992154.pdf
K992167,200,data/summaries/K992167.pdf
K992168,200,data/summaries/K992168.pdf
K992220,200,data/summaries/K992220.pdf
K992234,200,data/summaries/K992234.pdf
K992235,200,data/summaries/K992235.pdf
K992276,200,data/summaries/K992276.pdf
K992277,200,data/summaries/K992277.pdf
K992287,200,data/summaries/K992287.pdf
K992301,200,data/summaries/K992301.pdf
K992333,200,data/summaries/K992333.pdf
K992344,200,data/summaries/K992344.pdf
K992346,200,data/summaries/K992346.pdf
K992348,200,data/summaries/K992348.pdf
K992350,200,data/summaries/K992350.pdf
K992355,200,data/summaries/K992355.pdf
K992359,200,data/summaries/K992359.pdf
K992367,200,data/summaries/K992367.pdf
K992369,200,data/summaries/K992369.pdf
K992377,200,data/summaries/K992377.pdf
K992396,200,data/summaries/K992396.pdf
K992403,200,data/summaries/K992403.pdf
K992409,200,data/summaries/K992409.pdf
K992458,200,data/summaries/K992458.pdf
K992487,200,data/summaries/K992487.pdf
K992515,200,data/summaries/K992515.pdf
K992525,200,data/summaries/K992525.pdf
K992567,200,data/summaries/K992567.pdf
K992570,200,data/summaries/K992570.pdf
K992611,200,data/summaries/K992611.pdf
K992616,200,data/summaries/K992616.pdf
K992617,200,data/summaries/K992617.pdf
K992656,200,data/summaries/K992656.pdf
K992667,200,data/summaries/K992667.pdf
K992738,200,data/summaries/K992738.pdf
K992739,200,data/summaries/K992739.pdf
K992784,200,data/summaries/K992784.pdf
K992792,200,data/summaries/K992792.pdf
K992815,200,data/summaries/K992815.pdf
K992837,200,data/summaries/K992837.pdf
K992885,200,data/summaries/K992885.pdf
K992891,200,data/summaries/K992891.pdf
K992899,200,data/summaries/K992899.pdf
K992903,200,data/summaries/K992903.pdf
K992920,200,data/summaries/K992920.pdf
K992928,200,data/summaries/K992928.pdf
K992938,200,data/summaries/K992938.pdf
K992945,200,data/summaries/K992945.pdf
K992947,200,data/summaries/K992947.pdf
K992961,200,data/summaries/K992961.pdf
K992970,200,data/summaries/K992970.pdf
K993004,200,data/summaries/K993004.pdf
K993025,200,data/summaries/K993025.pdf
K993027,200,data/summaries/K993027.pdf
K993030,200,data/summaries/K993030.pdf
K993043,200,data/summaries/K993043.pdf
K993061,200,data/summaries/K993061.pdf
K993066,200,data/summaries/K993066.pdf
K993067,200,data/summaries/K993067.pdf
K993073,200,data/summaries/K993073.pdf
K993074,200,data/summaries/K993074.pdf
K993077,200,data/summaries/K993077.pdf
K993082,200,data/summaries/K993082.pdf
K993099,200,data/summaries/K993099.pdf
K993106,200,data/summaries/K993106.pdf
K993111,200,data/summaries/K993111.pdf
K993115,200,data/summaries/K993115.pdf
K993159,200,data/summaries/K993159.pdf
K993166,200,data/summaries/K993166.pdf
K993181,200,data/summaries/K993181.pdf
K993259,200,data/summaries/K993259.pdf
K993261,200,data/summaries/K993261.pdf
K993286,200,data/summaries/K993286.pdf
K993289,200,data/summaries/K993289.pdf
K993339,200,data/summaries/K993339.pdf
K993352,200,data/summaries/K993352.pdf
K993371,200,data/summaries/K993371.pdf
K993373,200,data/summaries/K993373.pdf
K993402,200,data/summaries/K993402.pdf
K993453,200,data/summaries/K993453.pdf
K993465,200,data/summaries/K993465.pdf
K993503,200,data/summaries/K993503.pdf
K993510,200,data/summaries/K993510.pdf
K993513,200,data/summaries/K993513.pdf
K993551,200,data/summaries/K993551.pdf
K993601,200,data/summaries/K993601.pdf
K993603,200,data/summaries/K993603.pdf
K993630,200,data/summaries/K993630.pdf
K993649,200,data/summaries/K993649.pdf
K993657,200,data/summaries/K993657.pdf
K993670,200,data/summaries/K993670.pdf
K993692,200,data/summaries/K993692.pdf
K993714,200,data/summaries/K993714.pdf
K993736,200,data/summaries/K993736.pdf
K993762,200,data/summaries/K993762.pdf
K993768,200,data/summaries/K993768.pdf
K993808,200,data/summaries/K993808.pdf
K993810,200,data/summaries/K993810.pdf
K993822,200,data/summaries/K993822.pdf
K993836,200,data/summaries/K993836.pdf
K993855,200,data/summaries/K993855.pdf
K993873,200,data/summaries/K993873.pdf
K993874,200,data/summaries/K993874.pdf
K993886,200,data/summaries/K993886.pdf
K993889,200,data/summaries/K993889.pdf
K993903,200,data/summaries/K993903.pdf
K993910,200,data/summaries/K993910.pdf
K993926,200,data/summaries/K993926.pdf
K993943,200,data/summaries/K993943.pdf
K993956,200,data/summaries/K993956.pdf
K993975,200,data/summaries/K993975.pdf
K994007,200,data/summaries/K994007.pdf
K994038,200,data/summaries/K994038.pdf
K994041,200,data/summaries/K994041.pdf
K994061,200,data/summaries/K994061.pdf
K994070,200,data/summaries/K994070.pdf
K994076,200,data/summaries/K994076.pdf
K994078,200,data/summaries/K994078.pdf
K994121,200,data/summaries/K994121.pdf
K994122,200,data/summaries/K994122.pdf
K994126,200,data/summaries/K994126.pdf
K994128,200,data/summaries/K994128.pdf
K994143,200,data/summaries/K994143.pdf
K994146,200,data/summaries/K994146.pdf
K994152,200,data/summaries/K994152.pdf
K994153,200,data/summaries/K994153.pdf
K994158,200,data/summaries/K994158.pdf
K994161,200,data/summaries/K994161.pdf
K994184,200,data/summaries/K994184.pdf
K994187,200,data/summaries/K994187.pdf
K994202,200,data/summaries/K994202.pdf
K994207,200,data/summaries/K994207.pdf
K994217,200,data/summaries/K994217.pdf
K994232,200,data/summaries/K994232.pdf
K994239,200,data/summaries/K994239.pdf
K994269,200,data/summaries/K994269.pdf
K994286,200,data/summaries/K994286.pdf
K994288,200,data/summaries/K994288.pdf
K994326,200,data/summaries/K994326.pdf
K994337,200,data/summaries/K994337.pdf
K994347,200,data/summaries/K994347.pdf
K994350,200,data/summaries/K994350.pdf
K994364,200,data/summaries/K994364.pdf
K994366,200,data/summaries/K994366.pdf
K994370,200,data/summaries/K994370.pdf
K994382,200,data/summaries/K994382.pdf
K994383,200,data/summaries/K994383.pdf
K994392,200,data/summaries/K994392.pdf
K994393,200,data/summaries/K994393.pdf
K994415,200,data/summaries/K994415.pdf
